customer_id,reference_date,first_purchase_date,last_purchase_date,recency_days,purchase_frequency,purchase_line_count,distinct_products,purchase_quantity,purchase_value,average_order_value,first_cancellation_date,last_cancellation_date,cancellation_frequency,cancellation_line_count,distinct_cancelled_products,cancelled_quantity,cancellation_value
12346,2011-12-10,"2011-01-18 10:01:00","2011-01-18 10:01:00",326,1,1,1,74215,77183.6000,77183.6000,"2011-01-18 10:17:00","2011-01-18 10:17:00",1,1,1,74215,77183.6000
12347,2011-12-10,"2010-12-07 14:57:00","2011-12-07 15:52:00",3,7,182,103,2458,4310.0000,615.7143,NULL,NULL,0,0,0,0,0.0000
12348,2011-12-10,"2010-12-16 19:09:00","2011-09-25 13:13:00",76,4,27,21,2332,1437.2400,359.3100,NULL,NULL,0,0,0,0,0.0000
12349,2011-12-10,"2011-11-21 09:51:00","2011-11-21 09:51:00",19,1,72,72,630,1457.5500,1457.5500,NULL,NULL,0,0,0,0,0.0000
12350,2011-12-10,"2011-02-02 16:01:00","2011-02-02 16:01:00",311,1,16,16,196,294.4000,294.4000,NULL,NULL,0,0,0,0,0.0000
12352,2011-12-10,"2011-02-16 12:33:00","2011-11-03 14:37:00",37,7,77,57,526,1385.7400,197.9629,"2011-03-22 16:07:00","2011-03-22 16:07:00",1,7,7,63,120.3300
12353,2011-12-10,"2011-05-19 17:47:00","2011-05-19 17:47:00",205,1,4,4,20,89.0000,89.0000,NULL,NULL,0,0,0,0,0.0000
12354,2011-12-10,"2011-04-21 13:11:00","2011-04-21 13:11:00",233,1,58,58,530,1079.4000,1079.4000,NULL,NULL,0,0,0,0,0.0000
12355,2011-12-10,"2011-05-09 13:49:00","2011-05-09 13:49:00",215,1,13,13,240,459.4000,459.4000,NULL,NULL,0,0,0,0,0.0000
12356,2011-12-10,"2011-01-18 09:50:00","2011-11-17 08:40:00",23,3,58,52,1573,2487.4300,829.1433,NULL,NULL,0,0,0,0,0.0000
12357,2011-12-10,"2011-11-06 16:07:00","2011-11-06 16:07:00",34,1,131,131,2708,6207.6700,6207.6700,NULL,NULL,0,0,0,0,0.0000
12358,2011-12-10,"2011-07-12 10:04:00","2011-12-08 10:26:00",2,2,17,12,242,928.0600,464.0300,NULL,NULL,0,0,0,0,0.0000
12359,2011-12-10,"2011-01-12 12:43:00","2011-10-13 12:47:00",58,4,245,214,1609,6310.0300,1577.5075,"2011-04-13 13:38:00","2011-12-02 11:21:00",2,6,6,10,127.0500
12360,2011-12-10,"2011-05-23 09:43:00","2011-10-18 15:22:00",53,3,126,104,1156,2302.0600,767.3533,NULL,NULL,0,0,0,0,0.0000
12361,2011-12-10,"2011-02-25 13:51:00","2011-02-25 13:51:00",288,1,9,9,90,174.9000,174.9000,NULL,NULL,0,0,0,0,0.0000
12362,2011-12-10,"2011-02-17 10:30:00","2011-12-06 15:40:00",4,10,256,200,2197,4737.2300,473.7230,"2011-02-24 13:05:00","2011-11-28 14:55:00",3,8,8,17,71.6500
12363,2011-12-10,"2011-04-11 13:29:00","2011-08-22 10:18:00",110,2,23,23,408,552.0000,276.0000,NULL,NULL,0,0,0,0,0.0000
12364,2011-12-10,"2011-08-19 15:24:00","2011-12-02 10:22:00",8,4,81,69,1499,1208.1000,302.0250,NULL,NULL,0,0,0,0,0.0000
12365,2011-12-10,"2011-02-21 13:51:00","2011-02-21 13:51:00",292,1,21,21,173,320.6900,320.6900,NULL,NULL,0,0,0,0,0.0000
12367,2011-12-10,"2011-12-05 16:48:00","2011-12-05 16:48:00",5,1,10,10,172,150.9000,150.9000,NULL,NULL,0,0,0,0,0.0000
12370,2011-12-10,"2010-12-14 12:58:00","2011-10-19 14:51:00",52,4,165,142,2349,3421.9400,855.4850,NULL,NULL,0,0,0,0,0.0000
12371,2011-12-10,"2011-10-11 10:43:00","2011-10-11 10:43:00",60,1,62,62,582,1527.9600,1527.9600,NULL,NULL,0,0,0,0,0.0000
12372,2011-12-10,"2011-02-16 12:46:00","2011-09-29 12:12:00",72,3,49,33,788,1196.0400,398.6800,NULL,NULL,0,0,0,0,0.0000
12373,2011-12-10,"2011-02-01 13:10:00","2011-02-01 13:10:00",312,1,13,13,196,324.6000,324.6000,NULL,NULL,0,0,0,0,0.0000
12374,2011-12-10,"2011-11-14 15:37:00","2011-11-14 15:37:00",26,1,32,32,339,622.9300,622.9300,NULL,NULL,0,0,0,0,0.0000
12375,2011-12-10,"2011-09-02 14:23:00","2011-11-29 10:36:00",11,2,15,13,176,377.5000,188.7500,"2011-12-07 11:27:00","2011-12-07 11:27:00",1,1,1,1,2.0800
12377,2011-12-10,"2010-12-20 09:37:00","2011-01-28 15:45:00",316,2,76,71,942,1548.1200,774.0600,NULL,NULL,0,0,0,0,0.0000
12378,2011-12-10,"2011-08-02 10:34:00","2011-08-02 10:34:00",130,1,219,219,2529,4008.6200,4008.6200,NULL,NULL,0,0,0,0,0.0000
12379,2011-12-10,"2011-06-22 16:32:00","2011-09-19 10:09:00",82,2,38,38,402,777.2400,388.6200,"2011-07-07 10:26:00","2011-07-07 10:26:00",1,1,1,1,1.9500
12380,2011-12-10,"2011-06-07 09:49:00","2011-11-18 11:27:00",22,4,100,76,1110,2427.8100,606.9525,"2011-10-24 16:03:00","2011-10-24 16:03:00",1,1,1,1,4.2500
12381,2011-12-10,"2011-08-12 09:57:00","2011-12-05 12:44:00",5,3,82,69,797,1474.8100,491.6033,"2011-08-31 17:10:00","2011-08-31 17:10:00",1,4,4,25,41.3500
12383,2011-12-10,"2010-12-22 14:28:00","2011-06-08 08:02:00",185,5,94,83,1518,1628.5600,325.7120,"2011-01-19 14:36:00","2011-01-19 14:36:00",1,1,1,3,11.2500
12384,2011-12-10,"2011-08-10 11:23:00","2011-11-11 08:39:00",29,2,25,25,122,425.2700,212.6350,"2011-09-21 10:00:00","2011-09-21 10:00:00",1,3,3,5,19.1100
12386,2011-12-10,"2010-12-08 09:53:00","2011-01-06 12:37:00",338,2,10,10,354,401.9000,200.9500,NULL,NULL,0,0,0,0,0.0000
12388,2011-12-10,"2011-01-17 11:12:00","2011-11-24 12:30:00",16,6,100,57,1462,2780.6600,463.4433,NULL,NULL,0,0,0,0,0.0000
12390,2011-12-10,"2011-09-21 09:33:00","2011-09-21 09:33:00",80,1,31,31,350,504.8400,504.8400,NULL,NULL,0,0,0,0,0.0000
12391,2011-12-10,"2011-11-18 12:07:00","2011-11-18 12:07:00",22,1,93,92,293,439.6600,439.6600,NULL,NULL,0,0,0,0,0.0000
12393,2011-12-10,"2011-01-11 09:47:00","2011-09-28 15:41:00",73,4,64,47,816,1582.6000,395.6500,NULL,NULL,0,0,0,0,0.0000
12394,2011-12-10,"2011-05-06 14:01:00","2011-10-07 08:08:00",64,2,25,25,808,1080.4800,540.2400,NULL,NULL,0,0,0,0,0.0000
12395,2011-12-10,"2010-12-03 16:35:00","2011-11-20 15:21:00",20,12,144,90,2097,2682.6300,223.5525,"2011-01-05 11:21:00","2011-11-24 12:20:00",3,3,3,5,20.3500
12397,2011-12-10,"2011-07-27 14:21:00","2011-11-04 09:52:00",36,2,124,109,1250,2214.9000,1107.4500,NULL,NULL,0,0,0,0,0.0000
12398,2011-12-10,"2011-10-25 10:27:00","2011-10-25 10:27:00",46,1,84,84,1389,1435.6600,1435.6600,NULL,NULL,0,0,0,0,0.0000
12399,2011-12-10,"2011-03-23 09:42:00","2011-08-12 13:15:00",120,4,55,46,1173,1033.6500,258.4125,NULL,NULL,0,0,0,0,0.0000
12401,2011-12-10,"2011-02-09 13:50:00","2011-02-09 13:50:00",304,1,4,4,10,69.3000,69.3000,NULL,NULL,0,0,0,0,0.0000
12402,2011-12-10,"2011-01-20 13:49:00","2011-01-20 13:49:00",324,1,10,10,92,195.6000,195.6000,NULL,NULL,0,0,0,0,0.0000
12403,2011-12-10,"2011-10-21 10:51:00","2011-10-21 10:51:00",50,1,4,4,94,391.7000,391.7000,NULL,NULL,0,0,0,0,0.0000
12405,2011-12-10,"2011-07-14 08:52:00","2011-07-14 08:52:00",149,1,53,53,849,1390.3900,1390.3900,NULL,NULL,0,0,0,0,0.0000
12406,2011-12-10,"2011-06-09 10:23:00","2011-11-17 19:22:00",23,2,105,92,1818,3415.3000,1707.6500,"2011-08-09 09:41:00","2011-08-09 09:41:00",1,3,3,9,134.5500
12407,2011-12-10,"2011-03-20 13:21:00","2011-10-21 10:11:00",50,5,72,56,1403,1507.1200,301.4240,NULL,NULL,0,0,0,0,0.0000
12408,2011-12-10,"2011-03-24 14:46:00","2011-11-07 12:27:00",33,5,101,80,1391,2618.5500,523.7100,"2011-04-07 12:20:00","2011-06-29 15:38:00",3,7,7,9,30.9800
12409,2011-12-10,"2011-06-10 12:19:00","2011-09-22 10:38:00",79,3,109,91,5551,11072.6700,3690.8900,"2011-08-14 14:33:00","2011-09-21 15:57:00",4,5,4,8,15.7400
12410,2011-12-10,"2011-02-04 10:38:00","2011-02-04 10:39:00",309,2,25,25,207,533.3300,266.6650,"2011-02-11 15:47:00","2011-02-11 15:47:00",1,2,2,2,12.2500
12412,2011-12-10,"2011-06-23 13:51:00","2011-09-26 10:16:00",75,3,58,42,824,1142.8800,380.9600,NULL,NULL,0,0,0,0,0.0000
12413,2011-12-10,"2011-01-06 16:12:00","2011-10-04 09:00:00",67,3,36,28,282,686.1000,228.7000,"2011-01-12 09:52:00","2011-01-12 09:52:00",1,1,1,1,9.9500
12414,2011-12-10,"2011-02-02 14:51:00","2011-05-06 14:51:00",218,3,15,15,297,442.4100,147.4700,NULL,NULL,0,0,0,0,0.0000
12415,2011-12-10,"2011-01-06 11:12:00","2011-11-15 14:22:00",25,20,713,443,77373,124564.5300,6228.2265,"2011-03-03 13:11:00","2011-11-02 12:05:00",4,61,61,427,926.3500
12417,2011-12-10,"2010-12-17 11:51:00","2011-12-06 14:52:00",4,9,183,157,1527,3226.1000,358.4556,"2011-01-06 17:57:00","2011-11-10 15:00:00",3,6,6,13,70.3000
12418,2011-12-10,"2011-08-19 11:08:00","2011-08-19 11:08:00",113,1,34,34,407,668.5800,668.5800,NULL,NULL,0,0,0,0,0.0000
12420,2011-12-10,"2011-10-07 08:55:00","2011-10-07 08:55:00",64,1,29,29,345,600.3900,600.3900,NULL,NULL,0,0,0,0,0.0000
12421,2011-12-10,"2011-01-24 15:09:00","2011-11-24 09:07:00",16,4,41,31,478,639.0400,159.7600,NULL,NULL,0,0,0,0,0.0000
12422,2011-12-10,"2011-01-19 09:13:00","2011-09-05 09:48:00",96,3,38,38,367,683.5600,227.8533,NULL,NULL,0,0,0,0,0.0000
12423,2011-12-10,"2010-12-21 10:54:00","2011-12-09 10:10:00",1,8,117,96,1324,1634.3100,204.2888,"2011-09-02 12:00:00","2011-09-02 12:00:00",1,1,1,12,10.2000
12424,2011-12-10,"2011-06-30 12:06:00","2011-06-30 12:06:00",163,2,30,30,740,1760.9600,880.4800,NULL,NULL,0,0,0,0,0.0000
12425,2011-12-10,"2011-09-22 17:31:00","2011-09-22 17:31:00",79,1,36,36,496,777.2000,777.2000,NULL,NULL,0,0,0,0,0.0000
12426,2011-12-10,"2011-05-29 12:26:00","2011-05-29 12:26:00",195,1,29,29,254,510.7300,510.7300,NULL,NULL,0,0,0,0,0.0000
12427,2011-12-10,"2010-12-03 10:44:00","2011-11-18 08:56:00",22,3,28,25,526,699.8000,233.2667,"2010-12-23 10:20:00","2011-11-28 10:48:00",2,4,4,297,117.4300
12428,2011-12-10,"2011-03-01 09:33:00","2011-11-14 08:22:00",26,8,287,256,3509,6405.2600,800.6575,"2011-03-21 16:21:00","2011-08-23 10:42:00",3,5,5,32,39.2600
12429,2011-12-10,"2010-12-09 12:05:00","2011-11-30 17:22:00",10,4,94,81,1538,3388.4000,847.1000,NULL,NULL,0,0,0,0,0.0000
12430,2011-12-10,"2011-10-27 15:09:00","2011-10-27 15:09:00",44,1,10,10,116,216.4000,216.4000,NULL,NULL,0,0,0,0,0.0000
12431,2011-12-10,"2010-12-01 10:03:00","2011-11-04 11:55:00",36,15,232,162,2889,6314.9500,420.9967,"2011-05-31 11:29:00","2011-07-26 10:15:00",3,4,4,50,71.0600
12432,2011-12-10,"2011-06-20 13:27:00","2011-10-28 11:43:00",43,4,107,106,1800,4359.3200,1089.8300,NULL,NULL,0,0,0,0,0.0000
12433,2011-12-10,"2010-12-01 13:24:00","2011-12-09 10:02:00",1,7,420,219,11071,13375.8700,1910.8386,NULL,NULL,0,0,0,0,0.0000
12434,2011-12-10,"2011-03-24 13:05:00","2011-09-16 12:38:00",85,2,50,46,394,806.1400,403.0700,"2010-12-14 11:12:00","2011-04-04 09:57:00",2,4,4,21,40.9500
12435,2011-12-10,"2011-03-17 07:40:00","2011-09-21 09:06:00",80,2,36,31,2055,7829.8900,3914.9450,NULL,NULL,0,0,0,0,0.0000
12436,2011-12-10,"2011-09-01 12:09:00","2011-09-01 12:09:00",100,1,15,15,209,429.0100,429.0100,NULL,NULL,0,0,0,0,0.0000
12437,2011-12-10,"2011-01-12 14:13:00","2011-12-08 11:35:00",2,18,184,117,2894,4447.4100,247.0783,"2011-01-31 13:28:00","2011-01-31 13:28:00",1,1,1,5,54.7500
12438,2011-12-10,"2011-07-22 13:29:00","2011-11-25 13:28:00",15,2,96,83,1169,2466.8500,1233.4250,NULL,NULL,0,0,0,0,0.0000
12441,2011-12-10,"2010-12-08 10:45:00","2010-12-08 10:45:00",367,1,10,10,120,155.5500,155.5500,NULL,NULL,0,0,0,0,0.0000
12442,2011-12-10,"2011-12-06 14:22:00","2011-12-06 14:22:00",4,1,11,11,181,144.0600,144.0600,NULL,NULL,0,0,0,0,0.0000
12444,2011-12-10,"2011-06-21 14:00:00","2011-11-18 13:23:00",22,5,172,137,1130,4085.4600,817.0920,NULL,NULL,0,0,0,0,0.0000
12445,2011-12-10,"2011-11-17 18:43:00","2011-11-17 18:43:00",23,1,3,3,60,77.4000,77.4000,NULL,NULL,0,0,0,0,0.0000
12446,2011-12-10,"2011-10-13 12:50:00","2011-10-13 12:50:00",58,1,57,57,351,1002.3100,1002.3100,NULL,NULL,0,0,0,0,0.0000
12447,2011-12-10,"2011-04-10 13:25:00","2011-04-10 13:25:00",244,1,25,25,187,431.4900,431.4900,NULL,NULL,0,0,0,0,0.0000
12448,2011-12-10,"2011-10-26 13:46:00","2011-10-26 13:46:00",45,1,21,21,240,365.4500,365.4500,NULL,NULL,0,0,0,0,0.0000
12449,2011-12-10,"2011-06-05 15:37:00","2011-11-17 13:46:00",23,4,187,117,1523,3596.2900,899.0725,NULL,NULL,0,0,0,0,0.0000
12450,2011-12-10,"2011-06-19 14:36:00","2011-07-06 14:41:00",157,2,8,7,128,197.8800,98.9400,NULL,NULL,0,0,0,0,0.0000
12451,2011-12-10,"2011-01-19 09:05:00","2011-11-29 08:40:00",11,5,353,264,6574,8995.5200,1799.1040,"2011-07-15 15:22:00","2011-07-15 15:22:00",1,1,1,120,102.0000
12452,2011-12-10,"2011-11-23 08:05:00","2011-11-23 08:05:00",17,1,20,20,181,348.5700,348.5700,NULL,NULL,0,0,0,0,0.0000
12453,2011-12-10,"2011-07-28 14:08:00","2011-07-28 14:08:00",135,1,43,43,473,707.0900,707.0900,NULL,NULL,0,0,0,0,0.0000
12454,2011-12-10,"2011-10-14 17:13:00","2011-10-14 17:13:00",57,1,15,15,1006,3528.3400,3528.3400,"2011-10-17 15:07:00","2011-10-17 15:07:00",1,15,15,1006,3528.3400
12455,2011-12-10,"2011-02-16 09:56:00","2011-09-27 15:31:00",74,5,85,84,2084,2339.8600,467.9720,NULL,NULL,0,0,0,0,0.0000
12456,2011-12-10,"2011-03-30 09:12:00","2011-10-26 14:41:00",45,3,122,104,1618,2581.0400,860.3467,"2011-08-23 11:02:00","2011-08-23 11:02:00",1,4,4,17,27.1500
12457,2011-12-10,"2011-04-14 18:57:00","2011-10-04 13:13:00",67,6,59,52,835,2043.2300,340.5383,"2011-04-20 09:49:00","2011-10-12 13:46:00",5,5,5,149,445.4500
12458,2011-12-10,"2011-02-28 10:55:00","2011-09-29 15:25:00",72,2,36,34,502,787.4000,393.7000,NULL,NULL,0,0,0,0,0.0000
12461,2011-12-10,"2011-07-08 10:23:00","2011-07-08 10:23:00",155,1,34,34,282,626.8800,626.8800,NULL,NULL,0,0,0,0,0.0000
12462,2011-12-10,"2011-02-09 14:44:00","2011-11-21 09:11:00",19,2,60,50,527,937.5900,468.7950,"2011-02-18 12:21:00","2011-12-07 14:02:00",2,10,8,22,65.5800
12463,2011-12-10,"2011-04-12 12:47:00","2011-10-17 13:44:00",54,4,79,64,768,1200.7800,300.1950,"2011-05-24 17:30:00","2011-10-24 13:43:00",2,4,4,17,35.1500
12464,2011-12-10,"2011-02-03 13:30:00","2011-11-29 13:33:00",11,8,22,5,95,957.0500,119.6313,NULL,NULL,0,0,0,0,0.0000
12465,2011-12-10,"2011-06-23 13:37:00","2011-11-22 16:34:00",18,2,45,45,475,682.1900,341.0950,"2011-12-02 11:34:00","2011-12-02 11:34:00",1,4,4,4,8.3000
12468,2011-12-10,"2011-01-27 13:29:00","2011-06-05 11:36:00",188,2,36,35,362,657.5400,328.7700,"2011-07-19 13:42:00","2011-07-19 13:42:00",1,2,2,2,5.5000
12471,2011-12-10,"2010-12-10 09:35:00","2011-12-07 15:43:00",3,27,438,148,8092,17388.6500,644.0241,"2010-12-02 10:37:00","2011-11-22 15:30:00",18,70,42,246,1065.1300
12472,2011-12-10,"2010-12-05 14:19:00","2011-11-07 14:01:00",33,7,332,218,4120,6068.1100,866.8729,"2010-12-01 14:33:00","2011-11-09 11:33:00",6,52,41,128,342.6300
12473,2011-12-10,"2011-06-01 10:15:00","2011-10-17 11:27:00",54,3,160,138,2394,2585.7300,861.9100,"2011-06-07 15:37:00","2011-06-07 15:37:00",1,7,7,71,40.4600
12474,2011-12-10,"2011-01-14 10:06:00","2011-11-22 14:39:00",18,18,406,252,4798,6694.0900,371.8939,"2010-12-06 12:00:00","2011-11-17 11:52:00",12,33,25,83,259.3200
12475,2011-12-10,"2011-10-17 10:10:00","2011-10-17 10:10:00",54,1,35,35,532,669.3800,669.3800,NULL,NULL,0,0,0,0,0.0000
12476,2011-12-10,"2010-12-13 14:39:00","2011-11-24 12:40:00",16,11,224,176,2357,5898.4200,536.2200,"2010-12-13 14:37:00","2011-12-08 14:08:00",9,31,27,71,269.8400
12477,2011-12-10,"2011-02-11 12:45:00","2011-11-17 09:51:00",23,6,300,191,3653,13219.7400,2203.2900,"2011-02-01 11:09:00","2011-09-09 10:32:00",3,8,8,33,102.7300
12478,2011-12-10,"2011-12-06 09:56:00","2011-12-06 09:56:00",4,1,35,35,233,545.9900,545.9900,NULL,NULL,0,0,0,0,0.0000
12479,2011-12-10,"2011-11-28 13:26:00","2011-11-28 13:26:00",12,1,30,30,382,473.2000,473.2000,"2011-12-05 16:39:00","2011-12-06 09:25:00",2,4,3,34,49.9000
12480,2011-12-10,"2011-01-07 15:27:00","2011-11-11 14:52:00",29,4,150,128,1685,2885.6300,721.4075,NULL,NULL,0,0,0,0,0.0000
12481,2011-12-10,"2010-12-09 10:13:00","2011-11-17 08:29:00",23,10,208,149,3262,5003.8200,500.3820,"2011-04-06 11:06:00","2011-04-06 11:06:00",1,1,1,14,5.4600
12483,2011-12-10,"2011-01-04 14:20:00","2011-11-22 17:02:00",18,8,68,45,1094,1910.9800,238.8725,"2011-05-03 11:23:00","2011-11-08 13:30:00",3,4,3,10,37.8500
12484,2011-12-10,"2011-01-07 14:04:00","2011-11-04 15:18:00",36,4,339,255,2166,3939.3200,984.8300,"2011-03-07 11:41:00","2011-10-03 15:41:00",2,4,4,6,46.4500
12488,2011-12-10,"2011-09-25 10:34:00","2011-11-30 08:50:00",10,3,54,45,526,1244.6600,414.8867,NULL,NULL,0,0,0,0,0.0000
12489,2011-12-10,"2011-01-07 13:13:00","2011-01-07 13:13:00",337,1,14,14,103,298.9300,298.9300,NULL,NULL,0,0,0,0,0.0000
12490,2011-12-10,"2011-01-14 09:13:00","2011-12-04 16:07:00",6,10,235,130,3033,4859.9300,485.9930,NULL,NULL,0,0,0,0,0.0000
12491,2011-12-10,"2011-11-01 12:18:00","2011-11-01 12:18:00",39,1,25,24,258,424.4000,424.4000,NULL,NULL,0,0,0,0,0.0000
12492,2011-12-10,"2011-08-26 14:51:00","2011-10-07 15:15:00",64,2,18,18,190,227.2100,113.6050,NULL,NULL,0,0,0,0,0.0000
12493,2011-12-10,"2011-05-26 14:53:00","2011-06-27 10:17:00",166,2,20,18,204,379.7400,189.8700,"2011-05-31 13:45:00","2011-05-31 13:45:00",1,1,1,1,16.9500
12494,2011-12-10,"2010-12-09 11:31:00","2011-11-24 09:34:00",16,7,71,62,698,1084.1000,154.8714,"2010-12-16 10:38:00","2011-11-30 09:21:00",6,6,6,16,88.7500
12497,2011-12-10,"2011-09-19 12:29:00","2011-09-19 12:29:00",82,1,13,13,1231,953.1000,953.1000,NULL,NULL,0,0,0,0,0.0000
12498,2011-12-10,"2011-10-13 09:30:00","2011-11-18 12:53:00",22,3,21,20,156,349.7000,116.5667,NULL,NULL,0,0,0,0,0.0000
12500,2011-12-10,"2011-01-10 09:48:00","2011-11-16 16:20:00",24,11,52,33,2667,4059.8200,369.0745,"2011-10-06 09:57:00","2011-11-04 10:28:00",2,3,3,6,33.5500
12501,2011-12-10,"2011-01-07 12:28:00","2011-01-07 12:28:00",337,1,148,148,1775,2025.3900,2025.3900,"2011-01-28 13:54:00","2011-01-28 13:54:00",1,11,11,61,79.7100
12502,2011-12-10,"2011-02-03 10:41:00","2011-09-05 11:52:00",96,5,142,101,794,2995.8700,599.1740,NULL,NULL,0,0,0,0,0.0000
12504,2011-12-10,"2011-11-09 14:56:00","2011-11-21 16:02:00",19,2,8,5,87,428.0500,214.0250,"2011-11-18 17:12:00","2011-11-21 16:00:00",2,6,3,39,368.0500
12506,2011-12-10,"2011-04-21 08:54:00","2011-04-21 08:54:00",233,1,23,23,23,73.5000,73.5000,NULL,NULL,0,0,0,0,0.0000
12507,2011-12-10,"2011-02-14 09:24:00","2011-07-28 17:09:00",135,3,19,18,885,1052.8100,350.9367,"2011-07-07 10:17:00","2011-07-07 10:17:00",1,1,1,11,46.7500
12508,2011-12-10,"2011-11-10 16:27:00","2011-11-13 15:37:00",27,2,68,57,271,397.8800,198.9400,NULL,NULL,0,0,0,0,0.0000
12509,2011-12-10,"2011-02-28 14:45:00","2011-02-28 14:45:00",285,1,6,6,54,158.5000,158.5000,NULL,NULL,0,0,0,0,0.0000
12510,2011-12-10,"2011-01-18 14:04:00","2011-07-20 10:15:00",143,2,31,28,347,814.5700,407.2850,NULL,NULL,0,0,0,0,0.0000
12512,2011-12-10,"2011-10-04 14:53:00","2011-10-04 14:55:00",67,2,31,31,96,132.1800,66.0900,NULL,NULL,0,0,0,0,0.0000
12513,2011-12-10,"2011-08-19 10:51:00","2011-08-19 10:51:00",113,1,34,34,459,558.2900,558.2900,"2011-09-16 12:45:00","2011-09-16 12:45:00",1,1,1,6,25.5000
12514,2011-12-10,"2011-03-17 16:38:00","2011-03-17 16:38:00",268,1,51,51,440,1017.6800,1017.6800,NULL,NULL,0,0,0,0,0.0000
12515,2011-12-10,"2010-12-21 15:43:00","2010-12-21 15:43:00",354,1,15,15,128,278.7000,278.7000,NULL,NULL,0,0,0,0,0.0000
12516,2011-12-10,"2011-06-12 11:37:00","2011-09-23 09:13:00",78,2,24,19,868,1186.0600,593.0300,NULL,NULL,0,0,0,0,0.0000
12517,2011-12-10,"2011-06-02 15:13:00","2011-11-11 13:57:00",29,4,276,231,1351,2301.6000,575.4000,"2011-11-11 11:40:00","2011-11-11 11:40:00",1,2,2,23,37.9500
12518,2011-12-10,"2011-08-21 13:18:00","2011-12-09 10:13:00",1,5,119,83,1306,1840.8900,368.1780,NULL,NULL,0,0,0,0,0.0000
12519,2011-12-10,"2011-10-07 09:26:00","2011-10-07 09:26:00",64,1,16,16,172,276.8400,276.8400,NULL,NULL,0,0,0,0,0.0000
12520,2011-12-10,"2011-03-11 11:35:00","2011-09-21 15:23:00",80,5,147,120,1423,2346.2600,469.2520,"2011-03-17 18:13:00","2011-03-17 18:13:00",1,3,3,9,51.7500
12521,2011-12-10,"2011-07-20 10:51:00","2011-07-20 10:51:00",143,1,37,37,306,545.6800,545.6800,NULL,NULL,0,0,0,0,0.0000
12522,2011-12-10,"2011-10-19 14:41:00","2011-10-31 15:30:00",40,2,10,10,192,156.7200,78.3600,NULL,NULL,0,0,0,0,0.0000
12523,2011-12-10,"2011-01-12 09:43:00","2011-11-20 12:55:00",20,11,102,83,860,1699.7700,154.5245,"2011-11-01 12:23:00","2011-12-08 11:46:00",2,4,4,4,44.2000
12524,2011-12-10,"2011-01-10 10:35:00","2011-11-30 15:31:00",10,8,136,112,3669,3945.7200,493.2150,NULL,NULL,0,0,0,0,0.0000
12526,2011-12-10,"2011-09-06 14:19:00","2011-12-09 12:09:00",1,3,68,63,624,1172.6600,390.8867,NULL,NULL,0,0,0,0,0.0000
12527,2011-12-10,"2011-01-18 12:05:00","2011-09-19 11:55:00",82,3,17,17,233,330.7100,110.2367,NULL,NULL,0,0,0,0,0.0000
12528,2011-12-10,"2011-01-31 09:05:00","2011-11-30 14:40:00",10,6,86,49,740,1645.4800,274.2467,"2011-03-25 13:37:00","2011-08-19 10:37:00",2,3,2,6,11.2000
12530,2011-12-10,"2011-01-07 10:04:00","2011-10-11 12:34:00",60,4,62,50,904,1500.2800,375.0700,"2011-08-23 10:38:00","2011-08-23 10:38:00",1,2,2,13,38.6500
12531,2011-12-10,"2011-11-25 11:12:00","2011-11-25 11:12:00",15,1,17,17,45,125.2200,125.2200,NULL,NULL,0,0,0,0,0.0000
12532,2011-12-10,"2011-11-09 13:47:00","2011-11-09 13:47:00",31,1,15,15,151,313.8300,313.8300,NULL,NULL,0,0,0,0,0.0000
12534,2011-12-10,"2011-08-01 10:26:00","2011-08-01 10:26:00",131,1,62,62,645,981.1800,981.1800,NULL,NULL,0,0,0,0,0.0000
12535,2011-12-10,"2011-06-06 12:47:00","2011-09-09 08:48:00",92,2,34,28,219,716.3500,358.1750,NULL,NULL,0,0,0,0,0.0000
12536,2011-12-10,"2011-10-11 14:52:00","2011-10-11 14:52:00",60,1,259,259,2801,4279.7100,4279.7100,"2011-12-02 12:43:00","2011-12-02 12:43:00",1,9,9,129,128.4500
12538,2011-12-10,"2011-11-10 17:16:00","2011-11-10 17:16:00",30,1,21,21,191,363.9500,363.9500,NULL,NULL,0,0,0,0,0.0000
12539,2011-12-10,"2011-01-10 09:11:00","2011-11-17 13:30:00",23,4,273,157,2067,5568.3500,1392.0875,NULL,NULL,0,0,0,0,0.0000
12540,2011-12-10,"2010-12-13 09:39:00","2011-11-20 11:31:00",20,17,461,276,6620,11580.2400,681.1906,"2011-01-20 11:53:00","2011-09-20 16:33:00",2,3,3,8,91.2000
12541,2011-12-10,"2011-03-04 09:32:00","2011-11-10 10:40:00",30,3,49,45,675,841.1800,280.3933,NULL,NULL,0,0,0,0,0.0000
12544,2011-12-10,"2011-11-03 16:15:00","2011-11-03 16:15:00",37,1,18,18,134,316.7000,316.7000,"2011-11-10 11:12:00","2011-11-10 11:12:00",1,1,1,4,17.0000
12545,2011-12-10,"2011-03-25 12:04:00","2011-09-25 13:39:00",76,2,48,41,517,832.3900,416.1950,NULL,NULL,0,0,0,0,0.0000
12546,2011-12-10,"2011-09-23 09:44:00","2011-10-24 12:09:00",47,2,67,58,628,1021.5000,510.7500,"2011-10-04 10:38:00","2011-10-04 10:38:00",1,1,1,16,20.0000
12547,2011-12-10,"2011-03-04 12:46:00","2011-05-26 12:38:00",198,2,6,6,132,151.8000,75.9000,NULL,NULL,0,0,0,0,0.0000
12548,2011-12-10,"2011-06-26 15:35:00","2011-06-26 15:35:00",167,1,4,4,48,67.2000,67.2000,NULL,NULL,0,0,0,0,0.0000
12550,2011-12-10,"2011-09-21 14:35:00","2011-09-21 14:35:00",80,1,56,56,564,824.8300,824.8300,NULL,NULL,0,0,0,0,0.0000
12551,2011-12-10,"2010-12-17 11:23:00","2010-12-17 11:23:00",358,1,10,10,100,168.0000,168.0000,NULL,NULL,0,0,0,0,0.0000
12552,2011-12-10,"2011-10-31 12:11:00","2011-10-31 12:11:00",40,1,19,19,85,317.8200,317.8200,NULL,NULL,0,0,0,0,0.0000
12553,2011-12-10,"2011-01-14 10:42:00","2011-12-01 16:38:00",9,10,182,94,1942,3278.2800,327.8280,"2011-01-25 12:36:00","2011-11-30 11:39:00",4,5,5,41,40.0300
12556,2011-12-10,"2011-07-11 13:35:00","2011-10-20 13:06:00",51,2,119,100,355,599.5600,299.7800,NULL,NULL,0,0,0,0,0.0000
12557,2011-12-10,"2010-12-03 12:20:00","2011-11-23 16:59:00",17,5,33,15,4384,11990.9600,2398.1920,NULL,NULL,0,0,0,0,0.0000
12558,2011-12-10,"2011-12-02 10:41:00","2011-12-02 10:41:00",8,1,11,11,196,269.9600,269.9600,"2011-12-08 10:14:00","2011-12-08 10:14:00",1,11,11,196,269.9600
12559,2011-12-10,"2011-01-24 10:12:00","2011-02-02 09:49:00",311,2,20,20,281,525.7100,262.8550,"2011-02-02 09:39:00","2011-02-02 09:39:00",1,1,1,2,25.5000
12560,2011-12-10,"2011-07-19 15:55:00","2011-12-04 13:54:00",6,2,103,90,1098,1918.0100,959.0050,"2011-08-31 12:39:00","2011-08-31 12:39:00",1,6,6,32,32.6200
12561,2011-12-10,"2011-02-10 11:39:00","2011-02-10 11:39:00",303,1,16,16,177,238.8500,238.8500,NULL,NULL,0,0,0,0,0.0000
12562,2011-12-10,"2011-05-25 12:44:00","2011-12-01 17:20:00",9,7,161,98,1757,3385.7400,483.6771,NULL,NULL,0,0,0,0,0.0000
12564,2011-12-10,"2011-03-23 14:55:00","2011-03-23 14:55:00",262,1,20,20,130,402.9000,402.9000,NULL,NULL,0,0,0,0,0.0000
12565,2011-12-10,"2011-02-24 10:34:00","2011-02-24 10:34:00",289,1,9,9,80,145.9200,145.9200,"2011-03-03 11:43:00","2011-03-03 11:43:00",1,1,1,5,14.7500
12566,2011-12-10,"2011-09-14 14:30:00","2011-09-14 14:30:00",87,1,18,18,262,297.6500,297.6500,"2011-09-28 09:57:00","2011-09-28 09:57:00",1,1,1,1,4.9500
12567,2011-12-10,"2010-12-05 11:57:00","2011-11-17 11:02:00",23,10,438,322,4261,8609.2800,860.9280,"2011-06-08 09:14:00","2011-06-08 09:14:00",1,17,17,216,286.3400
12569,2011-12-10,"2011-04-01 13:47:00","2011-12-07 16:24:00",3,32,157,91,1747,3152.6900,98.5216,"2011-04-19 12:23:00","2011-04-19 12:23:00",1,1,1,6,23.7000
12571,2011-12-10,"2011-08-10 12:35:00","2011-10-31 10:19:00",40,2,34,31,523,519.6100,259.8050,NULL,NULL,0,0,0,0,0.0000
12572,2011-12-10,"2011-10-19 08:20:00","2011-12-01 09:20:00",9,2,58,52,446,912.4200,456.2100,"2011-10-23 09:42:00","2011-10-23 09:42:00",1,2,2,2,15.7000
12573,2011-12-10,"2011-04-26 15:52:00","2011-04-26 15:52:00",228,1,28,26,84,160.5400,160.5400,NULL,NULL,0,0,0,0,0.0000
12574,2011-12-10,"2011-01-28 09:20:00","2011-01-28 09:20:00",316,1,10,10,59,182.4500,182.4500,NULL,NULL,0,0,0,0,0.0000
12576,2011-12-10,"2011-02-08 11:31:00","2011-11-04 10:11:00",36,5,88,72,967,1315.8300,263.1660,"2011-07-25 11:36:00","2011-07-25 11:36:00",1,1,1,3,8.8500
12577,2011-12-10,"2010-12-15 16:21:00","2011-11-04 13:24:00",36,3,145,136,468,622.6500,207.5500,"2011-11-04 13:28:00","2011-11-04 13:28:00",1,1,1,6,62.4000
12578,2011-12-10,"2011-01-13 15:34:00","2011-11-18 13:30:00",22,2,112,110,1182,2402.5100,1201.2550,"2011-01-05 10:46:00","2011-01-27 10:01:00",2,6,6,25,41.1500
12579,2011-12-10,"2011-09-22 17:15:00","2011-09-22 17:15:00",79,1,28,28,282,386.4200,386.4200,"2011-09-27 13:57:00","2011-09-27 13:57:00",1,1,1,6,11.7000
12580,2011-12-10,"2011-04-07 10:24:00","2011-04-07 10:24:00",247,1,23,23,236,379.7000,379.7000,NULL,NULL,0,0,0,0,0.0000
12581,2011-12-10,"2011-10-31 08:56:00","2011-10-31 08:56:00",40,1,14,14,160,179.7100,179.7100,NULL,NULL,0,0,0,0,0.0000
12582,2011-12-10,"2011-02-24 11:42:00","2011-04-15 08:45:00",239,2,20,20,296,351.3600,175.6800,NULL,NULL,0,0,0,0,0.0000
12583,2011-12-10,"2010-12-01 08:45:00","2011-12-07 08:07:00",3,15,232,114,5028,6705.3800,447.0253,"2011-09-26 12:21:00","2011-10-14 10:01:00",2,3,3,50,76.0400
12584,2011-12-10,"2011-03-04 15:15:00","2011-12-06 09:35:00",4,9,95,43,413,2254.1500,250.4611,"2011-03-14 11:45:00","2011-11-30 16:37:00",9,30,15,62,444.2000
12585,2011-12-10,"2010-12-23 12:58:00","2011-04-19 13:39:00",235,2,85,76,1267,1824.1000,912.0500,"2011-01-05 15:32:00","2011-04-14 16:53:00",2,10,10,21,57.2900
12586,2011-12-10,"2011-11-22 16:24:00","2011-11-22 16:24:00",18,1,11,11,79,196.9400,196.9400,"2010-12-06 09:31:00","2010-12-06 09:31:00",1,1,1,2,17.0000
12587,2011-12-10,"2011-12-02 12:47:00","2011-12-02 12:47:00",8,1,3,3,50,104.0000,104.0000,NULL,NULL,0,0,0,0,0.0000
12588,2011-12-10,"2011-10-31 15:01:00","2011-10-31 15:01:00",40,1,9,9,52,174.9000,174.9000,NULL,NULL,0,0,0,0,0.0000
12589,2011-12-10,"2011-07-18 12:05:00","2011-11-11 10:19:00",29,2,33,28,302,574.6800,287.3400,NULL,NULL,0,0,0,0,0.0000
12590,2011-12-10,"2011-05-12 14:46:00","2011-05-12 14:46:00",212,1,67,67,4282,9341.2600,9341.2600,"2011-06-02 14:25:00","2011-06-02 14:25:00",1,2,2,4,2.8800
12591,2011-12-10,"2011-01-26 14:35:00","2011-01-26 14:35:00",318,1,25,25,225,368.8500,368.8500,NULL,NULL,0,0,0,0,0.0000
12592,2011-12-10,"2011-05-10 13:44:00","2011-09-08 15:04:00",93,2,16,10,288,401.6000,200.8000,NULL,NULL,0,0,0,0,0.0000
12593,2011-12-10,"2011-05-05 09:29:00","2011-08-23 12:43:00",109,3,20,13,204,382.1000,127.3667,NULL,NULL,0,0,0,0,0.0000
12594,2011-12-10,"2011-01-21 09:52:00","2011-11-02 12:20:00",38,9,114,49,1772,3208.2200,356.4689,NULL,NULL,0,0,0,0,0.0000
12596,2011-12-10,"2011-04-11 13:22:00","2011-10-19 13:02:00",52,2,25,24,468,450.2700,225.1350,NULL,NULL,0,0,0,0,0.0000
12597,2011-12-10,"2011-03-16 14:00:00","2011-11-20 13:33:00",20,4,202,183,2214,3195.2200,798.8050,"2011-11-07 14:43:00","2011-11-07 14:43:00",1,8,8,49,128.0900
12598,2011-12-10,"2011-02-28 11:58:00","2011-11-30 12:18:00",10,7,127,83,1952,2807.0800,401.0114,"2011-03-07 13:32:00","2011-03-07 13:32:00",1,1,1,24,20.4000
12599,2011-12-10,"2011-02-08 13:28:00","2011-11-10 13:34:00",30,7,55,31,948,888.5800,126.9400,NULL,NULL,0,0,0,0,0.0000
12600,2011-12-10,"2010-12-03 12:57:00","2011-11-11 10:29:00",29,10,54,31,758,2311.0400,231.1040,NULL,NULL,0,0,0,0,0.0000
12601,2011-12-10,"2011-01-11 10:38:00","2011-06-03 10:17:00",190,5,23,20,240,487.0600,97.4120,"2011-05-31 10:44:00","2011-05-31 10:44:00",1,1,1,1,7.5000
12602,2011-12-10,"2011-10-12 11:22:00","2011-10-12 11:22:00",59,1,12,12,162,153.1200,153.1200,NULL,NULL,0,0,0,0,0.0000
12603,2011-12-10,"2011-11-18 10:42:00","2011-11-18 10:42:00",22,1,1,1,56,613.2000,613.2000,NULL,NULL,0,0,0,0,0.0000
12604,2011-12-10,"2011-03-23 12:06:00","2011-09-21 14:08:00",80,2,15,14,200,236.1800,118.0900,NULL,NULL,0,0,0,0,0.0000
12607,2011-12-10,"2011-10-10 16:06:00","2011-10-10 16:06:00",61,1,101,101,1228,1579.5100,1579.5100,"2011-10-12 16:17:00","2011-10-12 16:17:00",1,101,101,1228,1579.5100
12609,2011-12-10,"2011-01-25 15:13:00","2011-09-22 16:34:00",79,3,57,56,639,964.8500,321.6167,NULL,NULL,0,0,0,0,0.0000
12610,2011-12-10,"2011-08-05 13:52:00","2011-11-17 09:34:00",23,4,102,84,1039,1747.5400,436.8850,"2011-08-11 10:58:00","2011-11-14 12:13:00",2,5,5,21,41.5500
12611,2011-12-10,"2011-10-18 13:12:00","2011-10-18 13:12:00",53,1,65,65,846,1193.3200,1193.3200,NULL,NULL,0,0,0,0,0.0000
12612,2011-12-10,"2011-09-26 15:35:00","2011-09-26 15:35:00",75,1,18,18,260,668.0400,668.0400,"2011-10-13 12:12:00","2011-10-13 12:12:00",1,2,2,11,60.4500
12613,2011-12-10,"2011-03-22 15:42:00","2011-10-13 14:59:00",58,4,149,123,1630,3092.3800,773.0950,"2011-11-08 13:30:00","2011-11-08 13:30:00",1,10,10,48,125.4000
12614,2011-12-10,"2011-03-07 10:22:00","2011-03-07 10:22:00",278,1,20,20,76,315.6000,315.6000,NULL,NULL,0,0,0,0,0.0000
12615,2011-12-10,"2011-06-24 13:35:00","2011-12-07 15:02:00",3,4,101,81,1365,2093.1900,523.2975,NULL,NULL,0,0,0,0,0.0000
12616,2011-12-10,"2011-02-15 14:17:00","2011-09-05 15:17:00",96,2,30,24,280,641.3000,320.6500,"2011-02-22 16:15:00","2011-09-15 17:02:00",3,4,4,11,56.0500
12617,2011-12-10,"2011-11-10 14:39:00","2011-11-10 14:39:00",30,1,41,39,210,352.9800,352.9800,NULL,NULL,0,0,0,0,0.0000
12618,2011-12-10,"2011-11-18 11:10:00","2011-11-18 11:10:00",22,1,10,10,95,137.3100,137.3100,NULL,NULL,0,0,0,0,0.0000
12619,2011-12-10,"2011-03-31 13:10:00","2011-11-23 14:52:00",17,8,82,48,3360,2945.5600,368.1950,"2011-09-28 14:04:00","2011-11-10 12:10:00",3,4,4,23,36.7500
12620,2011-12-10,"2011-05-19 12:10:00","2011-11-25 10:20:00",15,3,90,87,1178,1295.9100,431.9700,NULL,NULL,0,0,0,0,0.0000
12621,2011-12-10,"2010-12-09 10:16:00","2011-12-08 11:25:00",2,20,449,260,7369,12411.6700,620.5835,"2010-12-16 10:28:00","2011-09-09 10:11:00",3,7,7,36,77.6000
12622,2011-12-10,"2011-04-21 16:39:00","2011-04-21 16:39:00",233,1,10,10,68,162.1000,162.1000,NULL,NULL,0,0,0,0,0.0000
12623,2011-12-10,"2011-03-08 13:50:00","2011-03-08 13:50:00",277,1,17,17,189,269.1000,269.1000,NULL,NULL,0,0,0,0,0.0000
12624,2011-12-10,"2011-06-15 12:34:00","2011-08-25 15:04:00",107,2,36,35,351,569.1300,284.5650,NULL,NULL,0,0,0,0,0.0000
12625,2011-12-10,"2011-01-24 13:27:00","2011-05-12 09:54:00",212,2,84,72,1597,2413.8200,1206.9100,"2011-02-03 10:14:00","2011-02-03 10:14:00",1,4,4,34,51.5000
12626,2011-12-10,"2011-01-17 11:01:00","2011-11-16 16:06:00",24,9,285,231,3416,5954.4800,661.6089,"2011-01-21 11:35:00","2011-07-26 15:10:00",4,13,12,103,232.1300
12627,2011-12-10,"2011-07-22 13:59:00","2011-11-29 12:07:00",11,6,224,161,2730,4082.5300,680.4217,NULL,NULL,0,0,0,0,0.0000
12628,2011-12-10,"2011-10-06 09:28:00","2011-12-05 13:15:00",5,3,38,33,445,732.4600,244.1533,"2011-11-21 11:48:00","2011-11-21 11:48:00",1,2,2,3,16.8500
12630,2011-12-10,"2011-10-27 10:41:00","2011-11-30 10:48:00",10,2,62,59,542,1030.8800,515.4400,NULL,NULL,0,0,0,0,0.0000
12631,2011-12-10,"2011-10-13 13:53:00","2011-10-13 13:53:00",58,1,30,30,232,480.5000,480.5000,NULL,NULL,0,0,0,0,0.0000
12633,2011-12-10,"2011-02-25 08:44:00","2011-10-12 11:40:00",59,4,97,72,1149,1929.9800,482.4950,"2011-06-06 11:17:00","2011-06-06 11:17:00",1,2,2,13,23.3500
12635,2011-12-10,"2011-07-08 08:43:00","2011-09-11 11:04:00",90,2,99,95,1162,1509.1800,754.5900,NULL,NULL,0,0,0,0,0.0000
12637,2011-12-10,"2011-01-20 10:47:00","2011-10-03 13:46:00",68,8,379,204,2983,5804.9000,725.6125,"2011-01-27 09:40:00","2011-01-27 09:40:00",1,3,3,9,14.6500
12638,2011-12-10,"2011-11-06 13:11:00","2011-11-06 13:11:00",34,1,38,38,573,511.6900,511.6900,NULL,NULL,0,0,0,0,0.0000
12639,2011-12-10,"2011-04-15 12:48:00","2011-04-15 12:48:00",239,1,21,21,198,366.1000,366.1000,NULL,NULL,0,0,0,0,0.0000
12640,2011-12-10,"2011-09-19 12:01:00","2011-11-16 11:52:00",24,3,50,46,301,994.5800,331.5267,NULL,NULL,0,0,0,0,0.0000
12641,2011-12-10,"2011-08-16 13:26:00","2011-08-16 13:26:00",116,1,9,9,71,145.9000,145.9000,NULL,NULL,0,0,0,0,0.0000
12642,2011-12-10,"2011-08-24 09:23:00","2011-11-14 15:03:00",26,3,44,38,546,905.2600,301.7533,NULL,NULL,0,0,0,0,0.0000
12643,2011-12-10,"2011-01-11 11:48:00","2011-08-03 12:56:00",129,6,18,10,1788,3041.6400,506.9400,NULL,NULL,0,0,0,0,0.0000
12644,2011-12-10,"2011-08-02 10:33:00","2011-08-02 10:33:00",130,1,31,31,325,477.9100,477.9100,NULL,NULL,0,0,0,0,0.0000
12645,2011-12-10,"2011-01-27 13:08:00","2011-11-06 12:38:00",34,4,69,57,1076,1631.1800,407.7950,"2011-09-01 10:27:00","2011-09-01 10:27:00",1,1,1,12,19.8000
12646,2011-12-10,"2011-10-21 12:52:00","2011-12-05 10:14:00",5,2,45,43,897,1346.9700,673.4850,NULL,NULL,0,0,0,0,0.0000
12647,2011-12-10,"2010-12-05 14:02:00","2011-11-17 12:56:00",23,12,109,77,1399,3146.8200,262.2350,"2010-12-15 14:25:00","2010-12-15 14:25:00",1,6,6,12,52.9000
12648,2011-12-10,"2011-07-08 11:55:00","2011-07-08 11:55:00",155,1,20,20,159,300.0500,300.0500,NULL,NULL,0,0,0,0,0.0000
12649,2011-12-10,"2011-05-11 14:37:00","2011-08-24 14:41:00",108,3,29,27,583,569.5100,189.8367,"2010-12-09 14:42:00","2010-12-09 14:42:00",1,2,2,12,19.8000
12650,2011-12-10,"2011-12-06 16:34:00","2011-12-06 16:34:00",4,1,19,19,250,242.4400,242.4400,NULL,NULL,0,0,0,0,0.0000
12651,2011-12-10,"2011-01-09 12:46:00","2011-01-09 12:46:00",335,1,9,9,78,114.0000,114.0000,NULL,NULL,0,0,0,0,0.0000
12652,2011-12-10,"2011-01-12 15:00:00","2011-01-12 15:00:00",332,1,47,47,498,793.9800,793.9800,"2011-01-21 17:01:00","2011-01-21 17:01:00",1,3,3,3,5.4500
12653,2011-12-10,"2011-02-16 10:53:00","2011-07-14 10:41:00",149,2,43,37,919,2209.8500,1104.9250,NULL,NULL,0,0,0,0,0.0000
12654,2011-12-10,"2011-02-17 13:16:00","2011-11-29 10:10:00",11,5,34,30,260,529.9800,105.9960,NULL,NULL,0,0,0,0,0.0000
12656,2011-12-10,"2011-04-20 09:20:00","2011-11-22 13:42:00",18,5,121,88,1699,3619.1700,723.8340,"2011-04-11 09:45:00","2011-11-08 08:55:00",3,4,4,15,68.4500
12657,2011-12-10,"2011-09-22 11:40:00","2011-11-28 15:47:00",12,4,44,34,1032,1427.1800,356.7950,"2011-11-28 15:43:00","2011-11-28 15:43:00",1,8,8,386,419.1200
12658,2011-12-10,"2011-11-21 10:22:00","2011-11-21 10:22:00",19,1,35,35,317,632.0500,632.0500,NULL,NULL,0,0,0,0,0.0000
12659,2011-12-10,"2011-11-10 11:53:00","2011-11-10 11:53:00",30,1,4,4,104,73.6800,73.6800,NULL,NULL,0,0,0,0,0.0000
12660,2011-12-10,"2011-11-28 13:26:00","2011-11-28 13:26:00",12,1,12,12,126,227.1000,227.1000,NULL,NULL,0,0,0,0,0.0000
12662,2011-12-10,"2010-12-01 13:04:00","2011-12-09 11:59:00",1,11,220,128,2041,3543.7800,322.1618,"2011-02-08 11:45:00","2011-02-08 11:45:00",1,2,2,18,32.7000
12664,2011-12-10,"2011-01-21 11:42:00","2011-12-01 17:07:00",9,9,28,9,1188,4391.8800,487.9867,NULL,NULL,0,0,0,0,0.0000
12665,2011-12-10,"2011-01-19 08:34:00","2011-01-19 08:34:00",325,1,2,2,36,45.0000,45.0000,"2011-01-12 09:41:00","2011-01-12 09:41:00",1,1,1,1,1.2500
12667,2011-12-10,"2011-10-12 17:00:00","2011-10-12 17:00:00",59,1,32,32,391,460.1300,460.1300,NULL,NULL,0,0,0,0,0.0000
12668,2011-12-10,"2010-12-19 12:46:00","2011-11-28 10:56:00",12,4,157,114,1599,3177.1500,794.2875,"2011-04-05 09:53:00","2011-12-02 15:10:00",2,7,7,39,63.9700
12669,2011-12-10,"2011-03-28 10:15:00","2011-07-12 09:54:00",151,2,98,96,1104,1427.7300,713.8650,NULL,NULL,0,0,0,0,0.0000
12670,2011-12-10,"2011-04-21 10:16:00","2011-11-29 15:23:00",11,5,87,57,1383,2744.0500,548.8100,"2011-11-17 09:39:00","2011-11-17 09:39:00",1,2,2,6,9.9000
12672,2011-12-10,"2011-01-14 09:20:00","2011-01-14 09:20:00",330,1,10,10,78,225.9000,225.9000,NULL,NULL,0,0,0,0,0.0000
12673,2011-12-10,"2011-01-17 11:46:00","2011-12-04 13:55:00",6,2,41,41,349,574.5200,287.2600,NULL,NULL,0,0,0,0,0.0000
12674,2011-12-10,"2011-05-16 09:10:00","2011-11-01 12:12:00",39,4,79,51,1126,1844.6000,461.1500,"2011-06-30 14:58:00","2011-11-28 12:22:00",3,7,6,30,48.3400
12676,2011-12-10,"2011-02-01 15:41:00","2011-11-15 12:25:00",25,6,39,32,664,1091.3900,181.8983,NULL,NULL,0,0,0,0,0.0000
12678,2011-12-10,"2010-12-21 14:26:00","2011-10-28 13:04:00",43,9,156,103,10900,16331.4600,1814.6067,"2011-06-17 10:06:00","2011-06-17 10:06:00",1,2,2,24,40.2000
12679,2011-12-10,"2011-03-01 12:26:00","2011-10-12 12:30:00",59,4,44,42,545,951.0200,237.7550,"2011-03-08 14:35:00","2011-10-18 13:43:00",5,8,6,24,54.3500
12680,2011-12-10,"2011-08-18 15:44:00","2011-12-09 12:50:00",1,4,49,32,439,790.8100,197.7025,NULL,NULL,0,0,0,0,0.0000
12681,2011-12-10,"2010-12-07 10:08:00","2011-11-25 11:33:00",15,22,616,266,7457,12365.5400,562.0700,"2011-01-25 12:39:00","2011-09-27 15:48:00",4,7,6,15,55.9500
12682,2011-12-10,"2010-12-03 13:59:00","2011-12-06 10:00:00",4,31,495,208,5485,11019.8200,355.4781,NULL,NULL,0,0,0,0,0.0000
12683,2011-12-10,"2010-12-09 10:37:00","2011-12-05 16:28:00",5,14,331,176,4934,7612.5700,543.7550,"2011-01-05 11:36:00","2011-11-03 14:00:00",5,18,15,84,255.4800
12684,2011-12-10,"2011-05-10 12:55:00","2011-12-02 09:53:00",8,6,98,59,1973,2073.6300,345.6050,NULL,NULL,0,0,0,0,0.0000
12685,2011-12-10,"2011-09-07 10:28:00","2011-11-11 13:46:00",29,6,151,116,1507,2575.0800,429.1800,NULL,NULL,0,0,0,0,0.0000
12686,2011-12-10,"2010-12-03 09:51:00","2010-12-03 09:51:00",372,1,6,6,106,71.1400,71.1400,NULL,NULL,0,0,0,0,0.0000
12688,2011-12-10,"2011-08-18 08:49:00","2011-08-18 08:49:00",114,1,171,171,3028,4873.8100,4873.8100,NULL,NULL,0,0,0,0,0.0000
12689,2011-12-10,"2011-08-04 10:04:00","2011-11-14 08:31:00",26,2,70,56,622,1139.6100,569.8050,NULL,NULL,0,0,0,0,0.0000
12690,2011-12-10,"2011-05-18 09:09:00","2011-05-18 09:09:00",206,1,15,15,103,335.0100,335.0100,NULL,NULL,0,0,0,0,0.0000
12691,2011-12-10,"2010-12-17 14:46:00","2011-11-11 16:49:00",29,5,27,20,388,927.8000,185.5600,NULL,NULL,0,0,0,0,0.0000
12693,2011-12-10,"2011-01-24 12:58:00","2011-08-04 17:51:00",128,4,35,34,247,711.9100,177.9775,"2011-03-24 11:19:00","2011-08-11 09:16:00",2,2,2,5,24.9500
12694,2011-12-10,"2011-06-09 17:48:00","2011-09-30 13:06:00",71,2,35,31,503,761.6700,380.8350,NULL,NULL,0,0,0,0,0.0000
12695,2011-12-10,"2011-05-13 13:15:00","2011-12-02 13:22:00",8,4,27,23,220,582.1000,145.5250,NULL,NULL,0,0,0,0,0.0000
12697,2011-12-10,"2011-06-23 15:44:00","2011-11-11 08:47:00",29,3,38,36,503,757.5900,252.5300,"2011-08-17 17:19:00","2011-11-18 16:17:00",2,2,2,9,18.5700
12700,2011-12-10,"2011-05-08 16:10:00","2011-12-02 10:47:00",8,4,264,192,2944,4525.9900,1131.4975,NULL,NULL,0,0,0,0,0.0000
12701,2011-12-10,"2011-04-11 13:02:00","2011-09-21 10:47:00",80,2,51,49,674,725.7100,362.8550,NULL,NULL,0,0,0,0,0.0000
12702,2011-12-10,"2011-11-20 10:36:00","2011-11-20 10:36:00",20,1,11,11,52,201.0000,201.0000,NULL,NULL,0,0,0,0,0.0000
12703,2011-12-10,"2011-09-29 17:52:00","2011-09-29 17:52:00",72,1,20,20,163,265.5500,265.5500,"2011-10-06 19:23:00","2011-10-06 19:23:00",1,1,1,3,8.8500
12704,2011-12-10,"2011-06-23 10:20:00","2011-12-02 13:15:00",8,8,81,63,991,1740.8400,217.6050,NULL,NULL,0,0,0,0,0.0000
12705,2011-12-10,"2010-12-17 15:58:00","2011-11-24 13:17:00",16,8,328,227,3970,6382.2900,797.7863,"2011-04-26 11:19:00","2011-10-04 12:47:00",5,14,13,24,54.0500
12707,2011-12-10,"2011-02-21 08:38:00","2011-02-21 08:38:00",292,1,33,33,256,603.4200,603.4200,NULL,NULL,0,0,0,0,0.0000
12708,2011-12-10,"2010-12-06 10:43:00","2011-11-10 09:52:00",30,10,147,85,1292,2442.9100,244.2910,"2011-03-11 09:39:00","2011-10-10 11:20:00",6,17,14,37,96.5900
12709,2011-12-10,"2010-12-08 09:49:00","2011-11-24 15:38:00",16,15,202,92,3895,9400.5200,626.7013,"2011-01-27 12:00:00","2011-12-06 16:42:00",11,48,29,103,440.7700
12710,2011-12-10,"2011-05-22 14:05:00","2011-09-04 12:00:00",97,3,74,74,844,1023.0200,341.0067,"2011-06-02 11:54:00","2011-06-02 11:54:00",1,2,2,2,18.4500
12712,2011-12-10,"2010-12-03 14:30:00","2011-11-11 08:19:00",29,13,120,57,1036,3928.1300,302.1638,"2010-12-08 13:43:00","2011-11-17 09:15:00",4,8,7,17,136.5000
12713,2011-12-10,"2011-12-09 12:16:00","2011-12-09 12:16:00",1,1,37,37,505,794.5500,794.5500,NULL,NULL,0,0,0,0,0.0000
12714,2011-12-10,"2011-02-18 10:53:00","2011-11-30 15:43:00",10,5,254,215,3046,4294.8600,858.9720,NULL,NULL,0,0,0,0,0.0000
12715,2011-12-10,"2011-08-25 15:22:00","2011-08-25 15:22:00",107,1,19,19,190,263.3600,263.3600,NULL,NULL,0,0,0,0,0.0000
12716,2011-12-10,"2011-07-29 13:28:00","2011-12-06 08:55:00",4,2,67,59,703,963.4900,481.7450,NULL,NULL,0,0,0,0,0.0000
12717,2011-12-10,"2011-04-08 10:32:00","2011-07-11 14:47:00",152,2,53,48,502,830.9800,415.4900,NULL,NULL,0,0,0,0,0.0000
12718,2011-12-10,"2011-09-29 16:38:00","2011-09-29 16:38:00",72,1,18,18,201,202.2500,202.2500,NULL,NULL,0,0,0,0,0.0000
12719,2011-12-10,"2011-10-05 14:50:00","2011-12-04 13:45:00",6,2,37,33,370,572.9500,286.4750,"2011-10-11 10:39:00","2011-10-11 10:39:00",1,3,3,13,36.8500
12720,2011-12-10,"2010-12-05 15:21:00","2011-12-07 08:03:00",3,25,342,210,4635,5115.7300,204.6292,"2011-05-11 10:17:00","2011-10-19 16:44:00",3,4,4,17,50.4500
12721,2011-12-10,"2010-12-20 11:38:00","2011-11-08 12:13:00",32,6,155,132,1944,2386.1300,397.6883,"2010-12-09 10:14:00","2010-12-09 10:14:00",1,3,3,5,27.1500
12722,2011-12-10,"2011-07-12 11:55:00","2011-09-15 14:50:00",86,4,52,49,565,979.6300,244.9075,"2011-07-21 17:30:00","2011-07-28 13:41:00",2,4,2,6,93.3000
12723,2011-12-10,"2011-10-05 15:52:00","2011-12-06 10:19:00",4,5,68,52,433,707.0700,141.4140,NULL,NULL,0,0,0,0,0.0000
12724,2011-12-10,"2011-01-11 15:00:00","2011-12-04 16:02:00",6,4,49,46,439,923.4100,230.8525,NULL,NULL,0,0,0,0,0.0000
12725,2011-12-10,"2010-12-03 15:45:00","2010-12-03 15:45:00",372,1,23,23,162,371.8000,371.8000,NULL,NULL,0,0,0,0,0.0000
12726,2011-12-10,"2010-12-17 12:56:00","2011-11-11 13:35:00",29,7,117,56,3132,2411.1000,344.4429,NULL,NULL,0,0,0,0,0.0000
12727,2011-12-10,"2011-01-23 15:17:00","2011-11-29 11:46:00",11,7,132,108,2068,3440.7000,491.5286,"2011-03-15 10:24:00","2011-03-15 10:24:00",1,1,1,12,15.0000
12728,2011-12-10,"2011-01-11 13:31:00","2011-09-29 15:31:00",72,4,42,37,413,728.3300,182.0825,NULL,NULL,0,0,0,0,0.0000
12729,2011-12-10,"2011-08-18 11:40:00","2011-08-18 11:40:00",114,1,25,25,231,417.0100,417.0100,NULL,NULL,0,0,0,0,0.0000
12731,2011-12-10,"2010-12-10 10:56:00","2011-11-16 11:59:00",24,12,273,108,8429,18751.9100,1562.6592,"2011-04-18 11:31:00","2011-10-10 11:56:00",2,2,2,70,91.5000
12732,2011-12-10,"2011-06-13 11:33:00","2011-06-13 11:33:00",180,1,11,11,110,218.2600,218.2600,NULL,NULL,0,0,0,0,0.0000
12733,2011-12-10,"2011-04-19 16:19:00","2011-04-19 16:19:00",235,1,22,22,137,383.9500,383.9500,NULL,NULL,0,0,0,0,0.0000
12734,2011-12-10,"2010-12-22 12:47:00","2010-12-22 12:47:00",353,1,4,4,88,110.4000,110.4000,NULL,NULL,0,0,0,0,0.0000
12735,2011-12-10,"2011-01-06 14:26:00","2011-01-28 13:37:00",316,2,41,37,363,689.5700,344.7850,NULL,NULL,0,0,0,0,0.0000
12736,2011-12-10,"2011-01-11 07:57:00","2011-01-11 07:57:00",333,1,3,3,168,144.0000,144.0000,NULL,NULL,0,0,0,0,0.0000
12738,2011-12-10,"2010-12-02 18:27:00","2010-12-02 18:27:00",373,1,10,10,147,137.3500,137.3500,NULL,NULL,0,0,0,0,0.0000
12739,2011-12-10,"2011-09-01 17:45:00","2011-09-01 17:45:00",100,1,37,37,485,975.5400,975.5400,NULL,NULL,0,0,0,0,0.0000
12740,2011-12-10,"2011-10-07 10:44:00","2011-10-07 10:44:00",64,1,27,27,342,427.6000,427.6000,NULL,NULL,0,0,0,0,0.0000
12743,2011-12-10,"2011-07-28 16:06:00","2011-07-28 16:21:00",135,2,131,114,315,540.1300,270.0650,NULL,NULL,0,0,0,0,0.0000
12744,2011-12-10,"2011-01-25 13:26:00","2011-10-14 14:54:00",57,4,215,177,5234,9120.3900,2280.0975,NULL,NULL,0,0,0,0,0.0000
12747,2011-12-10,"2010-12-05 15:38:00","2011-12-07 14:34:00",3,11,103,42,1275,4196.0100,381.4555,NULL,NULL,0,0,0,0,0.0000
12748,2011-12-10,"2010-12-01 12:48:00","2011-12-09 12:20:00",1,206,4397,1766,25051,31650.7800,153.6446,"2010-12-05 12:58:00","2011-11-29 18:19:00",11,43,42,1535,1830.7900
12749,2011-12-10,"2011-05-10 15:25:00","2011-12-06 09:56:00",4,5,198,159,1470,4040.8800,808.1760,"2011-05-23 17:08:00","2011-08-18 06:19:00",3,32,32,49,222.6800
12750,2011-12-10,"2011-08-03 09:13:00","2011-08-03 09:13:00",129,1,15,15,137,275.8800,275.8800,NULL,NULL,0,0,0,0,0.0000
12752,2011-12-10,"2011-09-19 13:32:00","2011-09-19 13:32:00",82,1,53,53,2262,4366.7800,4366.7800,NULL,NULL,0,0,0,0,0.0000
12753,2011-12-10,"2010-12-12 11:44:00","2011-11-17 10:52:00",23,6,197,132,11421,21429.3900,3571.5650,"2011-01-06 18:06:00","2011-12-06 11:40:00",5,33,29,171,405.3800
12754,2011-12-10,"2011-02-04 10:31:00","2011-04-18 09:00:00",236,3,63,49,6481,3010.7400,1003.5800,NULL,NULL,0,0,0,0,0.0000
12755,2011-12-10,"2010-12-09 10:44:00","2011-03-04 12:42:00",281,2,4,4,1491,3811.9500,1905.9750,"2011-04-04 10:12:00","2011-04-04 10:12:00",1,1,1,624,1591.2000
12756,2011-12-10,"2011-09-14 09:31:00","2011-09-14 09:31:00",87,1,4,4,144,112.0800,112.0800,NULL,NULL,0,0,0,0,0.0000
12757,2011-12-10,"2011-05-12 19:01:00","2011-11-24 12:30:00",16,9,358,235,2387,4176.7500,464.0833,"2011-08-03 10:43:00","2011-08-03 10:43:00",1,1,1,12,15.0000
12758,2011-12-10,"2011-03-08 12:05:00","2011-08-15 10:22:00",117,2,97,84,2135,2791.5900,1395.7950,NULL,NULL,0,0,0,0,0.0000
12759,2011-12-10,"2011-03-09 08:09:00","2011-10-18 14:49:00",53,3,92,80,894,1411.4400,470.4800,NULL,NULL,0,0,0,0,0.0000
12762,2011-12-10,"2011-11-14 14:23:00","2011-12-02 10:23:00",8,2,67,61,1220,1702.5200,851.2600,NULL,NULL,0,0,0,0,0.0000
12763,2011-12-10,"2010-12-05 15:46:00","2011-07-24 14:12:00",139,2,18,16,316,494.0800,247.0400,NULL,NULL,0,0,0,0,0.0000
12764,2011-12-10,"2011-01-27 10:19:00","2011-01-27 10:19:00",317,1,45,45,386,1693.8800,1693.8800,NULL,NULL,0,0,0,0,0.0000
12766,2011-12-10,"2010-12-08 13:53:00","2011-12-06 08:46:00",4,7,306,204,3627,6457.6300,922.5186,NULL,NULL,0,0,0,0,0.0000
12769,2011-12-10,"2011-04-15 10:25:00","2011-04-15 10:25:00",239,1,32,32,356,1143.6000,1143.6000,NULL,NULL,0,0,0,0,0.0000
12770,2011-12-10,"2011-05-13 09:33:00","2011-05-13 09:33:00",211,1,12,12,743,1351.4500,1351.4500,NULL,NULL,0,0,0,0,0.0000
12772,2011-12-10,"2011-10-11 09:19:00","2011-10-11 09:19:00",60,1,54,54,551,752.4700,752.4700,NULL,NULL,0,0,0,0,0.0000
12775,2011-12-10,"2011-02-01 13:45:00","2011-11-22 16:33:00",18,5,61,46,870,1281.0400,256.2080,"2011-02-03 12:39:00","2011-02-03 12:39:00",1,1,1,24,34.8000
12778,2011-12-10,"2011-01-31 14:35:00","2011-11-20 11:30:00",20,6,44,39,817,693.2300,115.5383,NULL,NULL,0,0,0,0,0.0000
12779,2011-12-10,"2010-12-03 13:40:00","2011-11-02 11:43:00",38,8,149,88,2024,3981.3600,497.6700,"2011-03-21 12:20:00","2011-11-18 17:10:00",4,10,10,28,112.6600
12781,2011-12-10,"2011-02-28 08:43:00","2011-10-07 10:37:00",64,2,24,24,670,786.7400,393.3700,"2011-04-01 15:00:00","2011-11-18 09:50:00",2,4,2,78,115.0200
12782,2011-12-10,"2010-12-17 11:30:00","2011-12-05 09:16:00",5,5,98,80,1072,1938.9200,387.7840,"2011-01-05 10:50:00","2011-01-05 10:50:00",1,4,4,16,57.6000
12783,2011-12-10,"2011-09-25 15:35:00","2011-12-07 15:56:00",3,4,78,74,611,1295.8700,323.9675,NULL,NULL,0,0,0,0,0.0000
12784,2011-12-10,"2011-11-24 12:53:00","2011-11-24 12:53:00",16,1,56,53,278,476.8200,476.8200,NULL,NULL,0,0,0,0,0.0000
12785,2011-12-10,"2010-12-10 13:48:00","2010-12-10 13:48:00",365,1,13,13,129,255.9500,255.9500,"2011-12-07 12:46:00","2011-12-07 12:46:00",1,1,1,3,6.2400
12787,2011-12-10,"2011-05-31 09:36:00","2011-11-30 08:44:00",10,3,17,16,258,418.6600,139.5533,NULL,NULL,0,0,0,0,0.0000
12789,2011-12-10,"2011-10-05 13:34:00","2011-10-05 13:34:00",66,1,3,3,3,76.8500,76.8500,NULL,NULL,0,0,0,0,0.0000
12790,2011-12-10,"2011-05-31 14:14:00","2011-05-31 14:14:00",193,1,20,20,164,294.9200,294.9200,NULL,NULL,0,0,0,0,0.0000
12791,2011-12-10,"2010-12-01 11:27:00","2010-12-01 11:27:00",374,1,1,1,96,177.6000,177.6000,NULL,NULL,0,0,0,0,0.0000
12792,2011-12-10,"2011-03-28 11:36:00","2011-03-28 11:36:00",257,1,24,24,215,344.5400,344.5400,NULL,NULL,0,0,0,0,0.0000
12793,2011-12-10,"2010-12-03 15:14:00","2011-01-09 12:12:00",335,2,22,20,292,461.4800,230.7400,NULL,NULL,0,0,0,0,0.0000
12794,2011-12-10,"2011-09-02 12:01:00","2011-10-17 14:54:00",54,2,45,43,592,860.4100,430.2050,NULL,NULL,0,0,0,0,0.0000
12795,2011-12-10,"2011-11-21 10:27:00","2011-11-21 10:27:00",19,1,13,13,64,318.4800,318.4800,NULL,NULL,0,0,0,0,0.0000
12797,2011-12-10,"2010-12-09 10:55:00","2010-12-09 10:55:00",366,1,12,12,117,226.0300,226.0300,"2010-12-14 15:56:00","2010-12-14 16:24:00",2,4,4,39,59.8500
12798,2011-12-10,"2011-06-22 10:11:00","2011-11-29 15:52:00",11,3,8,6,5256,6977.0400,2325.6800,NULL,NULL,0,0,0,0,0.0000
12802,2011-12-10,"2011-06-06 09:36:00","2011-06-06 09:36:00",187,1,24,24,312,397.5800,397.5800,"2011-06-09 09:44:00","2011-06-09 09:44:00",1,1,1,12,15.0000
12808,2011-12-10,"2010-12-06 10:27:00","2011-11-03 10:05:00",37,3,27,26,187,455.6500,151.8833,NULL,NULL,0,0,0,0,0.0000
12809,2011-12-10,"2011-06-15 10:51:00","2011-06-15 10:51:00",178,1,24,24,217,405.3100,405.3100,"2011-06-24 15:15:00","2011-06-24 15:15:00",1,1,1,1,4.9500
12811,2011-12-10,"2011-02-28 15:39:00","2011-03-23 10:55:00",262,2,28,26,227,458.8500,229.4250,NULL,NULL,0,0,0,0,0.0000
12812,2011-12-10,"2011-10-26 09:54:00","2011-10-26 09:54:00",45,1,15,15,164,229.6400,229.6400,NULL,NULL,0,0,0,0,0.0000
12814,2011-12-10,"2011-08-30 12:11:00","2011-08-30 12:11:00",102,1,1,1,48,85.9200,85.9200,NULL,NULL,0,0,0,0,0.0000
12815,2011-12-10,"2011-05-25 13:34:00","2011-07-15 10:21:00",148,2,45,37,374,863.4600,431.7300,NULL,NULL,0,0,0,0,0.0000
12816,2011-12-10,"2011-06-16 13:24:00","2011-09-05 12:41:00",96,2,27,26,125,452.2000,226.1000,NULL,NULL,0,0,0,0,0.0000
12817,2011-12-10,"2011-03-03 16:28:00","2011-03-03 16:28:00",282,1,3,3,52,126.0400,126.0400,NULL,NULL,0,0,0,0,0.0000
12818,2011-12-10,"2011-03-23 12:06:00","2011-03-23 12:06:00",262,1,13,13,920,1182.0800,1182.0800,"2011-06-14 13:54:00","2011-06-14 13:54:00",1,2,2,6,24.2000
12820,2011-12-10,"2011-01-17 12:34:00","2011-12-06 15:12:00",4,4,59,55,722,942.3400,235.5850,NULL,NULL,0,0,0,0,0.0000
12821,2011-12-10,"2011-05-09 15:51:00","2011-05-09 15:51:00",215,1,6,6,70,92.7200,92.7200,NULL,NULL,0,0,0,0,0.0000
12822,2011-12-10,"2011-09-13 13:46:00","2011-09-30 10:04:00",71,2,46,41,550,948.8800,474.4400,"2011-09-14 15:37:00","2011-09-14 15:37:00",1,1,1,2,29.9000
12823,2011-12-10,"2011-02-16 12:15:00","2011-09-26 07:35:00",75,5,5,1,230,1759.5000,351.9000,NULL,NULL,0,0,0,0,0.0000
12824,2011-12-10,"2011-10-11 12:49:00","2011-10-11 12:49:00",60,1,25,25,232,397.1200,397.1200,NULL,NULL,0,0,0,0,0.0000
12826,2011-12-10,"2010-12-09 15:21:00","2011-12-07 10:25:00",3,7,88,57,1055,1452.2200,207.4600,"2011-06-24 11:47:00","2011-06-24 11:47:00",1,3,3,4,6.6000
12827,2011-12-10,"2011-10-26 15:44:00","2011-12-04 12:17:00",6,3,25,19,197,430.1500,143.3833,NULL,NULL,0,0,0,0,0.0000
12828,2011-12-10,"2011-08-01 16:16:00","2011-12-07 08:45:00",3,6,56,46,494,1018.7100,169.7850,NULL,NULL,0,0,0,0,0.0000
12829,2011-12-10,"2010-12-14 14:54:00","2011-01-07 11:13:00",337,2,11,9,376,293.0000,146.5000,"2011-01-21 12:56:00","2011-01-21 12:56:00",1,1,1,1,39.9500
12830,2011-12-10,"2011-06-21 10:53:00","2011-11-02 11:54:00",38,6,38,13,9848,6814.6400,1135.7733,"2011-07-21 14:32:00","2011-07-21 14:32:00",1,1,1,1,66.2400
12831,2011-12-10,"2011-03-22 13:02:00","2011-03-22 13:02:00",263,1,9,9,135,215.0500,215.0500,NULL,NULL,0,0,0,0,0.0000
12832,2011-12-10,"2011-09-02 13:48:00","2011-11-07 13:30:00",33,2,27,27,195,383.0300,191.5150,NULL,NULL,0,0,0,0,0.0000
12833,2011-12-10,"2011-07-17 13:46:00","2011-07-17 13:46:00",146,1,24,24,156,417.3800,417.3800,NULL,NULL,0,0,0,0,0.0000
12834,2011-12-10,"2011-03-02 09:49:00","2011-03-02 09:49:00",283,1,18,18,110,312.3800,312.3800,NULL,NULL,0,0,0,0,0.0000
12836,2011-12-10,"2011-02-01 11:19:00","2011-10-11 15:10:00",60,4,174,148,1062,2610.3600,652.5900,NULL,NULL,0,0,0,0,0.0000
12837,2011-12-10,"2011-06-19 16:07:00","2011-06-19 16:07:00",174,1,12,12,24,134.1000,134.1000,NULL,NULL,0,0,0,0,0.0000
12838,2011-12-10,"2010-12-01 11:57:00","2011-11-06 12:20:00",34,2,120,115,355,671.9500,335.9750,NULL,NULL,0,0,0,0,0.0000
12839,2011-12-10,"2010-12-07 15:48:00","2011-12-07 12:33:00",3,14,314,95,3807,5591.4200,399.3871,"2011-03-07 13:01:00","2011-03-07 13:01:00",1,1,1,2,3.3000
12840,2011-12-10,"2011-04-27 12:21:00","2011-07-19 09:29:00",144,4,113,67,1511,2726.7700,681.6925,"2011-05-04 15:44:00","2011-05-05 17:58:00",2,3,2,6,12.5000
12841,2011-12-10,"2010-12-03 10:43:00","2011-12-05 11:13:00",5,25,414,229,2720,3991.5800,159.6632,"2011-10-05 12:14:00","2011-10-05 12:14:00",1,19,19,74,145.9500
12842,2011-12-10,"2011-02-04 12:36:00","2011-09-30 15:33:00",71,2,34,34,547,1118.9900,559.4950,NULL,NULL,0,0,0,0,0.0000
12843,2011-12-10,"2011-03-20 14:38:00","2011-10-05 12:09:00",66,8,103,69,781,1702.2600,212.7825,"2011-06-15 12:51:00","2011-06-15 12:51:00",1,5,5,28,21.5000
12844,2011-12-10,"2011-08-01 13:11:00","2011-11-10 13:31:00",30,2,52,47,125,325.9600,162.9800,NULL,NULL,0,0,0,0,0.0000
12845,2011-12-10,"2011-02-22 14:10:00","2011-03-17 13:34:00",268,4,27,26,204,354.0900,88.5225,NULL,NULL,0,0,0,0,0.0000
12847,2011-12-10,"2011-11-17 13:16:00","2011-11-17 13:16:00",23,1,84,72,873,843.6400,843.6400,NULL,NULL,0,0,0,0,0.0000
12849,2011-12-10,"2011-03-16 12:26:00","2011-11-08 13:41:00",32,2,46,46,579,992.6500,496.3250,NULL,NULL,0,0,0,0,0.0000
12851,2011-12-10,"2011-09-04 12:41:00","2011-09-04 12:41:00",97,1,47,43,106,131.8100,131.8100,NULL,NULL,0,0,0,0,0.0000
12852,2011-12-10,"2011-02-18 08:47:00","2011-02-18 08:47:00",295,1,17,17,149,311.5500,311.5500,"2011-02-22 14:56:00","2011-02-22 14:56:00",1,3,3,4,11.8000
12853,2011-12-10,"2011-01-28 10:28:00","2011-07-28 11:29:00",135,6,78,66,800,1957.1000,326.1833,"2011-01-31 15:59:00","2011-08-24 11:00:00",3,6,6,18,75.4000
12854,2011-12-10,"2011-01-25 13:35:00","2011-09-22 12:15:00",79,3,109,95,626,1316.2500,438.7500,"2011-01-25 12:11:00","2011-04-12 12:35:00",2,5,5,5,35.3500
12855,2011-12-10,"2010-12-02 09:37:00","2010-12-02 09:37:00",373,1,3,3,30,38.1000,38.1000,NULL,NULL,0,0,0,0,0.0000
12856,2011-12-10,"2011-10-07 12:38:00","2011-12-02 10:52:00",8,6,311,155,1076,2170.7800,361.7967,"2011-10-26 12:54:00","2011-11-11 10:24:00",2,3,3,3,17.2500
12857,2011-12-10,"2011-02-10 12:32:00","2011-05-13 10:20:00",211,2,46,37,343,1106.4000,553.2000,NULL,NULL,0,0,0,0,0.0000
12863,2011-12-10,"2011-10-18 14:15:00","2011-10-18 14:15:00",53,1,5,5,188,521.2000,521.2000,"2011-05-24 17:17:00","2011-05-24 17:17:00",1,1,1,2,17.0000
12864,2011-12-10,"2011-07-24 13:03:00","2011-07-24 13:03:00",139,1,3,3,216,147.1200,147.1200,NULL,NULL,0,0,0,0,0.0000
12865,2011-12-10,"2011-08-08 10:11:00","2011-11-13 14:31:00",27,2,95,86,925,1568.2300,784.1150,"2010-12-15 11:39:00","2010-12-15 11:39:00",1,1,1,48,20.1600
12866,2011-12-10,"2011-03-01 14:11:00","2011-03-01 14:11:00",284,1,25,25,167,499.1200,499.1200,NULL,NULL,0,0,0,0,0.0000
12867,2011-12-10,"2010-12-14 16:39:00","2011-11-13 15:30:00",27,7,534,240,4284,4009.3400,572.7629,"2010-12-14 15:16:00","2011-11-13 13:39:00",3,12,11,23,46.3500
12868,2011-12-10,"2010-12-01 12:50:00","2011-06-07 10:42:00",186,6,107,72,928,1607.0600,267.8433,NULL,NULL,0,0,0,0,0.0000
12871,2011-12-10,"2011-05-16 13:32:00","2011-09-16 15:07:00",85,2,11,8,200,380.6400,190.3200,NULL,NULL,0,0,0,0,0.0000
12872,2011-12-10,"2010-12-09 14:44:00","2011-01-17 10:52:00",327,2,66,58,319,599.9700,299.9850,NULL,NULL,0,0,0,0,0.0000
12873,2011-12-10,"2011-03-02 14:58:00","2011-03-02 14:58:00",283,1,4,4,128,374.0000,374.0000,NULL,NULL,0,0,0,0,0.0000
12875,2011-12-10,"2010-12-12 12:03:00","2011-07-19 15:30:00",144,2,2,1,2019,343.2300,171.6150,NULL,NULL,0,0,0,0,0.0000
12876,2011-12-10,"2011-05-27 13:34:00","2011-10-13 12:26:00",58,2,83,66,1930,2053.0200,1026.5100,NULL,NULL,0,0,0,0,0.0000
12877,2011-12-10,"2010-12-16 12:23:00","2011-12-06 10:30:00",4,12,154,100,1178,1535.7700,127.9808,NULL,NULL,0,0,0,0,0.0000
12878,2011-12-10,"2011-03-18 14:02:00","2011-04-17 13:07:00",237,2,47,38,547,854.9900,427.4950,"2011-11-21 14:30:00","2011-11-21 14:30:00",1,2,2,11,13.3500
12879,2011-12-10,"2011-09-09 12:11:00","2011-10-26 12:24:00",45,3,10,7,370,573.2200,191.0733,"2011-09-22 15:17:00","2011-09-22 15:17:00",1,2,2,7,20.6500
12881,2011-12-10,"2011-03-09 11:44:00","2011-03-09 11:44:00",276,1,7,7,21,298.0000,298.0000,NULL,NULL,0,0,0,0,0.0000
12882,2011-12-10,"2011-11-06 11:22:00","2011-11-30 16:18:00",10,2,13,12,246,1463.0400,731.5200,NULL,NULL,0,0,0,0,0.0000
12883,2011-12-10,"2011-09-11 15:18:00","2011-11-15 09:32:00",25,4,42,39,196,703.4700,175.8675,NULL,NULL,0,0,0,0,0.0000
12884,2011-12-10,"2011-09-12 13:10:00","2011-09-12 13:10:00",89,1,7,7,43,309.0500,309.0500,NULL,NULL,0,0,0,0,0.0000
12885,2011-12-10,"2011-08-08 11:45:00","2011-10-07 13:40:00",64,3,71,66,655,1175.2200,391.7400,"2011-08-11 11:48:00","2011-08-11 11:48:00",1,1,1,1,16.9500
12886,2011-12-10,"2011-05-04 11:21:00","2011-10-03 10:09:00",68,2,82,75,770,1378.4000,689.2000,"2011-05-10 16:27:00","2011-05-10 16:27:00",1,4,4,9,27.3100
12888,2011-12-10,"2011-03-29 14:31:00","2011-05-09 16:02:00",215,2,5,4,76,354.1200,177.0600,"2011-04-01 13:17:00","2011-05-03 11:58:00",2,2,2,8,40.3500
12890,2011-12-10,"2011-11-15 17:26:00","2011-11-15 17:26:00",25,1,79,78,256,376.7200,376.7200,NULL,NULL,0,0,0,0,0.0000
12891,2011-12-10,"2011-02-20 11:28:00","2011-06-07 12:31:00",186,3,3,2,950,331.0000,110.3333,NULL,NULL,0,0,0,0,0.0000
12893,2011-12-10,"2011-11-09 12:34:00","2011-11-09 12:34:00",31,1,31,27,90,176.5500,176.5500,NULL,NULL,0,0,0,0,0.0000
12895,2011-12-10,"2011-09-14 08:35:00","2011-10-28 13:51:00",43,2,22,22,210,372.8000,186.4000,"2011-09-23 08:54:00","2011-09-23 08:54:00",1,2,2,6,25.5000
12897,2011-12-10,"2011-02-11 11:40:00","2011-05-19 12:13:00",205,2,4,3,110,216.5000,108.2500,NULL,NULL,0,0,0,0,0.0000
12901,2011-12-10,"2011-03-14 10:41:00","2011-12-01 10:07:00",9,28,116,30,23075,17654.5400,630.5193,"2011-05-10 12:04:00","2011-10-16 10:52:00",7,8,7,2016,1345.6000
12902,2011-12-10,"2011-03-20 12:06:00","2011-03-20 12:06:00",265,1,10,10,66,138.6800,138.6800,NULL,NULL,0,0,0,0,0.0000
12904,2011-12-10,"2011-06-20 13:18:00","2011-11-21 14:34:00",19,2,71,59,294,496.0600,248.0300,NULL,NULL,0,0,0,0,0.0000
12906,2011-12-10,"2011-09-22 15:03:00","2011-11-28 09:55:00",12,5,63,55,1749,2919.8100,583.9620,NULL,NULL,0,0,0,0,0.0000
12908,2011-12-10,"2011-01-31 12:37:00","2011-06-16 15:39:00",177,2,2,1,1200,750.0000,375.0000,"2011-01-31 12:36:00","2011-01-31 12:36:00",1,1,1,600,390.0000
12909,2011-12-10,"2011-03-31 12:51:00","2011-10-31 12:43:00",40,5,91,78,1280,2178.6700,435.7340,"2011-05-26 19:56:00","2011-09-23 07:58:00",3,5,4,10,49.8400
12910,2011-12-10,"2011-04-12 10:01:00","2011-11-16 14:28:00",24,8,75,48,1692,3075.0400,384.3800,NULL,NULL,0,0,0,0,0.0000
12912,2011-12-10,"2011-10-30 11:35:00","2011-12-07 08:55:00",3,5,24,17,670,1662.3000,332.4600,NULL,NULL,0,0,0,0,0.0000
12913,2011-12-10,"2010-12-06 16:36:00","2011-12-05 12:11:00",5,5,48,36,1417,2453.6300,490.7260,NULL,NULL,0,0,0,0,0.0000
12915,2011-12-10,"2010-12-02 12:33:00","2011-07-14 11:34:00",149,2,22,19,93,363.6500,181.8250,NULL,NULL,0,0,0,0,0.0000
12916,2011-12-10,"2011-01-23 10:43:00","2011-07-24 10:35:00",139,4,103,53,1083,2944.9500,736.2375,"2011-03-27 10:47:00","2011-03-27 10:47:00",1,2,2,8,23.8000
12917,2011-12-10,"2011-08-03 16:42:00","2011-08-03 16:42:00",129,1,2,2,120,594.0000,594.0000,NULL,NULL,0,0,0,0,0.0000
12919,2011-12-10,"2011-06-23 09:22:00","2011-12-01 13:47:00",9,6,50,34,673,1335.1900,222.5317,"2011-06-27 11:18:00","2011-09-15 17:37:00",2,2,2,5,33.7500
12920,2011-12-10,"2011-11-22 15:05:00","2011-11-22 15:05:00",18,1,27,27,128,162.7800,162.7800,NULL,NULL,0,0,0,0,0.0000
12921,2011-12-10,"2010-12-01 15:06:00","2011-11-30 16:22:00",10,37,720,233,9526,16587.0900,448.2997,"2011-02-14 13:42:00","2011-12-06 09:56:00",13,21,16,72,197.3500
12922,2011-12-10,"2011-07-01 15:35:00","2011-07-01 15:35:00",162,1,28,28,370,405.3800,405.3800,NULL,NULL,0,0,0,0,0.0000
12923,2011-12-10,"2011-10-06 16:20:00","2011-10-06 16:20:00",65,1,27,27,67,171.5700,171.5700,NULL,NULL,0,0,0,0,0.0000
12924,2011-12-10,"2011-01-16 11:49:00","2011-09-12 13:55:00",89,4,29,21,480,925.7500,231.4375,"2011-03-17 09:32:00","2011-03-17 09:32:00",1,1,1,1,3.7500
12925,2011-12-10,"2011-09-26 11:05:00","2011-12-05 11:11:00",5,2,44,41,540,679.0500,339.5250,NULL,NULL,0,0,0,0,0.0000
12928,2011-12-10,"2010-12-15 15:45:00","2011-11-04 14:24:00",36,5,84,59,1472,2062.7000,412.5400,NULL,NULL,0,0,0,0,0.0000
12929,2011-12-10,"2011-02-01 12:08:00","2011-02-01 12:08:00",312,1,8,8,37,117.8500,117.8500,"2011-08-09 14:30:00","2011-08-09 14:30:00",1,1,1,1,12.7500
12930,2011-12-10,"2011-06-21 13:25:00","2011-09-22 15:18:00",79,2,25,20,252,415.8000,207.9000,"2011-07-18 13:20:00","2011-07-18 13:21:00",2,2,1,2,5.9000
12931,2011-12-10,"2010-12-17 09:45:00","2011-11-18 12:39:00",22,15,82,28,28004,42055.9600,2803.7307,"2011-08-31 13:10:00","2011-11-11 17:01:00",4,19,15,4427,8511.1500
12933,2011-12-10,"2011-03-01 11:30:00","2011-11-15 16:38:00",25,3,106,102,499,607.5300,202.5100,"2011-03-01 11:31:00","2011-03-01 11:31:00",1,1,1,1,1.2500
12935,2011-12-10,"2011-01-24 13:58:00","2011-12-07 17:25:00",3,7,129,80,1853,2160.7000,308.6714,"2011-05-25 16:57:00","2011-05-25 16:57:00",1,1,1,1,4.2500
12936,2011-12-10,"2011-09-22 13:51:00","2011-11-22 17:32:00",18,4,62,56,559,1063.9000,265.9750,"2011-11-22 16:18:00","2011-11-22 16:18:00",1,1,1,20,51.0000
12937,2011-12-10,"2011-03-17 14:19:00","2011-11-24 15:05:00",16,4,120,81,1007,1504.2700,376.0675,NULL,NULL,0,0,0,0,0.0000
12938,2011-12-10,"2011-11-14 11:21:00","2011-11-14 11:21:00",26,1,9,9,140,114.1400,114.1400,NULL,NULL,0,0,0,0,0.0000
12939,2011-12-10,"2011-01-09 11:20:00","2011-10-06 14:33:00",65,8,47,21,4876,11581.8000,1447.7250,NULL,NULL,0,0,0,0,0.0000
12940,2011-12-10,"2011-09-13 10:16:00","2011-10-16 12:09:00",55,2,96,87,404,899.6900,449.8450,"2011-09-30 10:46:00","2011-10-24 14:04:00",2,4,4,5,37.2500
12942,2011-12-10,"2010-12-09 09:34:00","2011-07-31 14:39:00",132,3,70,68,198,675.6000,225.2000,NULL,NULL,0,0,0,0,0.0000
12944,2011-12-10,"2010-12-20 10:41:00","2011-11-04 11:04:00",36,2,30,29,289,604.5100,302.2550,NULL,NULL,0,0,0,0,0.0000
12945,2011-12-10,"2011-02-24 14:15:00","2011-02-24 14:15:00",289,1,23,23,165,462.9500,462.9500,NULL,NULL,0,0,0,0,0.0000
12947,2011-12-10,"2010-12-01 16:21:00","2011-07-19 10:06:00",144,6,97,83,1165,1603.9900,267.3317,"2010-12-15 16:57:00","2011-06-21 18:03:00",5,6,6,8,196.7000
12948,2011-12-10,"2011-03-20 10:17:00","2011-11-23 17:10:00",17,7,116,82,1080,2064.9500,294.9929,"2011-08-31 11:34:00","2011-08-31 11:34:00",1,2,2,3,11.2500
12949,2011-12-10,"2011-04-01 13:20:00","2011-11-09 11:25:00",31,8,215,166,2381,4167.2200,520.9025,"2011-04-07 10:59:00","2011-04-08 09:51:00",2,4,4,18,24.2000
12950,2011-12-10,"2011-11-15 13:48:00","2011-12-07 13:17:00",3,3,23,13,1380,1843.0000,614.3333,NULL,NULL,0,0,0,0,0.0000
12951,2011-12-10,"2011-01-13 10:33:00","2011-12-01 12:14:00",9,6,63,53,503,1064.0700,177.3450,"2011-02-14 13:40:00","2011-06-29 15:20:00",2,2,2,3,22.0000
12952,2011-12-10,"2011-09-22 16:37:00","2011-12-04 10:35:00",6,4,79,64,653,1387.7900,346.9475,"2011-11-10 14:53:00","2011-11-10 14:53:00",1,1,1,1,4.9500
12953,2011-12-10,"2011-11-30 09:24:00","2011-11-30 09:24:00",10,1,17,17,84,329.8500,329.8500,NULL,NULL,0,0,0,0,0.0000
12955,2011-12-10,"2011-03-17 09:03:00","2011-12-08 16:29:00",2,11,180,81,3664,4757.1600,432.4691,"2011-06-27 17:06:00","2011-08-25 11:10:00",3,3,2,22,22.9000
12956,2011-12-10,"2011-02-06 16:08:00","2011-02-06 16:08:00",307,1,19,19,34,108.0700,108.0700,NULL,NULL,0,0,0,0,0.0000
12957,2011-12-10,"2011-01-04 12:18:00","2011-11-30 09:53:00",10,8,238,208,2549,4017.5400,502.1925,"2011-01-06 17:38:00","2011-12-05 16:32:00",4,6,6,18,38.5000
12962,2011-12-10,"2011-08-18 13:38:00","2011-12-02 15:55:00",8,2,16,15,129,266.3900,133.1950,NULL,NULL,0,0,0,0,0.0000
12963,2011-12-10,"2010-12-09 09:14:00","2011-12-01 12:55:00",9,8,95,75,881,1856.6300,232.0788,NULL,NULL,0,0,0,0,0.0000
12965,2011-12-10,"2011-09-11 15:31:00","2011-09-11 15:31:00",90,1,108,108,282,769.8100,769.8100,NULL,NULL,0,0,0,0,0.0000
12966,2011-12-10,"2011-11-30 12:38:00","2011-11-30 12:38:00",10,1,10,10,75,160.1800,160.1800,NULL,NULL,0,0,0,0,0.0000
12967,2011-12-10,"2010-12-03 09:49:00","2010-12-16 19:10:00",359,2,19,19,438,1660.9000,830.4500,"2011-02-10 17:06:00","2011-12-06 14:19:00",2,14,14,195,466.1500
12968,2011-12-10,"2011-08-19 15:44:00","2011-08-19 15:44:00",113,1,5,5,73,135.9500,135.9500,NULL,NULL,0,0,0,0,0.0000
12970,2011-12-10,"2011-01-21 14:04:00","2011-12-02 14:30:00",8,4,129,116,268,405.4700,101.3675,NULL,NULL,0,0,0,0,0.0000
12971,2011-12-10,"2010-12-02 16:42:00","2011-12-06 12:20:00",4,86,305,94,9289,11189.9100,130.1152,"2010-12-21 10:16:00","2011-07-19 12:47:00",2,2,2,85,256.1500
12974,2011-12-10,"2011-05-26 09:33:00","2011-05-26 09:33:00",198,1,8,8,24,144.8000,144.8000,NULL,NULL,0,0,0,0,0.0000
12976,2011-12-10,"2011-05-12 09:55:00","2011-05-12 09:55:00",212,1,22,22,561,738.6000,738.6000,NULL,NULL,0,0,0,0,0.0000
12977,2011-12-10,"2011-07-06 16:40:00","2011-07-06 16:40:00",157,1,9,9,12,39.2400,39.2400,NULL,NULL,0,0,0,0,0.0000
12980,2011-12-10,"2010-12-16 11:36:00","2011-07-05 09:34:00",158,9,20,6,886,7374.9000,819.4333,"2010-12-23 12:55:00","2011-07-07 11:42:00",3,4,3,22,282.8400
12981,2011-12-10,"2011-07-29 14:14:00","2011-11-10 12:00:00",30,2,20,12,242,372.2200,186.1100,NULL,NULL,0,0,0,0,0.0000
12982,2011-12-10,"2011-04-11 11:51:00","2011-04-11 11:51:00",243,1,28,28,288,390.5400,390.5400,"2011-04-14 10:49:00","2011-04-14 10:49:00",1,6,6,10,13.3400
12984,2011-12-10,"2011-11-21 12:37:00","2011-11-21 12:37:00",19,1,4,4,26,97.5000,97.5000,NULL,NULL,0,0,0,0,0.0000
12985,2011-12-10,"2011-11-11 12:44:00","2011-12-09 10:46:00",1,2,76,73,1533,1239.3800,619.6900,"2011-12-08 18:51:00","2011-12-08 18:51:00",1,2,2,120,23.7600
12987,2011-12-10,"2011-05-26 12:00:00","2011-09-27 12:03:00",74,2,28,27,219,558.7000,279.3500,"2011-06-01 15:13:00","2011-06-01 15:13:00",1,2,2,2,13.7000
12988,2011-12-10,"2011-02-20 14:31:00","2011-02-20 14:31:00",293,1,83,75,126,505.8200,505.8200,NULL,NULL,0,0,0,0,0.0000
12989,2011-12-10,"2010-12-10 13:24:00","2011-12-06 15:28:00",4,15,64,41,2943,6924.1100,461.6073,"2011-02-17 15:02:00","2011-12-06 13:37:00",4,4,2,28,69.6000
12990,2011-12-10,"2011-02-02 15:39:00","2011-11-08 13:01:00",32,3,13,8,200,409.5000,136.5000,NULL,NULL,0,0,0,0,0.0000
12991,2011-12-10,"2011-08-19 14:39:00","2011-11-16 15:34:00",24,2,31,31,405,503.7600,251.8800,NULL,NULL,0,0,0,0,0.0000
12993,2011-12-10,"2011-02-14 14:29:00","2011-11-16 15:49:00",24,4,27,26,240,414.7600,103.6900,NULL,NULL,0,0,0,0,0.0000
12994,2011-12-10,"2011-03-16 08:31:00","2011-12-05 15:43:00",5,3,61,52,459,974.4200,324.8067,"2011-03-21 16:15:00","2011-08-24 09:24:00",2,12,10,19,72.2000
12995,2011-12-10,"2011-09-15 15:44:00","2011-09-15 15:44:00",86,1,3,3,108,211.3200,211.3200,"2011-09-23 09:20:00","2011-09-23 09:20:00",1,2,2,10,10.6000
12997,2011-12-10,"2011-01-26 15:49:00","2011-11-17 15:47:00",23,4,59,45,664,1226.8900,306.7225,"2011-01-28 15:57:00","2011-09-15 10:08:00",3,8,6,16,28.9500
12999,2011-12-10,"2011-04-08 10:26:00","2011-05-27 13:24:00",197,3,28,25,342,455.8800,151.9600,NULL,NULL,0,0,0,0,0.0000
13000,2011-12-10,"2010-12-10 10:26:00","2011-08-25 10:43:00",107,3,31,30,379,534.8500,178.2833,NULL,NULL,0,0,0,0,0.0000
13001,2011-12-10,"2011-01-17 12:45:00","2011-12-05 14:51:00",5,13,337,166,5490,9785.9700,752.7669,"2011-02-16 14:13:00","2011-02-16 14:13:00",2,3,3,8,20.9000
13002,2011-12-10,"2011-01-25 15:18:00","2011-01-25 15:18:00",319,1,7,7,73,120.9500,120.9500,NULL,NULL,0,0,0,0,0.0000
13003,2011-12-10,"2011-05-09 08:23:00","2011-08-26 10:50:00",106,3,6,4,103,149.0500,49.6833,NULL,NULL,0,0,0,0,0.0000
13004,2011-12-10,"2010-12-17 08:20:00","2011-11-28 11:27:00",12,18,404,277,4822,5655.9100,314.2172,"2011-05-23 10:34:00","2011-10-27 13:35:00",4,5,4,26,42.4800
13005,2011-12-10,"2011-04-07 13:32:00","2011-06-19 10:53:00",174,2,26,21,172,513.7000,256.8500,"2011-04-08 12:37:00","2011-04-08 12:37:00",1,3,3,5,44.7500
13006,2011-12-10,"2011-10-14 13:49:00","2011-10-14 13:49:00",57,1,4,4,55,81.5700,81.5700,NULL,NULL,0,0,0,0,0.0000
13008,2011-12-10,"2011-01-20 14:24:00","2011-01-20 14:24:00",324,1,14,14,175,229.4700,229.4700,"2010-12-14 10:28:00","2010-12-14 10:28:00",1,1,1,60,51.0000
13011,2011-12-10,"2010-12-02 17:22:00","2010-12-02 17:22:00",373,1,3,3,13,50.5500,50.5500,NULL,NULL,0,0,0,0,0.0000
13012,2011-12-10,"2011-02-18 09:43:00","2011-11-30 13:05:00",10,8,88,67,820,1646.8400,205.8550,"2011-06-13 16:14:00","2011-11-18 16:12:00",2,17,17,152,345.1200
13013,2011-12-10,"2010-12-03 12:28:00","2011-12-08 15:01:00",2,13,219,155,2224,4810.9400,370.0723,"2011-07-12 11:10:00","2011-07-15 13:58:00",2,3,2,7,23.9500
13014,2011-12-10,"2011-03-03 18:28:00","2011-11-29 12:27:00",11,10,109,67,905,3466.2800,346.6280,"2011-03-10 11:15:00","2011-12-07 09:24:00",6,14,12,21,100.8500
13015,2011-12-10,"2011-04-04 14:28:00","2011-10-17 13:19:00",54,5,175,156,1609,3339.6400,667.9280,NULL,NULL,0,0,0,0,0.0000
13016,2011-12-10,"2011-08-08 15:00:00","2011-09-27 14:08:00",74,3,47,39,527,789.8900,263.2967,NULL,NULL,0,0,0,0,0.0000
13017,2011-12-10,"2011-12-02 15:53:00","2011-12-02 15:53:00",8,1,1,1,48,204.0000,204.0000,NULL,NULL,0,0,0,0,0.0000
13018,2011-12-10,"2011-02-17 11:05:00","2011-11-23 13:28:00",17,28,458,313,5435,7277.7000,259.9179,"2011-03-02 17:19:00","2011-03-02 17:19:00",1,1,1,1,4.9500
13021,2011-12-10,"2010-12-16 10:12:00","2011-12-05 16:37:00",5,9,131,101,1352,2616.3800,290.7089,"2010-12-09 14:12:00","2011-07-05 13:18:00",3,3,3,16,31.9800
13023,2011-12-10,"2011-08-02 09:34:00","2011-10-06 16:27:00",65,2,38,35,280,599.9000,299.9500,NULL,NULL,0,0,0,0,0.0000
13026,2011-12-10,"2011-03-09 11:35:00","2011-12-08 16:58:00",2,5,40,32,1620,975.3600,195.0720,"2011-09-15 16:42:00","2011-11-15 10:52:00",2,2,2,33,31.5900
13027,2011-12-10,"2010-12-20 12:45:00","2011-08-18 09:39:00",114,6,26,6,17280,6912.0000,1152.0000,NULL,NULL,0,0,0,0,0.0000
13028,2011-12-10,"2011-10-25 14:09:00","2011-11-17 11:10:00",23,2,45,40,798,661.3200,330.6600,"2011-11-01 09:41:00","2011-11-01 09:41:00",1,2,2,2,1.6400
13029,2011-12-10,"2010-12-21 13:53:00","2011-11-09 09:13:00",31,3,10,8,134,1247.5000,415.8333,NULL,NULL,0,0,0,0,0.0000
13030,2011-12-10,"2010-12-06 14:31:00","2011-11-28 14:30:00",12,2,92,76,348,752.4400,376.2200,NULL,NULL,0,0,0,0,0.0000
13032,2011-12-10,"2011-09-13 16:40:00","2011-10-18 15:54:00",53,2,71,55,375,1010.1800,505.0900,"2011-11-01 09:56:00","2011-11-01 09:56:00",1,4,4,8,13.6600
13033,2011-12-10,"2010-12-17 14:23:00","2010-12-17 14:23:00",358,1,11,11,83,190.5500,190.5500,NULL,NULL,0,0,0,0,0.0000
13034,2011-12-10,"2010-12-05 14:52:00","2011-10-16 12:21:00",55,2,37,37,369,642.7700,321.3850,NULL,NULL,0,0,0,0,0.0000
13035,2011-12-10,"2011-03-24 09:21:00","2011-09-27 08:57:00",74,2,27,23,644,921.8800,460.9400,"2011-10-13 12:23:00","2011-10-13 12:23:00",1,3,3,17,35.2500
13037,2011-12-10,"2011-03-28 15:42:00","2011-07-24 15:46:00",139,3,48,44,431,881.0700,293.6900,NULL,NULL,0,0,0,0,0.0000
13038,2011-12-10,"2011-02-22 11:43:00","2011-09-20 14:37:00",81,3,28,24,360,908.4600,302.8200,NULL,NULL,0,0,0,0,0.0000
13040,2011-12-10,"2011-11-06 13:53:00","2011-12-01 10:38:00",9,2,43,38,355,676.9900,338.4950,NULL,NULL,0,0,0,0,0.0000
13043,2011-12-10,"2011-03-11 14:52:00","2011-03-11 14:52:00",274,1,13,13,254,516.4200,516.4200,"2011-03-31 12:14:00","2011-03-31 12:14:00",1,1,1,3,44.8500
13044,2011-12-10,"2011-02-21 15:20:00","2011-02-21 15:20:00",292,1,33,33,429,560.4700,560.4700,NULL,NULL,0,0,0,0,0.0000
13045,2011-12-10,"2011-09-01 15:04:00","2011-09-01 15:04:00",100,1,18,18,221,305.2800,305.2800,NULL,NULL,0,0,0,0,0.0000
13046,2011-12-10,"2011-03-18 15:43:00","2011-11-09 08:36:00",31,2,35,33,264,629.3100,314.6550,NULL,NULL,0,0,0,0,0.0000
13047,2011-12-10,"2010-12-01 08:34:00","2011-10-14 11:15:00",57,9,171,105,1390,3232.5900,359.1767,"2011-01-06 18:02:00","2011-10-24 14:02:00",7,23,20,35,143.4900
13048,2011-12-10,"2011-01-16 14:36:00","2011-11-25 13:23:00",15,4,135,77,1228,1819.4100,454.8525,"2011-08-19 11:18:00","2011-08-19 11:18:00",1,1,1,8,30.0000
13049,2011-12-10,"2011-01-25 16:33:00","2011-10-06 15:31:00",65,2,14,14,268,656.6800,328.3400,NULL,NULL,0,0,0,0,0.0000
13050,2011-12-10,"2010-12-08 09:30:00","2011-11-25 09:18:00",15,17,402,245,3747,5833.1100,343.1241,"2010-12-14 10:02:00","2011-11-30 17:28:00",11,19,19,41,152.2500
13052,2011-12-10,"2011-05-11 14:12:00","2011-05-11 14:12:00",213,1,18,18,222,348.1500,348.1500,NULL,NULL,0,0,0,0,0.0000
13055,2011-12-10,"2011-05-10 08:58:00","2011-09-22 14:26:00",79,3,76,74,894,1214.4100,404.8033,"2011-10-06 18:57:00","2011-10-06 18:57:00",1,2,2,3,12.4500
13058,2011-12-10,"2011-07-11 12:01:00","2011-11-15 12:43:00",25,3,8,5,52,271.4000,90.4667,NULL,NULL,0,0,0,0,0.0000
13059,2011-12-10,"2011-04-04 10:40:00","2011-04-04 10:40:00",250,1,8,8,35,183.4000,183.4000,NULL,NULL,0,0,0,0,0.0000
13060,2011-12-10,"2011-03-31 11:37:00","2011-03-31 11:37:00",254,1,15,15,123,307.5300,307.5300,NULL,NULL,0,0,0,0,0.0000
13061,2011-12-10,"2011-09-28 16:04:00","2011-09-28 16:04:00",73,1,10,10,107,248.6100,248.6100,NULL,NULL,0,0,0,0,0.0000
13062,2011-12-10,"2011-06-01 15:12:00","2011-06-01 15:12:00",192,1,10,10,342,331.9800,331.9800,NULL,NULL,0,0,0,0,0.0000
13064,2011-12-10,"2011-01-16 13:41:00","2011-11-27 12:31:00",13,4,68,51,514,1105.5900,276.3975,NULL,NULL,0,0,0,0,0.0000
13065,2011-12-10,"2010-12-01 16:52:00","2010-12-01 16:52:00",374,1,14,14,74,205.8600,205.8600,NULL,NULL,0,0,0,0,0.0000
13066,2011-12-10,"2011-11-07 17:06:00","2011-11-15 12:57:00",25,2,48,48,322,470.8000,235.4000,"2011-11-15 13:39:00","2011-11-15 13:39:00",1,1,1,2,39.9000
13067,2011-12-10,"2011-09-18 13:38:00","2011-09-18 13:38:00",83,1,15,14,32,115.4600,115.4600,NULL,NULL,0,0,0,0,0.0000
13068,2011-12-10,"2011-01-24 08:20:00","2011-11-29 15:00:00",11,2,2,1,200,344.0000,172.0000,NULL,NULL,0,0,0,0,0.0000
13069,2011-12-10,"2010-12-05 11:02:00","2011-12-09 08:39:00",1,24,424,281,5873,4431.4400,184.6433,"2011-04-14 17:43:00","2011-11-25 15:18:00",3,45,43,419,718.3000
13070,2011-12-10,"2011-05-31 13:45:00","2011-05-31 13:45:00",193,1,9,9,110,228.8000,228.8000,NULL,NULL,0,0,0,0,0.0000
13072,2011-12-10,"2011-03-18 08:12:00","2011-03-18 08:12:00",267,1,7,7,69,177.1500,177.1500,NULL,NULL,0,0,0,0,0.0000
13075,2011-12-10,"2011-08-02 10:19:00","2011-08-02 10:19:00",130,1,22,22,485,919.6100,919.6100,NULL,NULL,0,0,0,0,0.0000
13077,2011-12-10,"2010-12-08 14:59:00","2011-12-08 19:24:00",2,4,111,99,862,728.0200,182.0050,NULL,NULL,0,0,0,0,0.0000
13078,2011-12-10,"2010-12-08 09:07:00","2011-12-06 15:36:00",4,26,358,95,5630,12627.9400,485.6900,"2010-12-14 11:18:00","2011-12-08 18:48:00",17,22,16,73,195.6600
13079,2011-12-10,"2011-07-22 14:41:00","2011-12-05 16:53:00",5,5,6,2,62,220.1000,44.0200,NULL,NULL,0,0,0,0,0.0000
13080,2011-12-10,"2011-06-13 14:59:00","2011-06-13 14:59:00",180,1,6,6,120,58.0800,58.0800,NULL,NULL,0,0,0,0,0.0000
13081,2011-12-10,"2010-12-03 17:20:00","2011-11-28 10:54:00",12,11,1024,503,19068,28337.3800,2576.1255,"2011-01-05 15:43:00","2011-12-08 13:13:00",9,32,31,138,365.3000
13082,2011-12-10,"2011-01-05 15:42:00","2011-08-05 16:16:00",127,9,73,63,4324,3613.6300,401.5144,"2011-04-19 10:52:00","2011-04-19 10:52:00",1,2,2,11,18.1500
13083,2011-12-10,"2011-09-25 10:46:00","2011-12-05 15:01:00",5,2,18,15,187,303.7500,151.8750,NULL,NULL,0,0,0,0,0.0000
13085,2011-12-10,"2011-02-17 13:57:00","2011-07-05 12:11:00",158,2,22,17,216,416.0800,208.0400,"2011-04-28 16:15:00","2011-04-28 16:15:00",1,7,7,108,143.7000
13089,2011-12-10,"2010-12-05 10:27:00","2011-12-07 09:02:00",3,97,1814,636,31025,58762.0800,605.7946,"2010-12-20 12:23:00","2011-10-17 10:57:00",21,39,17,283,1439.9500
13090,2011-12-10,"2010-12-02 07:48:00","2011-12-01 12:39:00",9,13,154,97,2262,8895.8200,684.2938,"2011-01-20 16:16:00","2011-10-07 15:52:00",4,6,6,69,221.4300
13091,2011-12-10,"2011-11-11 15:54:00","2011-11-11 15:54:00",29,1,21,21,466,345.8200,345.8200,"2011-11-18 16:48:00","2011-11-18 16:48:00",1,3,3,16,26.0000
13092,2011-12-10,"2010-12-15 12:27:00","2011-09-30 11:18:00",71,5,25,19,279,477.8300,95.5660,"2011-03-23 08:59:00","2011-03-23 08:59:00",1,1,1,8,18.0000
13093,2011-12-10,"2010-12-01 15:00:00","2011-03-09 12:14:00",276,8,159,97,3961,7832.4700,979.0588,"2011-01-12 12:47:00","2011-03-17 17:16:00",5,11,10,18,91.0000
13094,2011-12-10,"2010-12-06 10:34:00","2011-11-18 14:07:00",22,12,24,4,1716,1927.3200,160.6100,"2011-03-10 10:38:00","2011-06-10 09:30:00",4,6,3,174,218.4600
13095,2011-12-10,"2011-09-30 12:03:00","2011-09-30 12:03:00",71,1,6,6,144,74.4000,74.4000,NULL,NULL,0,0,0,0,0.0000
13097,2011-12-10,"2010-12-14 15:13:00","2011-11-07 10:43:00",33,10,421,214,2360,6003.2200,600.3220,"2011-02-20 12:31:00","2011-09-23 11:31:00",4,13,12,21,102.1500
13098,2011-12-10,"2011-01-26 13:46:00","2011-12-08 14:14:00",2,28,572,156,15968,28882.4400,1031.5157,"2011-01-26 15:04:00","2011-12-06 11:32:00",13,33,28,57,223.5600
13099,2011-12-10,"2011-09-01 17:40:00","2011-09-01 17:40:00",100,1,1,1,288,207.3600,207.3600,NULL,NULL,0,0,0,0,0.0000
13101,2011-12-10,"2011-04-19 14:37:00","2011-04-19 14:37:00",235,1,8,8,113,101.1900,101.1900,NULL,NULL,0,0,0,0,0.0000
13102,2011-12-10,"2010-12-09 13:38:00","2011-12-08 12:52:00",2,24,304,140,4204,6424.0900,267.6704,"2011-01-21 11:50:00","2011-04-28 18:16:00",3,6,6,44,87.8000
13103,2011-12-10,"2011-10-31 09:38:00","2011-10-31 09:38:00",40,1,8,8,82,243.9400,243.9400,NULL,NULL,0,0,0,0,0.0000
13104,2011-12-10,"2010-12-20 11:58:00","2011-12-06 13:10:00",4,6,20,14,504,1098.4800,183.0800,NULL,NULL,0,0,0,0,0.0000
13106,2011-12-10,"2011-07-29 15:12:00","2011-07-29 15:12:00",134,1,1,1,18,76.5000,76.5000,"2011-08-03 11:50:00","2011-08-03 11:50:00",1,1,1,4,17.0000
13107,2011-12-10,"2011-01-10 12:28:00","2011-10-26 14:52:00",45,4,58,54,1293,1531.6200,382.9050,"2011-01-14 17:00:00","2011-01-14 17:00:00",1,2,2,5,7.5500
13108,2011-12-10,"2010-12-02 10:35:00","2010-12-02 10:35:00",373,1,10,10,298,350.0600,350.0600,NULL,NULL,0,0,0,0,0.0000
13109,2011-12-10,"2011-07-05 14:56:00","2011-10-11 10:16:00",60,2,47,41,520,786.5400,393.2700,"2011-07-28 11:27:00","2011-12-07 12:38:00",3,3,2,6,19.7000
13110,2011-12-10,"2011-02-01 15:24:00","2011-11-08 14:30:00",32,7,145,109,388,1488.6700,212.6671,"2011-02-10 14:11:00","2011-02-10 14:11:00",1,1,1,4,35.8000
13113,2011-12-10,"2010-12-08 13:21:00","2011-12-09 12:49:00",1,24,200,95,3045,12245.9600,510.2483,"2010-12-08 13:07:00","2011-10-10 10:52:00",15,78,47,449,1722.3100
13115,2011-12-10,"2011-06-08 16:15:00","2011-11-28 12:38:00",12,4,120,88,1567,2294.7800,573.6950,"2010-12-08 15:01:00","2011-12-01 09:39:00",10,12,12,33,89.1500
13116,2011-12-10,"2011-07-24 14:33:00","2011-07-24 14:33:00",139,1,30,30,291,501.1400,501.1400,"2011-08-14 14:36:00","2011-08-14 14:36:00",1,1,1,1,15.9500
13117,2011-12-10,"2010-12-02 13:11:00","2011-11-18 12:02:00",22,8,76,66,945,984.9100,123.1138,NULL,NULL,0,0,0,0,0.0000
13118,2011-12-10,"2011-02-24 12:32:00","2011-11-20 12:46:00",20,5,79,68,410,1197.8100,239.5620,"2011-02-24 09:59:00","2011-11-20 12:46:00",2,3,3,21,72.8100
13120,2011-12-10,"2011-04-15 10:19:00","2011-04-15 10:19:00",239,1,1,1,12,30.6000,30.6000,NULL,NULL,0,0,0,0,0.0000
13121,2011-12-10,"2011-03-15 16:47:00","2011-03-15 16:47:00",270,1,50,50,252,283.7300,283.7300,"2011-03-15 16:51:00","2011-03-15 16:51:00",1,3,3,25,29.0000
13122,2011-12-10,"2011-04-13 14:12:00","2011-09-06 15:53:00",95,2,55,54,585,922.3900,461.1950,NULL,NULL,0,0,0,0,0.0000
13124,2011-12-10,"2010-12-15 15:00:00","2011-09-11 12:45:00",90,3,222,185,2119,3756.3300,1252.1100,NULL,NULL,0,0,0,0,0.0000
13126,2011-12-10,"2010-12-08 11:42:00","2011-12-05 10:00:00",5,8,140,124,2143,2099.6400,262.4550,"2011-01-11 11:39:00","2011-11-01 09:39:00",2,2,2,13,43.3500
13127,2011-12-10,"2011-09-23 10:26:00","2011-09-23 10:26:00",78,1,15,15,127,259.1700,259.1700,NULL,NULL,0,0,0,0,0.0000
13130,2011-12-10,"2011-09-06 15:30:00","2011-09-06 15:30:00",95,1,2,2,32,64.0000,64.0000,NULL,NULL,0,0,0,0,0.0000
13131,2011-12-10,"2011-06-05 10:54:00","2011-11-16 13:21:00",24,3,44,30,447,1073.3000,357.7667,"2011-10-06 18:45:00","2011-10-06 18:45:00",1,2,2,4,34.0000
13132,2011-12-10,"2011-03-23 12:44:00","2011-03-23 12:44:00",262,1,3,3,20,77.3000,77.3000,NULL,NULL,0,0,0,0,0.0000
13133,2011-12-10,"2011-02-08 15:48:00","2011-03-11 10:31:00",274,2,7,7,32,109.8000,54.9000,NULL,NULL,0,0,0,0,0.0000
13134,2011-12-10,"2011-04-13 12:57:00","2011-09-15 10:35:00",86,4,98,94,1059,1793.5800,448.3950,"2011-04-19 16:33:00","2011-09-28 09:22:00",3,7,7,15,52.9500
13135,2011-12-10,"2011-05-27 10:52:00","2011-05-27 10:52:00",197,1,1,1,4300,3096.0000,3096.0000,NULL,NULL,0,0,0,0,0.0000
13136,2011-12-10,"2011-05-11 12:47:00","2011-10-14 13:41:00",57,5,127,94,1328,2607.6100,521.5220,"2010-12-09 15:34:00","2011-10-20 19:13:00",6,12,12,16,62.2300
13137,2011-12-10,"2011-02-04 11:54:00","2011-11-29 12:09:00",11,8,687,345,2204,3603.2900,450.4113,"2011-09-09 09:38:00","2011-09-09 09:38:00",1,1,1,1,45.3300
13138,2011-12-10,"2010-12-02 15:03:00","2011-11-17 16:51:00",23,6,63,31,473,962.3900,160.3983,NULL,NULL,0,0,0,0,0.0000
13139,2011-12-10,"2011-03-25 11:57:00","2011-11-23 13:54:00",17,7,170,132,2425,5064.9400,723.5629,"2011-11-14 13:42:00","2011-11-14 13:42:00",1,4,4,7,9.1500
13140,2011-12-10,"2010-12-08 15:12:00","2011-08-23 15:33:00",109,3,45,40,185,422.4700,140.8233,NULL,NULL,0,0,0,0,0.0000
13141,2011-12-10,"2011-01-28 13:04:00","2011-09-16 09:54:00",85,5,135,113,1548,2388.7500,477.7500,"2011-02-01 15:49:00","2011-02-01 15:49:00",1,1,1,1,2.9500
13142,2011-12-10,"2011-11-20 16:07:00","2011-11-20 16:07:00",20,1,23,23,258,307.0900,307.0900,NULL,NULL,0,0,0,0,0.0000
13144,2011-12-10,"2011-01-11 11:15:00","2011-01-11 11:15:00",333,1,3,3,21,110.9500,110.9500,NULL,NULL,0,0,0,0,0.0000
13145,2011-12-10,"2010-12-02 18:06:00","2011-10-31 12:45:00",40,4,6,5,145,618.5200,154.6300,"2011-09-14 11:39:00","2011-09-14 11:39:00",1,1,1,3,3.7500
13146,2011-12-10,"2011-11-13 15:29:00","2011-11-13 15:29:00",27,1,17,16,154,228.9100,228.9100,NULL,NULL,0,0,0,0,0.0000
13147,2011-12-10,"2011-09-01 12:28:00","2011-11-29 13:59:00",11,4,4,1,144,712.8000,178.2000,NULL,NULL,0,0,0,0,0.0000
13148,2011-12-10,"2010-12-10 13:06:00","2011-11-10 15:23:00",30,12,312,231,1965,3683.2600,306.9383,"2010-12-21 10:47:00","2011-08-24 16:20:00",5,28,27,147,358.6400
13149,2011-12-10,"2011-02-23 13:57:00","2011-11-25 13:09:00",15,4,86,76,1280,1676.0600,419.0150,NULL,NULL,0,0,0,0,0.0000
13151,2011-12-10,"2011-02-17 12:29:00","2011-02-17 12:29:00",296,1,74,73,363,1257.8700,1257.8700,"2011-05-20 12:55:00","2011-05-20 12:55:00",1,1,1,2,7.5000
13153,2011-12-10,"2011-12-04 12:14:00","2011-12-04 12:14:00",6,1,15,15,418,486.2200,486.2200,NULL,NULL,0,0,0,0,0.0000
13155,2011-12-10,"2010-12-06 12:44:00","2011-11-06 15:41:00",34,4,85,67,497,971.7600,242.9400,NULL,NULL,0,0,0,0,0.0000
13157,2011-12-10,"2011-02-14 14:03:00","2011-10-21 13:50:00",50,4,87,69,1439,1741.2200,435.3050,"2011-04-18 13:28:00","2011-04-18 13:28:00",1,2,2,9,19.6500
13158,2011-12-10,"2011-01-25 09:58:00","2011-09-06 11:58:00",95,4,79,59,784,1201.0600,300.2650,NULL,NULL,0,0,0,0,0.0000
13159,2011-12-10,"2011-08-16 11:44:00","2011-12-01 11:20:00",9,4,120,114,1058,1429.3500,357.3375,"2011-08-26 14:35:00","2011-08-26 14:35:00",1,1,1,14,58.1000
13160,2011-12-10,"2011-11-17 13:07:00","2011-11-17 13:07:00",23,1,4,4,56,91.8000,91.8000,NULL,NULL,0,0,0,0,0.0000
13161,2011-12-10,"2011-01-30 14:03:00","2011-01-30 14:03:00",314,1,8,8,29,112.7500,112.7500,NULL,NULL,0,0,0,0,0.0000
13162,2011-12-10,"2011-01-09 10:43:00","2011-08-09 15:59:00",123,4,79,74,1713,1688.2900,422.0725,"2011-01-11 16:59:00","2011-01-11 16:59:00",1,3,3,50,43.3000
13165,2011-12-10,"2010-12-23 14:06:00","2011-10-24 15:05:00",47,2,42,40,1376,1021.4800,510.7400,NULL,NULL,0,0,0,0,0.0000
13166,2011-12-10,"2011-03-01 15:16:00","2011-03-01 15:16:00",284,1,41,39,216,417.2000,417.2000,"2011-03-02 14:28:00","2011-03-02 14:28:00",1,1,1,2,2.5000
13167,2011-12-10,"2011-07-19 12:13:00","2011-11-21 12:24:00",19,4,64,50,773,779.3300,194.8325,NULL,NULL,0,0,0,0,0.0000
13168,2011-12-10,"2011-01-25 13:55:00","2011-11-03 12:56:00",37,4,126,102,670,1299.5900,324.8975,"2011-05-24 13:25:00","2011-05-24 13:25:00",1,2,2,2,9.0500
13169,2011-12-10,"2011-04-01 14:24:00","2011-10-07 12:11:00",64,2,13,11,272,712.8800,356.4400,NULL,NULL,0,0,0,0,0.0000
13170,2011-12-10,"2011-11-13 12:19:00","2011-11-13 12:19:00",27,1,30,29,141,108.8100,108.8100,NULL,NULL,0,0,0,0,0.0000
13171,2011-12-10,"2011-02-13 14:16:00","2011-11-18 10:27:00",22,3,46,37,229,468.4100,156.1367,"2011-11-23 10:49:00","2011-12-01 15:06:00",2,2,1,2,41.6000
13173,2011-12-10,"2010-12-07 14:30:00","2011-12-05 15:51:00",5,2,43,41,277,353.6500,176.8250,NULL,NULL,0,0,0,0,0.0000
13174,2011-12-10,"2010-12-05 16:24:00","2011-11-23 14:35:00",17,3,292,227,1351,2738.8200,912.9400,NULL,NULL,0,0,0,0,0.0000
13176,2011-12-10,"2011-10-24 15:43:00","2011-10-24 15:43:00",47,1,67,66,448,481.4900,481.4900,NULL,NULL,0,0,0,0,0.0000
13177,2011-12-10,"2011-10-06 09:56:00","2011-10-06 09:56:00",65,1,17,17,91,282.4500,282.4500,NULL,NULL,0,0,0,0,0.0000
13178,2011-12-10,"2010-12-14 12:22:00","2011-11-13 16:14:00",27,11,265,95,3570,5725.4700,520.4973,NULL,NULL,0,0,0,0,0.0000
13182,2011-12-10,"2011-10-25 13:46:00","2011-10-25 13:46:00",46,1,11,11,201,121.1800,121.1800,NULL,NULL,0,0,0,0,0.0000
13183,2011-12-10,"2011-01-09 10:50:00","2011-12-02 10:30:00",8,9,94,51,2208,3957.7800,439.7533,NULL,NULL,0,0,0,0,0.0000
13184,2011-12-10,"2011-02-22 17:25:00","2011-11-25 12:02:00",15,10,178,137,1661,1667.9500,166.7950,"2011-04-01 12:19:00","2011-07-11 12:43:00",2,2,2,30,52.5000
13185,2011-12-10,"2011-03-17 11:56:00","2011-03-17 11:56:00",268,1,1,1,12,71.4000,71.4000,NULL,NULL,0,0,0,0,0.0000
13186,2011-12-10,"2011-08-03 09:09:00","2011-10-31 11:40:00",40,3,79,69,820,1575.8900,525.2967,"2011-08-08 12:32:00","2011-08-11 10:14:00",2,5,3,16,36.2000
13187,2011-12-10,"2011-01-06 18:57:00","2011-01-06 18:57:00",338,1,37,37,95,236.0200,236.0200,NULL,NULL,0,0,0,0,0.0000
13188,2011-12-10,"2011-11-28 15:28:00","2011-11-28 15:28:00",12,1,1,1,24,99.6000,99.6000,NULL,NULL,0,0,0,0,0.0000
13189,2011-12-10,"2011-08-16 13:12:00","2011-11-21 10:39:00",19,2,29,29,842,260.6800,130.3400,NULL,NULL,0,0,0,0,0.0000
13192,2011-12-10,"2011-05-18 14:57:00","2011-09-05 14:13:00",96,2,63,57,595,911.9400,455.9700,NULL,NULL,0,0,0,0,0.0000
13193,2011-12-10,"2011-10-09 14:30:00","2011-10-09 14:30:00",62,1,25,22,46,112.0800,112.0800,NULL,NULL,0,0,0,0,0.0000
13194,2011-12-10,"2011-07-27 09:01:00","2011-07-27 09:01:00",136,1,3,3,26,60.7000,60.7000,NULL,NULL,0,0,0,0,0.0000
13196,2011-12-10,"2011-03-22 14:24:00","2011-11-28 13:54:00",12,4,110,97,1224,1797.7800,449.4450,NULL,NULL,0,0,0,0,0.0000
13198,2011-12-10,"2010-12-13 09:29:00","2011-11-29 15:17:00",11,6,226,199,2648,3401.2400,566.8733,"2010-12-14 16:19:00","2011-10-07 09:21:00",2,3,3,3,17.1500
13199,2011-12-10,"2010-12-08 10:51:00","2011-12-06 12:30:00",4,37,118,47,6175,9802.1200,264.9222,"2011-06-15 11:46:00","2011-06-15 11:46:00",1,1,1,4,13.1600
13200,2011-12-10,"2011-08-05 14:50:00","2011-11-20 15:35:00",20,4,46,42,516,870.0900,217.5225,NULL,NULL,0,0,0,0,0.0000
13203,2011-12-10,"2011-04-11 14:40:00","2011-11-30 10:45:00",10,4,57,56,800,869.4600,217.3650,NULL,NULL,0,0,0,0,0.0000
13207,2011-12-10,"2011-07-12 11:35:00","2011-11-24 14:52:00",16,2,8,7,130,250.2600,125.1300,NULL,NULL,0,0,0,0,0.0000
13208,2011-12-10,"2011-02-03 19:32:00","2011-10-11 16:25:00",60,5,146,123,767,1193.1700,238.6340,NULL,NULL,0,0,0,0,0.0000
13209,2011-12-10,"2010-12-13 10:31:00","2011-11-09 13:54:00",31,8,321,255,4253,5891.6100,736.4513,"2010-12-16 15:30:00","2011-08-24 09:13:00",3,8,8,21,71.4500
13210,2011-12-10,"2011-09-07 08:18:00","2011-09-07 08:18:00",94,1,22,22,316,353.4800,353.4800,NULL,NULL,0,0,0,0,0.0000
13211,2011-12-10,"2010-12-13 16:17:00","2011-11-29 14:43:00",11,3,55,45,834,1095.4200,365.1400,NULL,NULL,0,0,0,0,0.0000
13212,2011-12-10,"2011-10-09 14:48:00","2011-11-20 12:40:00",20,3,141,128,309,786.8300,262.2767,"2011-11-30 15:12:00","2011-11-30 15:12:00",1,1,1,1,7.5000
13213,2011-12-10,"2011-05-24 12:22:00","2011-10-14 11:42:00",57,5,90,82,1360,1520.5800,304.1160,"2011-06-16 14:56:00","2011-06-16 14:56:00",1,2,2,3,2.1500
13216,2011-12-10,"2011-03-17 12:18:00","2011-03-17 12:18:00",268,1,5,5,297,333.7400,333.7400,NULL,NULL,0,0,0,0,0.0000
13217,2011-12-10,"2011-07-06 12:08:00","2011-08-09 15:32:00",123,3,4,3,262,533.9800,177.9933,"2011-07-20 12:32:00","2011-08-09 15:30:00",2,3,3,148,400.3600
13218,2011-12-10,"2011-08-04 16:59:00","2011-08-04 16:59:00",128,1,5,5,88,62.6400,62.6400,NULL,NULL,0,0,0,0,0.0000
13220,2011-12-10,"2011-04-17 10:59:00","2011-09-22 13:38:00",79,4,21,18,196,819.2900,204.8225,NULL,NULL,0,0,0,0,0.0000
13221,2011-12-10,"2010-12-15 13:24:00","2011-04-13 16:58:00",241,2,65,61,243,844.8600,422.4300,NULL,NULL,0,0,0,0,0.0000
13223,2011-12-10,"2011-04-21 15:16:00","2011-05-23 13:03:00",201,2,5,5,88,163.2000,81.6000,NULL,NULL,0,0,0,0,0.0000
13224,2011-12-10,"2011-07-11 14:10:00","2011-10-10 14:55:00",61,2,107,100,1515,2152.9500,1076.4750,"2011-10-10 15:00:00","2011-10-10 15:00:00",1,1,1,6,5.1000
13225,2011-12-10,"2010-12-13 09:49:00","2011-12-06 13:29:00",4,7,32,23,3416,6463.8400,923.4057,"2011-03-31 12:11:00","2011-03-31 12:11:00",1,2,1,64,380.8000
13226,2011-12-10,"2011-03-11 14:35:00","2011-03-11 14:35:00",274,1,16,16,80,108.2100,108.2100,NULL,NULL,0,0,0,0,0.0000
13227,2011-12-10,"2011-05-22 11:47:00","2011-05-22 11:47:00",202,1,9,9,99,257.7000,257.7000,NULL,NULL,0,0,0,0,0.0000
13228,2011-12-10,"2011-09-19 14:28:00","2011-09-19 14:28:00",82,1,2,2,200,358.0000,358.0000,NULL,NULL,0,0,0,0,0.0000
13229,2011-12-10,"2011-04-28 12:07:00","2011-04-28 12:07:00",226,1,10,10,63,160.9500,160.9500,NULL,NULL,0,0,0,0,0.0000
13230,2011-12-10,"2010-12-09 19:28:00","2011-12-05 16:03:00",5,14,587,393,1638,2755.6300,196.8307,"2011-07-24 16:20:00","2011-07-24 16:20:00",1,1,1,121,43.5600
13232,2011-12-10,"2011-04-10 13:48:00","2011-11-27 10:39:00",13,7,201,146,771,1327.7500,189.6786,NULL,NULL,0,0,0,0,0.0000
13233,2011-12-10,"2011-01-07 14:49:00","2011-09-26 13:25:00",75,2,43,43,1004,605.1200,302.5600,NULL,NULL,0,0,0,0,0.0000
13235,2011-12-10,"2011-05-11 17:13:00","2011-05-11 17:13:00",213,1,58,53,441,1031.0700,1031.0700,NULL,NULL,0,0,0,0,0.0000
13236,2011-12-10,"2011-08-25 08:58:00","2011-11-15 12:50:00",25,2,36,34,416,744.8500,372.4250,"2011-09-12 17:17:00","2011-09-12 17:17:00",1,3,3,5,17.5800
13238,2011-12-10,"2010-12-14 14:37:00","2011-11-22 15:37:00",18,4,31,20,298,700.7300,175.1825,"2011-11-28 15:30:00","2011-11-28 15:30:00",1,1,1,2,19.9000
13239,2011-12-10,"2011-03-23 10:25:00","2011-03-23 10:25:00",262,1,21,21,327,329.5600,329.5600,NULL,NULL,0,0,0,0,0.0000
13240,2011-12-10,"2010-12-09 12:49:00","2011-09-04 14:08:00",97,4,66,58,297,648.7000,162.1750,NULL,NULL,0,0,0,0,0.0000
13242,2011-12-10,"2011-05-10 12:26:00","2011-08-19 12:53:00",113,3,13,12,130,270.4000,90.1333,NULL,NULL,0,0,0,0,0.0000
13243,2011-12-10,"2011-05-20 13:14:00","2011-05-20 13:14:00",204,1,57,56,232,585.1200,585.1200,NULL,NULL,0,0,0,0,0.0000
13244,2011-12-10,"2011-09-08 11:46:00","2011-09-08 11:46:00",93,1,27,27,38,121.7400,121.7400,NULL,NULL,0,0,0,0,0.0000
13245,2011-12-10,"2011-10-20 11:40:00","2011-10-20 11:40:00",51,1,16,16,125,430.5000,430.5000,NULL,NULL,0,0,0,0,0.0000
13246,2011-12-10,"2011-01-13 13:36:00","2011-11-21 16:50:00",19,6,136,110,1587,1961.5200,326.9200,"2011-11-21 16:27:00","2011-11-21 16:27:00",1,2,2,50,65.2000
13247,2011-12-10,"2011-09-18 11:31:00","2011-11-22 10:59:00",18,4,25,18,328,501.1200,125.2800,NULL,NULL,0,0,0,0,0.0000
13248,2011-12-10,"2011-06-03 13:05:00","2011-08-07 12:40:00",125,2,26,25,305,465.6800,232.8400,NULL,NULL,0,0,0,0,0.0000
13249,2011-12-10,"2011-03-23 15:26:00","2011-09-08 13:26:00",93,3,23,21,546,711.4100,237.1367,NULL,NULL,0,0,0,0,0.0000
13253,2011-12-10,"2011-01-04 15:43:00","2011-07-06 10:09:00",157,2,36,35,1572,1030.4000,515.2000,NULL,NULL,0,0,0,0,0.0000
13255,2011-12-10,"2010-12-01 11:58:00","2011-11-30 13:14:00",10,2,13,13,177,399.5100,199.7550,"2011-12-06 10:56:00","2011-12-06 10:56:00",1,1,1,3,8.8500
13258,2011-12-10,"2011-05-18 13:11:00","2011-11-28 09:31:00",12,3,36,28,282,672.8300,224.2767,NULL,NULL,0,0,0,0,0.0000
13259,2011-12-10,"2011-10-09 10:48:00","2011-10-09 10:48:00",62,1,81,77,126,283.1800,283.1800,NULL,NULL,0,0,0,0,0.0000
13260,2011-12-10,"2011-10-09 13:21:00","2011-10-09 13:21:00",62,1,8,8,142,557.6200,557.6200,NULL,NULL,0,0,0,0,0.0000
13261,2011-12-10,"2011-02-27 10:41:00","2011-03-16 12:22:00",269,2,9,8,210,944.1000,472.0500,NULL,NULL,0,0,0,0,0.0000
13262,2011-12-10,"2011-03-21 15:06:00","2011-03-21 15:06:00",264,1,11,11,125,200.2900,200.2900,NULL,NULL,0,0,0,0,0.0000
13263,2011-12-10,"2011-01-18 16:31:00","2011-12-08 13:59:00",2,34,1662,448,4761,7411.7100,217.9915,NULL,NULL,0,0,0,0,0.0000
13265,2011-12-10,"2011-03-11 09:54:00","2011-10-17 15:02:00",54,5,90,66,1740,2092.6600,418.5320,NULL,NULL,0,0,0,0,0.0000
13266,2011-12-10,"2011-03-28 10:14:00","2011-11-28 14:39:00",12,12,187,82,4428,3834.2600,319.5217,"2010-12-15 16:56:00","2011-11-18 09:54:00",7,15,12,129,116.5900
13267,2011-12-10,"2010-12-08 09:20:00","2011-12-07 11:12:00",3,19,211,88,1969,4521.4900,237.9732,"2010-12-08 14:54:00","2011-12-01 08:56:00",8,13,12,30,117.0500
13268,2011-12-10,"2011-03-17 13:20:00","2011-11-22 11:34:00",18,10,432,256,3548,3152.7100,315.2710,"2011-03-30 15:40:00","2011-11-14 13:10:00",4,7,7,23,47.0500
13269,2011-12-10,"2010-12-05 11:51:00","2011-12-08 14:53:00",2,15,315,177,3513,5343.2800,356.2187,"2011-05-10 09:59:00","2011-10-24 15:57:00",2,4,4,5,30.3100
13270,2011-12-10,"2010-12-08 14:53:00","2010-12-08 14:53:00",367,1,1,1,200,590.0000,590.0000,NULL,NULL,0,0,0,0,0.0000
13271,2011-12-10,"2011-11-02 14:31:00","2011-11-02 14:31:00",38,1,87,79,240,211.4900,211.4900,"2011-11-02 14:43:00","2011-11-02 14:43:00",1,5,5,72,39.1200
13272,2011-12-10,"2011-09-11 12:06:00","2011-11-08 14:00:00",32,2,15,15,96,276.5600,138.2800,NULL,NULL,0,0,0,0,0.0000
13273,2011-12-10,"2011-08-18 14:02:00","2011-08-18 14:02:00",114,1,16,16,153,138.9800,138.9800,NULL,NULL,0,0,0,0,0.0000
13276,2011-12-10,"2011-09-01 10:03:00","2011-10-07 12:44:00",64,2,30,30,161,590.9300,295.4650,NULL,NULL,0,0,0,0,0.0000
13277,2011-12-10,"2011-07-29 10:06:00","2011-11-24 09:21:00",16,4,8,5,176,258.4000,64.6000,NULL,NULL,0,0,0,0,0.0000
13278,2011-12-10,"2011-10-30 11:49:00","2011-10-30 11:49:00",41,1,46,46,537,542.7300,542.7300,NULL,NULL,0,0,0,0,0.0000
13279,2011-12-10,"2011-09-22 17:24:00","2011-09-22 17:24:00",79,1,9,9,73,137.7500,137.7500,"2011-10-06 18:51:00","2011-10-06 18:51:00",1,2,2,3,11.4500
13280,2011-12-10,"2011-01-06 17:10:00","2011-08-09 13:14:00",123,3,82,67,518,798.4600,266.1533,NULL,NULL,0,0,0,0,0.0000
13282,2011-12-10,"2011-05-03 12:03:00","2011-11-21 15:33:00",19,3,37,29,307,1132.1400,377.3800,"2011-05-12 11:23:00","2011-09-22 10:08:00",3,3,3,18,84.3000
13283,2011-12-10,"2011-06-07 12:39:00","2011-10-11 09:50:00",60,2,7,7,90,93.6600,46.8300,NULL,NULL,0,0,0,0,0.0000
13284,2011-12-10,"2011-01-13 09:23:00","2011-01-13 09:23:00",331,1,13,13,91,201.1900,201.1900,"2011-01-21 10:25:00","2011-01-21 10:25:00",1,1,1,12,5.0400
13285,2011-12-10,"2011-02-22 17:13:00","2011-11-16 13:19:00",24,4,187,157,2051,2709.1200,677.2800,NULL,NULL,0,0,0,0,0.0000
13291,2011-12-10,"2011-07-07 10:36:00","2011-07-07 10:36:00",156,1,42,41,233,361.1100,361.1100,NULL,NULL,0,0,0,0,0.0000
13292,2011-12-10,"2011-02-28 15:00:00","2011-11-01 10:04:00",39,2,31,29,347,578.9400,289.4700,NULL,NULL,0,0,0,0,0.0000
13294,2011-12-10,"2011-04-04 12:37:00","2011-06-03 08:54:00",190,2,54,48,453,873.7400,436.8700,NULL,NULL,0,0,0,0,0.0000
13295,2011-12-10,"2010-12-15 11:21:00","2010-12-15 11:21:00",360,1,10,10,82,201.2000,201.2000,"2010-12-02 17:36:00","2010-12-02 17:36:00",1,1,1,1,3.2500
13296,2011-12-10,"2011-07-25 13:46:00","2011-07-25 13:46:00",138,1,5,5,78,87.4000,87.4000,NULL,NULL,0,0,0,0,0.0000
13297,2011-12-10,"2011-10-03 15:08:00","2011-12-02 09:32:00",8,4,59,52,963,2089.8500,522.4625,NULL,NULL,0,0,0,0,0.0000
13298,2011-12-10,"2011-12-08 13:11:00","2011-12-08 13:11:00",2,1,2,2,96,360.0000,360.0000,NULL,NULL,0,0,0,0,0.0000
13299,2011-12-10,"2011-03-16 12:55:00","2011-03-16 12:55:00",269,1,5,5,30,142.5000,142.5000,NULL,NULL,0,0,0,0,0.0000
13300,2011-12-10,"2011-06-23 13:09:00","2011-06-23 13:09:00",170,1,20,20,203,371.8900,371.8900,"2011-06-28 11:59:00","2011-06-28 11:59:00",1,2,2,2,6.6000
13301,2011-12-10,"2011-02-20 13:13:00","2011-08-28 11:25:00",104,4,80,74,343,600.1900,150.0475,NULL,NULL,0,0,0,0,0.0000
13302,2011-12-10,"2011-07-07 17:56:00","2011-07-07 17:56:00",156,1,1,1,5,63.7500,63.7500,NULL,NULL,0,0,0,0,0.0000
13304,2011-12-10,"2010-12-23 14:35:00","2010-12-23 14:35:00",352,1,21,21,238,300.4200,300.4200,NULL,NULL,0,0,0,0,0.0000
13305,2011-12-10,"2010-12-02 12:10:00","2011-12-05 15:15:00",5,10,81,50,1232,2000.8600,200.0860,NULL,NULL,0,0,0,0,0.0000
13307,2011-12-10,"2011-08-11 17:14:00","2011-08-11 17:14:00",121,1,1,1,4,15.0000,15.0000,NULL,NULL,0,0,0,0,0.0000
13308,2011-12-10,"2011-05-20 13:13:00","2011-11-17 09:31:00",23,3,54,49,843,1385.5100,461.8367,"2011-06-02 14:12:00","2011-06-02 14:12:00",1,3,3,3,17.9000
13309,2011-12-10,"2011-02-04 12:29:00","2011-12-02 16:34:00",8,5,107,82,1544,1456.7900,291.3580,NULL,NULL,0,0,0,0,0.0000
13310,2011-12-10,"2011-01-19 14:50:00","2011-11-11 17:23:00",29,3,72,65,587,1132.0300,377.3433,"2011-01-25 12:47:00","2011-12-01 08:23:00",3,5,5,12,48.4000
13311,2011-12-10,"2011-07-12 14:26:00","2011-12-05 12:55:00",5,2,26,25,305,598.5700,299.2850,NULL,NULL,0,0,0,0,0.0000
13313,2011-12-10,"2011-01-04 10:00:00","2011-11-17 16:48:00",23,5,78,47,851,1555.3200,311.0640,NULL,NULL,0,0,0,0,0.0000
13314,2011-12-10,"2011-09-27 10:20:00","2011-12-08 12:29:00",2,3,62,55,560,775.9400,258.6467,"2011-10-19 14:13:00","2011-10-19 14:13:00",1,12,12,73,182.4300
13316,2011-12-10,"2011-03-30 13:01:00","2011-11-02 13:40:00",38,4,86,66,5508,5732.9300,1433.2325,"2011-03-31 10:36:00","2011-03-31 10:36:00",1,1,1,1,162.2400
13317,2011-12-10,"2010-12-16 09:22:00","2011-10-04 13:35:00",67,6,124,100,1035,2273.6800,378.9467,"2011-04-18 14:15:00","2011-10-06 19:21:00",3,11,11,32,133.6100
13318,2011-12-10,"2011-11-02 13:26:00","2011-12-08 18:51:00",2,3,20,14,304,640.7600,213.5867,NULL,NULL,0,0,0,0,0.0000
13319,2011-12-10,"2010-12-09 10:04:00","2011-12-04 13:34:00",6,26,476,209,4724,10845.5500,417.1365,"2010-12-07 11:47:00","2011-09-15 17:04:00",10,24,20,38,181.2100
13320,2011-12-10,"2011-05-10 10:29:00","2011-09-22 18:07:00",79,4,105,77,1086,1532.2000,383.0500,"2011-05-12 19:44:00","2011-09-30 12:52:00",2,4,4,30,57.0000
13321,2011-12-10,"2011-09-14 15:18:00","2011-09-28 15:24:00",73,2,11,10,372,567.3600,283.6800,NULL,NULL,0,0,0,0,0.0000
13322,2011-12-10,"2011-11-22 14:21:00","2011-11-22 14:21:00",18,1,25,25,117,199.4800,199.4800,NULL,NULL,0,0,0,0,0.0000
13323,2011-12-10,"2011-09-16 13:23:00","2011-12-06 17:12:00",4,5,21,6,175,787.8500,157.5700,NULL,NULL,0,0,0,0,0.0000
13324,2011-12-10,"2010-12-14 09:50:00","2011-11-03 16:28:00",37,10,75,25,5205,7121.9500,712.1950,"2011-04-12 16:39:00","2011-11-07 15:51:00",2,2,2,5,49.1500
13325,2011-12-10,"2011-09-19 10:36:00","2011-09-19 10:36:00",82,1,12,12,240,675.3000,675.3000,NULL,NULL,0,0,0,0,0.0000
13327,2011-12-10,"2010-12-09 15:32:00","2011-11-01 10:21:00",39,8,108,74,1600,3627.7700,453.4713,"2011-07-26 10:25:00","2011-07-26 10:25:00",1,1,1,12,10.2000
13328,2011-12-10,"2011-01-27 15:22:00","2011-01-27 15:22:00",317,1,17,17,680,1308.4800,1308.4800,NULL,NULL,0,0,0,0,0.0000
13329,2011-12-10,"2010-12-08 10:11:00","2011-11-08 10:29:00",32,2,17,16,463,789.0000,394.5000,"2010-12-14 10:21:00","2010-12-20 13:57:00",2,2,2,36,48.6000
13330,2011-12-10,"2011-01-28 10:08:00","2011-09-08 12:27:00",93,3,53,37,751,1140.9300,380.3100,NULL,NULL,0,0,0,0,0.0000
13332,2011-12-10,"2011-11-25 13:30:00","2011-11-25 13:30:00",15,1,21,21,179,350.9000,350.9000,NULL,NULL,0,0,0,0,0.0000
13334,2011-12-10,"2011-02-07 11:42:00","2011-09-18 15:21:00",83,3,265,207,1764,3502.3200,1167.4400,NULL,NULL,0,0,0,0,0.0000
13336,2011-12-10,"2011-09-23 14:05:00","2011-09-23 14:05:00",78,1,51,51,559,795.1200,795.1200,NULL,NULL,0,0,0,0,0.0000
13338,2011-12-10,"2011-07-05 09:06:00","2011-07-05 09:06:00",158,1,17,17,254,422.0200,422.0200,"2011-07-08 14:53:00","2011-07-08 14:53:00",1,4,4,8,40.2000
13339,2011-12-10,"2011-05-23 08:31:00","2011-05-23 08:31:00",201,1,54,54,326,860.1200,860.1200,NULL,NULL,0,0,0,0,0.0000
13340,2011-12-10,"2011-03-08 11:39:00","2011-10-25 13:15:00",46,7,134,128,5770,10736.4800,1533.7829,NULL,NULL,0,0,0,0,0.0000
13341,2011-12-10,"2011-03-24 09:50:00","2011-03-24 09:50:00",261,1,42,42,301,775.8500,775.8500,NULL,NULL,0,0,0,0,0.0000
13343,2011-12-10,"2011-06-15 12:24:00","2011-06-15 12:24:00",178,1,18,18,134,303.4300,303.4300,"2011-06-20 11:37:00","2011-06-20 11:37:00",1,3,3,9,49.5000
13344,2011-12-10,"2011-03-07 10:28:00","2011-10-03 09:45:00",68,3,116,115,952,2511.6900,837.2300,NULL,NULL,0,0,0,0,0.0000
13345,2011-12-10,"2011-02-25 09:01:00","2011-02-25 09:01:00",288,1,19,19,140,339.5000,339.5000,"2011-03-08 08:34:00","2011-03-08 08:34:00",1,2,2,2,11.9000
13347,2011-12-10,"2011-09-30 13:28:00","2011-09-30 13:28:00",71,1,7,7,204,291.3600,291.3600,NULL,NULL,0,0,0,0,0.0000
13348,2011-12-10,"2011-10-06 17:28:00","2011-10-06 17:28:00",65,1,14,14,136,233.7600,233.7600,NULL,NULL,0,0,0,0,0.0000
13349,2011-12-10,"2011-11-29 08:07:00","2011-11-29 08:07:00",11,1,15,15,224,197.3200,197.3200,NULL,NULL,0,0,0,0,0.0000
13350,2011-12-10,"2011-09-21 13:33:00","2011-11-23 16:33:00",17,2,38,35,285,879.1200,439.5600,"2011-10-20 18:24:00","2011-10-20 18:24:00",1,3,3,3,68.4000
13351,2011-12-10,"2011-10-04 12:55:00","2011-10-04 12:55:00",67,1,15,15,116,323.9400,323.9400,NULL,NULL,0,0,0,0,0.0000
13352,2011-12-10,"2011-10-10 13:55:00","2011-10-10 13:55:00",61,1,23,23,320,347.9800,347.9800,"2011-12-02 11:58:00","2011-12-02 11:58:00",1,3,3,6,8.7000
13354,2011-12-10,"2011-09-29 13:17:00","2011-09-29 13:17:00",72,1,51,51,604,743.5300,743.5300,NULL,NULL,0,0,0,0,0.0000
13355,2011-12-10,"2011-08-09 14:48:00","2011-08-09 14:48:00",123,1,32,32,314,674.7000,674.7000,NULL,NULL,0,0,0,0,0.0000
13356,2011-12-10,"2011-09-20 14:33:00","2011-09-20 14:33:00",81,1,42,42,325,768.2400,768.2400,NULL,NULL,0,0,0,0,0.0000
13357,2011-12-10,"2011-03-27 13:56:00","2011-03-27 13:56:00",258,1,89,85,321,609.4000,609.4000,NULL,NULL,0,0,0,0,0.0000
13358,2011-12-10,"2011-03-16 11:52:00","2011-03-16 11:52:00",269,1,28,28,284,389.0300,389.0300,NULL,NULL,0,0,0,0,0.0000
13359,2011-12-10,"2011-10-07 09:30:00","2011-10-07 09:30:00",64,1,22,22,160,389.5600,389.5600,"2011-10-11 16:48:00","2011-10-11 16:48:00",1,1,1,2,8.3000
13362,2011-12-10,"2011-02-25 11:33:00","2011-11-30 14:41:00",10,4,166,128,1382,3090.7400,772.6850,"2011-12-06 13:57:00","2011-12-06 13:57:00",1,3,3,3,5.2500
13363,2011-12-10,"2011-10-27 10:46:00","2011-11-22 12:40:00",18,2,58,46,708,892.5000,446.2500,NULL,NULL,0,0,0,0,0.0000
13364,2011-12-10,"2011-09-29 18:13:00","2011-09-29 18:13:00",72,1,9,9,70,127.4600,127.4600,"2011-10-04 09:48:00","2011-10-04 09:48:00",1,9,9,70,127.4600
13365,2011-12-10,"2011-05-06 12:00:00","2011-11-06 12:36:00",34,2,128,122,1247,2225.3700,1112.6850,"2011-12-01 08:39:00","2011-12-01 08:39:00",1,4,4,9,34.1500
13366,2011-12-10,"2011-10-20 13:37:00","2011-10-20 13:37:00",51,1,1,1,144,56.1600,56.1600,NULL,NULL,0,0,0,0,0.0000
13368,2011-12-10,"2011-01-06 12:32:00","2011-03-28 09:59:00",257,2,28,28,326,573.4000,286.7000,NULL,NULL,0,0,0,0,0.0000
13369,2011-12-10,"2010-12-09 11:30:00","2010-12-09 11:30:00",366,1,13,13,148,258.2800,258.2800,"2010-12-20 14:02:00","2010-12-20 14:02:00",1,5,5,22,44.5300
13370,2011-12-10,"2010-12-03 10:26:00","2010-12-03 10:26:00",372,1,39,39,343,754.8700,754.8700,"2010-12-08 15:57:00","2010-12-08 15:57:00",1,5,5,7,33.5500
13372,2011-12-10,"2011-09-11 12:46:00","2011-09-11 12:46:00",90,1,22,22,158,328.6400,328.6400,NULL,NULL,0,0,0,0,0.0000
13373,2011-12-10,"2011-03-08 14:35:00","2011-10-10 10:51:00",61,3,158,135,1651,3312.2500,1104.0833,NULL,NULL,0,0,0,0,0.0000
13375,2011-12-10,"2011-09-12 10:19:00","2011-09-12 10:19:00",89,1,37,37,442,778.6500,778.6500,"2011-09-19 16:01:00","2011-09-19 16:01:00",1,1,1,1,5.7500
13376,2011-12-10,"2011-04-19 13:03:00","2011-09-01 16:16:00",100,3,50,44,490,869.7600,289.9200,NULL,NULL,0,0,0,0,0.0000
13379,2011-12-10,"2011-07-26 12:26:00","2011-11-13 13:45:00",27,3,97,85,601,572.5600,190.8533,NULL,NULL,0,0,0,0,0.0000
13381,2011-12-10,"2011-02-14 10:10:00","2011-11-08 11:58:00",32,6,172,77,2029,3639.3100,606.5517,"2011-11-18 16:59:00","2011-11-18 16:59:00",1,1,1,2,12.5000
13382,2011-12-10,"2011-03-04 10:03:00","2011-03-04 10:03:00",281,1,15,15,131,222.9900,222.9900,NULL,NULL,0,0,0,0,0.0000
13384,2011-12-10,"2011-06-14 12:47:00","2011-11-09 11:04:00",31,7,152,123,2422,4151.9300,593.1329,"2011-06-21 18:02:00","2011-08-10 13:06:00",2,3,3,7,29.6500
13385,2011-12-10,"2011-01-14 09:52:00","2011-01-14 09:52:00",330,1,35,35,281,534.5700,534.5700,NULL,NULL,0,0,0,0,0.0000
13388,2011-12-10,"2011-07-31 12:52:00","2011-07-31 12:52:00",132,2,35,35,282,677.1000,338.5500,"2011-08-10 13:35:00","2011-08-10 13:35:00",1,1,1,1,49.9500
13389,2011-12-10,"2011-04-21 12:12:00","2011-11-28 14:01:00",12,3,50,49,428,782.9600,260.9867,NULL,NULL,0,0,0,0,0.0000
13390,2011-12-10,"2011-09-26 08:38:00","2011-09-26 08:38:00",75,1,13,13,224,544.0800,544.0800,NULL,NULL,0,0,0,0,0.0000
13391,2011-12-10,"2011-05-20 10:50:00","2011-05-20 10:50:00",204,1,1,1,4,59.8000,59.8000,NULL,NULL,0,0,0,0,0.0000
13394,2011-12-10,"2011-02-03 10:39:00","2011-12-08 11:36:00",2,8,155,124,2392,2520.0200,315.0025,"2011-11-02 12:32:00","2011-11-02 12:32:00",1,8,8,176,201.7200
13395,2011-12-10,"2011-06-07 15:04:00","2011-06-07 15:04:00",186,1,21,21,336,307.7200,307.7200,NULL,NULL,0,0,0,0,0.0000
13396,2011-12-10,"2011-01-24 13:37:00","2011-11-10 16:59:00",30,2,43,42,600,1360.9900,680.4950,"2011-01-31 11:15:00","2011-11-18 09:42:00",2,4,4,8,35.7000
13397,2011-12-10,"2011-01-04 13:50:00","2011-09-28 10:56:00",73,5,38,28,430,1544.1300,308.8260,"2011-06-13 17:18:00","2011-06-13 17:18:00",1,1,1,1,4.9500
13398,2011-12-10,"2011-05-31 13:17:00","2011-05-31 13:17:00",193,1,26,26,281,457.3400,457.3400,NULL,NULL,0,0,0,0,0.0000
13402,2011-12-10,"2010-12-02 17:12:00","2011-08-04 15:51:00",128,2,39,32,479,621.2300,310.6150,NULL,NULL,0,0,0,0,0.0000
13403,2011-12-10,"2011-11-22 08:28:00","2011-11-22 08:28:00",18,1,3,3,44,75.0000,75.0000,NULL,NULL,0,0,0,0,0.0000
13404,2011-12-10,"2011-05-11 11:57:00","2011-12-08 15:37:00",2,2,11,11,111,252.4900,126.2450,NULL,NULL,0,0,0,0,0.0000
13405,2011-12-10,"2011-01-26 09:27:00","2011-05-19 16:31:00",205,2,25,24,163,557.4500,278.7250,NULL,NULL,0,0,0,0,0.0000
13408,2011-12-10,"2010-12-01 10:39:00","2011-12-08 09:05:00",2,62,478,234,16232,28117.0400,453.5006,"2010-12-02 17:31:00","2011-12-01 11:21:00",17,21,12,111,574.0500
13410,2011-12-10,"2011-02-21 14:38:00","2011-11-15 15:33:00",25,5,28,15,518,1003.0600,200.6120,"2011-03-02 15:24:00","2011-12-01 08:58:00",2,2,2,5,14.1500
13411,2011-12-10,"2011-08-24 13:57:00","2011-08-24 13:57:00",108,1,18,17,72,213.5500,213.5500,NULL,NULL,0,0,0,0,0.0000
13414,2011-12-10,"2011-02-16 12:13:00","2011-07-29 11:45:00",134,3,24,23,1574,1390.5000,463.5000,NULL,NULL,0,0,0,0,0.0000
13416,2011-12-10,"2011-09-19 14:43:00","2011-10-27 08:56:00",44,2,19,11,142,712.5000,356.2500,NULL,NULL,0,0,0,0,0.0000
13417,2011-12-10,"2011-05-18 16:26:00","2011-12-05 08:49:00",5,2,28,26,162,640.8300,320.4150,NULL,NULL,0,0,0,0,0.0000
13418,2011-12-10,"2010-12-02 10:45:00","2011-11-28 10:23:00",12,18,304,223,3918,6127.4300,340.4128,"2011-04-04 15:34:00","2011-10-11 16:27:00",5,10,10,79,281.9900
13419,2011-12-10,"2011-10-07 12:49:00","2011-10-07 12:49:00",64,1,16,16,275,221.0600,221.0600,NULL,NULL,0,0,0,0,0.0000
13420,2011-12-10,"2011-06-22 11:35:00","2011-07-13 08:48:00",150,2,8,8,101,159.8500,79.9250,"2011-07-06 13:42:00","2011-07-28 12:10:00",2,2,2,13,19.5000
13421,2011-12-10,"2011-02-22 15:46:00","2011-10-30 14:21:00",41,2,101,87,1103,1823.2100,911.6050,"2011-02-22 15:48:00","2011-02-22 15:48:00",1,1,1,1,2.1000
13422,2011-12-10,"2011-10-06 13:42:00","2011-10-06 13:42:00",65,1,127,127,1326,2626.3000,2626.3000,"2011-10-19 13:45:00","2011-10-19 13:45:00",1,1,1,5,24.7500
13425,2011-12-10,"2011-02-18 08:34:00","2011-08-23 17:13:00",109,3,77,65,1122,1609.2100,536.4033,NULL,NULL,0,0,0,0,0.0000
13426,2011-12-10,"2010-12-15 12:43:00","2011-12-09 08:59:00",1,10,157,103,2245,3641.3200,364.1320,"2011-09-30 12:50:00","2011-09-30 12:50:00",1,1,1,20,83.0000
13427,2011-12-10,"2011-05-08 15:58:00","2011-11-20 13:02:00",20,3,29,25,545,582.6000,194.2000,NULL,NULL,0,0,0,0,0.0000
13428,2011-12-10,"2011-11-29 14:20:00","2011-11-29 14:20:00",11,1,71,70,151,201.7800,201.7800,NULL,NULL,0,0,0,0,0.0000
13429,2011-12-10,"2011-09-25 15:59:00","2011-11-29 09:10:00",11,4,67,55,1390,1006.8000,251.7000,NULL,NULL,0,0,0,0,0.0000
13430,2011-12-10,"2011-09-14 14:26:00","2011-11-21 08:19:00",19,2,49,48,751,679.4500,339.7250,"2011-09-23 09:16:00","2011-09-28 11:45:00",2,4,4,12,27.3800
13431,2011-12-10,"2011-09-12 11:25:00","2011-10-03 13:49:00",68,2,46,44,672,1269.1000,634.5500,NULL,NULL,0,0,0,0,0.0000
13434,2011-12-10,"2011-09-04 10:35:00","2011-09-26 14:30:00",75,2,10,9,300,534.2400,267.1200,NULL,NULL,0,0,0,0,0.0000
13435,2011-12-10,"2011-06-03 17:07:00","2011-12-04 14:45:00",6,7,101,68,2129,3809.8900,544.2700,"2011-09-23 08:22:00","2011-12-04 14:59:00",2,2,2,4,15.4000
13436,2011-12-10,"2011-12-08 10:33:00","2011-12-08 10:33:00",2,1,12,12,76,196.8900,196.8900,NULL,NULL,0,0,0,0,0.0000
13437,2011-12-10,"2011-06-02 14:30:00","2011-11-25 14:00:00",15,7,167,143,1283,3408.0600,486.8657,NULL,NULL,0,0,0,0,0.0000
13439,2011-12-10,"2011-03-29 14:20:00","2011-03-29 14:20:00",256,1,54,54,242,283.7100,283.7100,NULL,NULL,0,0,0,0,0.0000
13441,2011-12-10,"2011-09-09 09:38:00","2011-09-09 09:38:00",92,1,13,13,204,296.6400,296.6400,NULL,NULL,0,0,0,0,0.0000
13447,2011-12-10,"2011-11-04 10:10:00","2011-11-16 13:38:00",24,3,59,55,584,1129.1400,376.3800,"2011-11-14 13:35:00","2011-11-14 13:35:00",1,3,3,7,24.9100
13448,2011-12-10,"2010-12-01 10:52:00","2011-11-23 12:33:00",17,6,194,137,1648,3534.6900,589.1150,"2010-12-10 14:32:00","2011-09-21 12:50:00",4,4,4,22,73.7000
13449,2011-12-10,"2011-11-16 08:28:00","2011-11-16 08:28:00",24,1,19,19,222,291.8800,291.8800,NULL,NULL,0,0,0,0,0.0000
13450,2011-12-10,"2011-05-05 19:48:00","2011-11-13 11:54:00",27,6,71,32,1982,2043.7200,340.6200,NULL,NULL,0,0,0,0,0.0000
13451,2011-12-10,"2011-01-09 15:35:00","2011-11-13 15:58:00",27,5,433,315,2128,2898.2600,579.6520,"2011-03-15 13:01:00","2011-03-15 13:01:00",1,1,1,6,59.7000
13452,2011-12-10,"2011-03-14 11:38:00","2011-03-25 14:19:00",260,2,2,1,2,590.0000,295.0000,NULL,NULL,0,0,0,0,0.0000
13453,2011-12-10,"2011-02-23 09:44:00","2011-06-27 09:34:00",166,2,17,16,134,356.9800,178.4900,NULL,NULL,0,0,0,0,0.0000
13455,2011-12-10,"2010-12-08 13:11:00","2011-11-15 11:21:00",25,2,46,42,354,1058.3400,529.1700,"2011-01-14 16:55:00","2011-05-23 14:33:00",2,7,7,9,50.9900
13456,2011-12-10,"2011-05-16 15:34:00","2011-11-22 09:18:00",18,6,62,42,764,1751.7200,291.9533,"2011-06-09 19:36:00","2011-06-09 19:36:00",1,2,2,9,28.9000
13458,2011-12-10,"2010-12-15 12:05:00","2011-12-02 15:29:00",8,14,382,242,5508,9646.5700,689.0407,"2010-12-22 13:59:00","2011-11-21 16:55:00",8,12,11,48,108.6500
13460,2011-12-10,"2011-10-21 09:50:00","2011-11-10 17:17:00",30,2,17,16,286,183.4400,91.7200,NULL,NULL,0,0,0,0,0.0000
13461,2011-12-10,"2011-06-29 10:23:00","2011-11-01 09:01:00",39,3,27,14,1170,1445.0000,481.6667,NULL,NULL,0,0,0,0,0.0000
13462,2011-12-10,"2011-04-01 11:20:00","2011-04-01 11:20:00",253,1,9,9,62,151.5000,151.5000,"2011-06-09 19:53:00","2011-06-09 19:53:00",1,1,1,1,8.2500
13464,2011-12-10,"2011-10-12 15:01:00","2011-10-12 15:01:00",59,1,41,41,403,674.6800,674.6800,NULL,NULL,0,0,0,0,0.0000
13466,2011-12-10,"2011-06-08 16:39:00","2011-06-08 16:39:00",185,1,17,17,259,307.9000,307.9000,"2011-08-31 15:29:00","2011-08-31 15:29:00",1,1,1,1,9.9500
13467,2011-12-10,"2011-11-03 16:56:00","2011-11-29 10:01:00",11,2,98,89,580,1071.9100,535.9550,NULL,NULL,0,0,0,0,0.0000
13468,2011-12-10,"2010-12-01 15:08:00","2011-12-08 10:39:00",2,37,302,184,2589,5704.9700,154.1884,"2011-05-27 10:34:00","2011-12-01 08:25:00",4,4,4,8,48.2200
13470,2011-12-10,"2011-08-16 17:06:00","2011-09-01 14:57:00",100,2,10,7,100,165.0000,82.5000,NULL,NULL,0,0,0,0,0.0000
13471,2011-12-10,"2011-10-23 13:10:00","2011-12-08 15:44:00",2,4,254,214,1583,2501.8400,625.4600,NULL,NULL,0,0,0,0,0.0000
13473,2011-12-10,"2011-01-11 08:45:00","2011-10-10 11:20:00",61,2,21,21,266,422.6400,211.3200,"2011-01-13 12:56:00","2011-01-13 12:56:00",1,1,1,6,5.1000
13474,2011-12-10,"2011-04-17 13:53:00","2011-04-17 13:53:00",237,1,62,59,129,226.8400,226.8400,NULL,NULL,0,0,0,0,0.0000
13475,2011-12-10,"2011-02-14 12:36:00","2011-06-01 13:52:00",192,4,86,64,1012,1431.7800,357.9450,NULL,NULL,0,0,0,0,0.0000
13476,2011-12-10,"2011-03-03 14:43:00","2011-06-14 12:00:00",179,2,58,56,417,1238.4700,619.2350,"2011-03-10 15:06:00","2011-06-07 16:01:00",2,3,3,3,145.7000
13477,2011-12-10,"2011-02-21 12:29:00","2011-11-02 12:04:00",38,6,79,57,1021,1454.5800,242.4300,"2011-03-02 16:53:00","2011-03-29 09:19:00",2,2,2,3,13.0500
13479,2011-12-10,"2011-04-19 11:27:00","2011-05-23 10:45:00",201,2,15,14,134,300.9500,150.4750,"2011-05-25 16:49:00","2011-05-25 16:49:00",1,1,1,1,9.9500
13481,2011-12-10,"2011-03-28 09:07:00","2011-10-25 09:07:00",46,5,109,98,1142,1804.5600,360.9120,"2010-12-06 15:12:00","2011-09-26 11:59:00",3,3,2,15,27.7500
13482,2011-12-10,"2011-04-21 17:03:00","2011-04-21 17:03:00",233,1,11,11,116,184.6400,184.6400,NULL,NULL,0,0,0,0,0.0000
13483,2011-12-10,"2011-10-05 11:53:00","2011-10-05 11:53:00",66,1,10,10,160,140.3400,140.3400,NULL,NULL,0,0,0,0,0.0000
13484,2011-12-10,"2011-04-12 16:30:00","2011-04-12 16:30:00",242,1,8,8,44,313.8000,313.8000,NULL,NULL,0,0,0,0,0.0000
13485,2011-12-10,"2011-04-20 13:58:00","2011-04-20 13:58:00",234,1,23,23,277,454.2400,454.2400,NULL,NULL,0,0,0,0,0.0000
13486,2011-12-10,"2011-07-07 17:19:00","2011-09-22 13:13:00",79,3,69,69,669,1122.4100,374.1367,NULL,NULL,0,0,0,0,0.0000
13487,2011-12-10,"2010-12-21 14:54:00","2011-10-13 12:07:00",58,3,34,26,265,575.4000,191.8000,NULL,NULL,0,0,0,0,0.0000
13488,2011-12-10,"2010-12-07 13:01:00","2011-11-22 14:41:00",18,13,422,271,4518,8968.3100,689.8700,"2011-01-06 17:27:00","2011-07-21 12:07:00",4,5,5,6,57.7000
13489,2011-12-10,"2011-02-18 10:42:00","2011-08-26 13:16:00",106,4,14,11,560,449.5200,112.3800,NULL,NULL,0,0,0,0,0.0000
13491,2011-12-10,"2010-12-02 14:30:00","2011-10-19 08:32:00",52,10,86,73,903,1215.8200,121.5820,NULL,NULL,0,0,0,0,0.0000
13492,2011-12-10,"2011-05-09 10:06:00","2011-07-26 14:25:00",137,3,50,38,408,1269.8400,423.2800,NULL,NULL,0,0,0,0,0.0000
13493,2011-12-10,"2011-02-25 16:42:00","2011-03-09 15:35:00",276,2,6,5,377,498.6300,249.3150,NULL,NULL,0,0,0,0,0.0000
13494,2011-12-10,"2011-02-01 11:58:00","2011-02-01 11:58:00",312,1,18,18,162,316.2600,316.2600,NULL,NULL,0,0,0,0,0.0000
13495,2011-12-10,"2010-12-06 15:14:00","2011-12-02 11:21:00",8,5,48,34,829,2044.8700,408.9740,"2010-12-08 13:23:00","2010-12-08 13:23:00",1,4,4,15,54.7500
13496,2011-12-10,"2010-12-15 10:17:00","2011-11-29 10:58:00",11,2,35,28,341,653.3300,326.6650,"2010-12-16 17:33:00","2010-12-16 17:33:00",1,1,1,12,35.4000
13497,2011-12-10,"2010-12-06 11:37:00","2011-03-02 09:04:00",283,2,19,19,163,348.0500,174.0250,"2010-12-06 11:42:00","2010-12-06 11:42:00",1,1,1,4,27.0000
13499,2011-12-10,"2011-03-15 08:52:00","2011-11-22 11:21:00",18,5,42,31,1365,1159.1100,231.8220,"2011-05-06 15:10:00","2011-10-06 18:28:00",2,3,3,7,12.1500
13500,2011-12-10,"2011-08-09 12:20:00","2011-11-16 15:35:00",24,3,65,60,609,1166.7700,388.9233,"2011-11-11 10:40:00","2011-11-11 10:40:00",1,2,2,24,30.0000
13501,2011-12-10,"2011-02-24 18:59:00","2011-02-24 18:59:00",289,1,52,52,560,1340.3200,1340.3200,"2011-04-11 09:35:00","2011-04-11 09:35:00",1,1,1,3,29.8500
13502,2011-12-10,"2011-01-20 09:03:00","2011-11-23 10:39:00",17,3,18,17,264,292.0000,97.3333,NULL,NULL,0,0,0,0,0.0000
13503,2011-12-10,"2011-09-29 13:23:00","2011-09-29 13:23:00",72,1,17,17,248,216.8500,216.8500,NULL,NULL,0,0,0,0,0.0000
13504,2011-12-10,"2011-10-06 13:20:00","2011-10-06 13:20:00",65,1,22,22,178,295.9300,295.9300,NULL,NULL,0,0,0,0,0.0000
13505,2011-12-10,"2011-04-21 12:07:00","2011-09-28 11:56:00",73,4,211,181,2467,3633.6300,908.4075,"2011-05-03 11:27:00","2011-10-03 12:14:00",4,12,11,25,110.7500
13506,2011-12-10,"2010-12-05 12:15:00","2011-01-27 13:53:00",317,2,26,26,324,458.5200,229.2600,"2011-01-31 15:27:00","2011-01-31 15:27:00",1,3,3,3,5.7000
13507,2011-12-10,"2011-07-17 11:50:00","2011-12-06 13:13:00",4,4,162,146,1597,2479.1600,619.7900,NULL,NULL,0,0,0,0,0.0000
13508,2011-12-10,"2011-04-10 11:58:00","2011-04-10 11:58:00",244,1,12,12,24,110.9700,110.9700,NULL,NULL,0,0,0,0,0.0000
13509,2011-12-10,"2011-02-28 13:27:00","2011-12-01 10:10:00",9,6,43,26,1105,964.7200,160.7867,NULL,NULL,0,0,0,0,0.0000
13510,2011-12-10,"2011-06-09 09:32:00","2011-12-08 13:46:00",2,4,115,86,1386,1791.5600,447.8900,"2011-07-07 12:49:00","2011-07-07 12:49:00",1,2,2,4,6.4000
13512,2011-12-10,"2011-03-24 10:03:00","2011-03-24 10:03:00",261,1,15,15,143,251.2100,251.2100,NULL,NULL,0,0,0,0,0.0000
13513,2011-12-10,"2011-08-05 11:50:00","2011-08-05 11:50:00",127,1,10,10,109,205.1000,205.1000,NULL,NULL,0,0,0,0,0.0000
13514,2011-12-10,"2011-09-27 09:39:00","2011-09-27 09:39:00",74,1,4,4,40,152.2000,152.2000,NULL,NULL,0,0,0,0,0.0000
13515,2011-12-10,"2011-04-06 10:33:00","2011-09-28 11:26:00",73,4,59,50,681,891.1200,222.7800,NULL,NULL,0,0,0,0,0.0000
13516,2011-12-10,"2011-04-15 11:06:00","2011-11-18 13:15:00",22,3,43,42,984,1374.4100,458.1367,NULL,NULL,0,0,0,0,0.0000
13517,2011-12-10,"2011-06-13 08:44:00","2011-10-11 11:43:00",60,3,141,125,1369,2128.4200,709.4733,"2011-06-20 13:33:00","2011-08-24 10:25:00",2,2,2,9,19.3500
13518,2011-12-10,"2011-09-15 10:29:00","2011-09-15 10:29:00",86,1,36,36,382,627.1600,627.1600,NULL,NULL,0,0,0,0,0.0000
13519,2011-12-10,"2011-09-22 18:24:00","2011-09-22 18:24:00",79,1,8,8,23,122.7500,122.7500,"2011-10-20 15:56:00","2011-10-20 15:56:00",1,1,1,1,11.9500
13520,2011-12-10,"2010-12-03 10:36:00","2011-10-12 10:20:00",59,6,87,48,1633,2984.3500,497.3917,"2011-08-03 11:23:00","2011-08-03 11:23:00",1,1,1,4,16.6000
13521,2011-12-10,"2011-11-29 15:09:00","2011-12-08 13:50:00",2,3,417,312,715,1070.4700,356.8233,NULL,NULL,0,0,0,0,0.0000
13522,2011-12-10,"2011-11-09 15:11:00","2011-11-09 15:11:00",31,1,5,5,44,125.8000,125.8000,NULL,NULL,0,0,0,0,0.0000
13523,2011-12-10,"2010-12-08 14:22:00","2011-11-06 15:11:00",34,5,172,157,1752,3964.8800,792.9760,"2011-06-16 09:55:00","2011-06-16 09:55:00",1,5,5,7,209.5000
13524,2011-12-10,"2011-05-04 12:26:00","2011-10-30 12:34:00",41,5,25,16,322,650.1800,130.0360,NULL,NULL,0,0,0,0,0.0000
13525,2011-12-10,"2011-04-05 15:36:00","2011-11-25 12:01:00",15,2,6,5,394,628.7800,314.3900,NULL,NULL,0,0,0,0,0.0000
13527,2011-12-10,"2011-01-17 11:17:00","2011-11-06 12:04:00",34,7,217,153,1683,2242.3600,320.3371,"2011-09-11 12:14:00","2011-09-11 12:14:00",1,1,1,19,23.7500
13529,2011-12-10,"2011-05-19 11:50:00","2011-09-22 09:15:00",79,2,15,15,74,307.7600,153.8800,NULL,NULL,0,0,0,0,0.0000
13531,2011-12-10,"2010-12-08 15:03:00","2011-05-18 16:56:00",206,2,22,17,174,483.8000,241.9000,NULL,NULL,0,0,0,0,0.0000
13532,2011-12-10,"2011-11-06 12:25:00","2011-11-06 12:25:00",34,1,66,66,129,210.3100,210.3100,NULL,NULL,0,0,0,0,0.0000
13533,2011-12-10,"2011-03-17 12:47:00","2011-06-10 11:54:00",183,3,75,61,202,269.0900,89.6967,NULL,NULL,0,0,0,0,0.0000
13534,2011-12-10,"2010-12-16 15:23:00","2011-12-07 14:52:00",3,25,296,119,2961,5870.0800,234.8032,"2010-12-23 11:50:00","2011-11-04 13:22:00",18,46,32,85,257.0000
13536,2011-12-10,"2011-09-25 13:30:00","2011-12-08 16:38:00",2,7,178,91,2126,3444.3900,492.0557,NULL,NULL,0,0,0,0,0.0000
13538,2011-12-10,"2011-01-28 10:40:00","2011-10-27 16:34:00",44,7,25,10,175,1280.8500,182.9786,NULL,NULL,0,0,0,0,0.0000
13539,2011-12-10,"2011-02-03 15:23:00","2011-09-15 10:18:00",86,3,37,35,320,631.3400,210.4467,"2011-04-14 11:27:00","2011-04-14 11:27:00",1,1,1,6,25.5000
13544,2011-12-10,"2011-04-13 12:09:00","2011-10-31 11:57:00",40,2,78,76,112,276.0600,138.0300,NULL,NULL,0,0,0,0,0.0000
13546,2011-12-10,"2011-05-23 12:14:00","2011-11-27 14:50:00",13,3,97,72,357,621.0900,207.0300,NULL,NULL,0,0,0,0,0.0000
13548,2011-12-10,"2011-04-10 11:35:00","2011-09-04 14:50:00",97,2,123,114,436,678.1600,339.0800,NULL,NULL,0,0,0,0,0.0000
13549,2011-12-10,"2011-04-11 13:42:00","2011-11-14 09:20:00",26,7,51,37,458,918.2000,131.1714,"2011-05-24 16:59:00","2011-05-24 16:59:00",1,1,1,1,2.0800
13551,2011-12-10,"2011-01-24 14:46:00","2011-01-24 14:46:00",320,1,4,4,12,91.8000,91.8000,NULL,NULL,0,0,0,0,0.0000
13552,2011-12-10,"2011-01-28 10:10:00","2011-10-04 15:19:00",67,12,109,82,1417,3740.0700,311.6725,"2011-05-05 17:29:00","2011-09-19 14:46:00",4,12,11,31,200.5400
13555,2011-12-10,"2011-05-22 11:06:00","2011-09-27 12:36:00",74,4,135,128,2636,4098.8800,1024.7200,NULL,NULL,0,0,0,0,0.0000
13557,2011-12-10,"2011-03-04 12:14:00","2011-11-11 15:24:00",29,2,34,31,546,584.0600,292.0300,NULL,NULL,0,0,0,0,0.0000
13558,2011-12-10,"2011-10-02 13:01:00","2011-12-04 11:24:00",6,4,169,123,338,594.5200,148.6300,NULL,NULL,0,0,0,0,0.0000
13560,2011-12-10,"2011-12-02 13:11:00","2011-12-02 13:11:00",8,1,32,32,63,171.4200,171.4200,NULL,NULL,0,0,0,0,0.0000
13561,2011-12-10,"2011-05-08 12:39:00","2011-05-08 12:39:00",216,1,14,14,83,141.8600,141.8600,NULL,NULL,0,0,0,0,0.0000
13562,2011-12-10,"2011-04-08 12:42:00","2011-09-19 10:51:00",82,3,82,50,757,1799.3300,599.7767,NULL,NULL,0,0,0,0,0.0000
13563,2011-12-10,"2011-07-22 17:21:00","2011-09-16 14:45:00",85,2,49,49,209,777.5300,388.7650,NULL,NULL,0,0,0,0,0.0000
13564,2011-12-10,"2010-12-06 17:26:00","2010-12-20 16:50:00",355,2,80,67,635,1174.0300,587.0150,NULL,NULL,0,0,0,0,0.0000
13565,2011-12-10,"2011-01-09 14:28:00","2011-11-20 14:33:00",20,2,38,35,172,240.2200,120.1100,NULL,NULL,0,0,0,0,0.0000
13566,2011-12-10,"2011-09-18 12:40:00","2011-10-30 11:59:00",41,2,169,134,567,856.8400,428.4200,NULL,NULL,0,0,0,0,0.0000
13568,2011-12-10,"2011-06-19 14:42:00","2011-06-19 14:42:00",174,1,43,41,66,187.0500,187.0500,NULL,NULL,0,0,0,0,0.0000
13569,2011-12-10,"2010-12-07 12:29:00","2011-11-22 13:07:00",18,2,78,72,155,337.1200,168.5600,NULL,NULL,0,0,0,0,0.0000
13570,2011-12-10,"2011-04-10 13:36:00","2011-04-10 13:36:00",244,1,27,27,161,239.4900,239.4900,NULL,NULL,0,0,0,0,0.0000
13571,2011-12-10,"2011-03-31 12:43:00","2011-11-27 10:47:00",13,12,340,157,1757,2088.9400,174.0783,NULL,NULL,0,0,0,0,0.0000
13572,2011-12-10,"2011-05-18 11:59:00","2011-05-18 11:59:00",206,1,33,32,534,1384.2500,1384.2500,NULL,NULL,0,0,0,0,0.0000
13573,2011-12-10,"2011-03-31 14:47:00","2011-10-20 14:33:00",51,2,25,24,302,290.2500,145.1250,NULL,NULL,0,0,0,0,0.0000
13575,2011-12-10,"2011-06-16 14:24:00","2011-11-16 13:14:00",24,5,46,41,449,732.0700,146.4140,NULL,NULL,0,0,0,0,0.0000
13576,2011-12-10,"2010-12-01 17:24:00","2011-11-29 15:34:00",11,18,126,78,2646,6717.3400,373.1856,"2011-01-11 11:46:00","2011-08-24 08:55:00",2,4,4,6,14.0400
13577,2011-12-10,"2011-04-12 10:33:00","2011-11-14 15:19:00",26,4,83,61,791,1687.6000,421.9000,"2011-09-12 09:43:00","2011-09-12 09:43:00",1,2,2,20,29.3000
13579,2011-12-10,"2010-12-05 16:10:00","2011-11-25 08:41:00",15,2,23,19,176,467.0400,233.5200,NULL,NULL,0,0,0,0,0.0000
13581,2011-12-10,"2011-02-03 14:41:00","2011-02-03 14:41:00",310,1,10,10,30,118.0000,118.0000,NULL,NULL,0,0,0,0,0.0000
13583,2011-12-10,"2011-07-07 10:40:00","2011-07-07 10:40:00",156,1,53,53,725,781.0300,781.0300,NULL,NULL,0,0,0,0,0.0000
13584,2011-12-10,"2011-02-06 12:49:00","2011-02-06 12:49:00",307,1,24,24,37,142.4000,142.4000,NULL,NULL,0,0,0,0,0.0000
13587,2011-12-10,"2011-10-07 12:31:00","2011-10-07 12:31:00",64,1,8,8,180,712.4000,712.4000,"2011-10-27 14:24:00","2011-11-08 11:17:00",2,3,3,20,365.4000
13588,2011-12-10,"2011-03-29 15:53:00","2011-11-24 10:42:00",16,9,174,131,2606,2478.9500,275.4389,"2011-08-08 13:40:00","2011-11-11 13:30:00",3,5,4,32,29.4200
13589,2011-12-10,"2011-06-13 12:44:00","2011-11-25 12:10:00",15,2,21,21,114,379.6500,189.8250,NULL,NULL,0,0,0,0,0.0000
13590,2011-12-10,"2011-02-09 13:25:00","2011-11-28 12:54:00",12,6,87,70,1848,1981.9200,330.3200,"2011-07-21 17:56:00","2011-07-21 17:56:00",1,2,2,2,5.8000
13591,2011-12-10,"2011-03-18 12:18:00","2011-10-06 12:26:00",65,3,58,56,485,1117.1300,372.3767,NULL,NULL,0,0,0,0,0.0000
13592,2011-12-10,"2011-03-20 14:01:00","2011-11-04 09:49:00",36,4,16,15,84,247.9600,61.9900,NULL,NULL,0,0,0,0,0.0000
13593,2011-12-10,"2011-01-07 16:32:00","2011-08-23 13:35:00",109,5,127,77,719,2011.8800,402.3760,"2011-03-21 12:10:00","2011-03-21 12:10:00",1,1,1,24,46.8000
13594,2011-12-10,"2011-10-18 10:19:00","2011-10-18 10:19:00",53,1,26,26,359,396.9700,396.9700,NULL,NULL,0,0,0,0,0.0000
13596,2011-12-10,"2011-11-27 11:57:00","2011-12-04 12:01:00",6,2,146,133,384,664.1100,332.0550,NULL,NULL,0,0,0,0,0.0000
13598,2011-12-10,"2011-10-23 14:28:00","2011-10-23 14:28:00",48,1,35,33,52,160.0400,160.0400,"2011-10-23 14:35:00","2011-10-23 14:35:00",1,1,1,1,12.7500
13599,2011-12-10,"2010-12-08 10:11:00","2011-12-08 16:10:00",2,21,246,171,3293,5149.9200,245.2343,"2010-12-14 09:58:00","2011-12-08 19:26:00",12,16,14,124,121.3500
13600,2011-12-10,"2011-01-31 15:27:00","2011-01-31 15:27:00",313,1,19,19,324,219.5200,219.5200,NULL,NULL,0,0,0,0,0.0000
13601,2011-12-10,"2011-05-12 16:52:00","2011-10-25 17:31:00",46,2,99,90,548,693.3200,346.6600,NULL,NULL,0,0,0,0,0.0000
13602,2011-12-10,"2011-10-06 11:47:00","2011-10-06 11:47:00",65,1,23,23,267,428.8900,428.8900,NULL,NULL,0,0,0,0,0.0000
13603,2011-12-10,"2011-11-13 15:57:00","2011-11-13 15:57:00",27,1,27,27,164,164.3400,164.3400,NULL,NULL,0,0,0,0,0.0000
13606,2011-12-10,"2011-02-01 11:42:00","2011-11-10 17:46:00",30,3,40,40,276,276.7500,92.2500,NULL,NULL,0,0,0,0,0.0000
13607,2011-12-10,"2011-10-30 16:17:00","2011-10-30 16:17:00",41,1,97,93,288,675.5100,675.5100,NULL,NULL,0,0,0,0,0.0000
13610,2011-12-10,"2011-02-27 14:44:00","2011-11-27 15:38:00",13,7,215,165,488,1082.3300,154.6186,"2011-04-10 14:26:00","2011-10-16 15:03:00",2,2,2,2,16.4500
13611,2011-12-10,"2010-12-15 10:31:00","2011-09-11 14:51:00",90,3,72,67,754,1154.4000,384.8000,"2011-06-27 17:04:00","2011-06-27 17:04:00",1,2,2,4,13.6000
13614,2011-12-10,"2011-01-13 12:37:00","2011-11-15 14:47:00",25,4,195,171,564,1585.4600,396.3650,NULL,NULL,0,0,0,0,0.0000
13615,2011-12-10,"2011-01-25 08:21:00","2011-01-25 08:21:00",319,1,23,23,189,417.6900,417.6900,"2011-01-31 11:29:00","2011-01-31 11:29:00",1,1,1,6,17.7000
13617,2011-12-10,"2011-06-12 12:55:00","2011-10-30 13:50:00",41,3,44,31,300,544.1800,181.3933,NULL,NULL,0,0,0,0,0.0000
13618,2011-12-10,"2011-06-19 11:09:00","2011-06-19 11:09:00",174,1,13,13,246,177.3400,177.3400,NULL,NULL,0,0,0,0,0.0000
13621,2011-12-10,"2011-08-15 08:26:00","2011-08-15 08:26:00",117,1,19,19,343,213.8500,213.8500,NULL,NULL,0,0,0,0,0.0000
13623,2011-12-10,"2011-02-15 13:08:00","2011-11-09 12:00:00",31,5,78,75,286,727.7400,145.5480,"2011-02-15 12:55:00","2011-11-09 11:59:00",2,4,4,4,31.5400
13626,2011-12-10,"2011-04-01 10:05:00","2011-04-01 10:05:00",253,1,19,19,209,257.2300,257.2300,NULL,NULL,0,0,0,0,0.0000
13627,2011-12-10,"2010-12-17 09:52:00","2011-10-11 14:20:00",60,5,92,84,1269,1638.4700,327.6940,"2011-07-11 11:09:00","2011-09-22 15:08:00",2,2,2,3,14.4500
13629,2011-12-10,"2011-01-05 12:09:00","2011-11-16 13:21:00",24,11,59,28,4372,7792.3600,708.3964,NULL,NULL,0,0,0,0,0.0000
13630,2011-12-10,"2011-02-27 12:49:00","2011-12-04 15:16:00",6,7,71,51,1391,2031.7800,290.2543,"2011-03-03 11:35:00","2011-09-05 10:58:00",4,9,6,14,36.1000
13631,2011-12-10,"2011-03-17 17:13:00","2011-09-01 09:57:00",100,11,11,6,467,3070.4200,279.1291,"2011-07-28 19:27:00","2011-07-28 19:27:00",1,1,1,7,48.6500
13632,2011-12-10,"2011-04-10 15:07:00","2011-11-15 10:51:00",25,5,145,121,1031,2118.9300,423.7860,"2011-06-19 12:25:00","2011-06-19 12:25:00",1,1,1,1,4.2500
13634,2011-12-10,"2011-01-16 15:30:00","2011-11-06 13:40:00",34,5,186,156,700,1547.3600,309.4720,NULL,NULL,0,0,0,0,0.0000
13635,2011-12-10,"2011-10-03 10:55:00","2011-10-03 10:55:00",68,1,62,62,677,1071.0300,1071.0300,NULL,NULL,0,0,0,0,0.0000
13636,2011-12-10,"2011-02-27 14:29:00","2011-11-03 10:30:00",37,5,63,57,592,949.1200,189.8240,"2011-04-05 08:24:00","2011-04-05 08:24:00",1,1,1,6,7.5000
13637,2011-12-10,"2011-04-27 13:06:00","2011-10-18 13:32:00",53,3,98,78,404,803.0500,267.6833,NULL,NULL,0,0,0,0,0.0000
13638,2011-12-10,"2011-11-24 10:38:00","2011-11-24 10:38:00",16,1,8,8,93,122.6400,122.6400,NULL,NULL,0,0,0,0,0.0000
13639,2011-12-10,"2011-09-26 13:36:00","2011-09-26 13:36:00",75,1,40,39,800,1033.3400,1033.3400,NULL,NULL,0,0,0,0,0.0000
13642,2011-12-10,"2011-05-08 12:34:00","2011-05-08 12:34:00",216,1,57,57,151,312.2800,312.2800,NULL,NULL,0,0,0,0,0.0000
13643,2011-12-10,"2011-06-07 11:40:00","2011-11-08 15:37:00",32,3,28,24,273,519.4400,173.1467,NULL,NULL,0,0,0,0,0.0000
13644,2011-12-10,"2011-08-26 11:53:00","2011-11-23 14:07:00",17,4,146,144,2067,2624.2600,656.0650,"2011-12-01 08:18:00","2011-12-01 08:18:00",1,2,2,7,26.7400
13645,2011-12-10,"2011-08-11 16:11:00","2011-08-11 16:11:00",121,1,5,5,158,252.1000,252.1000,NULL,NULL,0,0,0,0,0.0000
13647,2011-12-10,"2011-04-19 09:49:00","2011-11-30 12:00:00",10,4,78,65,887,1648.1200,412.0300,"2011-10-06 16:20:00","2011-10-06 16:20:00",1,1,1,1,7.9000
13649,2011-12-10,"2010-12-08 14:46:00","2011-03-28 11:51:00",257,2,23,23,139,346.6000,173.3000,NULL,NULL,0,0,0,0,0.0000
13650,2011-12-10,"2011-03-17 12:37:00","2011-11-23 12:22:00",17,6,96,79,922,1836.3400,306.0567,"2011-05-18 09:20:00","2011-05-18 09:20:00",1,2,2,4,27.0000
13651,2011-12-10,"2011-10-31 12:11:00","2011-10-31 12:11:00",40,1,5,5,32,79.2000,79.2000,NULL,NULL,0,0,0,0,0.0000
13652,2011-12-10,"2010-12-06 09:21:00","2011-10-25 08:51:00",46,3,63,48,578,1095.0800,365.0267,NULL,NULL,0,0,0,0,0.0000
13654,2011-12-10,"2011-03-11 12:54:00","2011-10-27 16:24:00",44,6,166,157,2182,2707.3300,451.2217,NULL,NULL,0,0,0,0,0.0000
13655,2011-12-10,"2011-04-12 09:53:00","2011-08-17 14:25:00",115,2,56,52,605,932.9700,466.4850,NULL,NULL,0,0,0,0,0.0000
13656,2011-12-10,"2011-01-06 15:42:00","2011-06-28 10:31:00",165,2,49,49,490,379.6500,189.8250,NULL,NULL,0,0,0,0,0.0000
13657,2011-12-10,"2011-05-22 12:35:00","2011-11-29 12:32:00",11,2,15,15,208,367.1400,183.5700,NULL,NULL,0,0,0,0,0.0000
13658,2011-12-10,"2011-05-19 17:15:00","2011-11-30 10:13:00",10,5,108,91,1019,2639.1700,527.8340,"2011-05-26 11:02:00","2011-06-13 17:21:00",2,4,4,10,217.7000
13659,2011-12-10,"2011-01-23 12:08:00","2011-05-18 12:37:00",206,2,103,92,882,1563.0000,781.5000,"2011-05-26 19:56:00","2011-05-26 19:56:00",1,4,4,15,22.3500
13662,2011-12-10,"2011-03-25 13:23:00","2011-09-15 12:04:00",86,3,52,50,533,881.2600,293.7533,"2011-03-29 14:17:00","2011-06-10 09:37:00",4,5,5,5,18.6800
13663,2011-12-10,"2011-06-13 15:44:00","2011-06-13 15:44:00",180,1,13,13,91,189.4700,189.4700,NULL,NULL,0,0,0,0,0.0000
13666,2011-12-10,"2011-02-25 13:05:00","2011-10-10 15:39:00",61,3,12,12,41,84.6500,28.2167,NULL,NULL,0,0,0,0,0.0000
13667,2011-12-10,"2011-07-13 15:42:00","2011-07-13 15:42:00",150,1,83,82,149,299.0500,299.0500,NULL,NULL,0,0,0,0,0.0000
13668,2011-12-10,"2010-12-12 12:35:00","2011-12-07 12:11:00",3,21,463,284,3722,6309.8300,300.4681,"2011-01-09 10:59:00","2011-12-07 12:14:00",8,31,24,105,147.5200
13669,2011-12-10,"2011-07-13 11:44:00","2011-10-20 09:32:00",51,2,9,9,237,218.5500,109.2750,NULL,NULL,0,0,0,0,0.0000
13670,2011-12-10,"2011-09-25 15:25:00","2011-09-25 15:25:00",76,1,25,25,282,349.7000,349.7000,NULL,NULL,0,0,0,0,0.0000
13672,2011-12-10,"2011-01-11 13:54:00","2011-02-11 13:53:00",302,2,6,4,57,186.3900,93.1950,"2011-01-10 12:02:00","2011-02-11 13:46:00",3,9,4,57,186.3900
13673,2011-12-10,"2011-11-07 15:40:00","2011-11-21 12:11:00",19,2,60,47,114,387.4400,193.7200,NULL,NULL,0,0,0,0,0.0000
13675,2011-12-10,"2011-02-28 12:14:00","2011-07-11 12:57:00",152,2,25,25,330,486.8200,243.4100,NULL,NULL,0,0,0,0,0.0000
13678,2011-12-10,"2011-07-11 10:14:00","2011-07-11 10:14:00",152,1,16,16,924,232.6000,232.6000,NULL,NULL,0,0,0,0,0.0000
13680,2011-12-10,"2011-01-04 14:12:00","2011-12-08 13:47:00",2,4,194,164,1934,3719.1200,929.7800,"2011-01-07 10:56:00","2011-01-07 10:56:00",1,21,21,669,1520.1100
13681,2011-12-10,"2011-07-07 15:21:00","2011-11-22 11:13:00",18,4,57,37,360,827.8300,206.9575,NULL,NULL,0,0,0,0,0.0000
13682,2011-12-10,"2011-06-05 14:06:00","2011-06-05 14:06:00",188,1,3,3,10,59.5000,59.5000,NULL,NULL,0,0,0,0,0.0000
13684,2011-12-10,"2011-02-27 10:13:00","2011-02-27 10:13:00",286,1,29,29,38,65.1300,65.1300,"2011-02-27 10:25:00","2011-02-27 10:25:00",1,1,1,1,3.0000
13685,2011-12-10,"2011-10-10 12:59:00","2011-12-07 11:41:00",3,7,39,29,5056,3119.4400,445.6343,NULL,NULL,0,0,0,0,0.0000
13686,2011-12-10,"2011-06-10 09:10:00","2011-06-10 09:10:00",183,1,8,8,70,72.0000,72.0000,NULL,NULL,0,0,0,0,0.0000
13689,2011-12-10,"2011-10-07 13:21:00","2011-10-07 13:21:00",64,1,6,6,512,910.0000,910.0000,NULL,NULL,0,0,0,0,0.0000
13690,2011-12-10,"2011-10-11 15:03:00","2011-10-11 15:03:00",60,1,9,9,67,172.2500,172.2500,NULL,NULL,0,0,0,0,0.0000
13692,2011-12-10,"2011-04-17 12:57:00","2011-11-15 11:17:00",25,3,53,48,1226,1488.3200,496.1067,"2011-05-03 08:49:00","2011-05-03 08:49:00",1,1,1,1,14.9500
13694,2011-12-10,"2010-12-01 12:12:00","2011-12-06 09:32:00",4,50,568,366,63312,65039.6200,1300.7924,"2010-12-20 13:51:00","2011-11-14 12:57:00",9,15,14,1410,2325.0800
13695,2011-12-10,"2011-03-25 11:31:00","2011-11-08 14:26:00",32,15,86,45,1599,2444.1300,162.9420,NULL,NULL,0,0,0,0,0.0000
13697,2011-12-10,"2011-11-01 09:14:00","2011-11-01 09:14:00",39,1,12,12,177,151.3000,151.3000,NULL,NULL,0,0,0,0,0.0000
13699,2011-12-10,"2011-07-07 16:51:00","2011-07-07 16:51:00",156,1,14,14,66,308.5800,308.5800,NULL,NULL,0,0,0,0,0.0000
13700,2011-12-10,"2011-01-16 13:18:00","2011-11-13 13:00:00",27,10,194,139,2281,2248.6300,224.8630,NULL,NULL,0,0,0,0,0.0000
13703,2011-12-10,"2011-01-25 13:10:00","2011-01-25 13:10:00",319,1,1,1,10,99.5000,99.5000,NULL,NULL,0,0,0,0,0.0000
13704,2011-12-10,"2011-09-12 14:40:00","2011-12-04 15:13:00",6,9,134,111,1531,2308.0600,256.4511,"2011-10-06 18:44:00","2011-10-06 18:44:00",1,1,1,3,12.7500
13705,2011-12-10,"2010-12-01 10:29:00","2011-12-02 12:32:00",8,3,28,25,363,711.8600,237.2867,NULL,NULL,0,0,0,0,0.0000
13706,2011-12-10,"2011-02-10 09:21:00","2011-02-10 09:21:00",303,1,20,20,189,330.7900,330.7900,NULL,NULL,0,0,0,0,0.0000
13707,2011-12-10,"2011-01-28 13:27:00","2011-03-17 18:03:00",268,2,48,48,351,806.4100,403.2050,NULL,NULL,0,0,0,0,0.0000
13708,2011-12-10,"2011-03-13 13:46:00","2011-03-13 13:46:00",272,1,48,48,300,283.3300,283.3300,NULL,NULL,0,0,0,0,0.0000
13709,2011-12-10,"2011-01-28 14:57:00","2011-12-06 10:28:00",4,13,335,244,3508,6307.6500,485.2038,"2011-08-09 14:23:00","2011-11-08 16:17:00",4,10,10,15,78.9400
13710,2011-12-10,"2011-11-08 08:16:00","2011-11-08 08:16:00",32,1,8,8,176,180.4800,180.4800,NULL,NULL,0,0,0,0,0.0000
13711,2011-12-10,"2011-05-05 10:29:00","2011-05-05 10:31:00",219,2,13,11,140,252.0600,126.0300,NULL,NULL,0,0,0,0,0.0000
13712,2011-12-10,"2011-04-07 12:33:00","2011-04-07 12:33:00",247,1,10,10,352,228.8400,228.8400,NULL,NULL,0,0,0,0,0.0000
13715,2011-12-10,"2010-12-02 08:52:00","2011-03-03 19:21:00",282,5,104,89,562,1077.3900,215.4780,"2010-12-12 12:51:00","2011-01-06 17:32:00",3,3,3,8,25.4000
13716,2011-12-10,"2011-03-15 13:49:00","2011-03-15 13:49:00",270,1,21,21,138,138.2800,138.2800,NULL,NULL,0,0,0,0,0.0000
13717,2011-12-10,"2011-02-14 13:21:00","2011-11-07 14:13:00",33,6,102,92,1959,1445.0100,240.8350,"2011-04-20 15:56:00","2011-04-20 15:56:00",1,1,1,1,12.7500
13718,2011-12-10,"2011-02-17 11:58:00","2011-04-07 13:24:00",247,2,12,9,173,306.5500,153.2750,NULL,NULL,0,0,0,0,0.0000
13719,2011-12-10,"2011-04-19 13:56:00","2011-11-24 15:26:00",16,5,60,56,609,1041.6800,208.3360,NULL,NULL,0,0,0,0,0.0000
13720,2011-12-10,"2011-03-30 09:17:00","2011-08-15 12:46:00",117,4,42,41,500,784.9000,196.2250,NULL,NULL,0,0,0,0,0.0000
13721,2011-12-10,"2011-11-03 14:05:00","2011-11-03 14:05:00",37,1,28,28,316,524.1400,524.1400,NULL,NULL,0,0,0,0,0.0000
13722,2011-12-10,"2011-03-02 11:43:00","2011-07-31 12:44:00",132,3,85,75,1401,2375.4100,791.8033,"2011-08-11 15:26:00","2011-08-11 15:26:00",1,1,1,1,6.2500
13723,2011-12-10,"2011-05-06 17:04:00","2011-05-06 17:04:00",218,1,6,6,43,199.8500,199.8500,NULL,NULL,0,0,0,0,0.0000
13725,2011-12-10,"2011-02-04 12:18:00","2011-10-21 10:03:00",50,8,104,95,806,1980.5600,247.5700,"2011-02-11 17:14:00","2011-09-29 11:34:00",3,14,14,147,170.7500
13726,2011-12-10,"2011-08-31 11:06:00","2011-11-01 10:49:00",39,2,42,39,1054,1079.6600,539.8300,NULL,NULL,0,0,0,0,0.0000
13727,2011-12-10,"2011-11-06 12:16:00","2011-11-11 09:46:00",29,2,20,19,162,333.4800,166.7400,NULL,NULL,0,0,0,0,0.0000
13728,2011-12-10,"2011-02-02 12:09:00","2011-11-03 10:49:00",37,6,63,38,458,1016.1400,169.3567,NULL,NULL,0,0,0,0,0.0000
13730,2011-12-10,"2011-07-01 12:47:00","2011-07-27 08:35:00",136,2,43,38,488,752.6000,376.3000,NULL,NULL,0,0,0,0,0.0000
13731,2011-12-10,"2011-04-07 10:10:00","2011-05-04 14:33:00",220,2,38,36,278,610.5900,305.2950,NULL,NULL,0,0,0,0,0.0000
13732,2011-12-10,"2011-11-11 15:49:00","2011-11-11 15:49:00",29,1,33,33,498,491.8600,491.8600,NULL,NULL,0,0,0,0,0.0000
13735,2011-12-10,"2011-04-19 13:49:00","2011-11-15 11:14:00",25,4,195,158,1128,2883.5400,720.8850,"2011-04-19 12:40:00","2011-11-15 10:34:00",4,12,12,47,119.0600
13736,2011-12-10,"2011-03-24 13:04:00","2011-12-04 15:19:00",6,2,190,166,496,729.8000,364.9000,"2011-03-24 13:09:00","2011-03-24 13:09:00",1,3,3,4,7.9000
13737,2011-12-10,"2011-05-23 16:32:00","2011-05-23 16:32:00",201,1,30,29,125,339.6000,339.6000,NULL,NULL,0,0,0,0,0.0000
13739,2011-12-10,"2011-11-21 13:35:00","2011-11-21 13:35:00",19,1,3,3,54,216.9000,216.9000,NULL,NULL,0,0,0,0,0.0000
13740,2011-12-10,"2011-04-13 10:32:00","2011-04-13 10:32:00",241,1,23,23,425,350.7500,350.7500,NULL,NULL,0,0,0,0,0.0000
13741,2011-12-10,"2011-05-06 13:43:00","2011-09-29 09:19:00",72,3,34,34,218,668.4300,222.8100,"2011-05-12 19:38:00","2011-05-12 19:38:00",1,1,1,1,2.1000
13742,2011-12-10,"2011-01-23 14:59:00","2011-11-23 11:07:00",17,12,313,200,1115,3107.8700,258.9892,"2011-01-23 15:48:00","2011-06-27 11:14:00",2,2,2,8,28.6000
13743,2011-12-10,"2011-03-25 14:46:00","2011-12-07 10:09:00",3,7,41,8,1776,1341.6000,191.6571,"2011-07-12 14:49:00","2011-07-12 14:49:00",1,1,1,1,1.4500
13744,2011-12-10,"2011-02-20 14:08:00","2011-09-05 15:19:00",96,2,63,54,1153,1080.5200,540.2600,NULL,NULL,0,0,0,0,0.0000
13745,2011-12-10,"2011-06-30 16:43:00","2011-06-30 16:43:00",163,1,25,25,496,300.0400,300.0400,"2011-07-11 14:21:00","2011-07-11 14:21:00",1,1,1,10,8.5000
13747,2011-12-10,"2010-12-01 10:37:00","2010-12-01 10:37:00",374,1,1,1,8,79.6000,79.6000,NULL,NULL,0,0,0,0,0.0000
13748,2011-12-10,"2010-12-01 09:00:00","2011-09-05 09:45:00",96,5,28,24,439,948.2500,189.6500,NULL,NULL,0,0,0,0,0.0000
13750,2011-12-10,"2011-01-07 11:49:00","2011-10-17 12:16:00",54,5,24,20,516,1647.2600,329.4520,NULL,NULL,0,0,0,0,0.0000
13751,2011-12-10,"2011-02-24 15:56:00","2011-02-24 15:56:00",289,1,9,9,152,296.2500,296.2500,NULL,NULL,0,0,0,0,0.0000
13752,2011-12-10,"2011-04-07 12:04:00","2011-08-07 14:16:00",125,6,74,63,873,1145.3800,190.8967,NULL,NULL,0,0,0,0,0.0000
13753,2011-12-10,"2011-02-25 12:48:00","2011-02-25 12:48:00",288,1,35,35,512,741.2600,741.2600,NULL,NULL,0,0,0,0,0.0000
13754,2011-12-10,"2011-01-26 14:58:00","2011-07-11 11:51:00",152,2,12,11,214,282.6000,141.3000,NULL,NULL,0,0,0,0,0.0000
13755,2011-12-10,"2011-10-07 15:45:00","2011-12-06 12:26:00",4,9,321,232,1242,2108.0600,234.2289,"2011-11-14 12:08:00","2011-11-14 12:08:00",1,1,1,23,6.6700
13756,2011-12-10,"2010-12-07 11:41:00","2011-12-07 16:44:00",3,14,142,66,3188,5189.5200,370.6800,"2011-11-21 14:40:00","2011-11-21 14:40:00",1,1,1,24,44.4000
13758,2011-12-10,"2010-12-01 12:08:00","2011-11-28 11:11:00",12,7,117,104,1844,3190.5500,455.7929,NULL,NULL,0,0,0,0,0.0000
13759,2011-12-10,"2011-09-29 15:40:00","2011-11-06 14:47:00",34,2,25,24,287,659.4100,329.7050,NULL,NULL,0,0,0,0,0.0000
13760,2011-12-10,"2011-03-28 12:52:00","2011-10-16 16:13:00",55,2,57,50,197,286.7900,143.3950,NULL,NULL,0,0,0,0,0.0000
13761,2011-12-10,"2011-06-13 08:43:00","2011-10-20 14:01:00",51,2,70,68,642,1070.6500,535.3250,NULL,NULL,0,0,0,0,0.0000
13762,2011-12-10,"2011-05-05 09:15:00","2011-05-05 09:15:00",219,1,7,7,272,306.7200,306.7200,"2011-05-19 15:23:00","2011-05-19 15:23:00",1,7,7,272,306.7200
13763,2011-12-10,"2011-10-07 15:13:00","2011-10-07 15:13:00",64,1,15,15,728,1714.9600,1714.9600,"2011-06-21 17:40:00","2011-07-04 14:53:00",2,2,2,3,25.5000
13764,2011-12-10,"2011-01-06 14:53:00","2011-09-30 12:03:00",71,3,206,182,923,1516.4200,505.4733,NULL,NULL,0,0,0,0,0.0000
13767,2011-12-10,"2010-12-01 10:47:00","2011-12-07 15:00:00",3,37,368,55,7322,17220.3600,465.4151,"2010-12-02 14:25:00","2011-11-10 14:48:00",15,31,14,64,274.6500
13769,2011-12-10,"2010-12-07 13:28:00","2011-12-07 15:08:00",3,10,135,73,1163,2796.5100,279.6510,"2010-12-14 11:56:00","2011-11-10 14:52:00",6,8,6,11,24.6400
13771,2011-12-10,"2011-04-06 15:47:00","2011-10-06 14:18:00",65,4,119,114,1477,2634.4500,658.6125,"2011-06-13 16:08:00","2011-06-13 16:08:00",1,1,1,1,2.7500
13772,2011-12-10,"2011-04-14 12:31:00","2011-11-06 11:43:00",34,3,173,141,540,1122.6300,374.2100,NULL,NULL,0,0,0,0,0.0000
13774,2011-12-10,"2011-09-19 12:06:00","2011-09-19 12:06:00",82,1,22,22,192,345.0000,345.0000,NULL,NULL,0,0,0,0,0.0000
13777,2011-12-10,"2010-12-01 16:01:00","2011-12-09 12:25:00",1,33,197,36,12897,25977.1600,787.1867,"2010-12-09 14:30:00","2011-11-30 14:46:00",7,20,16,90,219.0600
13778,2011-12-10,"2011-08-28 15:25:00","2011-08-28 15:25:00",104,1,9,9,70,178.7000,178.7000,NULL,NULL,0,0,0,0,0.0000
13780,2011-12-10,"2011-06-22 11:43:00","2011-12-02 13:49:00",8,2,57,56,318,360.0100,180.0050,NULL,NULL,0,0,0,0,0.0000
13781,2011-12-10,"2011-04-03 12:08:00","2011-04-03 12:08:00",251,1,17,17,30,127.8400,127.8400,NULL,NULL,0,0,0,0,0.0000
13782,2011-12-10,"2011-01-16 11:08:00","2011-11-27 11:54:00",13,6,113,96,369,908.8600,151.4767,NULL,NULL,0,0,0,0,0.0000
13784,2011-12-10,"2011-01-11 14:38:00","2011-11-30 09:33:00",10,11,31,9,2493,2462.7900,223.8900,NULL,NULL,0,0,0,0,0.0000
13786,2011-12-10,"2010-12-07 13:53:00","2010-12-07 13:53:00",368,1,7,7,136,230.4000,230.4000,NULL,NULL,0,0,0,0,0.0000
13787,2011-12-10,"2010-12-10 14:45:00","2011-09-25 12:06:00",76,2,31,24,337,309.0400,154.5200,NULL,NULL,0,0,0,0,0.0000
13790,2011-12-10,"2011-12-05 15:48:00","2011-12-05 15:48:00",5,1,45,45,748,348.8000,348.8000,NULL,NULL,0,0,0,0,0.0000
13791,2011-12-10,"2011-06-24 16:38:00","2011-08-04 11:44:00",128,2,11,7,1200,1516.0000,758.0000,"2011-10-27 14:38:00","2011-10-27 14:38:00",1,6,6,372,468.3200
13792,2011-12-10,"2011-02-25 14:03:00","2011-10-04 14:31:00",67,2,13,13,92,195.5500,97.7750,NULL,NULL,0,0,0,0,0.0000
13798,2011-12-10,"2010-12-02 17:24:00","2011-12-08 15:51:00",2,57,349,113,23948,37153.8500,651.8219,"2010-12-10 15:01:00","2011-10-07 12:11:00",6,89,35,433,800.9800
13799,2011-12-10,"2011-02-18 14:18:00","2011-08-15 12:07:00",117,2,39,32,402,688.8600,344.4300,NULL,NULL,0,0,0,0,0.0000
13800,2011-12-10,"2011-02-03 12:27:00","2011-02-03 12:27:00",310,1,33,33,331,558.3200,558.3200,NULL,NULL,0,0,0,0,0.0000
13801,2011-12-10,"2011-10-04 10:15:00","2011-10-04 10:15:00",67,1,23,23,168,324.8000,324.8000,NULL,NULL,0,0,0,0,0.0000
13802,2011-12-10,"2011-02-01 12:03:00","2011-07-24 10:54:00",139,3,60,55,2572,4599.4200,1533.1400,"2010-12-14 09:54:00","2011-07-24 13:26:00",3,6,6,291,693.1500
13803,2011-12-10,"2011-03-29 12:57:00","2011-03-29 12:57:00",256,1,17,17,121,277.0700,277.0700,NULL,NULL,0,0,0,0,0.0000
13804,2011-12-10,"2011-02-23 09:09:00","2011-11-09 12:32:00",31,7,135,124,1462,2588.3900,369.7700,NULL,NULL,0,0,0,0,0.0000
13805,2011-12-10,"2011-08-02 15:29:00","2011-10-18 14:50:00",53,2,13,10,1900,924.6000,462.3000,NULL,NULL,0,0,0,0,0.0000
13806,2011-12-10,"2011-10-07 11:43:00","2011-10-07 11:43:00",64,1,10,10,56,256.3800,256.3800,NULL,NULL,0,0,0,0,0.0000
13807,2011-12-10,"2010-12-07 15:48:00","2010-12-07 15:48:00",368,1,7,7,36,112.6000,112.6000,NULL,NULL,0,0,0,0,0.0000
13808,2011-12-10,"2011-09-04 12:07:00","2011-12-04 12:18:00",6,5,76,70,782,1747.6600,349.5320,NULL,NULL,0,0,0,0,0.0000
13809,2011-12-10,"2011-02-07 13:15:00","2011-02-07 13:15:00",306,1,12,11,29,155.0500,155.0500,NULL,NULL,0,0,0,0,0.0000
13810,2011-12-10,"2011-10-14 12:57:00","2011-11-11 08:33:00",29,2,32,30,307,827.5100,413.7550,NULL,NULL,0,0,0,0,0.0000
13811,2011-12-10,"2011-04-14 18:40:00","2011-06-09 09:54:00",184,2,10,5,63,519.7500,259.8750,NULL,NULL,0,0,0,0,0.0000
13812,2011-12-10,"2011-08-26 12:54:00","2011-10-28 14:27:00",43,3,33,32,330,485.0000,161.6667,NULL,NULL,0,0,0,0,0.0000
13813,2011-12-10,"2011-07-28 10:33:00","2011-10-31 10:38:00",40,4,65,53,541,1168.8600,292.2150,"2011-08-05 12:49:00","2011-08-05 12:49:00",1,2,2,2,13.4500
13814,2011-12-10,"2011-07-25 13:54:00","2011-09-08 13:48:00",93,2,57,37,864,1579.1200,789.5600,"2011-10-14 16:57:00","2011-10-14 16:57:00",1,1,1,2,17.0000
13815,2011-12-10,"2011-01-25 12:16:00","2011-11-17 14:19:00",23,4,173,131,2540,3667.3600,916.8400,"2011-07-14 11:00:00","2011-07-14 11:00:00",1,1,1,3,12.4500
13816,2011-12-10,"2011-10-06 14:37:00","2011-11-16 08:38:00",24,2,26,24,265,499.6700,249.8350,"2011-10-13 11:49:00","2011-11-14 13:13:00",2,5,5,9,16.6300
13817,2011-12-10,"2010-12-23 11:46:00","2011-11-10 17:49:00",30,2,22,19,208,328.9800,164.4900,NULL,NULL,0,0,0,0,0.0000
13819,2011-12-10,"2011-01-24 10:38:00","2011-02-11 10:38:00",302,3,36,26,1109,1140.3500,380.1167,NULL,NULL,0,0,0,0,0.0000
13821,2011-12-10,"2011-03-23 11:30:00","2011-07-18 09:49:00",145,2,59,51,153,385.6400,192.8200,NULL,NULL,0,0,0,0,0.0000
13822,2011-12-10,"2011-10-30 15:55:00","2011-12-04 12:13:00",6,2,96,90,611,632.0000,316.0000,NULL,NULL,0,0,0,0,0.0000
13823,2011-12-10,"2011-09-09 10:42:00","2011-11-21 10:22:00",19,2,40,39,439,957.6600,478.8300,NULL,NULL,0,0,0,0,0.0000
13824,2011-12-10,"2011-02-02 13:07:00","2011-11-07 12:41:00",33,5,46,34,768,1698.9400,339.7880,NULL,NULL,0,0,0,0,0.0000
13826,2011-12-10,"2011-06-16 13:48:00","2011-06-16 13:48:00",177,1,10,10,82,189.5000,189.5000,"2011-07-04 16:27:00","2011-07-04 16:27:00",1,1,1,1,9.9500
13827,2011-12-10,"2011-07-19 15:38:00","2011-10-13 12:38:00",58,3,92,83,138,409.8000,136.6000,NULL,NULL,0,0,0,0,0.0000
13828,2011-12-10,"2011-11-17 16:02:00","2011-11-17 16:02:00",23,1,15,15,311,209.4900,209.4900,NULL,NULL,0,0,0,0,0.0000
13831,2011-12-10,"2010-12-05 12:13:00","2011-11-23 15:41:00",17,6,72,58,743,2198.4500,366.4083,NULL,NULL,0,0,0,0,0.0000
13832,2011-12-10,"2011-11-20 15:36:00","2011-11-20 15:36:00",20,1,3,3,28,52.2000,52.2000,"2011-11-22 12:31:00","2011-11-22 12:31:00",1,1,1,3,11.2500
13833,2011-12-10,"2011-07-03 13:27:00","2011-07-03 13:27:00",160,1,28,28,117,383.8500,383.8500,NULL,NULL,0,0,0,0,0.0000
13835,2011-12-10,"2011-05-08 15:22:00","2011-11-14 15:37:00",26,4,55,48,442,834.5700,208.6425,NULL,NULL,0,0,0,0,0.0000
13837,2011-12-10,"2011-01-26 12:15:00","2011-05-12 12:10:00",212,2,18,17,182,266.5900,133.2950,NULL,NULL,0,0,0,0,0.0000
13838,2011-12-10,"2010-12-05 10:45:00","2011-12-04 11:00:00",6,4,165,144,254,674.8200,168.7050,NULL,NULL,0,0,0,0,0.0000
13841,2011-12-10,"2011-04-01 12:10:00","2011-04-01 12:10:00",253,1,1,1,100,85.0000,85.0000,NULL,NULL,0,0,0,0,0.0000
13842,2011-12-10,"2010-12-08 10:39:00","2011-10-12 10:51:00",59,9,206,155,1768,3385.6200,376.1800,NULL,NULL,0,0,0,0,0.0000
13844,2011-12-10,"2011-11-28 13:21:00","2011-11-28 13:21:00",12,1,20,20,196,361.6200,361.6200,NULL,NULL,0,0,0,0,0.0000
13845,2011-12-10,"2011-10-06 08:25:00","2011-10-06 08:25:00",65,1,9,9,182,312.9800,312.9800,NULL,NULL,0,0,0,0,0.0000
13846,2011-12-10,"2010-12-14 16:07:00","2011-11-15 12:07:00",25,3,55,55,388,865.0600,288.3533,"2011-04-08 12:09:00","2011-04-08 12:09:00",1,3,3,5,17.4500
13848,2011-12-10,"2010-12-08 15:10:00","2011-09-08 12:58:00",93,3,5,3,3700,1255.0000,418.3333,NULL,NULL,0,0,0,0,0.0000
13849,2011-12-10,"2011-06-22 10:11:00","2011-10-19 10:59:00",52,2,101,97,1016,1537.9500,768.9750,NULL,NULL,0,0,0,0,0.0000
13850,2011-12-10,"2011-08-02 14:04:00","2011-08-02 14:04:00",130,1,93,93,944,1595.4800,1595.4800,"2011-09-12 18:00:00","2011-09-12 18:00:00",1,1,1,3,8.6700
13851,2011-12-10,"2011-02-24 17:18:00","2011-09-05 12:36:00",96,3,81,77,1705,2651.4600,883.8200,NULL,NULL,0,0,0,0,0.0000
13853,2011-12-10,"2011-10-13 14:18:00","2011-10-13 14:18:00",58,1,23,23,312,1090.1400,1090.1400,"2011-12-01 08:12:00","2011-12-01 08:12:00",1,1,1,8,33.2000
13854,2011-12-10,"2010-12-09 10:48:00","2011-12-01 09:06:00",9,25,110,39,2296,8109.5200,324.3808,"2010-12-23 11:47:00","2011-06-03 09:18:00",4,4,3,18,84.5000
13856,2011-12-10,"2011-05-20 13:13:00","2011-06-24 10:03:00",169,3,14,10,494,388.5000,129.5000,"2011-06-13 11:53:00","2011-06-13 15:37:00",2,3,2,10,25.1000
13858,2011-12-10,"2011-10-13 16:17:00","2011-10-13 16:17:00",58,1,11,11,75,216.1700,216.1700,NULL,NULL,0,0,0,0,0.0000
13859,2011-12-10,"2011-01-17 16:14:00","2011-01-17 16:14:00",327,1,28,27,129,201.1600,201.1600,NULL,NULL,0,0,0,0,0.0000
13860,2011-12-10,"2011-09-14 09:27:00","2011-12-08 12:57:00",2,5,76,58,591,1245.9000,249.1800,"2011-09-19 16:37:00","2011-09-19 16:37:00",1,1,1,2,5.9000
13862,2011-12-10,"2011-01-11 15:13:00","2011-11-21 16:24:00",19,8,139,97,1688,2209.3600,276.1700,"2011-01-14 17:11:00","2011-06-07 15:42:00",2,3,3,6,22.0500
13863,2011-12-10,"2011-04-06 10:20:00","2011-04-06 10:20:00",248,1,20,20,224,305.7800,305.7800,"2011-04-08 17:03:00","2011-04-08 17:03:00",1,2,2,5,6.2200
13865,2011-12-10,"2011-02-23 12:04:00","2011-10-12 13:31:00",59,4,30,26,204,501.5600,125.3900,NULL,NULL,0,0,0,0,0.0000
13866,2011-12-10,"2011-09-26 14:54:00","2011-09-26 14:54:00",75,1,7,7,57,145.6700,145.6700,NULL,NULL,0,0,0,0,0.0000
13867,2011-12-10,"2011-05-05 17:28:00","2011-11-08 15:48:00",32,3,60,51,501,1005.0900,335.0300,NULL,NULL,0,0,0,0,0.0000
13868,2011-12-10,"2011-11-01 12:45:00","2011-12-02 16:32:00",8,2,33,32,1964,3192.5400,1596.2700,NULL,NULL,0,0,0,0,0.0000
13869,2011-12-10,"2010-12-17 15:14:00","2011-08-08 13:53:00",124,4,304,234,1709,3083.6500,770.9125,NULL,NULL,0,0,0,0,0.0000
13870,2011-12-10,"2011-02-25 09:09:00","2011-12-07 13:23:00",3,8,115,91,1325,2770.9400,346.3675,"2011-06-28 11:31:00","2011-11-02 12:35:00",2,3,3,5,19.6900
13871,2011-12-10,"2011-02-04 09:30:00","2011-11-17 10:49:00",23,13,336,155,2806,6403.2500,492.5577,"2011-09-15 16:28:00","2011-09-15 16:28:00",1,2,2,5,13.4500
13873,2011-12-10,"2011-02-03 09:37:00","2011-08-12 10:08:00",120,3,23,21,140,389.6000,129.8667,"2011-02-08 14:32:00","2011-02-08 14:32:00",1,1,1,2,7.9000
13874,2011-12-10,"2010-12-16 18:20:00","2010-12-16 18:20:00",359,1,18,18,180,540.4500,540.4500,NULL,NULL,0,0,0,0,0.0000
13875,2011-12-10,"2011-02-11 15:39:00","2011-10-17 09:36:00",54,5,104,79,1316,1786.7900,357.3580,NULL,NULL,0,0,0,0,0.0000
13876,2011-12-10,"2011-10-07 10:22:00","2011-10-07 10:22:00",64,1,7,7,36,122.7000,122.7000,NULL,NULL,0,0,0,0,0.0000
13877,2011-12-10,"2011-09-14 15:49:00","2011-09-14 15:49:00",87,1,3,3,108,117.2400,117.2400,NULL,NULL,0,0,0,0,0.0000
13878,2011-12-10,"2011-10-16 12:19:00","2011-10-16 12:19:00",55,1,35,35,463,1271.5700,1271.5700,NULL,NULL,0,0,0,0,0.0000
13880,2011-12-10,"2010-12-07 14:00:00","2011-11-18 13:44:00",22,13,165,125,1842,3219.7700,247.6746,NULL,NULL,0,0,0,0,0.0000
13881,2011-12-10,"2011-02-01 10:14:00","2011-12-06 12:50:00",4,20,178,72,10118,17159.5200,857.9760,"2011-06-29 10:30:00","2011-11-11 11:15:00",2,2,2,56,170.0000
13882,2011-12-10,"2011-10-06 15:28:00","2011-12-07 11:16:00",3,5,65,54,953,1191.1300,238.2260,"2011-11-01 10:01:00","2011-11-01 10:01:00",1,1,1,3,59.8500
13883,2011-12-10,"2011-03-31 17:17:00","2011-11-29 10:45:00",11,5,142,108,1436,2674.4800,534.8960,"2011-01-17 16:45:00","2011-12-08 19:20:00",4,12,11,67,132.2300
13884,2011-12-10,"2011-03-01 13:40:00","2011-12-02 16:30:00",8,5,59,45,300,787.6000,157.5200,"2011-03-07 12:54:00","2011-03-07 12:54:00",1,1,1,3,6.3000
13885,2011-12-10,"2011-05-23 08:52:00","2011-06-03 15:07:00",190,2,28,28,182,506.8000,253.4000,NULL,NULL,0,0,0,0,0.0000
13886,2011-12-10,"2011-09-29 13:17:00","2011-09-29 13:17:00",72,1,16,16,126,243.5600,243.5600,NULL,NULL,0,0,0,0,0.0000
13887,2011-12-10,"2011-05-19 17:22:00","2011-05-19 17:22:00",205,1,19,19,147,349.5500,349.5500,NULL,NULL,0,0,0,0,0.0000
13888,2011-12-10,"2011-05-05 14:41:00","2011-08-12 10:13:00",120,2,39,38,254,595.6700,297.8350,NULL,NULL,0,0,0,0,0.0000
13889,2011-12-10,"2011-09-08 09:13:00","2011-09-08 09:13:00",93,1,15,15,146,416.9000,416.9000,NULL,NULL,0,0,0,0,0.0000
13890,2011-12-10,"2010-12-16 09:31:00","2011-12-08 15:36:00",2,10,110,74,831,1883.8100,188.3810,"2011-01-26 17:11:00","2011-11-21 11:29:00",4,4,3,5,22.9500
13892,2011-12-10,"2011-04-07 12:04:00","2011-11-13 11:50:00",27,4,27,26,983,632.9700,158.2425,NULL,NULL,0,0,0,0,0.0000
13893,2011-12-10,"2011-02-15 11:30:00","2011-02-15 11:30:00",298,1,21,21,190,821.1000,821.1000,NULL,NULL,0,0,0,0,0.0000
13894,2011-12-10,"2011-02-02 12:54:00","2011-11-16 09:44:00",24,3,27,25,354,564.6200,188.2067,"2011-02-10 16:33:00","2011-11-17 13:35:00",2,3,3,15,28.6500
13895,2011-12-10,"2011-06-28 10:17:00","2011-11-11 16:57:00",29,4,118,97,1365,2593.0700,648.2675,"2011-11-18 17:15:00","2011-11-18 17:15:00",1,1,1,1,4.9500
13897,2011-12-10,"2011-10-20 14:30:00","2011-10-20 14:30:00",51,1,17,17,200,311.1600,311.1600,NULL,NULL,0,0,0,0,0.0000
13898,2011-12-10,"2011-01-18 10:28:00","2011-01-18 10:28:00",326,1,12,12,133,155.9300,155.9300,NULL,NULL,0,0,0,0,0.0000
13899,2011-12-10,"2011-03-10 09:30:00","2011-11-23 13:40:00",17,2,19,19,156,388.5200,194.2600,NULL,NULL,0,0,0,0,0.0000
13900,2011-12-10,"2011-03-22 10:13:00","2011-06-09 19:26:00",184,3,43,42,430,740.9500,246.9833,NULL,NULL,0,0,0,0,0.0000
13901,2011-12-10,"2011-01-25 09:01:00","2011-09-28 14:48:00",73,5,149,144,1739,2867.2000,573.4400,NULL,NULL,0,0,0,0,0.0000
13904,2011-12-10,"2011-02-18 11:18:00","2011-11-02 13:41:00",38,2,26,24,332,332.6400,166.3200,NULL,NULL,0,0,0,0,0.0000
13908,2011-12-10,"2011-03-08 12:04:00","2011-09-21 11:49:00",80,4,121,103,1477,2319.5500,579.8875,"2011-05-12 19:43:00","2011-05-12 19:43:00",1,4,4,8,22.5000
13911,2011-12-10,"2011-02-04 14:46:00","2011-10-13 15:43:00",58,9,148,120,2731,2580.9100,286.7678,NULL,NULL,0,0,0,0,0.0000
13914,2011-12-10,"2011-11-03 16:28:00","2011-11-28 10:35:00",12,2,33,28,380,626.4500,313.2250,"2011-12-06 10:54:00","2011-12-06 10:54:00",1,1,1,1,12.5000
13917,2011-12-10,"2011-06-01 12:46:00","2011-10-21 09:56:00",50,2,18,16,228,272.0400,136.0200,NULL,NULL,0,0,0,0,0.0000
13918,2011-12-10,"2011-03-31 18:05:00","2011-10-21 12:25:00",50,2,30,30,1140,1212.8400,606.4200,NULL,NULL,0,0,0,0,0.0000
13919,2011-12-10,"2011-08-10 10:15:00","2011-10-11 14:24:00",60,2,26,23,472,348.8100,174.4050,"2011-10-17 15:24:00","2011-10-17 15:24:00",1,5,5,37,34.6500
13922,2011-12-10,"2010-12-23 10:38:00","2010-12-23 10:38:00",352,1,7,7,93,172.2500,172.2500,NULL,NULL,0,0,0,0,0.0000
13923,2011-12-10,"2011-10-17 12:33:00","2011-10-17 12:33:00",54,1,20,20,185,351.1300,351.1300,NULL,NULL,0,0,0,0,0.0000
13924,2011-12-10,"2011-09-28 15:07:00","2011-12-08 09:39:00",2,6,117,90,1575,1838.8500,306.4750,"2011-10-06 15:46:00","2011-11-30 11:05:00",5,20,13,43,156.7700
13925,2011-12-10,"2011-07-28 12:09:00","2011-09-08 12:47:00",93,4,41,28,331,678.2500,169.5625,"2011-08-18 06:30:00","2011-11-03 13:00:00",2,4,4,4,61.6000
13926,2011-12-10,"2011-11-16 13:16:00","2011-11-16 13:16:00",24,1,11,11,104,223.8500,223.8500,NULL,NULL,0,0,0,0,0.0000
13927,2011-12-10,"2011-09-26 12:00:00","2011-09-26 12:00:00",75,1,21,21,214,348.9900,348.9900,NULL,NULL,0,0,0,0,0.0000
13928,2011-12-10,"2011-07-29 15:59:00","2011-11-29 10:33:00",11,4,27,23,129,464.5700,116.1425,NULL,NULL,0,0,0,0,0.0000
13929,2011-12-10,"2011-01-17 15:11:00","2011-06-23 15:26:00",170,2,9,8,143,842.6500,421.3250,"2011-01-21 16:11:00","2011-01-21 16:11:00",1,1,1,4,39.8000
13930,2011-12-10,"2011-07-26 11:00:00","2011-10-13 09:45:00",58,2,17,15,274,337.3400,168.6700,NULL,NULL,0,0,0,0,0.0000
13931,2011-12-10,"2011-03-04 08:43:00","2011-09-05 10:12:00",96,2,58,56,725,1237.5300,618.7650,"2011-09-15 10:03:00","2011-09-15 10:03:00",1,1,1,4,6.6000
13932,2011-12-10,"2011-02-18 12:02:00","2011-02-18 12:02:00",295,1,16,16,72,307.4000,307.4000,NULL,NULL,0,0,0,0,0.0000
13933,2011-12-10,"2011-07-14 13:35:00","2011-08-22 14:03:00",110,2,23,23,205,608.7900,304.3950,NULL,NULL,0,0,0,0,0.0000
13934,2011-12-10,"2011-03-21 08:39:00","2011-03-21 08:39:00",264,1,31,31,390,922.1000,922.1000,NULL,NULL,0,0,0,0,0.0000
13936,2011-12-10,"2011-06-13 08:47:00","2011-06-13 08:47:00",180,1,26,26,330,376.5800,376.5800,"2011-06-21 17:44:00","2011-06-21 17:44:00",1,1,1,6,15.3000
13937,2011-12-10,"2011-06-23 16:35:00","2011-06-23 16:35:00",170,1,9,9,123,158.8500,158.8500,NULL,NULL,0,0,0,0,0.0000
13938,2011-12-10,"2011-11-04 14:37:00","2011-11-04 14:37:00",36,1,7,7,70,71.6600,71.6600,NULL,NULL,0,0,0,0,0.0000
13939,2011-12-10,"2011-02-01 11:30:00","2011-11-16 13:33:00",24,3,45,43,847,568.5500,189.5167,"2011-02-02 12:40:00","2011-02-02 12:40:00",1,1,1,4,11.8000
13940,2011-12-10,"2011-07-18 16:05:00","2011-11-22 15:15:00",18,4,49,39,516,839.1400,209.7850,NULL,NULL,0,0,0,0,0.0000
13941,2011-12-10,"2010-12-02 10:17:00","2011-11-18 09:43:00",22,5,45,24,2364,5112.9600,1022.5920,"2010-12-03 16:21:00","2011-07-19 15:47:00",2,2,2,57,200.5500
13946,2011-12-10,"2011-03-17 10:02:00","2011-09-21 13:33:00",80,3,11,11,443,561.5700,187.1900,NULL,NULL,0,0,0,0,0.0000
13947,2011-12-10,"2011-10-05 14:42:00","2011-10-05 14:42:00",66,1,5,5,44,90.6000,90.6000,NULL,NULL,0,0,0,0,0.0000
13948,2011-12-10,"2010-12-14 10:18:00","2010-12-14 10:18:00",361,1,3,3,40,102.0000,102.0000,NULL,NULL,0,0,0,0,0.0000
13949,2011-12-10,"2011-09-06 11:55:00","2011-12-07 09:35:00",3,6,160,124,2474,2427.3200,404.5533,NULL,NULL,0,0,0,0,0.0000
13950,2011-12-10,"2011-04-07 11:29:00","2011-11-28 14:44:00",12,4,34,32,322,730.0600,182.5150,"2011-11-15 12:16:00","2011-11-15 12:16:00",1,1,1,2,16.5000
13951,2011-12-10,"2011-02-18 15:21:00","2011-06-16 16:43:00",177,3,39,38,459,674.4500,224.8167,NULL,NULL,0,0,0,0,0.0000
13952,2011-12-10,"2011-04-15 09:27:00","2011-05-06 09:00:00",218,2,136,119,1430,3251.0700,1625.5350,"2011-05-12 19:27:00","2011-05-12 19:27:00",1,1,1,6,4.9800
13953,2011-12-10,"2010-12-22 10:29:00","2011-12-02 16:04:00",8,7,20,8,2724,3515.6800,502.2400,NULL,NULL,0,0,0,0,0.0000
13954,2011-12-10,"2011-09-30 10:52:00","2011-12-08 12:50:00",2,2,25,24,150,439.9200,219.9600,"2011-10-13 10:49:00","2011-10-13 10:49:00",1,5,5,9,61.3300
13955,2011-12-10,"2011-02-07 12:24:00","2011-07-08 17:19:00",155,2,33,33,154,322.9600,161.4800,NULL,NULL,0,0,0,0,0.0000
13956,2011-12-10,"2011-03-13 12:51:00","2011-12-04 13:20:00",6,5,147,123,486,1019.2700,203.8540,NULL,NULL,0,0,0,0,0.0000
13959,2011-12-10,"2010-12-12 13:56:00","2011-09-21 15:06:00",80,3,90,79,355,594.0400,198.0133,NULL,NULL,0,0,0,0,0.0000
13960,2011-12-10,"2011-09-29 12:39:00","2011-11-18 15:27:00",22,2,12,11,142,230.2200,115.1100,NULL,NULL,0,0,0,0,0.0000
13962,2011-12-10,"2011-04-08 11:21:00","2011-11-18 08:47:00",22,2,11,11,87,169.5500,84.7750,NULL,NULL,0,0,0,0,0.0000
13963,2011-12-10,"2010-12-07 09:21:00","2011-02-04 14:43:00",309,4,35,35,460,664.5400,166.1350,NULL,NULL,0,0,0,0,0.0000
13967,2011-12-10,"2011-07-17 12:02:00","2011-07-17 12:02:00",146,1,2,2,42,80.7000,80.7000,NULL,NULL,0,0,0,0,0.0000
13969,2011-12-10,"2010-12-09 19:32:00","2011-12-02 15:11:00",8,18,619,334,4528,9024.1700,501.3428,"2011-10-27 15:04:00","2011-12-02 15:09:00",2,7,7,59,67.2500
13971,2011-12-10,"2011-02-27 12:27:00","2011-11-21 12:06:00",19,8,149,118,1844,2758.2600,344.7825,"2011-03-17 18:16:00","2011-12-01 08:27:00",3,9,8,26,56.0400
13972,2011-12-10,"2011-05-22 11:34:00","2011-09-30 11:54:00",71,2,15,15,187,190.2500,95.1250,NULL,NULL,0,0,0,0,0.0000
13973,2011-12-10,"2011-02-25 15:21:00","2011-02-25 15:21:00",288,1,11,11,109,264.7000,264.7000,NULL,NULL,0,0,0,0,0.0000
13974,2011-12-10,"2011-10-21 14:41:00","2011-10-21 14:41:00",50,1,28,28,249,413.5900,413.5900,NULL,NULL,0,0,0,0,0.0000
13975,2011-12-10,"2011-03-08 12:19:00","2011-11-08 13:19:00",32,6,329,240,1697,2461.2400,410.2067,"2011-03-11 09:48:00","2011-03-11 09:48:00",1,2,2,7,23.0500
13976,2011-12-10,"2011-05-17 09:13:00","2011-05-17 09:13:00",207,1,10,10,154,357.9800,357.9800,NULL,NULL,0,0,0,0,0.0000
13978,2011-12-10,"2011-10-25 15:04:00","2011-11-25 11:36:00",15,2,15,14,315,196.7900,98.3950,NULL,NULL,0,0,0,0,0.0000
13979,2011-12-10,"2011-09-27 13:32:00","2011-09-27 13:32:00",74,1,54,54,639,869.8700,869.8700,NULL,NULL,0,0,0,0,0.0000
13980,2011-12-10,"2011-10-10 13:34:00","2011-10-10 13:34:00",61,1,11,11,172,200.1400,200.1400,NULL,NULL,0,0,0,0,0.0000
13982,2011-12-10,"2010-12-09 13:57:00","2011-10-31 16:24:00",40,4,111,72,1136,1871.8100,467.9525,"2011-06-29 15:14:00","2011-06-29 15:14:00",1,4,4,4,10.7000
13983,2011-12-10,"2010-12-08 10:38:00","2011-11-10 11:06:00",30,12,107,91,1183,2603.4300,216.9525,"2011-10-06 18:39:00","2011-10-06 18:39:00",1,5,5,13,12.9700
13984,2011-12-10,"2010-12-08 15:58:00","2011-11-13 12:38:00",27,5,16,14,679,920.5100,184.1020,"2011-07-07 17:16:00","2011-07-07 17:16:00",1,1,1,408,432.4800
13985,2011-12-10,"2011-03-20 13:48:00","2011-12-05 17:06:00",5,15,349,108,3445,7060.1300,470.6753,"2011-06-10 12:14:00","2011-06-10 12:14:00",1,2,2,8,35.6000
13986,2011-12-10,"2011-11-22 15:00:00","2011-11-22 15:00:00",18,1,13,12,430,320.4600,320.4600,NULL,NULL,0,0,0,0,0.0000
13988,2011-12-10,"2011-03-30 11:48:00","2011-11-20 10:15:00",20,6,234,188,3044,4147.9600,691.3267,"2011-05-27 11:00:00","2011-11-10 14:28:00",3,5,5,19,49.1600
13989,2011-12-10,"2011-04-14 15:39:00","2011-10-05 09:47:00",66,2,41,33,1313,1266.0800,633.0400,NULL,NULL,0,0,0,0,0.0000
13990,2011-12-10,"2011-05-10 15:19:00","2011-05-10 15:19:00",214,1,16,16,190,311.3000,311.3000,NULL,NULL,0,0,0,0,0.0000
13991,2011-12-10,"2011-07-19 12:58:00","2011-11-27 16:18:00",13,6,81,57,994,851.8800,141.9800,"2011-10-27 14:27:00","2011-10-27 14:27:00",1,2,2,2,5.3400
13992,2011-12-10,"2011-11-09 15:23:00","2011-11-09 15:23:00",31,1,5,5,64,76.8000,76.8000,NULL,NULL,0,0,0,0,0.0000
13993,2011-12-10,"2011-01-13 10:43:00","2011-10-28 09:06:00",43,9,120,65,899,3451.3600,383.4844,"2011-04-27 16:53:00","2011-11-07 13:00:00",3,4,3,8,56.7000
13994,2011-12-10,"2011-07-14 18:28:00","2011-12-06 11:05:00",4,6,148,122,932,2274.1400,379.0233,NULL,NULL,0,0,0,0,0.0000
13995,2011-12-10,"2011-04-08 08:20:00","2011-11-24 14:22:00",16,5,86,55,879,1393.6900,278.7380,"2011-04-11 16:05:00","2011-04-11 16:05:00",1,1,1,12,10.2000
13999,2011-12-10,"2010-12-13 11:23:00","2011-11-29 13:40:00",11,12,208,102,2243,3901.8100,325.1508,"2011-06-21 17:43:00","2011-09-14 15:38:00",3,4,3,12,36.5500
14000,2011-12-10,"2011-05-12 16:50:00","2011-05-12 16:50:00",212,1,15,15,710,635.6600,635.6600,"2011-05-17 13:44:00","2011-05-17 13:44:00",1,1,1,3,1.9500
14001,2011-12-10,"2010-12-01 12:58:00","2011-10-25 10:31:00",46,3,39,34,962,2043.0800,681.0267,NULL,NULL,0,0,0,0,0.0000
14002,2011-12-10,"2011-07-06 14:59:00","2011-07-28 15:55:00",135,2,47,47,877,529.7300,264.8650,NULL,NULL,0,0,0,0,0.0000
14004,2011-12-10,"2011-02-24 09:28:00","2011-10-27 14:40:00",44,7,171,102,2668,4582.6400,654.6629,NULL,NULL,0,0,0,0,0.0000
14005,2011-12-10,"2011-05-08 10:33:00","2011-11-30 12:41:00",10,5,84,53,2478,2874.7200,574.9440,NULL,NULL,0,0,0,0,0.0000
14006,2011-12-10,"2011-01-31 15:11:00","2011-08-16 09:39:00",116,3,30,22,641,962.1900,320.7300,NULL,NULL,0,0,0,0,0.0000
14009,2011-12-10,"2011-05-18 13:00:00","2011-05-25 15:47:00",199,2,42,42,365,695.6100,347.8050,"2011-05-23 17:14:00","2011-05-23 17:14:00",1,2,2,4,9.6800
14012,2011-12-10,"2011-03-07 12:26:00","2011-03-07 12:26:00",278,1,11,11,160,328.8000,328.8000,NULL,NULL,0,0,0,0,0.0000
14013,2011-12-10,"2011-03-09 08:59:00","2011-08-21 15:01:00",111,3,34,30,462,473.0200,157.6733,NULL,NULL,0,0,0,0,0.0000
14014,2011-12-10,"2011-09-23 13:18:00","2011-09-23 13:18:00",78,1,39,39,1076,505.1800,505.1800,NULL,NULL,0,0,0,0,0.0000
14015,2011-12-10,"2011-10-18 10:02:00","2011-10-18 10:02:00",53,1,20,20,378,917.3400,917.3400,NULL,NULL,0,0,0,0,0.0000
14016,2011-12-10,"2010-12-17 14:21:00","2011-07-01 11:29:00",162,4,160,153,2124,4291.2100,1072.8025,"2011-07-08 14:27:00","2011-07-08 14:27:00",1,1,1,1,12.7500
14019,2011-12-10,"2011-07-24 15:39:00","2011-10-24 10:13:00",47,3,66,37,1037,1421.6100,473.8700,"2011-09-15 16:45:00","2011-09-15 16:45:00",1,2,2,3,22.6500
14020,2011-12-10,"2011-09-12 15:32:00","2011-11-23 09:22:00",17,2,39,37,441,642.8000,321.4000,NULL,NULL,0,0,0,0,0.0000
14021,2011-12-10,"2011-03-28 15:10:00","2011-07-07 15:46:00",156,3,22,22,192,631.9000,210.6333,NULL,NULL,0,0,0,0,0.0000
14022,2011-12-10,"2011-04-28 14:39:00","2011-04-28 14:39:00",226,1,28,28,487,440.0000,440.0000,NULL,NULL,0,0,0,0,0.0000
14023,2011-12-10,"2011-04-03 15:50:00","2011-12-02 13:58:00",8,2,31,30,345,584.0700,292.0350,NULL,NULL,0,0,0,0,0.0000
14024,2011-12-10,"2011-08-07 13:31:00","2011-08-10 11:30:00",122,2,16,16,150,327.7000,163.8500,NULL,NULL,0,0,0,0,0.0000
14027,2011-12-10,"2011-10-10 09:01:00","2011-10-10 09:01:00",61,1,6,6,62,104.8200,104.8200,NULL,NULL,0,0,0,0,0.0000
14029,2011-12-10,"2011-07-18 16:57:00","2011-10-07 14:46:00",64,2,15,15,198,467.6600,233.8300,NULL,NULL,0,0,0,0,0.0000
14030,2011-12-10,"2010-12-08 16:11:00","2011-11-21 16:48:00",19,8,242,210,1478,2358.8400,294.8550,NULL,NULL,0,0,0,0,0.0000
14031,2011-12-10,"2010-12-02 16:34:00","2011-12-02 17:13:00",8,19,250,119,5788,17286.8600,909.8347,"2010-12-09 17:32:00","2011-10-03 16:49:00",4,8,8,418,2652.2200
14032,2011-12-10,"2010-12-08 10:53:00","2011-12-07 15:23:00",3,11,143,53,2032,2975.5900,270.5082,"2010-12-14 10:01:00","2011-11-23 11:34:00",7,9,8,24,45.7500
14034,2011-12-10,"2011-07-05 13:06:00","2011-11-17 14:02:00",23,3,86,82,420,648.8900,216.2967,"2011-07-05 13:10:00","2011-07-05 13:10:00",1,3,3,108,139.8000
14035,2011-12-10,"2011-02-15 12:48:00","2011-11-11 10:03:00",29,5,65,40,738,1413.0200,282.6040,NULL,NULL,0,0,0,0,0.0000
14036,2011-12-10,"2011-02-28 09:26:00","2011-02-28 09:26:00",285,1,38,38,268,626.6500,626.6500,NULL,NULL,0,0,0,0,0.0000
14037,2011-12-10,"2010-12-10 11:39:00","2011-06-16 13:57:00",177,2,28,27,46,147.2000,73.6000,NULL,NULL,0,0,0,0,0.0000
14038,2011-12-10,"2011-05-16 14:05:00","2011-09-22 13:37:00",79,3,92,64,965,1560.3800,520.1267,"2011-05-23 17:29:00","2011-05-23 17:29:00",1,1,1,2,5.9000
14039,2011-12-10,"2011-11-06 13:48:00","2011-11-06 13:48:00",34,1,6,6,92,152.2000,152.2000,NULL,NULL,0,0,0,0,0.0000
14040,2011-12-10,"2011-01-12 14:57:00","2011-10-30 12:42:00",41,12,229,146,1544,3560.3200,296.6933,"2011-06-21 17:25:00","2011-09-06 14:05:00",2,5,5,29,68.6800
14041,2011-12-10,"2011-03-18 13:25:00","2011-03-18 13:25:00",267,1,21,21,94,141.4100,141.4100,NULL,NULL,0,0,0,0,0.0000
14044,2011-12-10,"2011-02-03 11:39:00","2011-11-13 12:05:00",27,4,206,165,304,646.4200,161.6050,NULL,NULL,0,0,0,0,0.0000
14045,2011-12-10,"2010-12-01 11:32:00","2011-08-22 15:27:00",110,4,6,4,535,1659.7500,414.9375,NULL,NULL,0,0,0,0,0.0000
14046,2011-12-10,"2011-02-28 14:48:00","2011-02-28 14:48:00",285,1,13,13,443,151.5900,151.5900,NULL,NULL,0,0,0,0,0.0000
14047,2011-12-10,"2010-12-02 10:09:00","2011-12-01 11:43:00",9,5,32,22,381,1308.6100,261.7220,"2010-12-09 15:01:00","2011-01-07 09:21:00",2,2,1,4,18.6000
14048,2011-12-10,"2011-02-07 14:53:00","2011-02-07 14:53:00",306,1,85,83,288,409.9300,409.9300,"2011-03-07 13:49:00","2011-03-07 13:49:00",1,3,3,14,34.8000
14049,2011-12-10,"2011-01-26 11:27:00","2011-11-23 12:20:00",17,4,478,348,3808,5578.7200,1394.6800,"2011-01-26 10:30:00","2011-11-23 10:30:00",2,17,15,24,42.5700
14050,2011-12-10,"2011-08-25 13:46:00","2011-11-08 10:00:00",32,2,54,49,689,746.3600,373.1800,NULL,NULL,0,0,0,0,0.0000
14051,2011-12-10,"2010-12-08 12:49:00","2011-12-09 10:20:00",1,23,209,51,3755,15595.3900,678.0604,"2011-03-07 11:18:00","2011-05-17 15:24:00",3,5,5,15,133.0500
14052,2011-12-10,"2011-11-20 12:30:00","2011-11-20 12:30:00",20,1,56,56,89,225.3600,225.3600,NULL,NULL,0,0,0,0,0.0000
14053,2011-12-10,"2011-07-03 12:21:00","2011-08-07 14:27:00",125,2,4,2,215,260.2500,130.1250,NULL,NULL,0,0,0,0,0.0000
14054,2011-12-10,"2011-10-05 15:49:00","2011-10-05 15:49:00",66,1,6,6,62,92.4600,92.4600,NULL,NULL,0,0,0,0,0.0000
14055,2011-12-10,"2011-08-25 15:04:00","2011-08-25 15:04:00",107,1,10,10,216,725.6400,725.6400,NULL,NULL,0,0,0,0,0.0000
14056,2011-12-10,"2011-02-28 15:19:00","2011-12-08 13:36:00",2,23,1088,320,4252,8152.7100,354.4657,"2011-05-06 16:44:00","2011-10-18 15:33:00",6,21,20,39,89.4100
14057,2011-12-10,"2010-12-14 12:11:00","2011-11-16 10:32:00",24,17,283,179,4873,6211.6600,365.3918,"2011-03-10 12:04:00","2011-03-10 12:04:00",1,7,7,168,70.5600
14059,2011-12-10,"2011-03-18 10:06:00","2011-03-18 10:06:00",267,1,8,8,128,183.6000,183.6000,NULL,NULL,0,0,0,0,0.0000
14060,2011-12-10,"2010-12-02 12:11:00","2011-12-05 12:29:00",5,19,202,86,5386,6140.4200,323.1800,"2011-09-15 09:51:00","2011-09-15 09:51:00",1,1,1,12,5.0400
14062,2011-12-10,"2010-12-10 15:56:00","2011-11-30 10:04:00",10,12,111,60,5593,10464.8500,872.0708,NULL,NULL,0,0,0,0,0.0000
14064,2011-12-10,"2011-03-10 12:59:00","2011-11-10 13:14:00",30,5,77,59,1772,1334.3400,266.8680,"2011-04-13 14:24:00","2011-11-10 12:04:00",2,2,2,438,165.4200
14066,2011-12-10,"2011-03-18 12:21:00","2011-03-18 12:21:00",267,1,7,7,45,152.5500,152.5500,NULL,NULL,0,0,0,0,0.0000
14067,2011-12-10,"2011-09-04 12:00:00","2011-10-07 10:21:00",64,2,52,51,361,374.7000,187.3500,NULL,NULL,0,0,0,0,0.0000
14068,2011-12-10,"2011-01-23 16:02:00","2011-01-23 16:02:00",321,1,24,22,73,265.8500,265.8500,NULL,NULL,0,0,0,0,0.0000
14071,2011-12-10,"2011-03-20 11:33:00","2011-12-06 12:27:00",4,8,321,270,956,1422.7500,177.8438,"2011-04-12 11:58:00","2011-04-12 11:58:00",1,9,9,95,131.4100
14073,2011-12-10,"2011-11-07 15:49:00","2011-11-07 15:49:00",33,1,13,13,130,151.0400,151.0400,"2011-11-18 16:14:00","2011-11-18 16:14:00",1,1,1,2,11.5000
14075,2011-12-10,"2011-03-23 16:35:00","2011-12-05 08:38:00",5,3,43,33,754,942.2600,314.0867,NULL,NULL,0,0,0,0,0.0000
14076,2011-12-10,"2011-08-02 15:19:00","2011-08-02 15:19:00",130,1,44,43,79,118.6700,118.6700,NULL,NULL,0,0,0,0,0.0000
14077,2011-12-10,"2011-03-10 15:52:00","2011-10-30 12:35:00",41,5,42,33,268,499.4200,99.8840,NULL,NULL,0,0,0,0,0.0000
14078,2011-12-10,"2010-12-01 12:54:00","2011-08-30 12:16:00",102,6,65,46,310,1049.3700,174.8950,NULL,NULL,0,0,0,0,0.0000
14079,2011-12-10,"2011-08-07 12:10:00","2011-08-07 12:10:00",125,1,12,12,301,375.1000,375.1000,NULL,NULL,0,0,0,0,0.0000
14080,2011-12-10,"2011-11-07 11:09:00","2011-11-07 11:09:00",33,1,4,4,48,45.6000,45.6000,NULL,NULL,0,0,0,0,0.0000
14081,2011-12-10,"2010-12-05 15:47:00","2011-02-10 16:17:00",303,2,150,126,592,921.6200,460.8100,"2011-02-10 14:52:00","2011-03-17 14:24:00",2,3,3,3,29.8500
14082,2011-12-10,"2010-12-10 11:02:00","2010-12-10 11:02:00",365,1,29,28,110,182.2500,182.2500,NULL,NULL,0,0,0,0,0.0000
14083,2011-12-10,"2010-12-03 12:24:00","2011-12-05 13:14:00",5,9,177,162,705,1002.9000,111.4333,NULL,NULL,0,0,0,0,0.0000
14085,2011-12-10,"2010-12-06 12:39:00","2011-12-07 13:46:00",3,18,448,272,3177,4421.2900,245.6272,"2010-12-13 13:28:00","2010-12-13 13:28:00",1,1,1,1,12.7500
14087,2011-12-10,"2011-12-07 12:41:00","2011-12-07 12:41:00",3,1,68,61,250,191.4700,191.4700,"2011-12-07 12:28:00","2011-12-07 12:28:00",1,1,1,1,12.7500
14088,2011-12-10,"2011-01-21 13:07:00","2011-11-29 16:16:00",11,13,589,379,12665,50491.8100,3883.9854,"2011-07-13 13:56:00","2011-07-13 13:56:00",1,1,1,72,76.3200
14089,2011-12-10,"2011-10-14 10:38:00","2011-10-14 10:38:00",57,1,13,13,133,158.7500,158.7500,NULL,NULL,0,0,0,0,0.0000
14090,2011-12-10,"2011-01-19 10:51:00","2011-01-19 10:51:00",325,1,1,1,72,76.3200,76.3200,NULL,NULL,0,0,0,0,0.0000
14092,2011-12-10,"2010-12-16 15:47:00","2011-12-02 12:13:00",8,14,214,117,2066,4076.9100,291.2079,"2010-12-02 09:10:00","2011-10-06 19:24:00",3,3,3,5,13.8100
14093,2011-12-10,"2011-11-27 16:27:00","2011-11-27 16:27:00",13,1,100,95,391,433.8600,433.8600,NULL,NULL,0,0,0,0,0.0000
14096,2011-12-10,"2011-08-30 10:49:00","2011-12-05 17:17:00",5,17,5095,1118,16336,53258.4300,3132.8488,"2011-08-30 10:49:00","2011-12-05 17:17:00",16,16,1,16,7933.4300
14098,2011-12-10,"2011-11-03 10:13:00","2011-11-03 10:13:00",37,1,21,21,104,147.3500,147.3500,NULL,NULL,0,0,0,0,0.0000
14099,2011-12-10,"2010-12-20 11:14:00","2011-11-23 13:53:00",17,11,250,167,2179,3104.1700,282.1973,"2011-06-22 16:36:00","2011-06-22 16:36:00",1,2,2,2,11.2000
14100,2011-12-10,"2011-07-25 11:01:00","2011-07-25 11:01:00",138,1,25,24,63,191.9500,191.9500,NULL,NULL,0,0,0,0,0.0000
14101,2011-12-10,"2011-01-17 13:09:00","2011-09-27 12:28:00",74,6,35,15,6942,5976.7900,996.1317,NULL,NULL,0,0,0,0,0.0000
14102,2011-12-10,"2011-10-26 12:46:00","2011-12-04 15:38:00",6,5,58,35,769,1105.8800,221.1760,"2011-11-02 14:10:00","2011-11-17 10:54:00",3,5,5,23,45.5500
14104,2011-12-10,"2011-06-27 12:49:00","2011-07-08 12:50:00",155,2,21,21,72,216.2100,108.1050,NULL,NULL,0,0,0,0,0.0000
14105,2011-12-10,"2011-04-14 17:58:00","2011-04-14 17:58:00",240,1,74,74,800,1266.2300,1266.2300,"2011-09-15 16:13:00","2011-09-15 16:13:00",1,2,2,2,5.9000
14107,2011-12-10,"2010-12-10 13:29:00","2011-10-19 12:12:00",52,7,123,61,1793,2703.2300,386.1757,"2010-12-20 12:19:00","2010-12-20 12:19:00",1,1,1,5,14.7500
14108,2011-12-10,"2011-08-30 11:32:00","2011-11-09 10:41:00",31,2,34,33,381,597.9100,298.9550,"2011-09-09 12:38:00","2011-09-09 12:38:00",1,1,1,1,3.7500
14109,2011-12-10,"2011-09-28 10:18:00","2011-09-28 10:18:00",73,1,9,9,88,144.2000,144.2000,"2011-11-16 13:51:00","2011-11-16 13:51:00",1,5,5,32,64.0000
14110,2011-12-10,"2011-03-18 09:59:00","2011-12-06 12:26:00",4,12,155,94,2445,5683.1500,473.5958,"2011-04-08 17:14:00","2011-04-08 17:14:00",1,1,1,2,13.5000
14111,2011-12-10,"2011-04-12 11:36:00","2011-11-25 13:44:00",15,4,9,9,457,677.8500,169.4625,"2011-09-15 16:11:00","2011-09-15 16:11:00",1,1,1,1,4.2500
14112,2011-12-10,"2011-03-09 11:28:00","2011-11-17 12:30:00",23,7,160,117,1651,2915.1500,416.4500,"2011-03-17 18:29:00","2011-11-04 12:57:00",5,13,13,43,140.9800
14113,2011-12-10,"2010-12-20 12:14:00","2011-12-06 12:18:00",4,4,34,26,745,1840.4200,460.1050,"2010-12-20 11:56:00","2011-10-20 19:13:00",4,6,4,110,462.5000
14114,2011-12-10,"2011-01-13 11:05:00","2011-03-11 09:42:00",274,2,15,15,101,386.5300,193.2650,NULL,NULL,0,0,0,0,0.0000
14116,2011-12-10,"2011-08-10 12:44:00","2011-11-20 10:29:00",20,5,72,61,707,1382.7400,276.5480,NULL,NULL,0,0,0,0,0.0000
14117,2011-12-10,"2011-07-19 09:49:00","2011-07-19 09:49:00",144,1,3,3,72,90.0000,90.0000,NULL,NULL,0,0,0,0,0.0000
14121,2011-12-10,"2011-10-11 10:39:00","2011-12-06 12:19:00",4,4,159,148,2082,2780.1500,695.0375,"2011-10-24 16:10:00","2011-12-01 09:29:00",2,2,2,4,39.8500
14124,2011-12-10,"2011-09-16 13:32:00","2011-09-16 13:32:00",85,1,5,4,1618,419.5800,419.5800,NULL,NULL,0,0,0,0,0.0000
14125,2011-12-10,"2011-09-22 15:40:00","2011-11-29 12:47:00",11,3,166,159,1628,2720.6300,906.8767,NULL,NULL,0,0,0,0,0.0000
14126,2011-12-10,"2011-11-29 12:21:00","2011-12-02 11:45:00",8,3,14,13,507,691.1300,230.3767,"2011-12-02 11:45:00","2011-12-02 11:45:00",1,1,1,50,62.5000
14127,2011-12-10,"2011-02-02 12:26:00","2011-08-09 10:49:00",123,3,44,39,321,709.7100,236.5700,NULL,NULL,0,0,0,0,0.0000
14128,2011-12-10,"2011-03-29 10:49:00","2011-10-10 12:00:00",61,2,46,40,564,637.5000,318.7500,NULL,NULL,0,0,0,0,0.0000
14129,2011-12-10,"2011-03-24 08:44:00","2011-12-08 11:02:00",2,5,52,31,592,1123.8600,224.7720,NULL,NULL,0,0,0,0,0.0000
14130,2011-12-10,"2011-01-24 16:05:00","2011-01-24 16:05:00",320,1,66,66,257,480.9100,480.9100,NULL,NULL,0,0,0,0,0.0000
14132,2011-12-10,"2011-06-09 12:04:00","2011-12-07 13:35:00",3,11,200,100,3368,3586.0300,326.0027,"2011-11-18 16:20:00","2011-11-18 16:20:00",1,1,1,2,5.9000
14133,2011-12-10,"2011-01-28 11:27:00","2011-08-02 11:34:00",130,3,28,25,348,605.6400,201.8800,"2011-02-03 12:59:00","2011-02-11 16:12:00",2,2,2,6,15.3000
14135,2011-12-10,"2010-12-02 10:27:00","2011-12-08 11:38:00",2,15,134,95,3850,4690.3100,312.6873,NULL,NULL,0,0,0,0,0.0000
14138,2011-12-10,"2011-10-07 09:38:00","2011-12-08 12:44:00",2,2,46,40,600,965.8800,482.9400,NULL,NULL,0,0,0,0,0.0000
14139,2011-12-10,"2011-10-24 13:34:00","2011-10-24 13:34:00",47,1,26,26,510,415.8200,415.8200,NULL,NULL,0,0,0,0,0.0000
14140,2011-12-10,"2011-11-08 11:20:00","2011-12-06 09:05:00",4,2,66,60,811,935.0500,467.5250,"2011-11-18 16:18:00","2011-11-18 16:18:00",1,1,1,2,15.0000
14141,2011-12-10,"2011-08-26 14:40:00","2011-12-07 09:53:00",3,4,40,27,355,915.1300,228.7825,"2011-09-23 09:19:00","2011-10-06 18:14:00",2,6,6,18,36.1000
14142,2011-12-10,"2010-12-01 16:33:00","2010-12-01 16:33:00",374,1,22,22,313,311.8100,311.8100,NULL,NULL,0,0,0,0,0.0000
14143,2011-12-10,"2011-07-29 09:48:00","2011-07-29 09:48:00",134,1,7,7,30,115.8000,115.8000,NULL,NULL,0,0,0,0,0.0000
14145,2011-12-10,"2011-05-06 13:01:00","2011-10-24 12:10:00",47,4,11,6,756,3742.2000,935.5500,"2011-07-29 15:12:00","2011-07-29 15:12:00",1,1,1,120,594.0000
14146,2011-12-10,"2010-12-17 15:52:00","2011-12-01 10:18:00",9,5,210,183,2437,4191.0000,838.2000,"2011-01-28 09:32:00","2011-01-28 09:32:00",1,35,35,551,1241.4300
14147,2011-12-10,"2011-02-27 11:42:00","2011-09-22 18:10:00",79,2,5,4,108,483.4000,241.7000,"2011-10-21 13:36:00","2011-10-21 13:36:00",1,1,1,12,15.0000
14148,2011-12-10,"2011-04-20 12:02:00","2011-04-20 12:02:00",234,1,3,3,16,157.2000,157.2000,NULL,NULL,0,0,0,0,0.0000
14149,2011-12-10,"2011-05-03 09:44:00","2011-05-03 09:44:00",221,1,28,28,218,446.6200,446.6200,"2011-05-05 11:22:00","2011-05-11 12:34:00",2,12,12,89,187.1900
14150,2011-12-10,"2010-12-15 10:04:00","2011-11-04 10:05:00",36,2,26,23,496,658.6400,329.3200,NULL,NULL,0,0,0,0,0.0000
14152,2011-12-10,"2011-04-19 15:46:00","2011-09-25 12:54:00",76,2,49,47,711,621.2900,310.6450,"2011-04-21 17:00:00","2011-04-21 17:00:00",1,1,1,12,10.2000
14154,2011-12-10,"2011-04-14 15:58:00","2011-04-14 16:26:00",240,2,52,52,465,1345.6200,672.8100,NULL,NULL,0,0,0,0,0.0000
14155,2011-12-10,"2011-03-18 14:13:00","2011-03-18 14:13:00",267,1,6,6,25,118.7500,118.7500,NULL,NULL,0,0,0,0,0.0000
14156,2011-12-10,"2010-12-03 11:48:00","2011-11-30 10:54:00",10,54,1382,713,57755,116560.0800,2158.5200,"2010-12-02 17:08:00","2011-11-23 10:57:00",10,19,16,859,2874.3100
14157,2011-12-10,"2011-02-27 13:04:00","2011-11-20 11:32:00",20,2,46,45,271,424.8900,212.4450,"2011-02-27 15:07:00","2011-02-27 15:07:00",1,1,1,11,32.4500
14158,2011-12-10,"2011-10-30 15:08:00","2011-10-30 15:08:00",41,1,41,41,781,507.6600,507.6600,NULL,NULL,0,0,0,0,0.0000
14159,2011-12-10,"2010-12-12 11:17:00","2011-11-20 12:36:00",20,11,1174,500,4345,4627.9800,420.7255,"2011-06-23 10:42:00","2011-09-19 10:11:00",3,8,8,13,14.7100
14161,2011-12-10,"2010-12-05 13:18:00","2011-05-08 11:41:00",216,3,104,87,450,1097.6200,365.8733,NULL,NULL,0,0,0,0,0.0000
14162,2011-12-10,"2011-02-20 12:32:00","2011-06-19 11:36:00",174,2,25,25,142,289.3600,144.6800,NULL,NULL,0,0,0,0,0.0000
14163,2011-12-10,"2011-04-14 17:33:00","2011-09-13 15:18:00",88,4,52,36,893,2445.9100,611.4775,NULL,NULL,0,0,0,0,0.0000
14164,2011-12-10,"2011-09-20 12:18:00","2011-09-30 12:24:00",71,2,29,28,1033,1631.7700,815.8850,NULL,NULL,0,0,0,0,0.0000
14165,2011-12-10,"2011-03-09 12:39:00","2011-03-09 12:39:00",276,1,24,23,53,120.4400,120.4400,NULL,NULL,0,0,0,0,0.0000
14167,2011-12-10,"2011-01-12 15:44:00","2011-10-31 14:29:00",40,4,50,27,147,562.5900,140.6475,NULL,NULL,0,0,0,0,0.0000
14171,2011-12-10,"2011-09-02 16:43:00","2011-09-02 16:43:00",99,1,58,57,167,363.7900,363.7900,NULL,NULL,0,0,0,0,0.0000
14173,2011-12-10,"2011-05-04 14:03:00","2011-11-29 11:54:00",11,4,29,28,150,450.8400,112.7100,NULL,NULL,0,0,0,0,0.0000
14174,2011-12-10,"2011-11-06 13:17:00","2011-11-06 13:17:00",34,1,26,26,94,134.4600,134.4600,NULL,NULL,0,0,0,0,0.0000
14175,2011-12-10,"2011-01-14 12:22:00","2011-10-11 11:55:00",60,3,149,139,1515,3222.3000,1074.1000,"2011-01-21 13:07:00","2011-10-19 13:42:00",4,15,15,54,114.2400
14176,2011-12-10,"2010-12-07 11:45:00","2011-02-15 13:12:00",298,4,31,28,209,576.9000,144.2250,"2010-12-14 09:56:00","2010-12-14 09:56:00",1,1,1,2,2.9000
14177,2011-12-10,"2011-06-13 11:10:00","2011-09-14 15:11:00",87,4,41,37,204,549.4600,137.3650,"2011-09-16 09:52:00","2011-09-16 09:52:00",1,1,1,1,4.9500
14178,2011-12-10,"2011-06-10 12:51:00","2011-12-01 12:01:00",9,7,316,190,1492,1580.2600,225.7514,NULL,NULL,0,0,0,0,0.0000
14179,2011-12-10,"2011-10-18 14:00:00","2011-10-30 12:07:00",41,2,157,135,319,701.5700,350.7850,NULL,NULL,0,0,0,0,0.0000
14180,2011-12-10,"2010-12-02 13:08:00","2011-11-29 10:56:00",11,25,240,112,719,4748.5200,189.9408,"2011-01-28 09:34:00","2011-05-11 15:46:00",6,8,8,9,107.7500
14184,2011-12-10,"2011-10-04 12:43:00","2011-10-04 12:43:00",67,1,24,24,127,452.8900,452.8900,NULL,NULL,0,0,0,0,0.0000
14185,2011-12-10,"2011-01-12 13:52:00","2011-01-12 13:52:00",332,1,3,3,6,197.6500,197.6500,NULL,NULL,0,0,0,0,0.0000
14188,2011-12-10,"2011-02-02 13:46:00","2011-11-09 12:45:00",31,6,65,34,1162,2054.3600,342.3933,"2011-08-25 16:08:00","2011-12-01 09:46:00",4,6,4,17,35.4500
14189,2011-12-10,"2010-12-06 11:42:00","2011-12-07 15:55:00",3,15,265,176,3937,4654.0800,310.2720,"2011-02-14 16:39:00","2011-12-01 11:13:00",9,12,9,18,49.7700
14191,2011-12-10,"2011-05-03 10:30:00","2011-12-08 09:23:00",2,13,259,145,3662,4684.7600,360.3662,"2011-05-27 11:17:00","2011-05-27 11:17:00",1,4,4,5,24.7500
14193,2011-12-10,"2011-03-15 11:38:00","2011-10-03 09:34:00",68,2,42,35,445,853.3900,426.6950,NULL,NULL,0,0,0,0,0.0000
14194,2011-12-10,"2011-02-04 14:51:00","2011-12-05 10:38:00",5,21,579,269,5840,11349.5200,540.4533,"2011-03-25 11:31:00","2011-11-30 17:32:00",11,25,24,57,132.7700
14195,2011-12-10,"2011-04-01 16:50:00","2011-05-22 10:29:00",202,2,7,7,760,1012.0000,506.0000,"2011-04-14 11:26:00","2011-04-14 11:26:00",1,1,1,58,49.3000
14196,2011-12-10,"2011-08-25 10:25:00","2011-08-25 10:25:00",107,1,6,6,142,335.5200,335.5200,NULL,NULL,0,0,0,0,0.0000
14198,2011-12-10,"2011-04-14 14:54:00","2011-11-21 16:35:00",19,4,39,35,290,701.4000,175.3500,"2011-04-27 16:44:00","2011-12-05 16:34:00",3,5,5,10,37.9000
14199,2011-12-10,"2011-05-05 13:44:00","2011-05-05 13:44:00",219,1,2,2,28,185.4000,185.4000,NULL,NULL,0,0,0,0,0.0000
14201,2011-12-10,"2010-12-15 13:25:00","2011-10-10 13:27:00",61,7,37,32,590,747.4400,106.7771,"2011-05-12 19:41:00","2011-05-16 11:09:00",2,2,1,12,59.4000
14204,2011-12-10,"2011-12-07 13:38:00","2011-12-07 13:38:00",3,1,39,36,72,150.6100,150.6100,NULL,NULL,0,0,0,0,0.0000
14205,2011-12-10,"2011-03-20 15:07:00","2011-11-23 10:55:00",17,2,24,23,204,466.7000,233.3500,"2010-12-09 13:38:00","2010-12-09 13:38:00",1,14,14,104,238.2000
14206,2011-12-10,"2011-04-14 16:38:00","2011-04-14 16:38:00",240,1,20,20,276,328.1600,328.1600,"2010-12-14 10:31:00","2010-12-14 10:31:00",1,1,1,2,19.9000
14208,2011-12-10,"2011-09-06 12:48:00","2011-09-06 12:48:00",95,1,10,10,114,151.7400,151.7400,NULL,NULL,0,0,0,0,0.0000
14209,2011-12-10,"2011-01-11 12:56:00","2011-11-29 10:18:00",11,6,87,55,691,2073.4300,345.5717,"2011-05-17 14:09:00","2011-05-17 14:09:00",1,1,1,3,6.3000
14210,2011-12-10,"2010-12-03 12:43:00","2011-08-26 12:36:00",106,6,102,66,760,1905.8400,317.6400,"2011-09-09 12:55:00","2011-09-09 12:55:00",1,1,1,1,4.9500
14211,2011-12-10,"2011-02-17 15:50:00","2011-10-17 13:23:00",54,9,112,87,1242,2241.1000,249.0111,"2011-02-23 11:35:00","2011-10-06 17:55:00",4,6,6,10,32.8000
14212,2011-12-10,"2011-09-11 12:45:00","2011-09-11 12:45:00",90,1,9,9,1152,1070.4800,1070.4800,NULL,NULL,0,0,0,0,0.0000
14214,2011-12-10,"2011-03-07 12:26:00","2011-11-09 10:31:00",31,5,67,64,751,1004.3800,200.8760,"2011-03-10 15:27:00","2011-03-11 14:29:00",2,3,2,3,4.1500
14215,2011-12-10,"2010-12-06 15:34:00","2011-11-28 12:19:00",12,6,108,98,1358,1789.7200,298.2867,"2011-01-25 12:52:00","2011-01-25 12:52:00",1,1,1,4,11.8000
14216,2011-12-10,"2011-11-02 10:51:00","2011-12-06 14:56:00",4,4,58,46,593,1824.3000,456.0750,NULL,NULL,0,0,0,0,0.0000
14217,2011-12-10,"2010-12-08 13:28:00","2011-12-08 11:53:00",2,17,100,78,689,2004.9800,117.9400,"2010-12-09 15:29:00","2011-11-30 15:18:00",7,7,5,12,79.6200
14218,2011-12-10,"2011-10-28 10:00:00","2011-10-28 10:00:00",43,1,12,12,160,169.4800,169.4800,NULL,NULL,0,0,0,0,0.0000
14219,2011-12-10,"2011-12-05 16:23:00","2011-12-05 16:23:00",5,1,7,7,78,89.9400,89.9400,NULL,NULL,0,0,0,0,0.0000
14220,2011-12-10,"2010-12-16 18:18:00","2011-04-06 13:23:00",248,2,21,21,272,632.4000,316.2000,NULL,NULL,0,0,0,0,0.0000
14221,2011-12-10,"2011-01-04 15:33:00","2011-10-28 13:42:00",43,9,193,123,2191,3432.8000,381.4222,"2011-06-08 13:50:00","2011-06-08 13:50:00",1,1,1,1,4.9500
14222,2011-12-10,"2011-06-15 16:42:00","2011-06-15 16:42:00",178,1,41,41,607,683.1700,683.1700,NULL,NULL,0,0,0,0,0.0000
14223,2011-12-10,"2011-03-20 16:02:00","2011-09-08 13:38:00",93,3,60,50,585,991.1300,330.3767,"2011-03-24 10:13:00","2011-03-24 10:13:00",1,1,1,2,15.9000
14224,2011-12-10,"2011-01-23 13:58:00","2011-08-21 13:24:00",111,4,113,105,483,1009.7300,252.4325,NULL,NULL,0,0,0,0,0.0000
14226,2011-12-10,"2011-03-15 15:36:00","2011-11-11 11:34:00",29,5,66,64,1296,2214.7900,442.9580,"2011-03-17 15:46:00","2011-05-24 17:27:00",2,6,6,7,30.5500
14227,2011-12-10,"2011-02-28 12:27:00","2011-11-13 15:48:00",27,10,175,117,1820,3350.9600,335.0960,"2011-03-10 10:34:00","2011-10-27 13:41:00",5,8,7,9,35.2500
14229,2011-12-10,"2011-01-10 12:03:00","2011-10-19 10:03:00",52,3,40,29,610,1547.2000,515.7333,"2011-01-13 12:41:00","2011-01-28 14:07:00",2,3,3,20,96.6000
14231,2011-12-10,"2011-02-24 11:55:00","2011-06-09 11:05:00",184,3,50,47,409,925.7100,308.5700,"2011-03-02 15:54:00","2011-06-13 15:35:00",2,4,4,7,103.6500
14232,2011-12-10,"2011-03-20 12:44:00","2011-10-28 11:09:00",43,5,115,81,1941,2048.0700,409.6140,"2011-03-27 12:04:00","2011-11-08 12:17:00",3,3,3,4,4.1400
14233,2011-12-10,"2011-01-26 12:43:00","2011-10-21 15:54:00",50,4,35,30,680,1462.7200,365.6800,"2011-10-27 09:25:00","2011-10-27 09:25:00",1,1,1,9,15.2100
14234,2011-12-10,"2011-10-13 13:58:00","2011-11-17 17:53:00",23,4,147,122,951,754.1200,188.5300,NULL,NULL,0,0,0,0,0.0000
14235,2011-12-10,"2011-03-24 13:23:00","2011-09-25 14:37:00",76,5,79,65,1959,3144.8600,628.9720,"2011-11-29 13:26:00","2011-11-29 13:26:00",1,1,1,12,51.0000
14236,2011-12-10,"2010-12-02 18:49:00","2011-09-20 09:13:00",81,2,15,15,310,490.8600,245.4300,NULL,NULL,0,0,0,0,0.0000
14237,2011-12-10,"2010-12-01 13:20:00","2010-12-01 13:20:00",374,1,9,9,38,161.0000,161.0000,NULL,NULL,0,0,0,0,0.0000
14238,2011-12-10,"2011-01-17 14:40:00","2011-01-17 14:40:00",327,1,8,8,111,146.8500,146.8500,NULL,NULL,0,0,0,0,0.0000
14239,2011-12-10,"2011-01-27 14:45:00","2011-10-27 14:40:00",44,11,112,83,993,2380.8500,216.4409,"2011-03-03 16:25:00","2011-05-23 10:02:00",2,4,4,7,57.3500
14240,2011-12-10,"2011-04-28 11:40:00","2011-11-09 13:45:00",31,2,42,37,418,890.3400,445.1700,NULL,NULL,0,0,0,0,0.0000
14241,2011-12-10,"2011-06-09 11:46:00","2011-06-09 11:46:00",184,1,10,10,146,213.7000,213.7000,NULL,NULL,0,0,0,0,0.0000
14242,2011-12-10,"2011-01-18 08:53:00","2011-04-19 11:46:00",235,2,16,13,123,280.5500,140.2750,NULL,NULL,0,0,0,0,0.0000
14243,2011-12-10,"2010-12-09 08:34:00","2011-12-01 11:12:00",9,10,141,99,1221,2588.7700,258.8770,"2011-03-02 15:58:00","2011-09-09 12:53:00",4,7,7,17,52.8900
14245,2011-12-10,"2011-03-21 10:41:00","2011-05-04 08:40:00",220,2,108,107,976,1693.4500,846.7250,"2011-03-29 10:55:00","2011-06-16 14:33:00",3,4,4,5,15.9700
14246,2011-12-10,"2011-04-08 08:25:00","2011-08-21 11:50:00",111,3,75,57,804,1474.0600,491.3533,NULL,NULL,0,0,0,0,0.0000
14247,2011-12-10,"2011-03-06 15:21:00","2011-03-06 15:21:00",279,1,20,19,47,136.7700,136.7700,NULL,NULL,0,0,0,0,0.0000
14248,2011-12-10,"2011-01-25 14:45:00","2011-01-25 14:45:00",319,1,8,8,102,302.5800,302.5800,NULL,NULL,0,0,0,0,0.0000
14250,2011-12-10,"2011-09-11 13:44:00","2011-12-02 14:30:00",8,3,111,94,1200,1904.0500,634.6833,NULL,NULL,0,0,0,0,0.0000
14251,2011-12-10,"2011-10-13 12:46:00","2011-12-08 08:32:00",2,5,78,37,1674,2879.7000,575.9400,NULL,NULL,0,0,0,0,0.0000
14256,2011-12-10,"2010-12-10 11:44:00","2011-03-24 13:17:00",261,2,53,51,414,969.0600,484.5300,"2011-03-30 16:39:00","2011-03-30 16:39:00",1,1,1,4,34.0000
14257,2011-12-10,"2011-01-25 10:49:00","2011-10-06 16:54:00",65,5,106,88,1682,3099.7200,619.9440,"2011-10-19 13:38:00","2011-10-19 13:38:00",1,1,1,5,12.4500
14258,2011-12-10,"2011-01-06 12:18:00","2011-11-30 15:27:00",10,9,111,58,7100,12669.9800,1407.7756,"2011-07-14 14:47:00","2011-07-14 14:47:00",1,1,1,2,19.9000
14259,2011-12-10,"2011-07-21 10:44:00","2011-07-21 10:44:00",142,1,5,5,68,120.0000,120.0000,NULL,NULL,0,0,0,0,0.0000
14261,2011-12-10,"2011-09-22 10:47:00","2011-10-20 10:04:00",51,2,52,52,406,1163.4500,581.7250,NULL,NULL,0,0,0,0,0.0000
14262,2011-12-10,"2011-04-13 12:23:00","2011-12-01 14:17:00",9,8,143,87,1645,2618.2300,327.2788,NULL,NULL,0,0,0,0,0.0000
14264,2011-12-10,"2011-04-08 12:20:00","2011-07-08 10:20:00",155,2,17,15,70,333.9700,166.9850,"2010-12-02 17:35:00","2010-12-02 17:35:00",1,2,2,4,14.5000
14265,2011-12-10,"2011-07-14 09:10:00","2011-08-22 13:32:00",110,2,31,31,330,530.1800,265.0900,NULL,NULL,0,0,0,0,0.0000
14267,2011-12-10,"2011-03-24 11:38:00","2011-06-30 10:09:00",163,3,55,25,530,1516.2400,505.4133,"2011-03-31 12:38:00","2011-07-12 11:11:00",4,11,11,69,237.1500
14270,2011-12-10,"2011-01-12 09:33:00","2011-01-12 09:33:00",332,1,29,29,197,492.6500,492.6500,NULL,NULL,0,0,0,0,0.0000
14271,2011-12-10,"2011-04-28 12:47:00","2011-04-28 12:47:00",226,1,10,10,88,112.3200,112.3200,NULL,NULL,0,0,0,0,0.0000
14272,2011-12-10,"2011-03-30 13:57:00","2011-09-27 10:08:00",74,2,33,33,599,437.9600,218.9800,NULL,NULL,0,0,0,0,0.0000
14273,2011-12-10,"2011-04-11 13:24:00","2011-10-19 13:20:00",52,4,29,22,264,559.9700,139.9925,NULL,NULL,0,0,0,0,0.0000
14276,2011-12-10,"2011-02-23 09:38:00","2011-09-02 09:45:00",99,3,64,52,744,1119.7400,373.2467,"2011-03-03 12:11:00","2011-09-12 17:49:00",2,11,11,21,100.3500
14277,2011-12-10,"2011-05-11 13:20:00","2011-11-24 15:01:00",16,3,221,194,1974,4152.0000,1384.0000,"2011-11-24 11:44:00","2011-11-24 11:44:00",1,3,3,360,259.2000
14280,2011-12-10,"2011-05-27 10:37:00","2011-05-27 10:37:00",197,1,8,8,52,134.0400,134.0400,NULL,NULL,0,0,0,0,0.0000
14282,2011-12-10,"2010-12-07 12:21:00","2011-12-06 17:04:00",4,15,154,70,2656,3701.4400,246.7627,NULL,NULL,0,0,0,0,0.0000
14284,2011-12-10,"2011-09-14 13:04:00","2011-11-09 08:11:00",31,2,32,24,161,595.2500,297.6250,"2011-09-21 09:52:00","2011-09-21 09:52:00",1,2,2,4,16.8000
14285,2011-12-10,"2011-06-16 12:36:00","2011-11-18 14:50:00",22,4,27,18,541,1910.0100,477.5025,NULL,NULL,0,0,0,0,0.0000
14286,2011-12-10,"2011-04-11 08:16:00","2011-11-16 10:34:00",24,3,280,220,4338,4628.7500,1542.9167,"2011-09-12 15:35:00","2011-10-31 10:58:00",2,5,5,32,32.9400
14287,2011-12-10,"2011-05-25 11:41:00","2011-12-01 13:25:00",9,3,9,9,261,176.6300,58.8767,"2011-06-10 11:15:00","2011-06-10 11:15:00",1,1,1,24,20.4000
14288,2011-12-10,"2011-05-10 13:22:00","2011-05-10 13:22:00",214,1,16,16,188,426.6000,426.6000,"2011-05-11 15:17:00","2011-05-11 15:17:00",1,1,1,1,12.7500
14289,2011-12-10,"2011-02-23 12:33:00","2011-12-01 11:44:00",9,6,47,33,292,911.2600,151.8767,NULL,NULL,0,0,0,0,0.0000
14290,2011-12-10,"2010-12-13 10:24:00","2011-11-28 14:02:00",12,5,101,89,915,2314.6500,462.9300,"2011-01-27 14:32:00","2011-01-27 14:32:00",1,2,2,2,7.2000
14291,2011-12-10,"2011-03-09 15:20:00","2011-12-08 10:26:00",2,11,237,145,2749,3883.2500,353.0227,"2011-08-18 06:26:00","2011-08-18 06:26:00",1,1,1,1,9.9500
14292,2011-12-10,"2011-03-02 08:26:00","2011-12-02 11:50:00",8,9,100,64,1663,4871.9300,541.3256,"2011-01-17 16:20:00","2011-11-04 13:51:00",5,8,8,20,52.6000
14293,2011-12-10,"2010-12-06 10:18:00","2011-12-06 15:17:00",4,4,61,51,709,1046.5600,261.6400,NULL,NULL,0,0,0,0,0.0000
14295,2011-12-10,"2011-10-30 15:50:00","2011-10-30 15:50:00",41,1,5,5,84,166.2000,166.2000,"2011-01-11 11:53:00","2011-01-11 11:53:00",1,1,1,1,8.5000
14297,2011-12-10,"2011-03-10 08:31:00","2011-11-22 09:06:00",18,4,62,48,865,1305.3300,326.3325,"2011-10-19 14:55:00","2011-10-19 14:55:00",1,1,1,3,14.8500
14298,2011-12-10,"2010-12-14 12:59:00","2011-12-01 13:12:00",9,44,1637,884,58343,51527.3000,1171.0750,"2011-12-06 15:04:00","2011-12-06 15:04:00",1,3,3,322,664.8600
14299,2011-12-10,"2010-12-09 10:30:00","2011-12-01 16:05:00",9,9,143,94,2149,3965.6200,440.6244,"2010-12-08 13:33:00","2011-12-01 08:32:00",9,19,13,136,1110.2700
14300,2011-12-10,"2011-11-21 08:57:00","2011-11-21 08:57:00",19,1,3,3,32,43.2000,43.2000,NULL,NULL,0,0,0,0,0.0000
14301,2011-12-10,"2011-08-14 15:33:00","2011-08-14 15:33:00",118,1,13,13,606,640.1400,640.1400,"2011-08-24 09:04:00","2011-08-24 09:04:00",1,3,3,6,8.1000
14304,2011-12-10,"2011-05-01 11:50:00","2011-05-01 11:50:00",223,1,17,17,139,383.4500,383.4500,"2011-02-11 14:48:00","2011-02-11 14:48:00",1,10,10,85,186.3500
14305,2011-12-10,"2011-07-27 14:14:00","2011-09-29 15:29:00",72,3,104,95,1088,1843.9600,614.6533,"2011-08-11 10:24:00","2011-08-18 06:21:00",2,5,5,20,55.2000
14306,2011-12-10,"2011-09-15 10:31:00","2011-10-19 13:23:00",52,2,33,33,1075,2093.3200,1046.6600,"2011-09-21 12:32:00","2011-09-21 12:32:00",1,2,2,2,9.9000
14307,2011-12-10,"2010-12-01 11:41:00","2011-09-12 09:38:00",89,6,180,150,2058,2995.7200,499.2867,NULL,NULL,0,0,0,0,0.0000
14309,2011-12-10,"2010-12-16 13:05:00","2011-12-01 13:33:00",9,9,117,74,1633,2352.5300,261.3922,"2011-01-20 17:02:00","2011-01-20 17:02:00",1,6,6,14,32.8500
14311,2011-12-10,"2011-04-11 10:14:00","2011-04-11 10:14:00",243,1,20,20,146,310.2600,310.2600,"2011-04-28 19:49:00","2011-04-28 19:49:00",1,7,7,21,80.5500
14312,2011-12-10,"2011-01-06 16:35:00","2011-10-24 09:46:00",47,6,87,74,1012,1611.5900,268.5983,NULL,NULL,0,0,0,0,0.0000
14314,2011-12-10,"2011-08-25 10:39:00","2011-08-25 10:39:00",107,1,8,8,296,120.0000,120.0000,NULL,NULL,0,0,0,0,0.0000
14315,2011-12-10,"2011-03-18 12:59:00","2011-10-26 12:06:00",45,6,101,64,1021,2481.1300,413.5217,"2011-11-18 15:35:00","2011-11-18 15:35:00",1,3,3,11,24.1500
14317,2011-12-10,"2011-10-06 10:44:00","2011-10-06 10:44:00",65,1,24,24,255,508.5800,508.5800,NULL,NULL,0,0,0,0,0.0000
14320,2011-12-10,"2011-01-11 09:12:00","2011-05-17 09:24:00",207,2,31,29,325,477.7900,238.8950,"2011-01-21 11:17:00","2011-01-21 11:17:00",1,11,11,86,134.6800
14321,2011-12-10,"2011-01-10 11:35:00","2011-11-29 09:47:00",11,5,123,111,2406,1530.7500,306.1500,NULL,NULL,0,0,0,0,0.0000
14323,2011-12-10,"2011-04-15 11:44:00","2011-08-17 11:37:00",115,2,36,32,350,605.0600,302.5300,"2011-04-20 15:57:00","2011-06-02 11:22:00",2,5,5,10,30.8000
14326,2011-12-10,"2011-04-11 15:04:00","2011-04-11 15:04:00",243,1,8,8,103,183.8500,183.8500,"2011-04-19 11:08:00","2011-04-19 11:08:00",1,1,1,4,17.0000
14327,2011-12-10,"2011-06-29 13:58:00","2011-06-29 13:58:00",164,1,12,12,139,311.6500,311.6500,NULL,NULL,0,0,0,0,0.0000
14329,2011-12-10,"2011-01-14 13:42:00","2011-11-22 15:50:00",18,7,258,218,3087,4975.2400,710.7486,"2011-02-21 12:38:00","2011-12-01 08:27:00",7,10,10,20,86.1000
14331,2011-12-10,"2011-07-27 15:14:00","2011-08-07 13:17:00",125,2,28,27,252,462.6600,231.3300,NULL,NULL,0,0,0,0,0.0000
14332,2011-12-10,"2011-07-15 10:33:00","2011-11-17 11:54:00",23,3,25,22,463,840.2100,280.0700,NULL,NULL,0,0,0,0,0.0000
14333,2011-12-10,"2011-10-03 10:38:00","2011-10-03 10:38:00",68,1,15,15,58,415.2000,415.2000,"2011-10-06 19:25:00","2011-10-06 19:25:00",1,4,4,6,63.7500
14334,2011-12-10,"2010-12-16 17:37:00","2011-11-23 10:01:00",17,8,162,98,1731,2552.2100,319.0263,"2011-03-17 18:21:00","2011-03-17 18:21:00",1,1,1,1,12.7500
14335,2011-12-10,"2011-09-04 13:07:00","2011-11-23 13:41:00",17,2,60,55,375,454.8600,227.4300,NULL,NULL,0,0,0,0,0.0000
14336,2011-12-10,"2011-03-08 16:48:00","2011-11-23 11:40:00",17,4,90,77,1759,1614.9100,403.7275,NULL,NULL,0,0,0,0,0.0000
14338,2011-12-10,"2011-05-27 13:30:00","2011-07-01 14:08:00",162,2,31,30,335,588.2200,294.1100,"2011-06-01 16:26:00","2011-07-04 16:00:00",2,3,3,6,34.0000
14339,2011-12-10,"2011-04-11 11:06:00","2011-04-11 11:06:00",243,1,14,14,168,309.5200,309.5200,"2011-04-14 11:22:00","2011-04-19 11:31:00",3,3,2,17,15.7900
14340,2011-12-10,"2011-05-05 09:44:00","2011-05-05 09:44:00",219,1,6,6,58,134.7000,134.7000,NULL,NULL,0,0,0,0,0.0000
14341,2011-12-10,"2011-01-25 13:55:00","2011-10-25 15:48:00",46,8,128,109,1397,2166.9800,270.8725,"2011-01-26 17:06:00","2011-01-26 17:06:00",1,1,1,2,15.9000
14342,2011-12-10,"2011-05-13 13:50:00","2011-11-18 13:21:00",22,4,21,18,347,668.5600,167.1400,"2011-05-17 13:46:00","2011-05-17 17:39:00",2,2,1,9,59.8500
14344,2011-12-10,"2010-12-06 11:58:00","2011-08-04 13:51:00",128,8,71,56,477,889.9300,111.2413,NULL,NULL,0,0,0,0,0.0000
14345,2011-12-10,"2011-11-01 09:51:00","2011-11-01 09:51:00",39,1,6,6,50,108.9800,108.9800,NULL,NULL,0,0,0,0,0.0000
14346,2011-12-10,"2011-02-15 13:52:00","2011-08-11 09:47:00",121,2,60,55,605,1021.5800,510.7900,NULL,NULL,0,0,0,0,0.0000
14348,2011-12-10,"2011-03-24 16:23:00","2011-03-24 16:23:00",261,1,18,18,183,409.5700,409.5700,NULL,NULL,0,0,0,0,0.0000
14349,2011-12-10,"2011-11-29 15:39:00","2011-11-29 15:39:00",11,1,31,31,86,133.5000,133.5000,NULL,NULL,0,0,0,0,0.0000
14350,2011-12-10,"2011-03-10 14:14:00","2011-03-10 14:14:00",275,1,18,18,183,282.9300,282.9300,"2011-03-14 12:27:00","2011-03-14 12:27:00",1,3,3,17,24.2300
14351,2011-12-10,"2011-06-28 11:56:00","2011-06-28 11:56:00",165,1,1,1,12,51.0000,51.0000,NULL,NULL,0,0,0,0,0.0000
14352,2011-12-10,"2011-03-11 14:58:00","2011-07-05 15:41:00",158,4,47,44,538,1078.9600,269.7400,NULL,NULL,0,0,0,0,0.0000
14353,2011-12-10,"2011-05-08 16:06:00","2011-05-08 16:06:00",216,1,6,6,64,90.6000,90.6000,NULL,NULL,0,0,0,0,0.0000
14354,2011-12-10,"2011-11-09 15:36:00","2011-12-04 11:32:00",6,2,9,9,210,163.6200,81.8100,NULL,NULL,0,0,0,0,0.0000
14355,2011-12-10,"2010-12-09 12:16:00","2010-12-09 12:16:00",366,1,11,11,92,174.4000,174.4000,NULL,NULL,0,0,0,0,0.0000
14356,2011-12-10,"2011-09-19 14:43:00","2011-09-21 09:18:00",80,2,33,33,277,701.2300,350.6150,"2011-09-27 13:54:00","2011-10-10 17:16:00",2,5,5,11,34.2900
14357,2011-12-10,"2011-10-27 16:23:00","2011-10-27 16:23:00",44,1,40,39,147,225.1200,225.1200,NULL,NULL,0,0,0,0,0.0000
14359,2011-12-10,"2011-09-13 09:03:00","2011-11-20 13:17:00",20,3,55,44,371,912.1800,304.0600,"2011-11-03 14:22:00","2011-11-17 15:02:00",3,3,3,8,29.6000
14360,2011-12-10,"2011-09-06 11:58:00","2011-11-08 09:12:00",32,4,117,104,1139,2118.0300,529.5075,NULL,NULL,0,0,0,0,0.0000
14362,2011-12-10,"2011-11-17 15:08:00","2011-11-17 15:08:00",23,1,37,37,96,151.5000,151.5000,NULL,NULL,0,0,0,0,0.0000
14364,2011-12-10,"2011-05-12 12:56:00","2011-08-23 11:01:00",109,8,69,61,1967,3717.3500,464.6688,NULL,NULL,0,0,0,0,0.0000
14367,2011-12-10,"2011-03-08 14:12:00","2011-12-01 13:19:00",9,16,521,270,4426,9227.8200,576.7388,"2011-04-13 16:06:00","2011-09-25 12:18:00",3,9,9,28,93.7000
14368,2011-12-10,"2011-01-24 09:52:00","2011-01-24 09:52:00",320,1,8,8,36,155.0000,155.0000,NULL,NULL,0,0,0,0,0.0000
14371,2011-12-10,"2011-02-17 16:35:00","2011-02-17 16:35:00",296,1,4,4,34,100.5000,100.5000,NULL,NULL,0,0,0,0,0.0000
14373,2011-12-10,"2010-12-16 15:40:00","2010-12-16 15:40:00",359,1,4,4,17,76.5500,76.5500,NULL,NULL,0,0,0,0,0.0000
14375,2011-12-10,"2011-06-07 13:44:00","2011-06-07 13:44:00",186,1,66,57,184,235.5600,235.5600,NULL,NULL,0,0,0,0,0.0000
14377,2011-12-10,"2011-03-22 13:38:00","2011-06-01 13:32:00",192,2,11,11,219,617.0500,308.5250,NULL,NULL,0,0,0,0,0.0000
14379,2011-12-10,"2011-02-17 15:03:00","2011-10-26 16:43:00",45,2,46,39,292,348.1000,174.0500,NULL,NULL,0,0,0,0,0.0000
14381,2011-12-10,"2011-10-18 17:10:00","2011-10-18 17:10:00",53,1,56,56,146,202.6800,202.6800,NULL,NULL,0,0,0,0,0.0000
14382,2011-12-10,"2011-11-13 16:18:00","2011-11-13 16:18:00",27,1,126,121,1231,615.4900,615.4900,NULL,NULL,0,0,0,0,0.0000
14383,2011-12-10,"2011-06-29 10:18:00","2011-11-01 15:53:00",39,3,59,49,817,1247.6900,415.8967,NULL,NULL,0,0,0,0,0.0000
14385,2011-12-10,"2011-11-16 11:55:00","2011-11-30 15:36:00",10,3,14,13,159,202.1100,67.3700,NULL,NULL,0,0,0,0,0.0000
14386,2011-12-10,"2011-02-16 09:45:00","2011-02-16 09:45:00",297,1,7,7,54,142.4000,142.4000,NULL,NULL,0,0,0,0,0.0000
14387,2011-12-10,"2011-08-22 14:13:00","2011-11-07 12:29:00",33,3,139,125,795,1727.6000,575.8667,NULL,NULL,0,0,0,0,0.0000
14388,2011-12-10,"2010-12-02 11:02:00","2011-11-29 13:32:00",11,8,186,124,1941,3212.8400,401.6050,"2010-12-08 15:59:00","2011-12-01 11:13:00",2,5,5,8,40.8000
14389,2011-12-10,"2011-06-02 12:04:00","2011-10-05 15:17:00",66,2,45,33,729,1043.4600,521.7300,"2011-01-25 12:45:00","2011-12-01 09:19:00",3,17,14,27,43.7400
14390,2011-12-10,"2010-12-02 11:57:00","2011-11-29 13:49:00",11,9,284,135,2133,4642.5700,515.8411,"2010-12-02 11:56:00","2011-11-02 11:44:00",4,5,5,11,60.3500
14393,2011-12-10,"2011-05-05 18:16:00","2011-05-05 18:16:00",219,1,5,5,13,67.9500,67.9500,NULL,NULL,0,0,0,0,0.0000
14395,2011-12-10,"2010-12-02 18:15:00","2011-12-07 14:34:00",3,9,348,181,1689,3479.9100,386.6567,"2011-04-07 18:10:00","2011-10-25 17:07:00",3,3,3,4,35.8000
14396,2011-12-10,"2010-12-03 15:19:00","2011-10-05 16:09:00",66,2,73,71,225,487.9900,243.9950,NULL,NULL,0,0,0,0,0.0000
14397,2011-12-10,"2011-05-10 12:25:00","2011-12-07 09:22:00",3,19,87,18,1890,2612.9600,137.5242,"2011-09-14 15:46:00","2011-12-09 09:57:00",4,8,6,38,56.2800
14400,2011-12-10,"2011-07-13 15:50:00","2011-07-13 15:50:00",150,1,25,25,454,574.7000,574.7000,"2011-07-21 18:05:00","2011-07-21 18:05:00",1,1,1,4,15.0000
14401,2011-12-10,"2010-12-15 09:07:00","2011-12-05 13:30:00",5,13,182,113,4507,4051.4800,311.6523,"2011-11-10 11:22:00","2011-11-10 11:22:00",1,1,1,2,11.5000
14403,2011-12-10,"2011-04-06 14:23:00","2011-08-01 12:57:00",131,4,20,17,519,1475.8100,368.9525,"2011-04-18 12:06:00","2011-04-18 12:06:00",1,6,6,6,49.5000
14404,2011-12-10,"2010-12-05 16:00:00","2011-11-06 12:30:00",34,6,100,70,827,1449.3200,241.5533,"2011-01-16 15:48:00","2011-01-16 15:48:00",1,1,1,8,39.6000
14406,2011-12-10,"2011-08-12 16:54:00","2011-08-12 16:54:00",120,1,8,8,77,156.7500,156.7500,NULL,NULL,0,0,0,0,0.0000
14407,2011-12-10,"2011-03-08 11:59:00","2011-08-24 14:02:00",108,5,72,66,1414,2142.7300,428.5460,"2011-04-06 09:25:00","2011-08-23 10:55:00",3,3,3,3,46.6500
14408,2011-12-10,"2011-03-20 14:41:00","2011-11-29 11:41:00",11,7,106,60,1610,2599.0300,371.2900,NULL,NULL,0,0,0,0,0.0000
14409,2011-12-10,"2010-12-06 15:03:00","2011-09-29 18:18:00",72,6,54,40,1230,2059.4500,343.2417,"2010-12-06 15:07:00","2010-12-06 15:07:00",1,1,1,72,151.2000
14410,2011-12-10,"2011-02-07 09:36:00","2011-09-08 15:08:00",93,9,188,152,565,1099.2700,122.1411,"2011-03-28 10:02:00","2011-11-24 11:16:00",6,91,83,267,511.8200
14411,2011-12-10,"2011-02-02 10:56:00","2011-02-02 10:56:00",311,1,14,14,196,1063.0000,1063.0000,NULL,NULL,0,0,0,0,0.0000
14412,2011-12-10,"2011-09-28 08:48:00","2011-10-28 10:45:00",43,2,43,43,786,770.0300,385.0150,"2011-11-04 13:14:00","2011-11-04 13:14:00",1,2,2,2,8.7000
14413,2011-12-10,"2010-12-12 13:37:00","2010-12-12 13:37:00",363,1,22,22,67,121.0500,121.0500,NULL,NULL,0,0,0,0,0.0000
14414,2011-12-10,"2010-12-16 11:11:00","2011-09-09 12:09:00",92,7,97,79,2512,1496.9800,213.8543,"2011-07-29 13:08:00","2011-07-29 13:08:00",1,1,1,3,11.8500
14415,2011-12-10,"2010-12-14 13:31:00","2011-12-08 14:38:00",2,13,579,283,2996,5855.5700,450.4285,"2010-12-14 13:06:00","2011-10-28 11:49:00",5,22,21,38,88.7200
14416,2011-12-10,"2011-10-28 15:10:00","2011-11-17 15:22:00",23,2,14,13,326,490.2200,245.1100,NULL,NULL,0,0,0,0,0.0000
14418,2011-12-10,"2011-08-23 17:18:00","2011-12-06 11:39:00",4,3,124,114,1711,1937.2500,645.7500,NULL,NULL,0,0,0,0,0.0000
14419,2011-12-10,"2010-12-10 10:56:00","2011-11-29 11:22:00",11,6,202,112,483,1051.7900,175.2983,NULL,NULL,0,0,0,0,0.0000
14420,2011-12-10,"2011-09-01 18:07:00","2011-09-01 18:07:00",100,1,29,29,334,387.5200,387.5200,"2011-09-15 16:57:00","2011-09-15 16:57:00",1,1,1,1,1.6500
14421,2011-12-10,"2011-05-12 10:49:00","2011-10-13 13:24:00",58,2,27,25,365,813.1100,406.5550,NULL,NULL,0,0,0,0,0.0000
14422,2011-12-10,"2011-03-17 17:26:00","2011-12-09 11:26:00",1,6,222,189,2906,4263.6400,710.6067,NULL,NULL,0,0,0,0,0.0000
14423,2011-12-10,"2011-05-05 15:12:00","2011-05-05 15:12:00",219,1,3,3,120,265.2000,265.2000,NULL,NULL,0,0,0,0,0.0000
14424,2011-12-10,"2011-11-22 11:48:00","2011-11-22 11:48:00",18,1,1,1,48,322.0800,322.0800,NULL,NULL,0,0,0,0,0.0000
14426,2011-12-10,"2011-01-31 09:51:00","2011-11-16 12:25:00",24,10,224,183,2699,4481.6700,448.1670,"2010-12-15 12:06:00","2011-11-21 11:47:00",6,40,40,360,562.7700
14427,2011-12-10,"2011-10-07 09:10:00","2011-10-20 14:23:00",51,2,17,16,228,363.3400,181.6700,NULL,NULL,0,0,0,0,0.0000
14428,2011-12-10,"2011-01-18 16:39:00","2011-12-02 13:17:00",8,5,137,108,428,1224.0600,244.8120,"2011-04-21 16:40:00","2011-10-24 12:34:00",2,4,4,8,14.6900
14431,2011-12-10,"2011-02-10 10:40:00","2011-02-10 10:40:00",303,1,17,17,130,470.3600,470.3600,"2011-02-14 10:56:00","2011-02-14 10:56:00",1,4,4,6,47.1000
14432,2011-12-10,"2011-09-11 14:09:00","2011-11-30 08:04:00",10,6,377,256,2013,2248.5000,374.7500,NULL,NULL,0,0,0,0,0.0000
14434,2011-12-10,"2011-09-28 15:31:00","2011-11-18 08:56:00",22,6,12,3,368,1372.8000,228.8000,NULL,NULL,0,0,0,0,0.0000
14436,2011-12-10,"2011-09-02 10:13:00","2011-09-02 10:13:00",99,1,9,9,129,89.0600,89.0600,NULL,NULL,0,0,0,0,0.0000
14437,2011-12-10,"2010-12-09 09:27:00","2010-12-09 09:27:00",366,1,5,5,60,63.0000,63.0000,NULL,NULL,0,0,0,0,0.0000
14438,2011-12-10,"2011-02-06 14:56:00","2011-02-06 14:56:00",307,1,9,9,82,131.9000,131.9000,NULL,NULL,0,0,0,0,0.0000
14439,2011-12-10,"2011-01-24 11:39:00","2011-01-24 11:39:00",320,1,32,32,526,2661.2400,2661.2400,NULL,NULL,0,0,0,0,0.0000
14440,2011-12-10,"2010-12-09 12:49:00","2011-12-01 15:42:00",9,5,55,33,588,2357.6800,471.5360,NULL,NULL,0,0,0,0,0.0000
14441,2011-12-10,"2011-03-29 12:01:00","2011-12-09 09:07:00",1,4,51,43,446,1712.8900,428.2225,"2010-12-09 14:57:00","2011-11-18 16:21:00",6,8,5,16,167.7500
14442,2011-12-10,"2011-01-27 09:33:00","2011-05-19 11:36:00",205,2,63,58,482,1589.8200,794.9100,"2011-01-31 15:36:00","2011-12-08 11:53:00",3,5,5,7,45.2000
14443,2011-12-10,"2010-12-06 11:03:00","2011-10-17 10:10:00",54,4,93,84,938,1420.2000,355.0500,"2010-12-02 17:05:00","2011-02-07 13:52:00",3,5,5,7,19.3200
14446,2011-12-10,"2011-04-07 12:10:00","2011-12-09 11:34:00",1,4,276,232,856,1005.5500,251.3875,NULL,NULL,0,0,0,0,0.0000
14447,2011-12-10,"2011-03-04 10:49:00","2011-11-21 08:28:00",19,5,70,54,571,1163.2300,232.6460,NULL,NULL,0,0,0,0,0.0000
14448,2011-12-10,"2010-12-10 17:26:00","2011-11-30 13:50:00",10,2,20,20,104,375.3500,187.6750,NULL,NULL,0,0,0,0,0.0000
14449,2011-12-10,"2010-12-02 14:09:00","2011-11-21 12:06:00",19,4,250,201,741,885.8000,221.4500,NULL,NULL,0,0,0,0,0.0000
14450,2011-12-10,"2011-01-23 11:53:00","2011-06-12 10:46:00",181,3,40,32,241,483.2500,161.0833,NULL,NULL,0,0,0,0,0.0000
14451,2011-12-10,"2011-05-29 12:35:00","2011-10-10 13:38:00",61,2,105,86,378,643.9000,321.9500,NULL,NULL,0,0,0,0,0.0000
14452,2011-12-10,"2011-09-07 11:32:00","2011-11-29 12:06:00",11,2,60,55,116,259.0500,129.5250,NULL,NULL,0,0,0,0,0.0000
14453,2011-12-10,"2011-06-02 14:15:00","2011-06-02 14:15:00",191,1,22,22,49,119.9300,119.9300,NULL,NULL,0,0,0,0,0.0000
14456,2011-12-10,"2011-07-20 13:06:00","2011-12-04 13:59:00",6,9,945,579,2848,3014.3200,334.9244,"2011-09-27 10:54:00","2011-11-17 15:08:00",4,6,6,6,13.5200
14457,2011-12-10,"2011-02-02 09:39:00","2011-02-02 09:39:00",311,1,4,4,88,113.6400,113.6400,NULL,NULL,0,0,0,0,0.0000
14459,2011-12-10,"2011-07-07 13:35:00","2011-07-07 13:35:00",156,1,37,37,760,1837.9200,1837.9200,NULL,NULL,0,0,0,0,0.0000
14460,2011-12-10,"2011-02-02 11:55:00","2011-08-21 14:19:00",111,3,16,14,881,434.3400,144.7800,"2011-02-02 11:54:00","2011-02-02 11:54:00",1,1,1,12,51.0000
14461,2011-12-10,"2011-03-23 12:15:00","2011-07-14 17:11:00",149,3,179,172,765,2102.6700,700.8900,NULL,NULL,0,0,0,0,0.0000
14462,2011-12-10,"2011-01-04 12:45:00","2011-10-04 15:55:00",67,11,232,149,954,1975.5700,179.5973,"2011-02-04 13:47:00","2011-10-07 09:22:00",3,5,5,30,33.1200
14463,2011-12-10,"2011-05-18 14:42:00","2011-09-02 15:20:00",99,3,5,5,178,514.6200,171.5400,NULL,NULL,0,0,0,0,0.0000
14465,2011-12-10,"2011-02-10 12:13:00","2011-04-07 12:38:00",247,3,123,107,398,1038.4400,346.1467,NULL,NULL,0,0,0,0,0.0000
14466,2011-12-10,"2010-12-02 13:36:00","2011-11-10 14:07:00",30,7,72,35,1006,2272.4000,324.6286,NULL,NULL,0,0,0,0,0.0000
14467,2011-12-10,"2011-01-31 12:35:00","2011-11-22 12:48:00",18,4,89,67,276,596.2600,149.0650,NULL,NULL,0,0,0,0,0.0000
14470,2011-12-10,"2011-02-25 11:56:00","2011-11-28 10:31:00",12,2,43,43,193,461.1900,230.5950,NULL,NULL,0,0,0,0,0.0000
14472,2011-12-10,"2010-12-19 14:03:00","2011-08-28 11:01:00",104,8,265,153,1135,1852.6700,231.5838,NULL,NULL,0,0,0,0,0.0000
14473,2011-12-10,"2011-03-02 13:56:00","2011-09-26 15:10:00",75,2,7,7,88,234.3400,117.1700,NULL,NULL,0,0,0,0,0.0000
14474,2011-12-10,"2011-10-24 13:26:00","2011-10-24 13:26:00",47,1,29,29,140,547.6600,547.6600,"2011-10-27 12:57:00","2011-10-27 12:57:00",1,1,1,1,9.9500
14475,2011-12-10,"2011-02-08 10:12:00","2011-09-29 10:46:00",72,3,42,35,447,925.8500,308.6167,"2011-02-10 14:59:00","2011-06-26 12:08:00",3,5,4,19,126.0300
14476,2011-12-10,"2011-03-27 15:39:00","2011-03-27 15:39:00",258,1,17,17,110,193.0000,193.0000,NULL,NULL,0,0,0,0,0.0000
14477,2011-12-10,"2011-02-15 15:44:00","2011-11-20 11:11:00",20,4,10,7,720,1309.6000,327.4000,"2011-10-19 11:45:00","2011-10-19 11:45:00",1,1,1,1,1.7900
14479,2011-12-10,"2010-12-09 12:59:00","2011-03-31 09:07:00",254,2,18,18,117,316.2500,158.1250,NULL,NULL,0,0,0,0,0.0000
14480,2011-12-10,"2011-11-28 16:35:00","2011-11-28 16:35:00",12,1,13,13,143,279.0500,279.0500,NULL,NULL,0,0,0,0,0.0000
14481,2011-12-10,"2011-02-25 13:53:00","2011-06-28 10:38:00",165,2,30,25,489,636.5100,318.2550,NULL,NULL,0,0,0,0,0.0000
14482,2011-12-10,"2011-04-14 16:41:00","2011-11-21 13:14:00",19,6,137,110,1627,2022.8100,337.1350,NULL,NULL,0,0,0,0,0.0000
14483,2011-12-10,"2011-03-03 10:26:00","2011-03-03 10:26:00",282,1,9,9,97,137.1000,137.1000,"2011-07-13 09:45:00","2011-07-13 09:45:00",1,1,1,2,7.9000
14484,2011-12-10,"2011-10-20 14:11:00","2011-10-20 14:11:00",51,1,14,14,210,321.9200,321.9200,NULL,NULL,0,0,0,0,0.0000
14485,2011-12-10,"2011-11-01 12:25:00","2011-11-01 12:25:00",39,1,46,44,70,162.8000,162.8000,NULL,NULL,0,0,0,0,0.0000
14487,2011-12-10,"2010-12-06 13:22:00","2011-11-13 12:17:00",27,6,140,112,712,1165.4800,194.2467,"2010-12-06 12:55:00","2010-12-06 12:55:00",1,1,1,1,12.7500
14488,2011-12-10,"2011-10-03 09:30:00","2011-10-03 09:30:00",68,1,46,46,799,1064.2800,1064.2800,"2011-10-19 14:39:00","2011-10-19 14:39:00",1,3,3,6,16.8500
14489,2011-12-10,"2011-05-16 14:51:00","2011-05-16 14:51:00",208,1,30,30,299,463.3800,463.3800,NULL,NULL,0,0,0,0,0.0000
14491,2011-12-10,"2010-12-02 12:10:00","2011-06-17 15:22:00",176,2,17,17,139,340.9300,170.4650,NULL,NULL,0,0,0,0,0.0000
14493,2011-12-10,"2011-07-07 16:59:00","2011-12-02 16:14:00",8,5,120,95,1285,2383.2400,476.6480,"2011-11-02 12:33:00","2011-11-21 10:51:00",2,3,2,6,20.4000
14494,2011-12-10,"2011-11-14 09:21:00","2011-11-14 09:21:00",26,1,7,7,92,139.5600,139.5600,NULL,NULL,0,0,0,0,0.0000
14495,2011-12-10,"2011-08-10 14:13:00","2011-10-20 12:28:00",51,2,6,6,62,123.8000,61.9000,NULL,NULL,0,0,0,0,0.0000
14496,2011-12-10,"2010-12-01 15:35:00","2011-02-01 09:01:00",312,2,19,16,159,538.8100,269.4050,NULL,NULL,0,0,0,0,0.0000
14497,2011-12-10,"2011-02-03 17:01:00","2011-02-03 17:01:00",310,1,29,29,235,475.3700,475.3700,"2011-02-11 15:20:00","2011-02-11 15:20:00",1,2,2,2,17.9000
14498,2011-12-10,"2010-12-13 11:29:00","2011-10-28 12:09:00",43,5,193,162,1098,1957.3200,391.4640,NULL,NULL,0,0,0,0,0.0000
14499,2011-12-10,"2011-03-06 11:55:00","2011-11-13 13:01:00",27,3,190,146,496,808.4400,269.4800,NULL,NULL,0,0,0,0,0.0000
14500,2011-12-10,"2011-06-03 10:08:00","2011-09-12 16:45:00",89,3,7,6,117,356.8500,118.9500,NULL,NULL,0,0,0,0,0.0000
14501,2011-12-10,"2011-01-24 10:43:00","2011-06-09 12:02:00",184,2,10,9,161,251.2100,125.6050,"2011-10-06 20:15:00","2011-10-06 20:15:00",1,2,2,42,60.9000
14502,2011-12-10,"2011-01-30 15:52:00","2011-11-20 11:50:00",20,11,607,367,1464,2426.7900,220.6173,"2011-01-31 14:37:00","2011-11-06 14:25:00",3,7,7,15,119.6500
14503,2011-12-10,"2011-06-14 10:00:00","2011-12-06 13:30:00",4,6,164,113,2004,3543.2600,590.5433,NULL,NULL,0,0,0,0,0.0000
14504,2011-12-10,"2011-03-06 14:38:00","2011-10-23 16:00:00",48,4,107,85,308,673.2600,168.3150,NULL,NULL,0,0,0,0,0.0000
14505,2011-12-10,"2010-12-12 16:14:00","2011-11-22 15:45:00",18,8,785,540,2739,5859.4300,732.4288,"2011-01-07 14:09:00","2011-11-03 11:21:00",3,4,4,16,86.9400
14506,2011-12-10,"2010-12-05 14:25:00","2011-11-22 13:02:00",18,5,295,204,704,1960.6500,392.1300,NULL,NULL,0,0,0,0,0.0000
14507,2011-12-10,"2011-03-08 17:23:00","2011-11-16 12:21:00",24,6,95,79,594,1367.8800,227.9800,"2011-03-08 17:28:00","2011-03-08 17:28:00",1,2,2,12,15.0000
14508,2011-12-10,"2011-09-11 11:29:00","2011-11-17 19:48:00",23,2,55,52,129,268.0500,134.0250,NULL,NULL,0,0,0,0,0.0000
14511,2011-12-10,"2011-07-29 12:13:00","2011-11-28 17:05:00",12,5,68,53,784,1314.8100,262.9620,"2011-11-02 10:47:00","2011-11-02 10:47:00",1,3,3,12,47.4000
14512,2011-12-10,"2011-04-21 19:05:00","2011-06-05 12:39:00",188,2,23,19,122,275.2800,137.6400,NULL,NULL,0,0,0,0,0.0000
14513,2011-12-10,"2011-02-24 09:36:00","2011-08-31 11:25:00",101,3,12,11,361,455.5900,151.8633,"2011-03-23 12:42:00","2011-03-23 12:42:00",1,6,6,6,17.1000
14514,2011-12-10,"2011-01-12 15:22:00","2011-10-09 16:05:00",62,3,69,65,564,990.2000,330.0667,NULL,NULL,0,0,0,0,0.0000
14515,2011-12-10,"2011-05-05 12:13:00","2011-11-22 11:37:00",18,6,98,68,1110,2076.8900,346.1483,NULL,NULL,0,0,0,0,0.0000
14517,2011-12-10,"2011-07-21 11:42:00","2011-11-06 14:20:00",34,2,18,17,91,330.4500,165.2250,NULL,NULL,0,0,0,0,0.0000
14518,2011-12-10,"2011-10-06 14:43:00","2011-10-06 14:43:00",65,1,16,16,278,174.3700,174.3700,NULL,NULL,0,0,0,0,0.0000
14520,2011-12-10,"2011-02-22 09:15:00","2011-12-08 09:46:00",2,2,4,3,146,270.6000,135.3000,NULL,NULL,0,0,0,0,0.0000
14522,2011-12-10,"2011-05-25 16:01:00","2011-11-15 13:24:00",25,4,17,15,525,974.5400,243.6350,NULL,NULL,0,0,0,0,0.0000
14523,2011-12-10,"2011-08-23 13:13:00","2011-08-23 13:13:00",109,1,12,12,251,241.0900,241.0900,NULL,NULL,0,0,0,0,0.0000
14524,2011-12-10,"2010-12-14 11:01:00","2011-11-08 12:29:00",32,9,197,161,669,1843.8300,204.8700,NULL,NULL,0,0,0,0,0.0000
14525,2011-12-10,"2010-12-13 17:40:00","2011-11-20 11:37:00",20,9,282,217,2637,4215.9000,468.4333,"2011-03-31 18:44:00","2011-12-01 08:53:00",4,6,6,22,65.8300
14527,2011-12-10,"2010-12-05 13:17:00","2011-12-07 12:19:00",3,55,970,329,2086,8506.1300,154.6569,"2010-12-01 09:41:00","2011-12-01 08:49:00",30,38,4,39,717.4400
14528,2011-12-10,"2011-11-02 17:09:00","2011-11-02 17:09:00",38,1,18,18,278,364.2200,364.2200,NULL,NULL,0,0,0,0,0.0000
14529,2011-12-10,"2011-08-21 14:10:00","2011-10-10 15:27:00",61,3,213,177,325,578.6100,192.8700,NULL,NULL,0,0,0,0,0.0000
14530,2011-12-10,"2011-02-16 10:47:00","2011-11-14 10:38:00",26,6,213,140,1395,2862.1100,477.0183,NULL,NULL,0,0,0,0,0.0000
14532,2011-12-10,"2010-12-22 13:48:00","2011-04-17 13:05:00",237,4,64,45,284,932.8500,233.2125,NULL,NULL,0,0,0,0,0.0000
14533,2011-12-10,"2010-12-22 11:07:00","2011-11-15 12:05:00",25,7,62,53,4019,1949.7200,278.5314,"2011-10-04 17:44:00","2011-10-10 17:11:00",2,3,3,1242,137.1000
14534,2011-12-10,"2011-01-25 12:33:00","2011-12-07 12:19:00",3,18,507,330,2026,4395.6500,244.2028,"2011-01-25 11:47:00","2011-12-07 11:44:00",7,39,36,122,371.7000
14535,2011-12-10,"2011-04-05 12:50:00","2011-10-10 15:39:00",61,3,328,280,1824,2854.8400,951.6133,"2011-10-11 16:24:00","2011-10-11 16:24:00",1,3,3,6,23.1000
14536,2011-12-10,"2011-03-25 12:21:00","2011-03-25 12:21:00",260,1,18,18,39,170.9500,170.9500,NULL,NULL,0,0,0,0,0.0000
14537,2011-12-10,"2011-10-13 10:54:00","2011-10-13 10:54:00",58,1,10,10,120,355.5600,355.5600,NULL,NULL,0,0,0,0,0.0000
14538,2011-12-10,"2011-03-28 14:57:00","2011-10-06 10:31:00",65,2,19,19,155,388.2500,194.1250,NULL,NULL,0,0,0,0,0.0000
14539,2011-12-10,"2011-10-26 12:03:00","2011-11-24 09:50:00",16,2,32,31,428,537.4800,268.7400,NULL,NULL,0,0,0,0,0.0000
14540,2011-12-10,"2011-02-03 15:02:00","2011-11-30 10:15:00",10,3,71,64,411,952.6600,317.5533,NULL,NULL,0,0,0,0,0.0000
14541,2011-12-10,"2011-01-24 14:16:00","2011-10-12 10:08:00",59,8,105,71,641,1453.3500,181.6688,NULL,NULL,0,0,0,0,0.0000
14542,2011-12-10,"2011-06-07 08:19:00","2011-06-07 08:19:00",186,1,5,5,19,103.2500,103.2500,NULL,NULL,0,0,0,0,0.0000
14543,2011-12-10,"2010-12-10 11:51:00","2011-11-11 12:45:00",29,16,68,41,671,3560.0800,222.5050,"2011-03-06 10:48:00","2011-12-06 10:32:00",5,30,17,69,614.8600
14544,2011-12-10,"2010-12-13 12:50:00","2011-11-15 15:06:00",25,2,111,97,1536,2004.3000,1002.1500,NULL,NULL,0,0,0,0,0.0000
14546,2011-12-10,"2011-04-05 12:37:00","2011-12-04 13:00:00",6,5,397,250,1313,2573.9300,514.7860,"2011-04-05 10:45:00","2011-12-05 16:33:00",4,18,17,30,91.0700
14547,2011-12-10,"2011-10-16 14:35:00","2011-12-06 11:06:00",4,8,355,198,2639,3974.7500,496.8438,"2011-11-13 12:30:00","2011-11-13 12:30:00",1,1,1,10,20.8000
14548,2011-12-10,"2011-01-26 08:38:00","2011-07-12 12:19:00",151,2,4,2,256,652.8000,326.4000,NULL,NULL,0,0,0,0,0.0000
14549,2011-12-10,"2011-02-01 13:47:00","2011-02-01 13:47:00",312,1,56,56,136,289.2400,289.2400,NULL,NULL,0,0,0,0,0.0000
14550,2011-12-10,"2011-10-26 12:14:00","2011-11-29 12:12:00",11,2,47,38,389,757.3700,378.6850,NULL,NULL,0,0,0,0,0.0000
14551,2011-12-10,"2011-05-19 18:21:00","2011-11-21 13:36:00",19,2,10,9,106,186.2300,93.1150,NULL,NULL,0,0,0,0,0.0000
14552,2011-12-10,"2011-07-11 12:49:00","2011-07-11 12:49:00",152,1,57,57,90,164.2200,164.2200,NULL,NULL,0,0,0,0,0.0000
14553,2011-12-10,"2011-01-04 15:40:00","2011-11-20 13:20:00",20,5,113,103,493,859.2700,171.8540,NULL,NULL,0,0,0,0,0.0000
14554,2011-12-10,"2011-10-18 13:04:00","2011-11-29 16:44:00",11,4,203,147,1443,2279.4900,569.8725,NULL,NULL,0,0,0,0,0.0000
14555,2011-12-10,"2011-02-10 17:19:00","2011-10-13 16:24:00",58,2,19,18,122,312.5400,156.2700,NULL,NULL,0,0,0,0,0.0000
14557,2011-12-10,"2011-09-15 15:48:00","2011-09-15 15:48:00",86,1,16,16,510,788.3800,788.3800,"2011-10-06 20:36:00","2011-10-06 20:36:00",1,16,16,510,788.3800
14560,2011-12-10,"2010-12-17 09:22:00","2011-12-02 15:22:00",8,22,74,39,1260,2237.7700,101.7168,"2010-12-23 11:38:00","2011-10-31 10:18:00",2,2,2,37,63.5900
14561,2011-12-10,"2011-06-08 13:26:00","2011-09-25 12:39:00",76,3,69,67,1014,1080.7600,360.2533,NULL,NULL,0,0,0,0,0.0000
14562,2011-12-10,"2011-02-08 14:45:00","2011-12-06 11:05:00",4,18,419,187,1815,5006.7700,278.1539,"2011-07-14 10:47:00","2011-12-06 10:46:00",4,21,19,149,323.8500
14565,2011-12-10,"2010-12-13 13:25:00","2011-09-05 09:07:00",96,4,124,110,1537,2949.1200,737.2800,"2011-05-20 13:34:00","2011-09-05 12:37:00",2,2,2,8,25.3500
14566,2011-12-10,"2011-08-21 11:05:00","2011-08-21 11:05:00",111,1,4,4,800,1432.0000,1432.0000,NULL,NULL,0,0,0,0,0.0000
14567,2011-12-10,"2011-08-01 13:48:00","2011-10-14 10:21:00",57,2,33,33,412,1530.3600,765.1800,"2011-11-04 13:57:00","2011-11-04 13:57:00",1,1,1,2,5.9000
14569,2011-12-10,"2011-12-08 14:58:00","2011-12-08 14:58:00",2,1,12,10,79,227.3900,227.3900,NULL,NULL,0,0,0,0,0.0000
14570,2011-12-10,"2011-03-04 10:39:00","2011-03-04 10:58:00",281,2,28,28,94,217.2100,108.6050,NULL,NULL,0,0,0,0,0.0000
14572,2011-12-10,"2011-01-19 17:23:00","2011-12-06 14:40:00",4,7,262,190,1420,2804.5400,400.6486,"2011-01-19 17:21:00","2011-08-21 13:47:00",3,3,3,3,29.1500
14573,2011-12-10,"2010-12-02 19:59:00","2011-06-13 11:15:00",180,9,227,127,534,1639.8200,182.2022,"2011-05-23 11:07:00","2011-05-23 12:16:00",4,6,5,6,49.7000
14576,2011-12-10,"2010-12-02 17:51:00","2010-12-02 17:51:00",373,1,1,1,12,35.4000,35.4000,NULL,NULL,0,0,0,0,0.0000
14577,2011-12-10,"2010-12-12 11:26:00","2011-11-27 12:47:00",13,4,123,86,353,859.7100,214.9275,NULL,NULL,0,0,0,0,0.0000
14578,2011-12-10,"2011-12-06 17:18:00","2011-12-06 17:18:00",4,1,24,24,240,168.6300,168.6300,NULL,NULL,0,0,0,0,0.0000
14581,2011-12-10,"2011-11-23 12:39:00","2011-11-23 12:39:00",17,1,17,16,217,138.6000,138.6000,NULL,NULL,0,0,0,0,0.0000
14582,2011-12-10,"2011-10-30 11:56:00","2011-10-30 11:56:00",41,1,6,6,73,114.1100,114.1100,NULL,NULL,0,0,0,0,0.0000
14583,2011-12-10,"2011-05-18 11:28:00","2011-12-04 12:32:00",6,5,302,243,751,986.9600,197.3920,NULL,NULL,0,0,0,0,0.0000
14584,2011-12-10,"2011-05-25 17:31:00","2011-06-23 18:33:00",170,4,98,68,381,1033.0600,258.2650,"2011-06-20 13:03:00","2011-06-20 13:03:00",1,1,1,4,13.0000
14585,2011-12-10,"2011-10-20 14:33:00","2011-10-20 14:33:00",51,1,29,29,91,157.0500,157.0500,NULL,NULL,0,0,0,0,0.0000
14586,2011-12-10,"2011-03-08 10:04:00","2011-03-08 10:04:00",277,1,19,19,444,237.3600,237.3600,"2011-03-27 12:12:00","2011-04-26 17:32:00",2,8,8,208,103.2000
14587,2011-12-10,"2011-01-12 13:16:00","2011-11-21 11:34:00",19,9,371,170,749,1580.2900,175.5878,"2011-05-10 15:56:00","2011-05-10 15:56:00",1,1,1,2,2.9000
14589,2011-12-10,"2010-12-03 11:42:00","2010-12-03 11:42:00",372,1,3,3,5,39.7500,39.7500,NULL,NULL,0,0,0,0,0.0000
14591,2011-12-10,"2011-05-10 14:09:00","2011-11-24 13:57:00",16,4,176,138,1228,1320.2100,330.0525,NULL,NULL,0,0,0,0,0.0000
14592,2011-12-10,"2011-10-06 18:08:00","2011-11-04 16:35:00",36,3,158,132,407,557.9400,185.9800,NULL,NULL,0,0,0,0,0.0000
14593,2011-12-10,"2011-05-25 11:14:00","2011-11-18 12:48:00",22,3,151,127,330,617.1500,205.7167,NULL,NULL,0,0,0,0,0.0000
14594,2011-12-10,"2010-12-01 13:54:00","2011-12-02 13:28:00",8,2,52,48,183,363.3300,181.6650,NULL,NULL,0,0,0,0,0.0000
14595,2011-12-10,"2011-01-30 13:36:00","2011-11-20 12:12:00",20,6,102,94,978,1740.6000,290.1000,NULL,NULL,0,0,0,0,0.0000
14597,2011-12-10,"2011-06-01 12:33:00","2011-11-28 13:13:00",12,2,47,45,566,866.2400,433.1200,NULL,NULL,0,0,0,0,0.0000
14598,2011-12-10,"2011-10-26 13:19:00","2011-10-26 13:19:00",45,1,50,49,189,221.9700,221.9700,NULL,NULL,0,0,0,0,0.0000
14600,2011-12-10,"2011-02-07 09:48:00","2011-02-07 09:48:00",306,1,25,25,125,393.3300,393.3300,NULL,NULL,0,0,0,0,0.0000
14601,2011-12-10,"2011-11-29 09:48:00","2011-11-29 09:48:00",11,1,7,7,168,213.9600,213.9600,NULL,NULL,0,0,0,0,0.0000
14603,2011-12-10,"2011-03-10 10:27:00","2011-03-10 10:27:00",275,1,2,2,400,660.0000,660.0000,NULL,NULL,0,0,0,0,0.0000
14606,2011-12-10,"2010-12-01 16:57:00","2011-12-08 19:28:00",2,90,2674,816,6177,11926.1500,132.5128,"2010-12-05 14:44:00","2011-11-14 12:03:00",35,81,72,245,439.5500
14607,2011-12-10,"2011-03-23 15:22:00","2011-11-24 10:35:00",16,12,78,37,10734,15021.5000,1251.7917,"2011-10-24 10:25:00","2011-11-21 12:35:00",3,28,27,3768,5228.4000
14608,2011-12-10,"2010-12-12 14:49:00","2011-12-05 16:52:00",5,4,20,8,437,1785.1500,446.2875,NULL,NULL,0,0,0,0,0.0000
14609,2011-12-10,"2011-02-16 12:10:00","2011-09-28 12:54:00",73,4,4,2,7026,601.5600,150.3900,NULL,NULL,0,0,0,0,0.0000
14616,2011-12-10,"2011-01-26 12:42:00","2011-04-11 09:54:00",243,3,3,2,104,406.0800,135.3600,NULL,NULL,0,0,0,0,0.0000
14618,2011-12-10,"2011-01-06 11:59:00","2011-11-30 13:45:00",10,3,14,9,262,523.4400,174.4800,"2010-12-08 14:57:00","2010-12-08 14:57:00",1,1,1,3,14.8500
14619,2011-12-10,"2011-04-08 07:37:00","2011-04-08 07:37:00",246,1,20,20,152,394.4400,394.4400,"2011-04-14 17:13:00","2011-04-14 17:13:00",1,2,2,7,14.9300
14620,2011-12-10,"2011-03-01 08:30:00","2011-05-18 11:58:00",206,2,26,26,214,412.7800,206.3900,"2011-05-19 14:14:00","2011-05-19 14:14:00",1,4,4,26,19.5000
14621,2011-12-10,"2010-12-16 13:00:00","2011-12-08 16:22:00",2,5,92,80,993,1788.3600,357.6720,"2011-08-04 17:58:00","2011-08-04 17:58:00",1,4,4,6,22.6000
14622,2011-12-10,"2011-06-08 12:42:00","2011-06-08 12:42:00",185,1,21,21,146,320.5800,320.5800,NULL,NULL,0,0,0,0,0.0000
14623,2011-12-10,"2011-04-18 13:54:00","2011-11-07 13:56:00",33,5,132,107,406,882.0200,176.4040,"2011-10-28 12:08:00","2011-10-28 12:08:00",1,1,1,2,19.9000
14624,2011-12-10,"2011-10-11 14:39:00","2011-10-13 13:44:00",58,2,13,13,162,225.8500,112.9250,NULL,NULL,0,0,0,0,0.0000
14625,2011-12-10,"2010-12-13 15:36:00","2011-05-27 15:32:00",197,2,53,51,335,899.6300,449.8150,"2010-12-02 17:19:00","2011-06-07 15:40:00",3,4,3,5,51.1500
14626,2011-12-10,"2011-04-20 13:18:00","2011-11-16 10:37:00",24,4,122,108,1403,2791.2700,697.8175,"2011-04-27 16:13:00","2011-12-01 08:55:00",3,4,4,16,34.2000
14628,2011-12-10,"2011-04-11 14:43:00","2011-09-09 14:58:00",92,2,24,22,272,671.9600,335.9800,NULL,NULL,0,0,0,0,0.0000
14629,2011-12-10,"2011-10-23 16:13:00","2011-12-05 16:55:00",5,2,150,133,378,955.2600,477.6300,"2011-11-04 10:07:00","2011-11-04 10:07:00",1,1,1,4,19.8000
14631,2011-12-10,"2011-02-14 09:31:00","2011-10-20 11:17:00",51,3,41,38,622,1006.9800,335.6600,NULL,NULL,0,0,0,0,0.0000
14632,2011-12-10,"2011-03-22 08:49:00","2011-03-22 08:49:00",263,1,8,8,96,114.5600,114.5600,NULL,NULL,0,0,0,0,0.0000
14633,2011-12-10,"2011-03-18 17:07:00","2011-03-18 17:07:00",267,1,20,20,96,344.9000,344.9000,NULL,NULL,0,0,0,0,0.0000
14636,2011-12-10,"2011-03-16 09:52:00","2011-11-03 16:12:00",37,2,28,27,241,609.8500,304.9250,NULL,NULL,0,0,0,0,0.0000
14638,2011-12-10,"2011-10-20 10:10:00","2011-10-20 10:10:00",51,1,16,16,166,443.6000,443.6000,NULL,NULL,0,0,0,0,0.0000
14639,2011-12-10,"2010-12-13 13:50:00","2011-10-18 15:06:00",53,6,172,138,1431,2984.4900,497.4150,"2010-12-16 15:28:00","2011-03-02 16:57:00",2,3,3,3,32.1500
14640,2011-12-10,"2011-04-26 12:31:00","2011-11-15 13:07:00",25,6,105,87,880,2107.3800,351.2300,"2011-04-28 16:17:00","2011-11-24 11:00:00",2,7,7,57,82.9300
14641,2011-12-10,"2011-11-18 10:42:00","2011-11-18 10:42:00",22,1,7,7,90,110.4600,110.4600,NULL,NULL,0,0,0,0,0.0000
14642,2011-12-10,"2011-10-12 11:08:00","2011-10-12 11:08:00",59,1,2,2,76,96.1200,96.1200,NULL,NULL,0,0,0,0,0.0000
14643,2011-12-10,"2010-12-16 17:53:00","2011-06-22 14:41:00",171,2,31,30,815,693.8100,346.9050,"2010-12-21 13:15:00","2010-12-21 13:15:00",1,3,3,60,25.2000
14644,2011-12-10,"2011-02-14 14:14:00","2011-10-03 08:30:00",68,2,26,26,258,830.7600,415.3800,"2011-10-10 16:55:00","2011-11-30 14:58:00",2,3,2,6,50.3000
14645,2011-12-10,"2011-03-09 09:52:00","2011-07-06 09:15:00",157,2,30,28,381,597.0900,298.5450,NULL,NULL,0,0,0,0,0.0000
14646,2011-12-10,"2010-12-20 10:09:00","2011-12-08 12:12:00",2,72,2060,699,196844,279138.0200,3876.9169,"2011-08-18 06:13:00","2011-08-31 11:31:00",2,3,3,289,566.4000
14647,2011-12-10,"2011-05-22 13:40:00","2011-05-22 13:40:00",202,1,28,24,91,236.0400,236.0400,NULL,NULL,0,0,0,0,0.0000
14649,2011-12-10,"2011-05-11 14:37:00","2011-12-05 12:30:00",5,4,186,148,1004,1402.5900,350.6475,NULL,NULL,0,0,0,0,0.0000
14651,2011-12-10,"2011-05-12 16:29:00","2011-10-03 15:52:00",68,2,101,95,343,653.7500,326.8750,NULL,NULL,0,0,0,0,0.0000
14652,2011-12-10,"2011-09-23 14:21:00","2011-09-23 14:21:00",78,1,29,29,53,114.1800,114.1800,NULL,NULL,0,0,0,0,0.0000
14653,2011-12-10,"2011-01-05 13:40:00","2011-12-08 13:45:00",2,7,233,153,944,1916.7000,273.8143,NULL,NULL,0,0,0,0,0.0000
14655,2011-12-10,"2011-05-01 14:59:00","2011-12-01 16:28:00",9,4,49,35,1089,1932.2300,483.0575,"2011-12-06 10:52:00","2011-12-06 10:52:00",1,1,1,1,2.0800
14656,2011-12-10,"2011-03-01 13:19:00","2011-06-23 13:51:00",170,2,80,73,120,291.0500,145.5250,NULL,NULL,0,0,0,0,0.0000
14657,2011-12-10,"2011-01-17 15:19:00","2011-11-22 12:47:00",18,4,126,103,466,848.2200,212.0550,"2011-03-02 15:15:00","2011-03-02 15:15:00",1,1,1,1,9.9500
14658,2011-12-10,"2011-08-14 15:42:00","2011-12-04 15:35:00",6,2,29,27,47,247.1500,123.5750,NULL,NULL,0,0,0,0,0.0000
14659,2011-12-10,"2011-01-28 12:43:00","2011-12-01 12:17:00",9,9,253,147,1195,2529.9300,281.1033,"2011-02-15 11:32:00","2011-07-17 12:04:00",3,6,5,12,73.4000
14660,2011-12-10,"2011-08-31 10:40:00","2011-09-14 11:34:00",87,2,30,24,228,285.7400,142.8700,NULL,NULL,0,0,0,0,0.0000
14661,2011-12-10,"2011-11-13 11:51:00","2011-11-13 11:51:00",27,1,4,4,35,107.9500,107.9500,NULL,NULL,0,0,0,0,0.0000
14662,2011-12-10,"2011-01-27 17:41:00","2011-11-11 12:13:00",29,4,157,143,578,741.3700,185.3425,NULL,NULL,0,0,0,0,0.0000
14664,2011-12-10,"2011-11-06 14:56:00","2011-11-20 10:59:00",20,2,98,78,465,636.2400,318.1200,NULL,NULL,0,0,0,0,0.0000
14665,2011-12-10,"2011-02-02 09:08:00","2011-10-10 09:14:00",61,5,90,63,740,1835.7000,367.1400,"2011-02-10 14:13:00","2011-10-10 11:54:00",2,27,26,240,577.3200
14666,2011-12-10,"2011-11-15 12:57:00","2011-11-15 12:57:00",25,1,13,13,155,179.9500,179.9500,NULL,NULL,0,0,0,0,0.0000
14667,2011-12-10,"2010-12-06 13:13:00","2011-11-29 11:30:00",11,25,566,353,5318,9170.7900,366.8316,"2011-02-20 13:48:00","2011-05-09 12:04:00",2,3,3,3,10.0000
14669,2011-12-10,"2011-01-11 12:30:00","2011-04-12 11:43:00",242,3,166,158,770,1259.2400,419.7467,NULL,NULL,0,0,0,0,0.0000
14670,2011-12-10,"2011-03-04 13:58:00","2011-03-04 14:13:00",281,2,123,107,326,392.8600,196.4300,NULL,NULL,0,0,0,0,0.0000
14672,2011-12-10,"2011-01-07 15:48:00","2011-04-19 10:19:00",235,2,61,58,454,765.5500,382.7750,NULL,NULL,0,0,0,0,0.0000
14673,2011-12-10,"2010-12-07 12:49:00","2011-12-06 14:31:00",4,5,74,39,1004,1736.4000,347.2800,NULL,NULL,0,0,0,0,0.0000
14675,2011-12-10,"2011-11-23 12:58:00","2011-11-23 12:58:00",17,1,97,93,336,596.3600,596.3600,NULL,NULL,0,0,0,0,0.0000
14676,2011-12-10,"2011-03-01 14:26:00","2011-11-08 13:29:00",32,6,42,29,2500,2548.2400,424.7067,"2011-02-11 13:38:00","2011-05-06 17:38:00",2,2,2,2,5.0000
14680,2011-12-10,"2010-12-03 12:05:00","2011-11-14 16:59:00",26,16,257,72,13475,28739.1100,1796.1944,"2010-12-14 13:05:00","2011-09-29 12:49:00",7,62,44,1002,1821.7700
14681,2011-12-10,"2011-05-12 10:45:00","2011-09-29 15:52:00",72,3,7,6,76,498.9500,166.3167,NULL,NULL,0,0,0,0,0.0000
14682,2011-12-10,"2011-05-22 12:51:00","2011-06-05 12:12:00",188,2,2,1,80,52.0000,26.0000,NULL,NULL,0,0,0,0,0.0000
14684,2011-12-10,"2010-12-12 12:44:00","2011-11-14 11:33:00",26,5,390,231,821,1201.5100,240.3020,NULL,NULL,0,0,0,0,0.0000
14687,2011-12-10,"2011-08-25 11:59:00","2011-08-25 11:59:00",107,1,15,15,470,628.3800,628.3800,NULL,NULL,0,0,0,0,0.0000
14688,2011-12-10,"2010-12-01 09:37:00","2011-12-02 12:26:00",8,21,324,148,3584,5579.1000,265.6714,"2011-01-31 10:43:00","2011-12-02 12:00:00",6,32,28,399,523.4900
14689,2011-12-10,"2011-05-15 11:22:00","2011-05-15 11:22:00",209,1,13,13,76,112.8000,112.8000,NULL,NULL,0,0,0,0,0.0000
14690,2011-12-10,"2011-07-11 11:58:00","2011-10-26 15:39:00",45,2,48,40,167,355.0500,177.5250,"2011-07-11 11:44:00","2011-07-11 11:44:00",1,4,4,7,13.0900
14691,2011-12-10,"2011-05-11 09:55:00","2011-11-09 12:30:00",31,5,71,50,707,2114.3300,422.8660,NULL,NULL,0,0,0,0,0.0000
14692,2011-12-10,"2011-01-21 13:47:00","2011-07-25 15:08:00",138,4,68,53,265,591.5500,147.8875,"2011-01-24 12:35:00","2011-01-24 12:35:00",1,1,1,10,9.5000
14693,2011-12-10,"2011-03-20 12:50:00","2011-03-20 12:50:00",265,1,8,8,34,172.9000,172.9000,NULL,NULL,0,0,0,0,0.0000
14696,2011-12-10,"2010-12-01 15:37:00","2011-12-05 13:43:00",5,7,130,117,1630,2078.9500,296.9929,"2010-12-09 15:38:00","2011-06-09 19:48:00",2,3,3,4,7.9800
14697,2011-12-10,"2011-05-05 15:29:00","2011-05-05 15:39:00",219,2,22,22,181,188.6100,94.3050,NULL,NULL,0,0,0,0,0.0000
14698,2011-12-10,"2011-10-19 12:54:00","2011-12-08 12:26:00",2,5,200,148,602,1217.2700,243.4540,NULL,NULL,0,0,0,0,0.0000
14699,2011-12-10,"2011-05-09 14:54:00","2011-05-09 14:54:00",215,1,8,8,77,109.1300,109.1300,NULL,NULL,0,0,0,0,0.0000
14700,2011-12-10,"2011-04-15 13:16:00","2011-11-07 14:40:00",33,3,112,80,1314,2195.1000,731.7000,NULL,NULL,0,0,0,0,0.0000
14701,2011-12-10,"2011-01-27 12:40:00","2011-11-29 12:38:00",11,9,327,268,921,2526.0900,280.6767,"2011-02-15 11:28:00","2011-06-20 11:39:00",3,15,13,23,63.1500
14702,2011-12-10,"2010-12-09 19:23:00","2011-12-08 19:29:00",2,17,342,196,1439,3251.7900,191.2818,"2011-11-07 12:03:00","2011-11-07 12:03:00",1,1,1,10,41.5000
14703,2011-12-10,"2011-11-25 09:23:00","2011-11-25 09:23:00",15,1,22,22,183,318.1700,318.1700,NULL,NULL,0,0,0,0,0.0000
14704,2011-12-10,"2011-06-12 13:59:00","2011-11-20 12:20:00",20,7,390,286,1035,1461.6200,208.8029,NULL,NULL,0,0,0,0,0.0000
14705,2011-12-10,"2011-05-25 12:39:00","2011-05-25 12:39:00",199,1,1,1,100,179.0000,179.0000,NULL,NULL,0,0,0,0,0.0000
14708,2011-12-10,"2010-12-06 12:23:00","2011-12-07 08:21:00",3,3,28,25,621,1126.3700,375.4567,"2010-12-14 11:57:00","2010-12-14 11:57:00",1,1,1,6,29.7000
14709,2011-12-10,"2010-12-16 13:43:00","2011-11-24 15:41:00",16,13,196,71,2484,4921.0400,378.5415,"2011-01-28 15:58:00","2011-01-28 15:58:00",1,1,1,2,9.9000
14710,2011-12-10,"2011-10-11 13:49:00","2011-11-25 14:53:00",15,4,136,124,375,599.4800,149.8700,NULL,NULL,0,0,0,0,0.0000
14711,2011-12-10,"2011-03-22 13:32:00","2011-11-29 14:58:00",11,11,345,221,966,2839.6200,258.1473,"2011-04-04 11:22:00","2011-04-04 11:22:00",1,2,2,12,30.6000
14712,2011-12-10,"2011-08-19 13:33:00","2011-11-10 12:59:00",30,3,25,21,315,917.0700,305.6900,NULL,NULL,0,0,0,0,0.0000
14713,2011-12-10,"2010-12-09 18:58:00","2011-11-30 16:26:00",10,11,338,146,1613,2662.2000,242.0182,"2011-03-10 11:31:00","2011-03-10 11:31:00",1,2,2,2,2.1000
14714,2011-12-10,"2011-11-15 13:07:00","2011-11-15 13:07:00",25,1,10,10,229,160.1900,160.1900,NULL,NULL,0,0,0,0,0.0000
14715,2011-12-10,"2011-01-12 13:27:00","2011-11-15 12:10:00",25,4,71,60,521,867.3800,216.8450,NULL,NULL,0,0,0,0,0.0000
14716,2011-12-10,"2011-07-14 12:42:00","2011-10-27 17:29:00",44,2,51,46,495,307.5100,153.7550,NULL,NULL,0,0,0,0,0.0000
14719,2011-12-10,"2011-04-04 14:17:00","2011-12-08 12:43:00",2,5,235,177,1025,1581.8400,316.3680,"2011-10-10 16:55:00","2011-10-10 16:55:00",1,1,1,1,9.9500
14720,2011-12-10,"2011-08-05 12:06:00","2011-12-04 12:02:00",6,3,37,34,219,663.8100,221.2700,NULL,NULL,0,0,0,0,0.0000
14722,2011-12-10,"2011-07-15 14:58:00","2011-07-15 14:58:00",148,1,28,28,118,180.4200,180.4200,NULL,NULL,0,0,0,0,0.0000
14723,2011-12-10,"2010-12-03 14:18:00","2011-11-29 15:23:00",11,6,258,192,671,1120.6600,186.7767,NULL,NULL,0,0,0,0,0.0000
14725,2011-12-10,"2011-11-15 12:42:00","2011-11-15 12:42:00",25,1,47,45,588,655.5800,655.5800,NULL,NULL,0,0,0,0,0.0000
14727,2011-12-10,"2011-03-10 14:45:00","2011-03-10 14:45:00",275,1,10,10,62,268.5800,268.5800,NULL,NULL,0,0,0,0,0.0000
14729,2011-12-10,"2010-12-01 12:43:00","2010-12-01 12:43:00",374,1,71,69,197,313.4900,313.4900,NULL,NULL,0,0,0,0,0.0000
14730,2011-12-10,"2011-03-08 12:49:00","2011-12-08 14:39:00",2,8,462,317,1078,1897.5700,237.1963,NULL,NULL,0,0,0,0,0.0000
14731,2011-12-10,"2011-05-11 13:06:00","2011-10-23 15:54:00",48,3,45,38,256,380.0200,126.6733,NULL,NULL,0,0,0,0,0.0000
14732,2011-12-10,"2011-01-04 14:40:00","2011-12-01 14:34:00",9,8,147,105,1405,2702.4900,337.8113,"2011-08-25 13:12:00","2011-11-18 15:50:00",2,2,2,3,16.1500
14733,2011-12-10,"2010-12-07 11:30:00","2011-11-23 15:39:00",17,12,202,102,3764,9585.9100,798.8258,"2011-01-11 15:02:00","2011-11-30 14:54:00",3,14,13,39,134.3700
14735,2011-12-10,"2010-12-16 16:05:00","2011-12-06 12:09:00",4,31,193,98,2263,6050.6900,195.1835,"2011-02-23 09:41:00","2011-05-03 08:47:00",2,11,11,104,258.0000
14737,2011-12-10,"2010-12-21 13:49:00","2011-12-06 10:16:00",4,3,17,15,345,1164.5500,388.1833,NULL,NULL,0,0,0,0,0.0000
14738,2011-12-10,"2011-01-27 14:10:00","2011-10-28 08:56:00",43,7,54,39,601,1314.4500,187.7786,"2011-08-01 14:12:00","2011-10-31 12:57:00",2,2,2,25,24.5100
14739,2011-12-10,"2010-12-07 14:58:00","2011-12-05 16:54:00",5,7,60,47,3820,3902.2800,557.4686,"2011-12-07 14:32:00","2011-12-07 14:32:00",1,1,1,3,3.1800
14740,2011-12-10,"2011-03-01 08:35:00","2011-05-26 18:17:00",198,3,89,85,735,1448.2100,482.7367,"2011-06-01 15:17:00","2011-06-01 15:17:00",1,4,4,6,25.0000
14741,2011-12-10,"2010-12-02 08:43:00","2011-11-28 08:48:00",12,6,59,35,841,1400.3400,233.3900,NULL,NULL,0,0,0,0,0.0000
14744,2011-12-10,"2010-12-08 10:21:00","2011-11-23 12:51:00",17,7,25,20,626,1084.9800,154.9971,"2011-02-21 15:12:00","2011-03-03 12:30:00",2,2,2,2,11.4500
14745,2011-12-10,"2011-02-27 15:25:00","2011-08-19 10:05:00",113,5,69,46,1038,1220.2600,244.0520,"2011-03-06 10:14:00","2011-03-06 10:14:00",1,1,1,18,53.1000
14747,2011-12-10,"2011-04-04 14:09:00","2011-04-04 14:09:00",250,1,18,18,84,328.2000,328.2000,"2011-04-06 10:17:00","2011-04-06 10:17:00",1,1,1,2,33.9000
14748,2011-12-10,"2010-12-06 10:19:00","2011-11-10 18:33:00",30,5,89,87,1223,1415.7500,283.1500,"2011-01-12 12:09:00","2011-01-12 12:09:00",1,2,2,30,96.9000
14752,2011-12-10,"2011-10-27 11:55:00","2011-10-27 11:55:00",44,1,5,5,260,389.6400,389.6400,NULL,NULL,0,0,0,0,0.0000
14753,2011-12-10,"2011-09-13 14:50:00","2011-09-13 14:50:00",88,1,30,30,211,563.1500,563.1500,NULL,NULL,0,0,0,0,0.0000
14754,2011-12-10,"2011-02-17 12:21:00","2011-10-26 12:01:00",45,2,41,38,486,638.0500,319.0250,NULL,NULL,0,0,0,0,0.0000
14755,2011-12-10,"2011-01-09 14:02:00","2011-11-30 11:24:00",10,11,235,128,2219,5010.2800,455.4800,"2011-05-18 12:21:00","2011-05-18 12:21:00",1,2,2,2,44.9000
14756,2011-12-10,"2011-11-24 18:13:00","2011-11-24 18:13:00",16,1,38,38,416,738.9600,738.9600,NULL,NULL,0,0,0,0,0.0000
14757,2011-12-10,"2011-09-25 14:36:00","2011-09-25 14:36:00",76,1,19,19,160,420.5000,420.5000,NULL,NULL,0,0,0,0,0.0000
14758,2011-12-10,"2011-03-25 12:10:00","2011-07-18 08:21:00",145,4,71,54,419,1484.0600,371.0150,NULL,NULL,0,0,0,0,0.0000
14759,2011-12-10,"2011-04-21 10:55:00","2011-12-05 12:03:00",5,3,102,92,569,1625.9700,541.9900,NULL,NULL,0,0,0,0,0.0000
14760,2011-12-10,"2011-02-15 16:27:00","2011-02-15 16:27:00",298,1,5,5,40,89.2000,89.2000,"2011-02-18 14:36:00","2011-02-18 14:36:00",1,2,2,12,35.4000
14761,2011-12-10,"2011-01-09 12:03:00","2011-10-12 12:10:00",59,2,11,11,118,255.9000,127.9500,NULL,NULL,0,0,0,0,0.0000
14762,2011-12-10,"2011-03-21 08:20:00","2011-03-21 08:20:00",264,1,21,21,341,300.5200,300.5200,NULL,NULL,0,0,0,0,0.0000
14764,2011-12-10,"2011-10-24 11:54:00","2011-10-24 11:54:00",47,1,6,6,190,278.3000,278.3000,"2011-10-27 10:46:00","2011-10-27 10:46:00",1,1,1,15,27.7500
14765,2011-12-10,"2011-06-16 19:49:00","2011-11-10 19:53:00",30,3,39,38,135,254.1100,84.7033,NULL,NULL,0,0,0,0,0.0000
14766,2011-12-10,"2010-12-08 15:33:00","2011-12-01 16:05:00",9,6,135,111,1349,2473.3700,412.2283,"2010-12-02 10:46:00","2010-12-09 14:45:00",2,2,2,26,50.3000
14768,2011-12-10,"2011-08-04 13:25:00","2011-11-22 12:54:00",18,2,5,4,52,192.6000,96.3000,"2011-09-22 09:43:00","2011-09-22 09:43:00",1,1,1,18,53.1000
14769,2011-12-10,"2010-12-17 11:40:00","2011-12-07 10:24:00",3,8,1061,717,7238,10415.3300,1301.9163,"2010-12-21 12:35:00","2011-09-23 08:21:00",2,4,4,30,33.1500
14770,2011-12-10,"2011-01-20 15:00:00","2011-04-21 14:21:00",233,2,52,49,490,876.4200,438.2100,NULL,NULL,0,0,0,0,0.0000
14772,2011-12-10,"2011-08-19 15:04:00","2011-08-19 15:04:00",113,1,9,9,82,139.2600,139.2600,NULL,NULL,0,0,0,0,0.0000
14775,2011-12-10,"2010-12-02 16:38:00","2011-10-12 15:27:00",59,3,60,57,1174,1011.9000,337.3000,NULL,NULL,0,0,0,0,0.0000
14776,2011-12-10,"2011-01-31 13:17:00","2011-10-19 15:34:00",52,11,117,44,3134,2538.3000,230.7545,"2011-06-21 14:52:00","2011-10-18 14:46:00",2,17,17,446,342.7200
14778,2011-12-10,"2011-02-04 11:43:00","2011-08-04 15:23:00",128,2,35,34,306,730.8600,365.4300,NULL,NULL,0,0,0,0,0.0000
14779,2011-12-10,"2011-01-20 12:04:00","2011-03-04 12:42:00",281,3,41,40,84,386.1500,128.7167,NULL,NULL,0,0,0,0,0.0000
14780,2011-12-10,"2011-09-21 15:15:00","2011-10-16 12:46:00",55,2,27,26,310,447.6800,223.8400,NULL,NULL,0,0,0,0,0.0000
14782,2011-12-10,"2011-01-24 11:12:00","2011-01-24 11:12:00",320,1,6,6,114,200.1000,200.1000,NULL,NULL,0,0,0,0,0.0000
14784,2011-12-10,"2011-01-20 09:25:00","2011-11-13 13:30:00",27,2,15,15,237,289.9900,144.9950,NULL,NULL,0,0,0,0,0.0000
14785,2011-12-10,"2011-11-24 13:40:00","2011-11-29 13:21:00",11,2,3,2,84,77.4000,38.7000,NULL,NULL,0,0,0,0,0.0000
14788,2011-12-10,"2011-11-13 15:52:00","2011-12-02 17:06:00",8,2,30,26,421,679.4400,339.7200,NULL,NULL,0,0,0,0,0.0000
14789,2011-12-10,"2011-11-11 08:59:00","2011-11-11 08:59:00",29,1,6,6,116,197.6400,197.6400,NULL,NULL,0,0,0,0,0.0000
14790,2011-12-10,"2011-03-31 11:49:00","2011-11-23 09:28:00",17,4,46,30,699,745.0600,186.2650,NULL,NULL,0,0,0,0,0.0000
14792,2011-12-10,"2011-10-07 09:19:00","2011-10-07 09:19:00",64,1,2,2,2,6.2000,6.2000,"2011-10-06 18:34:00","2011-10-06 18:34:00",1,2,2,2,6.2000
14793,2011-12-10,"2011-11-18 14:50:00","2011-11-18 14:50:00",22,1,14,14,91,228.9900,228.9900,"2011-12-05 16:25:00","2011-12-05 16:25:00",1,1,1,3,14.8500
14794,2011-12-10,"2011-01-09 16:11:00","2011-12-07 10:11:00",3,7,80,68,673,1319.9100,188.5586,"2011-03-30 16:49:00","2011-11-14 17:23:00",2,2,2,4,47.8000
14795,2011-12-10,"2011-06-26 13:04:00","2011-06-26 13:04:00",167,1,6,6,17,131.4500,131.4500,NULL,NULL,0,0,0,0,0.0000
14796,2011-12-10,"2010-12-08 10:40:00","2011-12-08 15:31:00",2,17,1131,402,5991,7973.9300,469.0547,"2010-12-08 09:55:00","2011-09-06 09:30:00",10,24,18,83,182.9800
14798,2011-12-10,"2011-02-02 15:26:00","2011-10-18 10:58:00",53,3,12,11,150,173.7400,57.9133,NULL,NULL,0,0,0,0,0.0000
14799,2011-12-10,"2011-10-19 16:16:00","2011-10-19 16:16:00",52,1,13,13,146,157.7000,157.7000,NULL,NULL,0,0,0,0,0.0000
14800,2011-12-10,"2010-12-05 11:10:00","2011-10-23 12:46:00",48,12,383,246,3644,4331.7900,360.9825,"2011-03-13 10:48:00","2011-10-11 11:01:00",4,7,7,21,103.4000
14801,2011-12-10,"2011-10-09 15:24:00","2011-10-09 15:24:00",62,1,57,56,173,189.3400,189.3400,NULL,NULL,0,0,0,0,0.0000
14803,2011-12-10,"2011-02-20 13:21:00","2011-06-30 13:58:00",163,3,44,35,370,845.5500,281.8500,NULL,NULL,0,0,0,0,0.0000
14804,2011-12-10,"2011-12-01 11:20:00","2011-12-01 11:20:00",9,1,12,12,121,353.2700,353.2700,NULL,NULL,0,0,0,0,0.0000
14805,2011-12-10,"2011-01-30 10:43:00","2011-11-24 16:20:00",16,4,46,30,114,546.4000,136.6000,NULL,NULL,0,0,0,0,0.0000
14806,2011-12-10,"2011-09-25 15:32:00","2011-09-25 15:32:00",76,1,11,11,330,193.3900,193.3900,NULL,NULL,0,0,0,0,0.0000
14808,2011-12-10,"2011-06-20 12:53:00","2011-10-31 12:21:00",40,8,231,176,2120,2718.6000,339.8250,"2011-06-26 12:52:00","2011-10-31 12:02:00",6,20,19,92,440.8000
14810,2011-12-10,"2010-12-05 12:08:00","2011-10-30 11:19:00",41,11,254,106,1015,2085.3300,189.5755,NULL,NULL,0,0,0,0,0.0000
14813,2011-12-10,"2010-12-05 11:54:00","2010-12-05 11:57:00",370,2,29,25,66,152.8800,76.4400,NULL,NULL,0,0,0,0,0.0000
14815,2011-12-10,"2011-10-03 11:36:00","2011-11-03 11:36:00",37,2,53,53,744,778.5000,389.2500,NULL,NULL,0,0,0,0,0.0000
14816,2011-12-10,"2011-05-26 13:16:00","2011-05-26 13:16:00",198,1,4,4,5,271.8500,271.8500,NULL,NULL,0,0,0,0,0.0000
14817,2011-12-10,"2011-03-07 13:51:00","2011-05-23 13:35:00",201,2,61,51,653,1010.3400,505.1700,NULL,NULL,0,0,0,0,0.0000
14818,2011-12-10,"2011-03-31 12:28:00","2011-09-27 11:01:00",74,3,48,41,324,657.8000,219.2667,NULL,NULL,0,0,0,0,0.0000
14819,2011-12-10,"2011-05-31 13:50:00","2011-10-06 13:41:00",65,2,13,13,109,272.0700,136.0350,NULL,NULL,0,0,0,0,0.0000
14820,2011-12-10,"2011-06-19 14:56:00","2011-11-18 15:41:00",22,4,29,24,253,507.2900,126.8225,NULL,NULL,0,0,0,0,0.0000
14821,2011-12-10,"2010-12-08 08:43:00","2010-12-08 08:43:00",367,1,2,2,20,48.8000,48.8000,NULL,NULL,0,0,0,0,0.0000
14823,2011-12-10,"2011-05-29 12:48:00","2011-06-12 13:12:00",181,3,70,56,88,321.4300,107.1433,NULL,NULL,0,0,0,0,0.0000
14824,2011-12-10,"2011-09-09 14:12:00","2011-11-29 14:20:00",11,4,29,19,525,1127.7100,281.9275,NULL,NULL,0,0,0,0,0.0000
14825,2011-12-10,"2010-12-06 12:30:00","2011-12-06 11:38:00",4,12,120,82,989,2221.0100,185.0842,NULL,NULL,0,0,0,0,0.0000
14828,2011-12-10,"2011-01-07 09:50:00","2011-05-27 10:16:00",197,3,17,17,2172,2139.7600,713.2533,NULL,NULL,0,0,0,0,0.0000
14829,2011-12-10,"2010-12-02 16:12:00","2011-11-10 16:16:00",30,4,42,39,452,697.5500,174.3875,"2010-12-14 11:34:00","2010-12-15 16:43:00",2,3,3,38,52.9000
14830,2011-12-10,"2011-10-17 14:29:00","2011-10-17 14:29:00",54,1,38,38,163,188.0300,188.0300,NULL,NULL,0,0,0,0,0.0000
14834,2011-12-10,"2011-04-13 15:00:00","2011-11-22 10:30:00",18,6,67,43,734,1720.3000,286.7167,"2011-04-21 16:42:00","2011-10-04 17:22:00",2,3,3,3,21.9500
14836,2011-12-10,"2011-11-09 13:26:00","2011-11-29 16:45:00",11,3,6,5,45,102.4500,34.1500,NULL,NULL,0,0,0,0,0.0000
14837,2011-12-10,"2011-05-22 12:49:00","2011-09-11 10:58:00",90,4,108,96,1436,1649.5000,412.3750,"2011-09-09 12:59:00","2011-09-09 12:59:00",1,2,2,6,8.3000
14840,2011-12-10,"2011-03-17 12:00:00","2011-03-17 12:00:00",268,1,4,4,31,62.8500,62.8500,NULL,NULL,0,0,0,0,0.0000
14841,2011-12-10,"2010-12-16 10:28:00","2011-10-17 15:03:00",54,6,138,103,1778,3295.7600,549.2933,NULL,NULL,0,0,0,0,0.0000
14842,2011-12-10,"2011-02-04 15:32:00","2011-10-27 12:37:00",44,4,145,128,1166,2824.6900,706.1725,"2011-02-10 16:22:00","2011-11-04 13:09:00",4,13,13,20,367.8900
14844,2011-12-10,"2011-04-12 13:10:00","2011-10-07 10:41:00",64,4,130,87,1833,3189.8100,797.4525,NULL,NULL,0,0,0,0,0.0000
14847,2011-12-10,"2011-07-14 10:52:00","2011-07-14 10:52:00",149,1,13,13,120,309.4000,309.4000,NULL,NULL,0,0,0,0,0.0000
14849,2011-12-10,"2010-12-01 12:22:00","2011-11-18 10:58:00",22,25,388,159,5694,7930.5400,317.2216,"2011-01-26 17:16:00","2011-10-13 12:02:00",3,4,4,38,26.2600
14850,2011-12-10,"2011-02-01 11:21:00","2011-02-01 11:21:00",312,1,21,21,293,325.7500,325.7500,"2010-12-07 08:42:00","2010-12-07 08:42:00",1,1,1,8,47.6000
14851,2011-12-10,"2011-03-28 14:59:00","2011-11-16 14:20:00",24,2,28,28,325,511.3500,255.6750,NULL,NULL,0,0,0,0,0.0000
14852,2011-12-10,"2011-04-01 13:22:00","2011-10-12 13:20:00",59,6,143,96,1747,2836.6900,472.7817,NULL,NULL,0,0,0,0,0.0000
14853,2011-12-10,"2011-05-12 15:17:00","2011-11-15 16:56:00",25,2,9,8,82,475.8000,237.9000,"2011-12-01 09:44:00","2011-12-01 09:44:00",1,1,1,1,12.7500
14854,2011-12-10,"2011-03-10 12:22:00","2011-09-22 17:00:00",79,7,126,110,1820,2740.0300,391.4329,"2011-06-28 14:57:00","2011-06-28 14:57:00",1,4,4,10,9.9400
14855,2011-12-10,"2011-07-28 12:06:00","2011-08-12 14:02:00",120,2,20,13,267,645.6500,322.8250,NULL,NULL,0,0,0,0,0.0000
14856,2011-12-10,"2011-10-14 09:35:00","2011-11-03 14:53:00",37,3,65,65,711,1290.5300,430.1767,NULL,NULL,0,0,0,0,0.0000
14857,2011-12-10,"2011-07-14 15:03:00","2011-10-11 09:23:00",60,2,60,58,464,1173.1200,586.5600,"2011-08-02 17:18:00","2011-08-02 17:18:00",1,1,1,9,7.4700
14859,2011-12-10,"2011-05-19 14:42:00","2011-11-27 11:18:00",13,4,58,47,671,1353.7400,338.4350,"2011-05-23 17:43:00","2011-05-23 17:43:00",1,1,1,2,1.7000
14860,2011-12-10,"2011-11-20 14:17:00","2011-11-20 14:17:00",20,1,11,11,232,170.3200,170.3200,"2011-12-01 09:44:00","2011-12-01 09:44:00",1,1,1,2,1.7000
14861,2011-12-10,"2011-10-18 12:54:00","2011-10-18 12:54:00",53,1,6,6,117,125.7900,125.7900,NULL,NULL,0,0,0,0,0.0000
14862,2011-12-10,"2011-07-14 11:20:00","2011-11-14 10:01:00",26,2,48,47,772,841.2000,420.6000,NULL,NULL,0,0,0,0,0.0000
14863,2011-12-10,"2011-11-10 15:04:00","2011-11-10 15:04:00",30,1,11,11,132,266.7600,266.7600,NULL,NULL,0,0,0,0,0.0000
14865,2011-12-10,"2010-12-02 18:23:00","2011-12-02 16:25:00",8,2,4,4,108,52.2000,26.1000,NULL,NULL,0,0,0,0,0.0000
14866,2011-12-10,"2010-12-08 14:58:00","2011-11-29 11:45:00",11,11,98,29,6751,14353.4000,1304.8545,"2011-09-27 11:08:00","2011-09-27 11:08:00",1,4,4,183,192.4500
14867,2011-12-10,"2011-01-07 16:34:00","2011-06-07 11:39:00",186,3,36,31,328,710.2800,236.7600,"2010-12-06 11:47:00","2010-12-06 11:47:00",1,1,1,1,8.9500
14868,2011-12-10,"2011-04-20 13:36:00","2011-12-06 14:49:00",4,8,144,96,1405,2953.5900,369.1988,"2011-11-14 13:24:00","2011-11-14 13:24:00",1,3,3,6,13.9500
14869,2011-12-10,"2011-08-28 16:09:00","2011-12-01 12:36:00",9,2,70,66,549,721.4500,360.7250,"2011-12-06 10:55:00","2011-12-06 10:55:00",1,1,1,1,3.7500
14870,2011-12-10,"2011-03-23 10:51:00","2011-03-23 10:51:00",262,1,13,13,119,327.2500,327.2500,NULL,NULL,0,0,0,0,0.0000
14871,2011-12-10,"2010-12-14 12:18:00","2011-12-06 13:42:00",4,4,93,68,179,501.2800,125.3200,NULL,NULL,0,0,0,0,0.0000
14873,2011-12-10,"2011-05-13 13:52:00","2011-05-13 13:52:00",211,1,28,28,168,519.6800,519.6800,NULL,NULL,0,0,0,0,0.0000
14875,2011-12-10,"2011-03-22 11:53:00","2011-08-24 12:20:00",108,2,47,46,558,1465.3200,732.6600,"2011-03-24 19:27:00","2011-11-30 14:41:00",2,2,2,3,7.6500
14878,2011-12-10,"2010-12-16 12:11:00","2011-11-27 11:15:00",13,9,122,62,799,1476.0900,164.0100,NULL,NULL,0,0,0,0,0.0000
14880,2011-12-10,"2011-02-24 12:27:00","2011-09-23 13:42:00",78,3,45,44,364,675.5900,225.1967,NULL,NULL,0,0,0,0,0.0000
14881,2011-12-10,"2011-11-20 11:06:00","2011-11-20 11:06:00",20,1,17,17,316,255.4000,255.4000,NULL,NULL,0,0,0,0,0.0000
14882,2011-12-10,"2011-11-06 10:15:00","2011-11-13 12:47:00",27,2,11,6,158,589.7000,294.8500,NULL,NULL,0,0,0,0,0.0000
14883,2011-12-10,"2011-05-12 09:49:00","2011-11-21 10:23:00",19,6,53,39,790,761.5900,126.9317,"2011-10-06 17:57:00","2011-10-06 17:57:00",1,1,1,1,4.9500
14885,2011-12-10,"2011-07-31 12:05:00","2011-07-31 12:05:00",132,1,15,15,724,765.3200,765.3200,NULL,NULL,0,0,0,0,0.0000
14886,2011-12-10,"2011-04-01 08:56:00","2011-04-01 08:56:00",253,1,18,18,160,364.8000,364.8000,NULL,NULL,0,0,0,0,0.0000
14887,2011-12-10,"2011-09-21 15:32:00","2011-09-21 15:32:00",80,1,6,6,1100,1862.0000,1862.0000,NULL,NULL,0,0,0,0,0.0000
14888,2011-12-10,"2011-05-16 14:58:00","2011-05-16 14:58:00",208,1,20,20,184,369.2000,369.2000,NULL,NULL,0,0,0,0,0.0000
14889,2011-12-10,"2011-01-07 15:19:00","2011-01-07 15:19:00",337,1,10,10,90,135.9000,135.9000,NULL,NULL,0,0,0,0,0.0000
14890,2011-12-10,"2011-03-31 11:57:00","2011-03-31 11:57:00",254,1,7,7,51,125.6500,125.6500,NULL,NULL,0,0,0,0,0.0000
14891,2011-12-10,"2011-06-05 10:58:00","2011-07-14 18:08:00",149,2,33,30,505,554.3800,277.1900,NULL,NULL,0,0,0,0,0.0000
14893,2011-12-10,"2011-11-28 10:49:00","2011-11-30 12:31:00",10,2,73,72,799,1237.8500,618.9250,NULL,NULL,0,0,0,0,0.0000
14894,2011-12-10,"2011-09-15 13:51:00","2011-09-15 13:51:00",86,1,23,23,265,655.7500,655.7500,NULL,NULL,0,0,0,0,0.0000
14895,2011-12-10,"2011-02-22 13:08:00","2011-12-02 09:23:00",8,20,498,273,4851,11138.7100,556.9355,"2011-01-21 09:26:00","2011-10-26 11:37:00",4,8,8,28,118.4500
14896,2011-12-10,"2010-12-09 12:24:00","2011-05-19 10:20:00",205,2,43,43,279,468.7700,234.3850,NULL,NULL,0,0,0,0,0.0000
14897,2011-12-10,"2011-02-16 08:37:00","2011-12-02 10:32:00",8,4,55,43,468,1366.3800,341.5950,NULL,NULL,0,0,0,0,0.0000
14898,2011-12-10,"2010-12-03 15:25:00","2011-11-16 14:54:00",24,6,109,86,1001,1269.3100,211.5517,"2010-12-09 15:28:00","2010-12-15 16:52:00",2,3,3,12,75.2000
14901,2011-12-10,"2010-12-02 11:20:00","2011-11-28 17:09:00",12,9,96,73,661,1421.2900,157.9211,"2010-12-08 10:18:00","2010-12-08 10:18:00",1,2,2,2,6.3000
14902,2011-12-10,"2011-11-14 10:34:00","2011-11-14 10:34:00",26,1,20,20,218,332.6600,332.6600,"2011-11-18 17:09:00","2011-11-18 17:09:00",1,4,4,9,18.5500
14903,2011-12-10,"2011-03-06 11:50:00","2011-11-18 16:07:00",22,5,350,227,1531,2795.3300,559.0660,"2011-03-07 12:05:00","2011-08-10 09:21:00",5,9,5,45,66.1500
14904,2011-12-10,"2011-11-14 09:13:00","2011-12-07 12:55:00",3,2,69,66,1985,1025.4400,512.7200,NULL,NULL,0,0,0,0,0.0000
14905,2011-12-10,"2011-04-20 10:48:00","2011-07-05 12:41:00",158,2,17,14,287,616.1500,308.0750,"2011-07-08 13:36:00","2011-07-08 13:36:00",1,1,1,13,16.2500
14907,2011-12-10,"2010-12-07 10:14:00","2011-12-06 14:14:00",4,7,165,125,1691,3501.1000,500.1571,"2010-12-14 11:41:00","2011-11-16 16:21:00",3,3,3,5,22.2500
14908,2011-12-10,"2011-09-26 12:56:00","2011-09-26 12:56:00",75,1,9,9,132,277.8000,277.8000,NULL,NULL,0,0,0,0,0.0000
14910,2011-12-10,"2011-10-16 11:06:00","2011-12-07 10:06:00",3,4,30,25,238,434.3500,108.5875,"2011-10-20 19:11:00","2011-11-14 17:10:00",3,5,5,17,44.4900
14911,2011-12-10,"2010-12-01 14:05:00","2011-12-08 15:54:00",2,198,5583,1784,80153,136154.3300,687.6481,"2010-12-16 12:56:00","2011-12-01 13:12:00",44,222,184,3331,7820.6000
14912,2011-12-10,"2011-04-07 11:06:00","2011-11-23 09:20:00",17,2,27,21,971,867.8500,433.9250,"2011-11-23 12:29:00","2011-11-23 12:29:00",1,1,1,1,26.3300
14913,2011-12-10,"2010-12-15 14:35:00","2011-11-04 08:29:00",36,4,87,76,1743,1227.4300,306.8575,NULL,NULL,0,0,0,0,0.0000
14915,2011-12-10,"2011-03-07 09:39:00","2011-09-09 13:34:00",92,2,12,12,112,307.4800,153.7400,"2011-09-15 10:27:00","2011-09-15 10:27:00",1,1,1,7,48.6500
14916,2011-12-10,"2011-01-19 15:30:00","2011-09-30 09:20:00",71,4,77,72,1136,1268.9800,317.2450,"2011-07-22 16:50:00","2011-07-22 16:50:00",1,2,2,4,4.1400
14918,2011-12-10,"2011-07-08 12:50:00","2011-08-16 11:50:00",116,2,45,39,675,1610.1500,805.0750,NULL,NULL,0,0,0,0,0.0000
14920,2011-12-10,"2011-05-11 10:31:00","2011-05-11 10:32:00",213,2,57,57,509,977.7700,488.8850,NULL,NULL,0,0,0,0,0.0000
14921,2011-12-10,"2011-05-22 12:51:00","2011-11-09 13:17:00",31,2,78,78,953,1316.0700,658.0350,NULL,NULL,0,0,0,0,0.0000
14923,2011-12-10,"2011-10-20 11:51:00","2011-10-20 11:51:00",51,1,44,44,418,749.1000,749.1000,NULL,NULL,0,0,0,0,0.0000
14924,2011-12-10,"2011-04-08 09:25:00","2011-04-08 09:25:00",246,1,10,10,64,310.0500,310.0500,NULL,NULL,0,0,0,0,0.0000
14929,2011-12-10,"2011-11-07 17:21:00","2011-11-07 17:21:00",33,1,11,11,136,223.8800,223.8800,NULL,NULL,0,0,0,0,0.0000
14930,2011-12-10,"2011-03-10 14:42:00","2011-08-23 10:31:00",109,3,127,116,1160,2362.9600,787.6533,NULL,NULL,0,0,0,0,0.0000
14931,2011-12-10,"2011-04-13 09:32:00","2011-12-05 10:19:00",5,4,38,28,414,864.6800,216.1700,NULL,NULL,0,0,0,0,0.0000
14932,2011-12-10,"2010-12-09 11:48:00","2010-12-09 11:48:00",366,1,16,16,79,313.5300,313.5300,NULL,NULL,0,0,0,0,0.0000
14934,2011-12-10,"2011-03-02 11:48:00","2011-09-19 10:10:00",82,2,87,68,1042,1890.9400,945.4700,"2011-09-28 09:45:00","2011-09-28 09:45:00",1,1,1,1,2.1000
14935,2011-12-10,"2011-02-15 14:44:00","2011-02-15 14:44:00",298,1,10,10,935,1784.7100,1784.7100,NULL,NULL,0,0,0,0,0.0000
14936,2011-12-10,"2011-03-09 11:53:00","2011-11-06 10:30:00",34,8,364,210,4085,8137.0200,1017.1275,"2011-11-30 15:07:00","2011-11-30 15:07:00",1,2,2,2,19.6000
14937,2011-12-10,"2011-08-01 14:16:00","2011-10-14 12:29:00",57,3,34,33,484,1621.8800,540.6267,"2011-08-18 06:36:00","2011-08-18 06:36:00",1,1,1,1,4.2500
14944,2011-12-10,"2011-02-16 12:47:00","2011-11-10 09:10:00",30,12,170,101,2815,5900.2500,491.6875,"2010-12-22 13:13:00","2011-10-06 18:36:00",2,2,2,14,57.3000
14946,2011-12-10,"2011-11-25 13:33:00","2011-11-25 13:33:00",15,1,3,3,22,100.9000,100.9000,NULL,NULL,0,0,0,0,0.0000
14947,2011-12-10,"2011-08-01 09:31:00","2011-09-28 15:48:00",73,2,13,13,178,275.8200,137.9100,NULL,NULL,0,0,0,0,0.0000
14948,2011-12-10,"2011-05-04 14:52:00","2011-11-16 17:16:00",24,6,63,56,673,1101.9700,183.6617,"2011-11-08 12:07:00","2011-11-08 12:07:00",1,1,1,12,35.4000
14950,2011-12-10,"2011-11-20 13:48:00","2011-11-20 13:48:00",20,1,19,19,136,371.2000,371.2000,"2011-12-01 09:42:00","2011-12-01 09:42:00",1,1,1,1,9.9500
14951,2011-12-10,"2011-09-21 15:15:00","2011-09-21 15:15:00",80,1,20,20,311,311.6900,311.6900,NULL,NULL,0,0,0,0,0.0000
14952,2011-12-10,"2010-12-10 12:48:00","2011-10-11 10:33:00",60,11,138,117,3355,8099.4900,736.3173,"2010-12-08 11:33:00","2011-10-24 13:50:00",4,11,8,60,186.7000
14953,2011-12-10,"2011-11-14 14:59:00","2011-11-14 14:59:00",26,1,54,54,224,285.6700,285.6700,NULL,NULL,0,0,0,0,0.0000
14954,2011-12-10,"2011-11-27 14:30:00","2011-11-27 14:30:00",13,1,77,75,117,294.8500,294.8500,NULL,NULL,0,0,0,0,0.0000
14957,2011-12-10,"2011-03-31 17:59:00","2011-03-31 17:59:00",254,1,12,12,34,58.4900,58.4900,NULL,NULL,0,0,0,0,0.0000
14958,2011-12-10,"2011-04-08 11:28:00","2011-07-15 14:20:00",148,3,41,33,128,483.7300,161.2433,NULL,NULL,0,0,0,0,0.0000
14959,2011-12-10,"2011-02-16 13:00:00","2011-10-06 18:23:00",65,4,59,37,494,695.4200,173.8550,"2011-10-11 16:28:00","2011-10-11 16:28:00",1,2,2,3,10.4500
14960,2011-12-10,"2011-06-21 13:38:00","2011-12-01 12:54:00",9,2,27,23,221,221.2700,110.6350,NULL,NULL,0,0,0,0,0.0000
14961,2011-12-10,"2010-12-14 11:38:00","2011-11-29 09:42:00",11,9,312,193,3708,7044.6800,782.7422,"2011-01-06 17:48:00","2011-05-05 18:01:00",3,5,5,16,38.1000
14962,2011-12-10,"2011-03-14 09:42:00","2011-03-14 09:42:00",271,1,5,5,44,126.7000,126.7000,NULL,NULL,0,0,0,0,0.0000
14963,2011-12-10,"2011-06-09 12:30:00","2011-11-30 12:16:00",10,5,192,149,1159,1472.3400,294.4680,NULL,NULL,0,0,0,0,0.0000
14964,2011-12-10,"2011-04-06 14:13:00","2011-04-06 14:13:00",248,1,13,13,143,206.2100,206.2100,NULL,NULL,0,0,0,0,0.0000
14965,2011-12-10,"2011-09-04 13:15:00","2011-09-04 13:20:00",97,2,81,80,363,596.0900,298.0450,NULL,NULL,0,0,0,0,0.0000
14966,2011-12-10,"2011-11-25 12:20:00","2011-11-25 12:20:00",15,1,36,35,179,183.0200,183.0200,NULL,NULL,0,0,0,0,0.0000
14967,2011-12-10,"2011-10-21 11:06:00","2011-10-21 11:06:00",50,1,6,6,140,463.8000,463.8000,NULL,NULL,0,0,0,0,0.0000
14968,2011-12-10,"2011-11-09 13:58:00","2011-11-09 13:58:00",31,1,37,37,127,147.5900,147.5900,NULL,NULL,0,0,0,0,0.0000
14970,2011-12-10,"2011-01-27 12:23:00","2011-10-02 13:44:00",69,4,34,24,250,1592.0600,398.0150,NULL,NULL,0,0,0,0,0.0000
14971,2011-12-10,"2011-10-27 13:33:00","2011-11-04 17:07:00",36,3,155,144,639,1097.9800,365.9933,NULL,NULL,0,0,0,0,0.0000
14972,2011-12-10,"2011-08-03 14:54:00","2011-08-03 14:54:00",129,1,18,18,28,114.7700,114.7700,NULL,NULL,0,0,0,0,0.0000
14973,2011-12-10,"2011-04-28 12:22:00","2011-08-24 15:51:00",108,3,32,29,369,1314.4500,438.1500,NULL,NULL,0,0,0,0,0.0000
14974,2011-12-10,"2011-11-02 13:01:00","2011-11-02 13:01:00",38,1,17,17,37,89.9400,89.9400,NULL,NULL,0,0,0,0,0.0000
14975,2011-12-10,"2011-10-13 14:08:00","2011-10-13 14:08:00",58,1,11,11,380,279.9400,279.9400,NULL,NULL,0,0,0,0,0.0000
14976,2011-12-10,"2011-01-17 11:09:00","2011-10-13 16:33:00",58,6,70,45,232,774.8600,129.1433,"2011-05-27 16:48:00","2011-05-27 16:48:00",1,1,1,4,25.0000
14978,2011-12-10,"2011-01-13 12:03:00","2011-09-28 13:07:00",73,5,214,136,523,1921.3700,384.2740,NULL,NULL,0,0,0,0,0.0000
14981,2011-12-10,"2011-04-07 13:45:00","2011-04-07 13:45:00",247,1,8,8,97,102.1200,102.1200,NULL,NULL,0,0,0,0,0.0000
14984,2011-12-10,"2011-06-12 11:04:00","2011-11-20 14:28:00",20,2,39,37,58,202.3700,101.1850,NULL,NULL,0,0,0,0,0.0000
14985,2011-12-10,"2010-12-16 19:51:00","2011-05-25 14:29:00",199,2,83,78,256,292.0100,146.0050,NULL,NULL,0,0,0,0,0.0000
14987,2011-12-10,"2010-12-09 12:13:00","2011-11-24 09:59:00",16,2,4,2,128,326.4000,163.2000,NULL,NULL,0,0,0,0,0.0000
14988,2011-12-10,"2011-05-12 12:05:00","2011-05-12 12:05:00",212,1,40,40,141,334.5400,334.5400,NULL,NULL,0,0,0,0,0.0000
14995,2011-12-10,"2011-03-04 13:14:00","2011-11-01 11:39:00",39,2,60,53,102,231.9800,115.9900,NULL,NULL,0,0,0,0,0.0000
14997,2011-12-10,"2011-06-14 16:52:00","2011-10-24 13:28:00",47,3,26,25,1120,546.2000,182.0667,"2011-10-11 11:25:00","2011-10-11 11:25:00",1,1,1,18,5.2200
14998,2011-12-10,"2011-04-12 16:28:00","2011-06-22 17:30:00",171,2,74,70,258,414.8700,207.4350,NULL,NULL,0,0,0,0,0.0000
15000,2011-12-10,"2011-10-23 11:42:00","2011-10-23 11:42:00",48,1,77,76,218,490.5200,490.5200,NULL,NULL,0,0,0,0,0.0000
15002,2011-12-10,"2010-12-07 13:16:00","2011-08-16 10:44:00",116,4,115,93,862,1641.7600,410.4400,NULL,NULL,0,0,0,0,0.0000
15004,2011-12-10,"2011-07-15 14:05:00","2011-07-15 14:05:00",148,1,153,153,622,1220.3800,1220.3800,NULL,NULL,0,0,0,0,0.0000
15005,2011-12-10,"2010-12-08 14:36:00","2011-11-24 12:25:00",16,28,1111,359,4228,6293.6700,224.7739,"2011-01-09 14:17:00","2011-11-08 11:38:00",7,40,33,42,134.8300
15006,2011-12-10,"2011-10-19 15:08:00","2011-10-19 15:08:00",52,1,131,120,285,475.4300,475.4300,NULL,NULL,0,0,0,0,0.0000
15007,2011-12-10,"2011-07-03 16:00:00","2011-07-03 16:00:00",160,1,12,12,69,156.9100,156.9100,NULL,NULL,0,0,0,0,0.0000
15009,2011-12-10,"2011-11-14 17:40:00","2011-11-27 13:35:00",13,3,180,148,639,1259.4300,419.8100,NULL,NULL,0,0,0,0,0.0000
15010,2011-12-10,"2011-11-04 12:42:00","2011-11-04 12:42:00",36,1,20,20,184,308.9400,308.9400,NULL,NULL,0,0,0,0,0.0000
15012,2011-12-10,"2010-12-01 12:49:00","2011-10-17 12:22:00",54,2,122,110,225,405.0400,202.5200,NULL,NULL,0,0,0,0,0.0000
15014,2011-12-10,"2011-06-16 19:40:00","2011-10-27 20:07:00",44,2,33,29,149,257.6700,128.8350,NULL,NULL,0,0,0,0,0.0000
15016,2011-12-10,"2011-06-20 12:06:00","2011-06-20 12:06:00",173,1,20,20,76,170.0400,170.0400,NULL,NULL,0,0,0,0,0.0000
15017,2011-12-10,"2011-11-06 10:33:00","2011-11-06 10:33:00",34,1,20,20,63,125.5800,125.5800,NULL,NULL,0,0,0,0,0.0000
15018,2011-12-10,"2010-12-07 10:47:00","2011-11-01 12:47:00",39,3,31,30,189,496.2100,165.4033,"2011-04-05 12:27:00","2011-04-05 12:27:00",1,1,1,1,39.9500
15019,2011-12-10,"2011-03-18 12:35:00","2011-03-18 12:35:00",267,1,66,64,150,252.8100,252.8100,NULL,NULL,0,0,0,0,0.0000
15021,2011-12-10,"2010-12-08 12:17:00","2011-12-01 11:53:00",9,9,444,287,819,1871.7700,207.9744,"2010-12-07 08:57:00","2011-12-01 10:38:00",4,7,7,18,42.5400
15022,2011-12-10,"2011-10-23 15:47:00","2011-11-28 12:35:00",12,4,121,96,527,852.3900,213.0975,NULL,NULL,0,0,0,0,0.0000
15023,2011-12-10,"2010-12-05 13:49:00","2011-12-06 17:23:00",4,11,551,346,2818,6701.5100,609.2282,"2011-07-03 13:08:00","2011-07-03 13:08:00",1,1,1,8,39.6000
15024,2011-12-10,"2010-12-07 13:20:00","2011-11-30 12:06:00",10,10,152,105,902,1636.4300,163.6430,NULL,NULL,0,0,0,0,0.0000
15025,2011-12-10,"2011-11-06 15:20:00","2011-11-06 15:20:00",34,1,67,66,184,361.9600,361.9600,NULL,NULL,0,0,0,0,0.0000
15026,2011-12-10,"2011-03-07 13:45:00","2011-09-20 13:52:00",81,3,60,56,225,464.2000,154.7333,NULL,NULL,0,0,0,0,0.0000
15027,2011-12-10,"2011-04-15 14:14:00","2011-11-09 10:16:00",31,4,35,30,565,1066.1500,266.5375,"2011-04-19 16:09:00","2011-05-25 16:51:00",2,2,2,2,14.2000
15028,2011-12-10,"2010-12-06 12:47:00","2011-12-01 14:06:00",9,4,48,35,459,627.1300,156.7825,NULL,NULL,0,0,0,0,0.0000
15030,2011-12-10,"2011-03-16 15:34:00","2011-09-29 10:50:00",72,2,7,7,372,518.2800,259.1400,NULL,NULL,0,0,0,0,0.0000
15031,2011-12-10,"2011-03-02 14:46:00","2011-12-05 14:19:00",5,4,110,74,400,653.1900,163.2975,NULL,NULL,0,0,0,0,0.0000
15032,2011-12-10,"2010-12-08 12:57:00","2011-03-28 15:03:00",257,3,52,29,2968,4959.1000,1653.0333,"2011-03-28 15:18:00","2011-03-28 15:30:00",2,3,3,300,495.0000
15033,2011-12-10,"2011-01-14 13:28:00","2011-12-05 12:40:00",5,10,500,314,1670,2553.8800,255.3880,"2011-07-03 11:54:00","2011-07-03 11:54:00",1,3,3,3,15.6500
15034,2011-12-10,"2010-12-21 09:47:00","2011-11-24 12:11:00",16,8,390,299,2413,4274.1600,534.2700,"2011-03-10 10:29:00","2011-11-11 10:55:00",3,6,5,11,30.9500
15035,2011-12-10,"2011-09-11 11:08:00","2011-09-11 11:08:00",90,1,27,26,245,252.7300,252.7300,NULL,NULL,0,0,0,0,0.0000
15036,2011-12-10,"2011-06-13 12:19:00","2011-09-28 15:42:00",73,3,119,107,316,429.5600,143.1867,NULL,NULL,0,0,0,0,0.0000
15038,2011-12-10,"2010-12-05 10:54:00","2011-10-12 11:33:00",59,6,125,105,212,685.7400,114.2900,"2011-10-27 14:42:00","2011-10-27 14:42:00",1,3,3,30,39.9000
15039,2011-12-10,"2010-12-06 11:26:00","2011-11-30 11:31:00",10,47,1477,408,9131,19766.5900,420.5657,"2011-01-24 11:30:00","2011-06-30 11:31:00",5,6,6,18,128.0000
15041,2011-12-10,"2011-06-22 16:16:00","2011-06-22 16:16:00",171,1,66,66,103,179.9300,179.9300,NULL,NULL,0,0,0,0,0.0000
15042,2011-12-10,"2011-05-24 16:25:00","2011-05-24 16:25:00",200,1,5,5,30,135.9300,135.9300,NULL,NULL,0,0,0,0,0.0000
15043,2011-12-10,"2011-11-08 14:26:00","2011-11-08 14:26:00",32,1,3,3,300,537.0000,537.0000,NULL,NULL,0,0,0,0,0.0000
15044,2011-12-10,"2010-12-12 14:27:00","2011-11-20 13:20:00",20,17,444,233,2785,7634.7300,449.1018,"2010-12-19 12:46:00","2011-10-04 14:51:00",5,8,7,9,70.8500
15045,2011-12-10,"2011-03-27 11:44:00","2011-07-11 11:33:00",152,2,12,11,114,735.6600,367.8300,"2011-04-01 10:45:00","2011-04-01 10:45:00",1,1,1,8,102.0000
15046,2011-12-10,"2011-01-05 15:30:00","2011-11-30 15:50:00",10,15,200,146,3371,5071.4700,338.0980,"2011-06-26 13:13:00","2011-06-26 13:13:00",1,1,1,144,149.7600
15047,2011-12-10,"2011-03-15 10:49:00","2011-03-15 10:49:00",270,1,22,22,222,343.6200,343.6200,NULL,NULL,0,0,0,0,0.0000
15048,2011-12-10,"2010-12-06 12:15:00","2011-10-05 14:55:00",66,4,94,86,192,381.0000,95.2500,"2011-08-15 10:06:00","2011-08-15 10:06:00",1,1,1,12,3.4800
15049,2011-12-10,"2011-03-11 12:13:00","2011-03-11 12:13:00",274,1,3,3,63,121.1700,121.1700,NULL,NULL,0,0,0,0,0.0000
15050,2011-12-10,"2011-09-29 13:22:00","2011-11-14 16:17:00",26,3,76,68,1216,1737.6900,579.2300,"2011-09-29 13:44:00","2011-11-14 15:13:00",2,2,2,40,54.9200
15051,2011-12-10,"2011-07-12 15:29:00","2011-11-16 15:38:00",24,3,142,130,1010,1383.3600,461.1200,NULL,NULL,0,0,0,0,0.0000
15052,2011-12-10,"2011-01-24 15:52:00","2011-01-24 15:52:00",320,1,28,27,79,207.7300,207.7300,NULL,NULL,0,0,0,0,0.0000
15053,2011-12-10,"2011-03-03 12:06:00","2011-12-05 12:08:00",5,3,69,49,984,693.9500,231.3167,NULL,NULL,0,0,0,0,0.0000
15054,2011-12-10,"2011-10-30 14:33:00","2011-11-27 15:02:00",13,2,114,105,198,302.1000,151.0500,NULL,NULL,0,0,0,0,0.0000
15057,2011-12-10,"2011-01-28 09:09:00","2011-03-09 15:17:00",276,2,25,25,668,1489.5000,744.7500,NULL,NULL,0,0,0,0,0.0000
15058,2011-12-10,"2011-01-31 15:35:00","2011-11-14 14:57:00",26,11,266,199,1054,2102.5400,191.1400,NULL,NULL,0,0,0,0,0.0000
15059,2011-12-10,"2011-01-09 11:54:00","2011-10-30 11:35:00",41,9,237,161,604,1337.7200,148.6356,"2011-02-16 10:17:00","2011-06-22 14:55:00",2,2,2,2,11.9000
15060,2011-12-10,"2011-11-30 14:03:00","2011-12-01 13:47:00",9,4,114,80,256,293.0000,73.2500,NULL,NULL,0,0,0,0,0.0000
15061,2011-12-10,"2010-12-02 15:19:00","2011-12-06 12:06:00",4,48,403,70,28920,54534.1400,1136.1279,"2011-01-06 16:14:00","2011-09-30 10:40:00",6,6,4,282,283.8000
15062,2011-12-10,"2010-12-15 15:37:00","2011-09-29 16:51:00",72,4,57,47,763,987.8600,246.9650,NULL,NULL,0,0,0,0,0.0000
15063,2011-12-10,"2011-05-10 13:25:00","2011-05-10 13:25:00",214,1,5,5,56,370.8000,370.8000,NULL,NULL,0,0,0,0,0.0000
15065,2011-12-10,"2011-02-21 12:54:00","2011-11-02 09:45:00",38,4,155,148,1383,3158.1300,789.5325,"2011-03-18 16:36:00","2011-03-27 12:11:00",2,3,3,28,22.1500
15066,2011-12-10,"2011-10-17 13:25:00","2011-10-17 13:25:00",54,1,42,42,317,893.5900,893.5900,"2011-11-08 09:56:00","2011-11-08 09:56:00",1,11,11,38,133.0000
15067,2011-12-10,"2011-03-02 12:10:00","2011-09-22 13:20:00",79,3,82,82,954,1744.7600,581.5867,NULL,NULL,0,0,0,0,0.0000
15068,2011-12-10,"2011-03-28 14:27:00","2011-10-24 14:47:00",47,2,104,96,364,553.3600,276.6800,NULL,NULL,0,0,0,0,0.0000
15069,2011-12-10,"2011-06-13 14:16:00","2011-06-13 14:16:00",180,1,70,70,520,1109.5300,1109.5300,NULL,NULL,0,0,0,0,0.0000
15070,2011-12-10,"2010-12-02 11:23:00","2010-12-02 11:23:00",373,1,1,1,36,106.2000,106.2000,NULL,NULL,0,0,0,0,0.0000
15071,2011-12-10,"2011-03-09 10:19:00","2011-09-07 11:43:00",94,2,26,25,269,982.0700,491.0350,NULL,NULL,0,0,0,0,0.0000
15073,2011-12-10,"2011-06-06 09:59:00","2011-11-30 10:44:00",10,3,54,31,491,1043.4100,347.8033,"2011-06-06 12:33:00","2011-06-06 12:33:00",1,22,22,214,430.9800
15074,2011-12-10,"2011-08-26 14:45:00","2011-08-26 14:45:00",106,1,41,41,431,735.6700,735.6700,NULL,NULL,0,0,0,0,0.0000
15075,2011-12-10,"2011-09-23 12:27:00","2011-09-23 12:27:00",78,1,27,27,447,773.0300,773.0300,NULL,NULL,0,0,0,0,0.0000
15076,2011-12-10,"2011-06-20 08:23:00","2011-06-20 08:23:00",173,1,49,49,571,880.8500,880.8500,NULL,NULL,0,0,0,0,0.0000
15078,2011-12-10,"2010-12-06 12:38:00","2011-12-02 15:41:00",8,32,440,97,5105,9743.1100,304.4722,"2010-12-15 09:20:00","2011-07-08 14:06:00",6,11,11,36,119.7600
15079,2011-12-10,"2010-12-09 09:25:00","2011-05-11 12:45:00",213,4,47,46,389,895.6100,223.9025,"2011-02-21 16:58:00","2011-02-21 16:58:00",1,1,1,1,1.9500
15081,2011-12-10,"2010-12-07 16:20:00","2011-11-17 17:08:00",23,5,33,26,190,504.8000,100.9600,"2011-05-19 10:39:00","2011-05-19 10:39:00",1,2,2,2,17.4500
15083,2011-12-10,"2011-03-28 12:18:00","2011-03-28 12:18:00",257,1,5,5,38,88.2000,88.2000,NULL,NULL,0,0,0,0,0.0000
15087,2011-12-10,"2011-03-03 10:34:00","2011-03-03 10:34:00",282,1,15,15,470,306.9400,306.9400,NULL,NULL,0,0,0,0,0.0000
15088,2011-12-10,"2011-10-03 14:05:00","2011-11-18 13:14:00",22,2,57,53,460,1160.0700,580.0350,"2011-10-27 14:45:00","2011-10-27 14:45:00",1,3,3,3,19.8000
15089,2011-12-10,"2011-08-03 14:14:00","2011-11-29 16:31:00",11,6,145,139,1359,2420.8400,403.4733,NULL,NULL,0,0,0,0,0.0000
15090,2011-12-10,"2011-02-04 14:03:00","2011-02-04 14:03:00",309,1,23,23,208,381.3200,381.3200,NULL,NULL,0,0,0,0,0.0000
15091,2011-12-10,"2011-10-03 12:47:00","2011-10-03 12:47:00",68,1,30,30,346,480.7100,480.7100,"2011-10-17 10:47:00","2011-10-17 10:47:00",1,1,1,3,3.7500
15092,2011-12-10,"2011-03-01 12:24:00","2011-05-08 14:10:00",216,2,26,23,135,457.8100,228.9050,NULL,NULL,0,0,0,0,0.0000
15093,2011-12-10,"2010-12-02 18:25:00","2011-11-21 13:09:00",19,6,108,52,3760,4597.0200,766.1700,"2010-12-14 10:33:00","2011-05-24 17:19:00",3,4,3,27,186.8800
15095,2011-12-10,"2011-05-20 14:27:00","2011-08-28 12:01:00",104,4,47,30,1079,1370.6000,342.6500,"2011-06-06 10:57:00","2011-06-06 10:57:00",1,2,2,2,5.9000
15096,2011-12-10,"2011-10-28 10:27:00","2011-10-28 10:27:00",43,1,11,11,120,219.3900,219.3900,NULL,NULL,0,0,0,0,0.0000
15097,2011-12-10,"2011-12-05 14:03:00","2011-12-05 14:03:00",5,1,25,25,170,248.0800,248.0800,NULL,NULL,0,0,0,0,0.0000
15098,2011-12-10,"2011-06-10 15:22:00","2011-06-10 15:33:00",183,3,3,1,121,39916.5000,13305.5000,"2011-06-10 15:39:00","2011-06-10 15:39:00",1,1,1,60,297.0000
15099,2011-12-10,"2011-09-16 13:13:00","2011-09-16 13:13:00",85,1,23,23,343,410.4800,410.4800,NULL,NULL,0,0,0,0,0.0000
15100,2011-12-10,"2010-12-01 09:09:00","2011-01-10 10:35:00",334,3,3,1,80,876.0000,292.0000,"2010-12-07 16:21:00","2011-01-13 17:09:00",3,3,1,22,240.9000
15101,2011-12-10,"2010-12-15 12:54:00","2011-12-01 10:18:00",9,2,8,8,241,317.5300,158.7650,"2011-01-06 17:34:00","2011-01-06 17:34:00",1,1,1,2,7.5000
15103,2011-12-10,"2011-09-14 13:54:00","2011-11-08 14:53:00",32,2,35,35,329,703.3600,351.6800,NULL,NULL,0,0,0,0,0.0000
15104,2011-12-10,"2011-03-02 14:16:00","2011-05-27 12:29:00",197,2,67,66,635,993.5400,496.7700,"2011-06-26 11:35:00","2011-06-26 11:35:00",1,2,2,2,24.9000
15105,2011-12-10,"2011-07-28 10:09:00","2011-11-21 16:54:00",19,7,101,90,1211,2298.9300,328.4186,NULL,NULL,0,0,0,0,0.0000
15106,2011-12-10,"2011-03-15 12:52:00","2011-11-22 09:16:00",18,5,100,90,1181,1422.5200,284.5040,"2011-07-26 12:43:00","2011-10-18 14:51:00",2,2,2,37,14.7900
15107,2011-12-10,"2010-12-02 13:45:00","2011-02-01 14:46:00",312,6,16,12,169,319.5000,53.2500,"2010-12-15 16:50:00","2011-01-11 12:03:00",2,2,2,7,59.5000
15108,2011-12-10,"2011-04-26 10:54:00","2011-07-21 10:24:00",142,3,57,49,490,1159.2500,386.4167,"2011-06-10 09:34:00","2011-06-10 09:34:00",1,1,1,2,8.5000
15109,2011-12-10,"2011-04-08 09:58:00","2011-04-08 09:58:00",246,1,28,28,131,484.9500,484.9500,"2011-04-13 09:53:00","2011-04-13 09:53:00",1,3,3,4,21.2000
15110,2011-12-10,"2011-01-25 11:41:00","2011-11-16 11:16:00",24,4,35,17,246,996.1000,249.0250,"2011-03-07 13:33:00","2011-11-04 13:25:00",3,4,3,5,22.9000
15111,2011-12-10,"2010-12-02 11:45:00","2011-11-10 16:58:00",30,3,84,70,710,1567.4800,522.4933,NULL,NULL,0,0,0,0,0.0000
15113,2011-12-10,"2011-10-16 15:27:00","2011-11-30 08:23:00",10,3,96,76,2343,3509.0400,1169.6800,"2011-11-14 10:32:00","2011-11-14 10:32:00",1,1,1,24,169.9200
15114,2011-12-10,"2011-02-11 08:45:00","2011-11-09 15:05:00",31,10,197,136,3096,2760.5600,276.0560,NULL,NULL,0,0,0,0,0.0000
15115,2011-12-10,"2011-11-21 14:59:00","2011-11-21 14:59:00",19,1,21,21,157,340.1100,340.1100,NULL,NULL,0,0,0,0,0.0000
15116,2011-12-10,"2011-05-19 08:50:00","2011-11-22 12:25:00",18,4,45,37,648,1352.7500,338.1875,NULL,NULL,0,0,0,0,0.0000
15117,2011-12-10,"2011-05-08 12:38:00","2011-11-25 08:12:00",15,5,79,63,1948,1551.7800,310.3560,"2011-11-23 11:11:00","2011-11-23 11:11:00",1,1,1,1,1.6500
15118,2011-12-10,"2011-07-28 14:54:00","2011-07-28 14:54:00",135,1,1,1,1440,244.8000,244.8000,NULL,NULL,0,0,0,0,0.0000
15119,2011-12-10,"2011-04-08 09:08:00","2011-04-08 09:08:00",246,1,14,14,88,266.4000,266.4000,NULL,NULL,0,0,0,0,0.0000
15120,2011-12-10,"2011-07-29 09:48:00","2011-07-29 09:48:00",134,1,21,21,296,358.8200,358.8200,"2011-08-02 10:05:00","2011-08-02 10:05:00",1,1,1,4,15.0000
15121,2011-12-10,"2011-02-24 12:41:00","2011-10-20 14:51:00",51,2,28,28,199,457.7200,228.8600,NULL,NULL,0,0,0,0,0.0000
15122,2011-12-10,"2011-02-15 09:59:00","2011-08-17 16:48:00",115,3,82,65,800,1633.7800,544.5933,"2011-02-18 16:32:00","2011-09-15 16:27:00",3,5,3,12,21.6500
15123,2011-12-10,"2011-05-17 14:57:00","2011-12-02 13:12:00",8,2,106,93,1195,2199.3100,1099.6550,NULL,NULL,0,0,0,0,0.0000
15124,2011-12-10,"2011-06-01 09:06:00","2011-11-17 10:09:00",23,2,15,14,233,184.1900,92.0950,NULL,NULL,0,0,0,0,0.0000
15125,2011-12-10,"2011-03-14 09:59:00","2011-11-14 13:57:00",26,15,127,102,6193,11528.4800,768.5653,"2011-05-05 17:57:00","2011-10-27 19:00:00",8,13,13,202,411.4300
15127,2011-12-10,"2011-10-05 10:30:00","2011-10-05 10:30:00",66,1,16,16,251,406.5300,406.5300,NULL,NULL,0,0,0,0,0.0000
15128,2011-12-10,"2011-05-04 12:32:00","2011-10-10 13:54:00",61,4,102,74,1343,1471.0000,367.7500,"2011-05-23 17:39:00","2011-06-28 15:13:00",3,8,8,16,47.7500
15129,2011-12-10,"2011-02-21 09:09:00","2011-10-20 14:40:00",51,11,84,54,1794,3447.4000,313.4000,NULL,NULL,0,0,0,0,0.0000
15130,2011-12-10,"2011-06-23 10:15:00","2011-06-23 10:15:00",170,1,22,22,197,330.1100,330.1100,NULL,NULL,0,0,0,0,0.0000
15132,2011-12-10,"2011-03-22 12:02:00","2011-11-21 17:10:00",19,5,52,49,679,977.9300,195.5860,NULL,NULL,0,0,0,0,0.0000
15133,2011-12-10,"2011-02-11 10:38:00","2011-08-04 10:44:00",128,3,29,27,680,982.4200,327.4733,NULL,NULL,0,0,0,0,0.0000
15134,2011-12-10,"2011-04-13 11:05:00","2011-11-25 08:55:00",15,8,73,44,887,1387.9900,173.4988,NULL,NULL,0,0,0,0,0.0000
15135,2011-12-10,"2011-04-14 19:16:00","2011-04-14 19:16:00",240,1,9,9,43,139.0500,139.0500,"2011-04-20 15:58:00","2011-04-20 15:58:00",1,1,1,2,11.9000
15136,2011-12-10,"2011-09-04 16:05:00","2011-12-07 12:26:00",3,4,68,61,776,1286.7000,321.6750,"2011-09-12 18:26:00","2011-09-12 18:26:00",1,1,1,1,4.2500
15139,2011-12-10,"2011-01-07 12:44:00","2011-04-14 11:39:00",240,2,13,13,208,178.9600,89.4800,NULL,NULL,0,0,0,0,0.0000
15140,2011-12-10,"2011-03-20 14:37:00","2011-10-18 14:07:00",53,7,80,74,1572,2354.2500,336.3214,"2011-06-01 16:21:00","2011-06-01 16:21:00",1,1,1,5,4.2500
15142,2011-12-10,"2011-10-24 12:51:00","2011-10-24 12:51:00",47,1,26,26,365,498.7400,498.7400,NULL,NULL,0,0,0,0,0.0000
15143,2011-12-10,"2011-04-28 12:03:00","2011-04-28 12:03:00",226,1,14,14,150,259.4500,259.4500,NULL,NULL,0,0,0,0,0.0000
15144,2011-12-10,"2011-01-31 13:17:00","2011-12-01 15:12:00",9,17,217,132,3050,6580.4400,387.0847,"2011-05-06 13:06:00","2011-05-06 13:06:00",1,1,1,24,50.4000
15145,2011-12-10,"2011-04-05 15:20:00","2011-12-05 17:21:00",5,4,67,54,756,1194.7300,298.6825,NULL,NULL,0,0,0,0,0.0000
15146,2011-12-10,"2011-02-21 13:07:00","2011-06-28 12:09:00",165,2,91,90,1473,1327.1600,663.5800,"2011-02-24 10:01:00","2011-02-24 10:01:00",1,4,4,14,13.5000
15147,2011-12-10,"2011-04-13 15:57:00","2011-04-13 15:57:00",241,1,28,28,366,623.5000,623.5000,"2011-05-05 11:20:00","2011-05-05 11:20:00",1,1,1,3,14.8500
15148,2011-12-10,"2011-11-29 08:21:00","2011-11-29 08:21:00",11,1,20,20,187,301.2900,301.2900,NULL,NULL,0,0,0,0,0.0000
15149,2011-12-10,"2011-07-29 10:58:00","2011-07-29 10:58:00",134,1,23,23,128,520.8000,520.8000,NULL,NULL,0,0,0,0,0.0000
15150,2011-12-10,"2011-03-15 14:21:00","2011-11-22 12:52:00",18,10,341,282,3642,5291.3300,529.1330,"2011-09-30 12:40:00","2011-09-30 12:40:00",1,1,1,25,10.5000
15152,2011-12-10,"2011-06-05 15:36:00","2011-11-30 12:32:00",10,13,271,196,2704,4745.6900,365.0531,"2011-06-21 17:17:00","2011-08-18 06:22:00",3,7,7,10,61.4500
15153,2011-12-10,"2011-11-08 17:09:00","2011-11-08 17:09:00",32,1,22,22,198,329.2500,329.2500,NULL,NULL,0,0,0,0,0.0000
15154,2011-12-10,"2011-09-25 16:05:00","2011-09-25 16:05:00",76,1,71,66,89,254.2800,254.2800,"2011-09-26 16:43:00","2011-09-26 16:43:00",1,4,4,4,29.5500
15156,2011-12-10,"2011-11-06 12:41:00","2011-12-08 18:22:00",2,3,55,51,597,961.4900,320.4967,NULL,NULL,0,0,0,0,0.0000
15157,2011-12-10,"2010-12-16 13:44:00","2011-12-06 11:28:00",4,3,125,125,2392,1936.0700,645.3567,"2010-12-17 16:25:00","2011-08-08 13:53:00",2,7,7,149,56.2300
15158,2011-12-10,"2011-10-25 13:53:00","2011-10-25 13:53:00",46,1,7,7,198,401.4000,401.4000,NULL,NULL,0,0,0,0,0.0000
15159,2011-12-10,"2010-12-13 15:44:00","2011-12-08 12:05:00",2,30,710,363,11441,18641.0100,621.3670,"2011-03-17 17:17:00","2011-11-04 13:38:00",4,10,10,47,67.3300
15160,2011-12-10,"2010-12-17 14:15:00","2010-12-17 14:15:00",358,1,4,4,84,158.1600,158.1600,NULL,NULL,0,0,0,0,0.0000
15163,2011-12-10,"2011-05-31 15:22:00","2011-11-21 13:10:00",19,2,29,29,186,304.4700,152.2350,NULL,NULL,0,0,0,0,0.0000
15164,2011-12-10,"2011-01-04 14:21:00","2011-10-02 12:05:00",69,3,101,79,351,824.5800,274.8600,NULL,NULL,0,0,0,0,0.0000
15165,2011-12-10,"2010-12-01 14:03:00","2010-12-01 14:03:00",374,1,27,27,160,487.7500,487.7500,NULL,NULL,0,0,0,0,0.0000
15167,2011-12-10,"2011-01-23 12:41:00","2011-01-23 12:41:00",321,1,39,39,65,158.8000,158.8000,NULL,NULL,0,0,0,0,0.0000
15168,2011-12-10,"2011-11-14 11:26:00","2011-11-14 11:26:00",26,1,5,5,52,106.5600,106.5600,NULL,NULL,0,0,0,0,0.0000
15171,2011-12-10,"2011-01-12 15:36:00","2011-01-12 15:36:00",332,1,5,5,290,1289.5000,1289.5000,"2011-01-19 12:39:00","2011-01-19 12:39:00",1,2,2,100,255.0000
15172,2011-12-10,"2011-04-17 11:56:00","2011-12-01 11:51:00",9,5,109,105,1610,1609.0500,321.8100,NULL,NULL,0,0,0,0,0.0000
15174,2011-12-10,"2011-01-21 09:06:00","2011-01-21 09:06:00",323,1,11,11,145,135.7500,135.7500,NULL,NULL,0,0,0,0,0.0000
15175,2011-12-10,"2011-09-29 11:31:00","2011-09-29 11:31:00",72,1,23,23,454,224.1400,224.1400,NULL,NULL,0,0,0,0,0.0000
15178,2011-12-10,"2011-03-24 15:12:00","2011-03-24 15:12:00",261,1,3,3,30,40.5000,40.5000,NULL,NULL,0,0,0,0,0.0000
15179,2011-12-10,"2011-01-24 13:48:00","2011-11-21 12:53:00",19,5,93,91,1938,2206.9500,441.3900,"2010-12-10 17:05:00","2011-10-20 19:14:00",2,2,2,31,20.7500
15180,2011-12-10,"2010-12-07 14:57:00","2010-12-07 14:57:00",368,1,6,6,36,87.5000,87.5000,NULL,NULL,0,0,0,0,0.0000
15181,2011-12-10,"2011-03-15 12:03:00","2011-10-04 13:58:00",67,3,16,11,544,689.4800,229.8267,"2010-12-09 13:28:00","2010-12-09 13:28:00",1,1,1,1,4.9500
15182,2011-12-10,"2011-03-16 12:42:00","2011-07-08 13:37:00",155,2,29,24,253,622.8500,311.4250,NULL,NULL,0,0,0,0,0.0000
15184,2011-12-10,"2011-06-02 12:06:00","2011-11-10 13:41:00",30,2,62,59,199,402.2000,201.1000,NULL,NULL,0,0,0,0,0.0000
15185,2011-12-10,"2011-09-30 14:06:00","2011-09-30 14:06:00",71,1,21,21,666,310.6200,310.6200,NULL,NULL,0,0,0,0,0.0000
15186,2011-12-10,"2011-06-24 14:54:00","2011-11-25 14:58:00",15,2,19,17,215,411.4100,205.7050,NULL,NULL,0,0,0,0,0.0000
15187,2011-12-10,"2011-05-11 13:49:00","2011-12-08 11:56:00",2,15,90,60,1886,4762.1800,317.4787,"2011-07-22 16:52:00","2011-11-04 15:48:00",2,2,2,18,107.1000
15189,2011-12-10,"2011-01-11 12:29:00","2011-12-08 13:22:00",2,41,212,80,6149,16225.3900,395.7412,"2011-01-27 15:49:00","2011-08-03 10:37:00",12,20,13,114,423.2500
15192,2011-12-10,"2010-12-09 14:56:00","2011-08-12 11:41:00",120,3,51,36,918,1044.3200,348.1067,NULL,NULL,0,0,0,0,0.0000
15193,2011-12-10,"2011-10-10 08:23:00","2011-10-10 08:23:00",61,1,19,19,144,499.3200,499.3200,NULL,NULL,0,0,0,0,0.0000
15194,2011-12-10,"2010-12-06 15:00:00","2011-12-06 15:10:00",4,15,310,209,5703,7616.5300,507.7687,"2010-12-15 16:55:00","2011-09-28 09:06:00",7,16,11,55,95.3600
15195,2011-12-10,"2011-12-07 12:20:00","2011-12-07 12:20:00",3,1,1,1,1404,3861.0000,3861.0000,NULL,NULL,0,0,0,0,0.0000
15197,2011-12-10,"2010-12-16 18:01:00","2011-11-29 10:00:00",11,3,32,30,469,1079.6100,359.8700,"2011-01-12 09:48:00","2011-12-01 08:14:00",2,4,4,16,423.1700
15198,2011-12-10,"2011-08-07 15:16:00","2011-09-08 14:42:00",93,2,10,10,120,193.6400,96.8200,NULL,NULL,0,0,0,0,0.0000
15199,2011-12-10,"2011-02-04 14:04:00","2011-10-11 15:12:00",60,4,13,5,396,1268.7000,317.1750,NULL,NULL,0,0,0,0,0.0000
15201,2011-12-10,"2011-04-06 14:02:00","2011-09-13 14:53:00",88,5,69,35,1210,1236.5400,247.3080,"2011-04-13 09:50:00","2011-09-22 09:53:00",6,28,23,248,308.7000
15203,2011-12-10,"2011-02-01 12:29:00","2011-11-14 08:16:00",26,6,142,82,1753,1827.8000,304.6333,NULL,NULL,0,0,0,0,0.0000
15204,2011-12-10,"2010-12-17 13:49:00","2010-12-17 13:49:00",358,1,9,9,258,316.5800,316.5800,NULL,NULL,0,0,0,0,0.0000
15205,2011-12-10,"2011-08-04 16:07:00","2011-09-15 19:36:00",86,2,37,37,378,653.2400,326.6200,NULL,NULL,0,0,0,0,0.0000
15206,2011-12-10,"2011-03-09 08:59:00","2011-11-29 13:41:00",11,4,9,3,162,420.3000,105.0750,NULL,NULL,0,0,0,0,0.0000
15208,2011-12-10,"2010-12-21 13:03:00","2011-12-08 17:24:00",2,5,42,25,316,870.1200,174.0240,"2011-10-11 14:03:00","2011-10-11 14:03:00",1,1,1,2,2.5000
15210,2011-12-10,"2011-04-28 16:11:00","2011-04-28 16:11:00",226,1,20,20,228,331.1800,331.1800,NULL,NULL,0,0,0,0,0.0000
15211,2011-12-10,"2010-12-09 16:08:00","2011-10-10 13:31:00",61,2,52,52,240,894.4100,447.2050,NULL,NULL,0,0,0,0,0.0000
15212,2011-12-10,"2011-04-12 13:45:00","2011-04-12 13:45:00",242,1,5,5,36,101.8000,101.8000,"2011-04-14 13:12:00","2011-04-14 13:12:00",1,2,2,3,12.8500
15213,2011-12-10,"2011-01-14 11:05:00","2011-01-25 12:21:00",319,2,24,22,272,328.3500,164.1750,"2011-01-25 12:25:00","2011-01-25 12:25:00",1,1,1,2,3.3000
15214,2011-12-10,"2011-04-11 09:46:00","2011-12-08 12:07:00",2,8,110,109,1254,1661.4400,207.6800,NULL,NULL,0,0,0,0,0.0000
15215,2011-12-10,"2011-09-04 12:24:00","2011-10-24 11:41:00",47,3,35,33,225,734.9400,244.9800,"2011-01-26 17:25:00","2011-10-26 12:28:00",3,8,7,14,118.9500
15216,2011-12-10,"2011-09-13 11:41:00","2011-09-13 11:41:00",88,1,2,2,28,96.6000,96.6000,NULL,NULL,0,0,0,0,0.0000
15218,2011-12-10,"2011-01-25 11:20:00","2011-11-29 11:48:00",11,11,166,77,3329,5756.8900,523.3536,NULL,NULL,0,0,0,0,0.0000
15219,2011-12-10,"2011-06-16 16:57:00","2011-06-16 16:57:00",177,1,9,9,45,305.7500,305.7500,NULL,NULL,0,0,0,0,0.0000
15220,2011-12-10,"2011-03-04 10:24:00","2011-10-19 12:39:00",52,6,117,110,1393,1778.9600,296.4933,"2011-04-27 15:12:00","2011-04-27 15:12:00",1,2,2,16,20.0400
15221,2011-12-10,"2010-12-08 13:08:00","2010-12-08 13:08:00",367,1,5,5,43,403.2500,403.2500,"2010-12-05 12:29:00","2010-12-05 12:29:00",1,6,6,18,289.1500
15222,2011-12-10,"2011-01-25 08:03:00","2011-01-25 08:03:00",319,1,5,5,440,585.0000,585.0000,NULL,NULL,0,0,0,0,0.0000
15223,2011-12-10,"2011-04-04 12:17:00","2011-04-28 11:31:00",226,2,20,14,213,755.7500,377.8750,"2011-04-04 12:28:00","2011-04-04 12:28:00",1,12,12,115,300.8500
15224,2011-12-10,"2010-12-12 12:34:00","2010-12-16 15:02:00",359,2,14,13,152,322.0800,161.0400,"2010-12-12 11:23:00","2010-12-12 11:23:00",1,2,2,2,11.6000
15225,2011-12-10,"2011-04-19 14:51:00","2011-04-19 14:51:00",235,1,23,23,226,409.4000,409.4000,NULL,NULL,0,0,0,0,0.0000
15226,2011-12-10,"2011-02-02 11:41:00","2011-02-02 11:41:00",311,1,8,8,71,154.4100,154.4100,NULL,NULL,0,0,0,0,0.0000
15227,2011-12-10,"2011-01-26 15:31:00","2011-11-03 11:59:00",37,5,58,43,750,1219.4000,243.8800,NULL,NULL,0,0,0,0,0.0000
15228,2011-12-10,"2011-02-18 09:04:00","2011-10-04 13:56:00",67,4,125,110,2255,3386.7100,846.6775,"2011-08-08 12:11:00","2011-08-08 12:11:00",1,1,1,3,9.7500
15230,2011-12-10,"2011-04-13 11:04:00","2011-04-14 14:39:00",240,2,23,23,351,429.6000,214.8000,NULL,NULL,0,0,0,0,0.0000
15232,2011-12-10,"2011-07-22 12:21:00","2011-08-18 16:27:00",114,2,31,26,686,612.0600,306.0300,NULL,NULL,0,0,0,0,0.0000
15234,2011-12-10,"2011-03-08 08:53:00","2011-03-08 08:53:00",277,1,14,14,196,197.0000,197.0000,NULL,NULL,0,0,0,0,0.0000
15235,2011-12-10,"2010-12-01 17:22:00","2011-05-06 09:44:00",218,12,143,132,1324,2247.5100,187.2925,NULL,NULL,0,0,0,0,0.0000
15236,2011-12-10,"2011-02-14 10:52:00","2011-02-14 10:52:00",299,1,15,15,269,321.0500,321.0500,NULL,NULL,0,0,0,0,0.0000
15237,2011-12-10,"2011-04-26 15:04:00","2011-12-08 09:46:00",2,4,99,94,1071,1412.3200,353.0800,NULL,NULL,0,0,0,0,0.0000
15238,2011-12-10,"2011-06-08 16:00:00","2011-11-10 14:28:00",30,3,50,49,692,1071.9900,357.3300,"2011-06-13 16:15:00","2011-06-17 11:10:00",2,2,2,3,15.4500
15239,2011-12-10,"2011-09-22 09:53:00","2011-11-29 14:14:00",11,2,49,48,594,780.5900,390.2950,"2011-10-13 12:18:00","2011-10-13 12:18:00",1,3,3,3,16.2500
15240,2011-12-10,"2011-02-01 08:23:00","2011-10-26 09:50:00",45,5,78,58,1369,1706.5700,341.3140,"2010-12-03 10:09:00","2011-02-11 16:32:00",2,5,5,8,21.0000
15241,2011-12-10,"2011-03-01 11:02:00","2011-10-04 09:05:00",67,8,109,81,1817,1741.4400,217.6800,"2011-03-07 13:00:00","2011-03-07 13:00:00",1,1,1,3,17.8500
15243,2011-12-10,"2011-09-26 14:12:00","2011-09-26 14:12:00",75,1,22,22,185,316.6800,316.6800,NULL,NULL,0,0,0,0,0.0000
15244,2011-12-10,"2011-04-05 15:12:00","2011-10-05 13:19:00",66,2,34,31,405,631.5700,315.7850,NULL,NULL,0,0,0,0,0.0000
15245,2011-12-10,"2011-03-23 13:42:00","2011-07-28 18:56:00",135,3,89,55,1784,2515.8400,838.6133,NULL,NULL,0,0,0,0,0.0000
15246,2011-12-10,"2010-12-16 09:46:00","2011-04-15 14:45:00",239,2,33,32,247,514.1500,257.0750,NULL,NULL,0,0,0,0,0.0000
15247,2011-12-10,"2011-08-09 12:52:00","2011-08-09 12:52:00",123,1,6,6,160,356.0000,356.0000,NULL,NULL,0,0,0,0,0.0000
15249,2011-12-10,"2011-03-28 12:49:00","2011-11-08 11:45:00",32,13,350,211,3577,6688.4600,514.4969,"2011-05-12 19:35:00","2011-07-19 15:50:00",2,8,7,20,31.1000
15251,2011-12-10,"2011-04-12 10:38:00","2011-11-30 15:02:00",10,11,111,97,6171,10484.9900,953.1809,"2011-05-24 17:25:00","2011-11-08 16:20:00",4,10,10,87,157.8800
15252,2011-12-10,"2011-06-09 14:15:00","2011-11-03 13:30:00",37,2,44,44,522,740.7800,370.3900,NULL,NULL,0,0,0,0,0.0000
15253,2011-12-10,"2011-06-23 12:19:00","2011-11-23 16:22:00",17,5,53,52,866,918.2000,183.6400,"2011-09-21 09:50:00","2011-09-21 09:50:00",1,2,2,2,2.9000
15254,2011-12-10,"2011-08-04 15:04:00","2011-08-04 15:04:00",128,1,18,18,275,300.3600,300.3600,NULL,NULL,0,0,0,0,0.0000
15255,2011-12-10,"2011-10-04 12:43:00","2011-10-04 12:43:00",67,1,47,47,489,890.8500,890.8500,NULL,NULL,0,0,0,0,0.0000
15256,2011-12-10,"2011-07-14 11:47:00","2011-07-14 11:47:00",149,1,6,6,55,98.4500,98.4500,NULL,NULL,0,0,0,0,0.0000
15257,2011-12-10,"2011-03-01 12:58:00","2011-03-01 12:58:00",284,1,7,7,46,317.1500,317.1500,"2011-03-03 13:57:00","2011-03-03 13:57:00",1,1,1,1,85.0000
15258,2011-12-10,"2011-05-06 14:16:00","2011-06-24 12:30:00",169,2,34,32,142,623.1600,311.5800,NULL,NULL,0,0,0,0,0.0000
15260,2011-12-10,"2010-12-02 12:09:00","2011-08-31 13:55:00",101,7,77,62,885,1810.7700,258.6814,"2011-07-21 17:32:00","2011-07-21 17:32:00",1,1,1,24,30.0000
15261,2011-12-10,"2011-07-27 15:20:00","2011-07-27 15:20:00",136,1,19,19,270,254.8200,254.8200,NULL,NULL,0,0,0,0,0.0000
15262,2011-12-10,"2011-01-20 12:16:00","2011-01-20 12:16:00",324,1,10,10,73,178.9500,178.9500,NULL,NULL,0,0,0,0,0.0000
15263,2011-12-10,"2011-08-25 10:26:00","2011-08-25 10:26:00",107,1,12,12,89,156.5100,156.5100,NULL,NULL,0,0,0,0,0.0000
15264,2011-12-10,"2011-10-06 13:49:00","2011-10-06 13:49:00",65,1,23,23,265,393.7400,393.7400,NULL,NULL,0,0,0,0,0.0000
15265,2011-12-10,"2011-04-18 12:16:00","2011-07-11 14:46:00",152,2,82,76,612,1506.1200,753.0600,NULL,NULL,0,0,0,0,0.0000
15266,2011-12-10,"2011-01-05 13:40:00","2011-01-05 13:40:00",339,1,6,6,18,119.3000,119.3000,NULL,NULL,0,0,0,0,0.0000
15267,2011-12-10,"2011-06-10 10:24:00","2011-11-17 15:59:00",23,5,11,8,944,1717.3600,343.4720,NULL,NULL,0,0,0,0,0.0000
15269,2011-12-10,"2011-11-16 09:32:00","2011-11-16 09:32:00",24,1,2,2,26,408.8000,408.8000,NULL,NULL,0,0,0,0,0.0000
15270,2011-12-10,"2011-02-02 13:25:00","2011-11-24 09:24:00",16,7,41,22,1521,2379.4900,339.9271,"2011-02-11 17:13:00","2011-08-24 09:06:00",2,7,6,62,81.2900
15271,2011-12-10,"2010-12-09 13:47:00","2011-12-02 14:11:00",8,15,264,184,1251,2493.3400,166.2227,"2011-11-08 16:25:00","2011-11-08 16:25:00",1,1,1,5,21.2500
15272,2011-12-10,"2011-09-14 16:36:00","2011-10-13 12:59:00",58,2,63,63,310,721.9400,360.9700,NULL,NULL,0,0,0,0,0.0000
15274,2011-12-10,"2011-11-21 14:17:00","2011-12-05 16:57:00",5,2,47,44,619,716.5700,358.2850,NULL,NULL,0,0,0,0,0.0000
15275,2011-12-10,"2011-11-02 11:20:00","2011-11-02 11:20:00",38,1,41,41,498,615.1400,615.1400,"2011-11-08 17:54:00","2011-11-08 17:54:00",1,1,1,1,5.9500
15276,2011-12-10,"2011-10-04 16:39:00","2011-10-04 16:39:00",67,1,49,49,61,128.6300,128.6300,NULL,NULL,0,0,0,0,0.0000
15277,2011-12-10,"2011-10-24 10:08:00","2011-10-24 10:08:00",47,1,12,12,205,255.9000,255.9000,NULL,NULL,0,0,0,0,0.0000
15279,2011-12-10,"2010-12-20 10:48:00","2010-12-20 10:48:00",355,1,19,19,189,290.5100,290.5100,"2010-12-09 14:58:00","2010-12-09 14:58:00",1,2,2,4,13.1000
15280,2011-12-10,"2011-06-20 17:14:00","2011-06-20 17:14:00",173,1,16,16,154,113.1200,113.1200,NULL,NULL,0,0,0,0,0.0000
15281,2011-12-10,"2011-01-10 15:51:00","2011-10-12 09:10:00",59,9,139,121,1211,2332.1500,259.1278,"2011-01-21 16:41:00","2011-06-06 11:38:00",3,11,11,18,92.2000
15286,2011-12-10,"2011-10-21 11:08:00","2011-10-21 11:08:00",50,1,3,3,55,240.5500,240.5500,NULL,NULL,0,0,0,0,0.0000
15287,2011-12-10,"2011-09-30 12:30:00","2011-11-17 15:34:00",23,2,20,17,433,486.6900,243.3450,"2011-10-28 12:27:00","2011-10-28 12:27:00",1,1,1,1,1.4500
15288,2011-12-10,"2010-12-09 13:59:00","2011-10-27 16:58:00",44,5,88,80,775,2306.5200,461.3040,NULL,NULL,0,0,0,0,0.0000
15289,2011-12-10,"2011-04-04 12:44:00","2011-11-10 13:49:00",30,3,58,43,1008,939.7800,313.2600,"2011-07-27 13:13:00","2011-07-27 13:13:00",1,1,1,12,4.6800
15290,2011-12-10,"2010-12-15 16:03:00","2011-12-05 11:39:00",5,18,203,92,4500,7928.2200,440.4567,"2011-02-22 10:00:00","2011-11-03 15:19:00",3,8,8,70,139.4500
15291,2011-12-10,"2010-12-01 09:32:00","2011-11-14 11:02:00",26,14,102,61,2102,4623.3000,330.2357,"2011-01-18 15:31:00","2011-06-20 17:18:00",5,6,6,29,71.7900
15292,2011-12-10,"2011-05-22 15:00:00","2011-05-22 15:00:00",202,1,24,24,55,178.3900,178.3900,NULL,NULL,0,0,0,0,0.0000
15296,2011-12-10,"2011-01-17 11:57:00","2011-10-20 11:47:00",51,6,194,137,1766,3672.8600,612.1433,"2011-06-17 11:07:00","2011-10-26 16:33:00",4,6,3,9,62.5500
15297,2011-12-10,"2011-10-07 09:42:00","2011-11-29 16:32:00",11,3,39,30,292,641.9400,213.9800,"2011-11-18 16:24:00","2011-11-18 16:24:00",1,2,2,2,6.9000
15298,2011-12-10,"2010-12-08 13:55:00","2011-12-07 17:17:00",3,12,192,115,3116,4799.9000,399.9917,"2011-07-20 14:55:00","2011-11-15 11:20:00",2,2,2,364,1025.8000
15299,2011-12-10,"2010-12-02 16:48:00","2011-10-03 14:19:00",68,6,6,6,2947,3907.0100,651.1683,"2011-02-11 15:07:00","2011-04-14 10:29:00",2,3,3,6,71.9200
15300,2011-12-10,"2011-10-06 17:08:00","2011-10-06 17:08:00",65,1,28,28,292,496.4400,496.4400,NULL,NULL,0,0,0,0,0.0000
15301,2011-12-10,"2010-12-06 12:21:00","2011-10-20 09:57:00",51,12,242,167,2751,5049.9500,420.8292,"2011-08-24 09:15:00","2011-10-03 12:19:00",2,4,4,7,42.2300
15303,2011-12-10,"2011-02-22 13:59:00","2011-02-22 13:59:00",291,1,31,31,248,574.0200,574.0200,NULL,NULL,0,0,0,0,0.0000
15304,2011-12-10,"2010-12-06 11:42:00","2011-10-10 10:23:00",61,8,23,8,104,694.4000,86.8000,"2011-03-06 10:13:00","2011-06-29 12:36:00",2,3,3,4,14.1000
15306,2011-12-10,"2011-07-14 15:22:00","2011-10-06 12:56:00",65,3,58,57,810,1174.3500,391.4500,NULL,NULL,0,0,0,0,0.0000
15307,2011-12-10,"2011-09-05 11:38:00","2011-09-05 11:38:00",96,1,12,12,37,205.3000,205.3000,NULL,NULL,0,0,0,0,0.0000
15308,2011-12-10,"2011-03-10 13:08:00","2011-03-10 13:08:00",275,1,19,19,175,310.4700,310.4700,"2011-03-14 12:24:00","2011-03-14 12:24:00",1,2,2,2,8.2000
15311,2011-12-10,"2010-12-01 09:41:00","2011-12-09 12:00:00",1,91,2366,567,38147,60632.7500,666.2940,"2010-12-01 09:49:00","2011-12-09 11:57:00",27,112,55,474,1348.5600
15312,2011-12-10,"2010-12-20 12:51:00","2011-09-25 13:10:00",76,4,47,42,516,924.8500,231.2125,"2010-12-20 11:01:00","2010-12-20 11:01:00",1,1,1,3,3.7500
15313,2011-12-10,"2011-08-21 16:02:00","2011-08-21 16:02:00",111,1,1,1,25,52.0000,52.0000,NULL,NULL,0,0,0,0,0.0000
15314,2011-12-10,"2011-05-24 14:39:00","2011-05-24 14:39:00",200,1,24,24,313,327.9700,327.9700,NULL,NULL,0,0,0,0,0.0000
15315,2011-12-10,"2011-08-15 15:17:00","2011-10-06 12:51:00",65,2,37,35,862,570.5000,285.2500,"2011-08-25 14:26:00","2011-08-25 14:26:00",1,1,1,24,18.9600
15316,2011-12-10,"2011-01-17 11:34:00","2011-01-17 11:34:00",327,1,1,1,100,165.0000,165.0000,NULL,NULL,0,0,0,0,0.0000
15318,2011-12-10,"2011-12-06 11:30:00","2011-12-06 11:30:00",4,1,33,33,642,312.6200,312.6200,NULL,NULL,0,0,0,0,0.0000
15319,2011-12-10,"2011-03-01 12:48:00","2011-03-01 12:48:00",284,1,16,16,175,204.5000,204.5000,NULL,NULL,0,0,0,0,0.0000
15320,2011-12-10,"2011-10-26 13:27:00","2011-10-26 13:27:00",45,1,36,36,326,267.1300,267.1300,NULL,NULL,0,0,0,0,0.0000
15321,2011-12-10,"2011-02-21 11:10:00","2011-09-30 09:40:00",71,3,95,83,1181,2748.3100,916.1033,"2011-10-21 13:58:00","2011-10-21 13:58:00",1,10,10,17,84.8300
15322,2011-12-10,"2011-09-15 09:34:00","2011-09-15 09:34:00",86,1,42,42,416,679.6800,679.6800,"2011-10-06 20:38:00","2011-10-06 20:38:00",1,7,6,51,76.7100
15325,2011-12-10,"2011-08-28 11:55:00","2011-08-28 11:55:00",104,1,48,47,231,161.7400,161.7400,NULL,NULL,0,0,0,0,0.0000
15326,2011-12-10,"2011-01-10 11:38:00","2011-01-10 11:38:00",334,1,29,29,386,311.7100,311.7100,NULL,NULL,0,0,0,0,0.0000
15327,2011-12-10,"2011-10-18 11:55:00","2011-10-18 11:55:00",53,1,10,10,116,208.7500,208.7500,NULL,NULL,0,0,0,0,0.0000
15329,2011-12-10,"2011-06-21 10:37:00","2011-10-31 15:36:00",40,3,57,51,486,1049.7000,349.9000,"2010-12-09 15:43:00","2011-11-04 12:56:00",2,4,4,6,42.2000
15330,2011-12-10,"2011-10-10 12:30:00","2011-11-07 17:50:00",33,2,13,10,1312,714.9600,357.4800,NULL,NULL,0,0,0,0,0.0000
15332,2011-12-10,"2010-12-05 12:00:00","2010-12-08 14:43:00",367,4,35,29,652,1661.0600,415.2650,NULL,NULL,0,0,0,0,0.0000
15333,2011-12-10,"2011-05-15 13:27:00","2011-05-15 13:27:00",209,1,16,16,344,1028.5600,1028.5600,NULL,NULL,0,0,0,0,0.0000
15334,2011-12-10,"2011-06-19 13:51:00","2011-07-06 11:22:00",157,3,97,66,272,347.8700,115.9567,NULL,NULL,0,0,0,0,0.0000
15335,2011-12-10,"2011-10-17 12:50:00","2011-10-17 12:50:00",54,1,35,34,79,170.2200,170.2200,NULL,NULL,0,0,0,0,0.0000
15339,2011-12-10,"2011-01-25 13:15:00","2011-10-04 12:51:00",67,2,86,77,416,574.0700,287.0350,"2011-10-04 10:37:00","2011-10-04 10:37:00",1,2,2,2,16.5000
15341,2011-12-10,"2011-09-20 09:40:00","2011-09-20 09:40:00",81,1,17,17,812,2020.5200,2020.5200,NULL,NULL,0,0,0,0,0.0000
15342,2011-12-10,"2011-08-02 10:19:00","2011-08-02 10:19:00",130,1,24,24,283,406.0900,406.0900,"2011-08-15 16:20:00","2011-08-15 16:20:00",1,2,2,7,14.3300
15343,2011-12-10,"2011-09-13 13:55:00","2011-09-13 13:55:00",88,1,21,21,84,364.5000,364.5000,NULL,NULL,0,0,0,0,0.0000
15344,2011-12-10,"2011-09-26 14:48:00","2011-12-09 10:45:00",1,3,26,21,116,563.9400,187.9800,"2011-10-07 09:53:00","2011-11-16 13:56:00",2,6,5,10,87.3600
15345,2011-12-10,"2011-10-25 11:28:00","2011-10-25 11:28:00",46,1,20,20,81,393.5400,393.5400,"2011-11-04 13:24:00","2011-11-04 13:24:00",1,3,3,3,25.8500
15346,2011-12-10,"2011-01-11 11:18:00","2011-01-11 11:18:00",333,1,17,17,144,252.4200,252.4200,NULL,NULL,0,0,0,0,0.0000
15347,2011-12-10,"2010-12-08 15:25:00","2010-12-08 15:25:00",367,1,5,5,130,201.6000,201.6000,NULL,NULL,0,0,0,0,0.0000
15348,2011-12-10,"2011-09-28 13:17:00","2011-09-28 13:17:00",73,1,9,9,84,158.0400,158.0400,NULL,NULL,0,0,0,0,0.0000
15349,2011-12-10,"2011-06-05 15:46:00","2011-07-04 16:06:00",159,2,71,65,321,463.9100,231.9550,NULL,NULL,0,0,0,0,0.0000
15350,2011-12-10,"2010-12-01 13:33:00","2010-12-01 13:33:00",374,1,5,5,51,115.6500,115.6500,NULL,NULL,0,0,0,0,0.0000
15351,2011-12-10,"2010-12-05 11:49:00","2011-11-27 12:52:00",13,7,219,157,742,1934.6600,276.3800,"2010-12-05 10:48:00","2011-11-27 12:44:00",3,8,7,21,97.9700
15353,2011-12-10,"2010-12-07 11:49:00","2011-03-30 12:15:00",255,2,61,59,341,770.1200,385.0600,NULL,NULL,0,0,0,0,0.0000
15355,2011-12-10,"2011-10-17 15:22:00","2011-11-10 13:44:00",30,2,14,9,45,277.0500,138.5250,NULL,NULL,0,0,0,0,0.0000
15356,2011-12-10,"2010-12-06 14:05:00","2011-11-08 13:11:00",32,10,499,215,1643,2718.0300,271.8030,NULL,NULL,0,0,0,0,0.0000
15358,2011-12-10,"2010-12-09 10:04:00","2011-12-05 09:04:00",5,22,551,292,7050,8347.2000,379.4182,"2010-12-22 15:13:00","2011-11-10 11:48:00",7,9,8,122,111.5500
15360,2011-12-10,"2011-10-31 09:35:00","2011-10-31 09:35:00",40,1,13,13,223,427.9300,427.9300,NULL,NULL,0,0,0,0,0.0000
15361,2011-12-10,"2010-12-13 09:52:00","2010-12-13 09:52:00",362,1,7,7,336,418.9200,418.9200,NULL,NULL,0,0,0,0,0.0000
15363,2011-12-10,"2010-12-02 12:28:00","2010-12-02 12:28:00",373,1,16,16,144,326.0000,326.0000,"2011-04-12 15:48:00","2011-04-12 15:48:00",1,1,1,1,7.9500
15364,2011-12-10,"2011-03-30 13:39:00","2011-09-05 09:46:00",96,2,29,29,493,913.1900,456.5950,NULL,NULL,0,0,0,0,0.0000
15365,2011-12-10,"2011-01-28 13:08:00","2011-11-14 08:29:00",26,7,114,65,1084,2314.3200,330.6171,"2011-10-06 19:51:00","2011-10-06 19:51:00",1,36,36,325,765.1500
15366,2011-12-10,"2010-12-16 15:59:00","2011-09-25 15:01:00",76,2,44,37,621,602.5100,301.2550,NULL,NULL,0,0,0,0,0.0000
15367,2011-12-10,"2011-03-09 13:53:00","2011-10-13 14:13:00",58,4,95,91,1057,1877.5900,469.3975,"2011-05-20 12:21:00","2011-05-20 12:21:00",1,1,1,2,9.9000
15368,2011-12-10,"2011-11-18 14:42:00","2011-11-18 14:42:00",22,1,4,4,230,446.9400,446.9400,NULL,NULL,0,0,0,0,0.0000
15370,2011-12-10,"2011-01-11 11:32:00","2011-10-30 10:58:00",41,7,94,65,830,2386.0500,340.8643,"2011-07-28 19:14:00","2011-07-28 19:14:00",1,1,1,2,25.5000
15372,2011-12-10,"2011-07-25 16:39:00","2011-07-25 16:39:00",138,1,27,27,2924,2007.4000,2007.4000,NULL,NULL,0,0,0,0,0.0000
15373,2011-12-10,"2010-12-03 14:40:00","2011-12-01 15:05:00",9,12,132,74,500,2415.9100,201.3258,"2011-01-04 15:46:00","2011-01-04 15:46:00",1,5,5,24,202.8000
15374,2011-12-10,"2011-08-03 09:59:00","2011-08-03 09:59:00",129,1,3,3,126,168.0000,168.0000,NULL,NULL,0,0,0,0,0.0000
15376,2011-12-10,"2011-05-01 13:45:00","2011-10-30 15:04:00",41,3,116,100,615,1221.5600,407.1867,NULL,NULL,0,0,0,0,0.0000
15379,2011-12-10,"2010-12-16 13:02:00","2011-06-23 13:13:00",170,7,194,145,2305,3703.2900,529.0414,"2011-01-04 11:08:00","2011-01-04 11:08:00",1,2,2,12,71.4000
15380,2011-12-10,"2010-12-09 15:01:00","2011-12-01 12:13:00",9,5,36,22,376,1690.2600,338.0520,"2011-09-14 10:07:00","2011-09-14 10:07:00",1,1,1,2,7.9000
15381,2011-12-10,"2011-03-16 13:44:00","2011-05-10 11:55:00",214,2,8,8,171,596.8500,298.4250,NULL,NULL,0,0,0,0,0.0000
15382,2011-12-10,"2011-02-17 12:01:00","2011-11-25 10:58:00",15,6,302,193,4012,5955.7100,992.6183,"2011-05-04 10:10:00","2011-06-13 15:32:00",2,4,4,9,27.8500
15384,2011-12-10,"2010-12-15 11:34:00","2011-06-23 10:57:00",170,2,41,34,596,642.4100,321.2050,"2010-12-02 17:27:00","2010-12-02 17:27:00",1,2,2,3,6.6500
15385,2011-12-10,"2011-10-30 15:11:00","2011-10-30 15:11:00",41,1,12,12,161,316.8800,316.8800,NULL,NULL,0,0,0,0,0.0000
15386,2011-12-10,"2011-06-06 13:47:00","2011-06-06 13:47:00",187,1,31,31,446,394.1400,394.1400,NULL,NULL,0,0,0,0,0.0000
15388,2011-12-10,"2011-03-14 13:53:00","2011-03-14 13:53:00",271,1,10,10,88,140.5400,140.5400,NULL,NULL,0,0,0,0,0.0000
15389,2011-12-10,"2011-06-20 16:18:00","2011-06-20 16:18:00",173,1,1,1,400,500.0000,500.0000,NULL,NULL,0,0,0,0,0.0000
15392,2011-12-10,"2010-12-14 15:50:00","2011-12-05 11:01:00",5,4,84,74,1277,1535.5300,383.8825,"2010-12-16 17:33:00","2010-12-16 17:33:00",1,1,1,12,19.8000
15393,2011-12-10,"2011-03-03 16:58:00","2011-11-23 16:48:00",17,2,12,10,150,231.8600,115.9300,NULL,NULL,0,0,0,0,0.0000
15394,2011-12-10,"2010-12-16 12:46:00","2011-11-30 11:49:00",10,4,85,54,910,2183.5400,545.8850,NULL,NULL,0,0,0,0,0.0000
15395,2011-12-10,"2011-01-18 12:40:00","2011-01-18 12:40:00",326,1,7,7,17,107.4500,107.4500,NULL,NULL,0,0,0,0,0.0000
15396,2011-12-10,"2011-08-19 10:56:00","2011-08-19 10:56:00",113,1,14,14,122,288.1800,288.1800,NULL,NULL,0,0,0,0,0.0000
15397,2011-12-10,"2011-02-23 09:25:00","2011-02-23 09:25:00",290,1,6,6,20,94.0000,94.0000,NULL,NULL,0,0,0,0,0.0000
15398,2011-12-10,"2011-09-22 14:56:00","2011-11-23 16:47:00",17,2,73,60,769,1345.5300,672.7650,"2011-09-27 09:51:00","2011-09-27 09:51:00",1,1,1,2,5.9000
15399,2011-12-10,"2011-09-21 15:57:00","2011-12-08 13:04:00",2,3,50,45,611,815.7700,271.9233,NULL,NULL,0,0,0,0,0.0000
15400,2011-12-10,"2011-03-06 11:27:00","2011-09-08 13:57:00",93,5,12,10,390,716.2000,143.2400,"2011-06-15 14:03:00","2011-06-15 14:03:00",1,1,1,30,49.5000
15402,2011-12-10,"2011-05-27 13:32:00","2011-07-14 12:17:00",149,2,41,34,693,626.3500,313.1750,NULL,NULL,0,0,0,0,0.0000
15405,2011-12-10,"2011-06-03 14:44:00","2011-06-03 14:44:00",190,1,8,8,193,349.1000,349.1000,NULL,NULL,0,0,0,0,0.0000
15406,2011-12-10,"2011-02-11 16:19:00","2011-11-08 13:22:00",32,2,53,51,254,510.7100,255.3550,"2011-11-18 09:58:00","2011-11-21 16:14:00",2,5,4,18,84.1000
15407,2011-12-10,"2011-02-07 13:18:00","2011-11-06 11:55:00",34,4,148,142,552,1046.7400,261.6850,NULL,NULL,0,0,0,0,0.0000
15408,2011-12-10,"2011-03-20 15:02:00","2011-03-20 15:02:00",265,1,34,34,106,267.1800,267.1800,NULL,NULL,0,0,0,0,0.0000
15410,2011-12-10,"2011-03-23 10:15:00","2011-09-16 14:47:00",85,8,122,48,1200,3450.8400,431.3550,NULL,NULL,0,0,0,0,0.0000
15411,2011-12-10,"2011-06-10 12:30:00","2011-11-13 15:19:00",27,4,98,86,529,1348.9300,337.2325,"2011-10-24 16:07:00","2011-10-24 16:07:00",1,1,1,2,12.5000
15412,2011-12-10,"2011-06-21 15:24:00","2011-06-21 15:24:00",172,1,10,10,108,190.5300,190.5300,NULL,NULL,0,0,0,0,0.0000
15414,2011-12-10,"2011-04-11 13:45:00","2011-11-30 09:50:00",10,3,38,36,442,759.9000,253.3000,NULL,NULL,0,0,0,0,0.0000
15415,2011-12-10,"2011-01-30 14:13:00","2011-01-30 14:13:00",314,1,47,46,551,559.6100,559.6100,NULL,NULL,0,0,0,0,0.0000
15416,2011-12-10,"2011-03-02 08:41:00","2011-10-06 09:38:00",65,4,192,165,2090,3984.3200,996.0800,"2011-07-12 11:13:00","2011-07-12 11:13:00",1,1,1,1,9.9500
15417,2011-12-10,"2011-09-15 15:26:00","2011-09-15 15:26:00",86,1,28,28,284,508.8000,508.8000,NULL,NULL,0,0,0,0,0.0000
15419,2011-12-10,"2011-11-15 09:23:00","2011-11-15 09:23:00",25,1,8,8,230,135.8600,135.8600,NULL,NULL,0,0,0,0,0.0000
15421,2011-12-10,"2011-02-02 14:36:00","2011-10-12 09:20:00",59,4,53,40,500,950.3600,237.5900,NULL,NULL,0,0,0,0,0.0000
15422,2011-12-10,"2011-01-20 14:17:00","2011-01-20 16:17:00",324,2,6,6,38,97.7000,48.8500,NULL,NULL,0,0,0,0,0.0000
15423,2011-12-10,"2011-11-01 14:01:00","2011-11-01 14:01:00",39,1,1,1,100,36.0000,36.0000,NULL,NULL,0,0,0,0,0.0000
15424,2011-12-10,"2011-03-30 13:00:00","2011-03-30 13:02:00",255,2,17,17,554,383.3400,191.6700,NULL,NULL,0,0,0,0,0.0000
15426,2011-12-10,"2010-12-05 13:55:00","2011-11-20 15:36:00",20,5,275,217,656,1404.0700,280.8140,"2010-12-06 14:22:00","2011-11-06 11:44:00",2,8,8,11,17.4900
15427,2011-12-10,"2011-10-23 14:47:00","2011-11-06 14:29:00",34,3,292,233,967,1430.5400,476.8467,NULL,NULL,0,0,0,0,0.0000
15428,2011-12-10,"2011-11-24 16:54:00","2011-11-24 16:54:00",16,1,6,6,102,93.7800,93.7800,NULL,NULL,0,0,0,0,0.0000
15429,2011-12-10,"2011-09-25 13:42:00","2011-11-13 12:28:00",27,2,82,77,380,397.3500,198.6750,"2011-09-25 13:55:00","2011-09-25 13:55:00",1,1,1,11,32.4500
15432,2011-12-10,"2011-11-16 16:30:00","2011-11-16 16:30:00",24,1,10,10,65,171.1900,171.1900,NULL,NULL,0,0,0,0,0.0000
15433,2011-12-10,"2011-03-17 14:12:00","2011-05-10 10:45:00",214,2,41,40,534,533.3000,266.6500,"2011-09-21 16:24:00","2011-09-21 16:24:00",1,12,12,135,115.4300
15434,2011-12-10,"2011-05-23 14:18:00","2011-12-01 13:33:00",9,5,55,40,647,1041.4800,208.2960,"2011-05-24 16:55:00","2011-05-24 16:55:00",1,4,4,9,44.0000
15435,2011-12-10,"2011-11-17 16:39:00","2011-11-17 16:39:00",23,1,29,29,54,149.2900,149.2900,NULL,NULL,0,0,0,0,0.0000
15436,2011-12-10,"2011-04-19 16:52:00","2011-11-27 16:05:00",13,3,291,243,574,1067.7500,355.9167,NULL,NULL,0,0,0,0,0.0000
15437,2011-12-10,"2011-03-22 13:11:00","2011-03-22 13:11:00",263,1,45,44,79,200.1600,200.1600,NULL,NULL,0,0,0,0,0.0000
15438,2011-12-10,"2011-07-31 14:19:00","2011-07-31 14:19:00",132,1,25,25,59,156.5800,156.5800,NULL,NULL,0,0,0,0,0.0000
15440,2011-12-10,"2011-05-15 11:30:00","2011-10-16 12:16:00",55,3,62,50,197,383.6800,127.8933,NULL,NULL,0,0,0,0,0.0000
15442,2011-12-10,"2011-04-05 12:24:00","2011-04-05 12:24:00",249,1,2,2,120,594.0000,594.0000,NULL,NULL,0,0,0,0,0.0000
15443,2011-12-10,"2011-01-23 13:25:00","2011-12-08 10:40:00",2,7,372,237,1639,3213.5900,459.0843,"2011-09-19 16:59:00","2011-09-19 16:59:00",1,3,3,3,24.7500
15444,2011-12-10,"2011-10-30 16:12:00","2011-11-30 17:37:00",10,2,214,191,759,1411.2100,705.6050,NULL,NULL,0,0,0,0,0.0000
15445,2011-12-10,"2011-03-20 15:06:00","2011-03-20 15:06:00",265,1,5,5,58,113.5000,113.5000,NULL,NULL,0,0,0,0,0.0000
15447,2011-12-10,"2011-01-13 11:26:00","2011-01-13 11:26:00",331,1,9,9,85,155.1700,155.1700,NULL,NULL,0,0,0,0,0.0000
15448,2011-12-10,"2011-01-31 10:42:00","2011-01-31 10:42:00",313,1,28,28,232,494.6400,494.6400,NULL,NULL,0,0,0,0,0.0000
15449,2011-12-10,"2011-03-23 10:43:00","2011-11-13 15:02:00",27,3,60,47,812,974.5200,324.8400,"2011-04-11 13:36:00","2011-09-15 16:22:00",2,2,2,2,3.3000
15450,2011-12-10,"2011-11-09 17:11:00","2011-11-09 17:11:00",31,1,30,30,376,429.8400,429.8400,NULL,NULL,0,0,0,0,0.0000
15452,2011-12-10,"2011-03-20 15:21:00","2011-11-10 12:13:00",30,3,56,47,280,528.4800,176.1600,NULL,NULL,0,0,0,0,0.0000
15453,2011-12-10,"2011-06-05 12:37:00","2011-12-08 10:59:00",2,7,279,169,837,1371.7700,195.9671,NULL,NULL,0,0,0,0,0.0000
15454,2011-12-10,"2010-12-12 14:21:00","2010-12-12 14:21:00",363,1,25,23,86,179.1000,179.1000,NULL,NULL,0,0,0,0,0.0000
15456,2011-12-10,"2010-12-15 15:34:00","2011-03-01 13:51:00",284,3,58,48,633,434.5900,144.8633,NULL,NULL,0,0,0,0,0.0000
15457,2011-12-10,"2011-03-22 15:31:00","2011-03-22 15:31:00",263,1,58,56,132,237.0700,237.0700,NULL,NULL,0,0,0,0,0.0000
15458,2011-12-10,"2011-11-14 13:08:00","2011-11-14 13:08:00",26,1,7,7,156,161.6400,161.6400,NULL,NULL,0,0,0,0,0.0000
15460,2011-12-10,"2010-12-20 16:08:00","2010-12-20 16:08:00",355,1,56,53,107,214.2600,214.2600,NULL,NULL,0,0,0,0,0.0000
15462,2011-12-10,"2011-06-05 15:36:00","2011-09-06 13:11:00",95,3,11,9,172,234.6000,78.2000,NULL,NULL,0,0,0,0,0.0000
15463,2011-12-10,"2011-11-10 12:57:00","2011-11-10 12:57:00",30,1,7,7,106,126.1400,126.1400,NULL,NULL,0,0,0,0,0.0000
15464,2011-12-10,"2011-01-05 15:56:00","2011-01-05 15:56:00",339,1,155,155,348,1044.6500,1044.6500,NULL,NULL,0,0,0,0,0.0000
15465,2011-12-10,"2010-12-05 10:12:00","2011-11-20 10:11:00",20,18,97,43,1257,7354.6200,408.5900,"2011-02-20 10:30:00","2011-09-19 15:54:00",6,7,2,40,409.6000
15466,2011-12-10,"2011-09-15 14:08:00","2011-09-15 14:08:00",86,1,57,56,246,334.5300,334.5300,NULL,NULL,0,0,0,0,0.0000
15467,2011-12-10,"2011-07-10 14:42:00","2011-11-30 14:17:00",10,3,52,41,310,524.8800,174.9600,"2011-11-30 14:16:00","2011-11-30 14:16:00",1,1,1,4,13.0000
15468,2011-12-10,"2011-10-19 13:38:00","2011-10-19 13:49:00",52,2,24,24,155,467.5100,233.7550,"2010-12-14 10:50:00","2011-11-04 13:11:00",3,5,5,5,29.0500
15469,2011-12-10,"2011-08-11 16:54:00","2011-10-20 16:21:00",51,2,24,24,153,538.5500,269.2750,"2011-08-24 09:07:00","2011-10-27 19:16:00",2,3,3,3,34.0500
15471,2011-12-10,"2011-12-07 14:12:00","2011-12-07 14:12:00",3,1,73,67,256,454.4800,454.4800,NULL,NULL,0,0,0,0,0.0000
15472,2011-12-10,"2011-08-18 15:17:00","2011-08-18 15:17:00",114,1,76,76,251,371.5600,371.5600,NULL,NULL,0,0,0,0,0.0000
15473,2011-12-10,"2011-10-10 11:12:00","2011-11-25 15:15:00",15,7,11,4,672,1771.2000,253.0286,"2011-10-12 14:44:00","2011-10-12 14:55:00",3,3,2,120,306.0000
15475,2011-12-10,"2011-09-23 15:20:00","2011-09-23 15:20:00",78,1,29,29,319,454.1100,454.1100,NULL,NULL,0,0,0,0,0.0000
15478,2011-12-10,"2011-10-14 11:09:00","2011-10-30 14:19:00",41,2,44,34,575,1399.9200,699.9600,NULL,NULL,0,0,0,0,0.0000
15480,2011-12-10,"2011-08-15 14:32:00","2011-08-15 14:32:00",117,1,45,45,303,905.5000,905.5000,NULL,NULL,0,0,0,0,0.0000
15482,2011-12-10,"2010-12-16 10:08:00","2011-11-24 10:46:00",16,11,96,45,5003,10839.7600,985.4327,"2011-10-25 17:29:00","2011-11-24 10:40:00",4,29,24,2022,4486.2400
15483,2011-12-10,"2011-03-18 12:26:00","2011-07-01 13:07:00",162,4,84,74,291,225.2600,56.3150,NULL,NULL,0,0,0,0,0.0000
15484,2011-12-10,"2011-09-22 13:31:00","2011-12-08 15:03:00",2,4,187,135,3150,3590.4100,897.6025,"2011-11-30 14:48:00","2011-11-30 14:48:00",1,1,1,16,31.2000
15485,2011-12-10,"2010-12-01 13:23:00","2011-11-09 14:31:00",31,3,85,59,1281,2564.5000,854.8333,NULL,NULL,0,0,0,0,0.0000
15488,2011-12-10,"2011-09-08 10:11:00","2011-09-08 10:11:00",93,1,1,1,72,76.3200,76.3200,NULL,NULL,0,0,0,0,0.0000
15489,2011-12-10,"2011-05-12 12:54:00","2011-11-17 08:53:00",23,3,50,47,608,1134.2800,378.0933,"2011-11-01 09:55:00","2011-11-01 09:55:00",1,5,5,15,44.2500
15491,2011-12-10,"2011-04-18 10:04:00","2011-09-05 15:56:00",96,6,153,107,1645,3085.0900,514.1817,"2011-06-10 17:21:00","2011-06-10 17:21:00",1,1,1,22,9.2400
15492,2011-12-10,"2011-09-26 14:02:00","2011-11-11 14:53:00",29,2,35,32,483,659.4600,329.7300,NULL,NULL,0,0,0,0,0.0000
15493,2011-12-10,"2011-03-14 11:44:00","2011-11-07 12:04:00",33,5,289,177,551,1953.4100,390.6820,"2011-03-14 14:28:00","2011-07-13 11:32:00",2,2,2,5,34.5500
15494,2011-12-10,"2011-08-10 15:29:00","2011-11-18 14:51:00",22,2,122,120,1139,1280.5800,640.2900,NULL,NULL,0,0,0,0,0.0000
15497,2011-12-10,"2011-01-24 10:01:00","2011-11-22 11:51:00",18,2,15,13,624,1262.2000,631.1000,"2011-01-31 11:33:00","2011-01-31 11:33:00",1,1,1,2,2.5000
15498,2011-12-10,"2010-12-08 12:29:00","2011-12-07 12:48:00",3,27,512,360,6105,13316.4000,493.2000,"2010-12-07 12:34:00","2011-09-21 10:15:00",6,9,5,19,574.6700
15500,2011-12-10,"2011-09-19 13:47:00","2011-12-01 13:47:00",9,4,68,64,572,1131.5600,282.8900,NULL,NULL,0,0,0,0,0.0000
15502,2011-12-10,"2010-12-05 15:40:00","2011-11-24 12:48:00",16,10,209,163,4232,6923.9800,692.3980,"2010-12-06 14:43:00","2011-11-23 10:50:00",9,34,25,407,1375.4000
15503,2011-12-10,"2010-12-12 10:57:00","2010-12-12 10:57:00",363,1,66,66,70,141.0400,141.0400,NULL,NULL,0,0,0,0,0.0000
15504,2011-12-10,"2011-09-19 13:45:00","2011-09-19 13:45:00",82,1,13,13,33,52.8300,52.8300,NULL,NULL,0,0,0,0,0.0000
15505,2011-12-10,"2011-07-07 13:33:00","2011-10-18 07:56:00",53,5,97,90,2390,3610.9600,722.1920,"2011-09-27 16:45:00","2011-10-06 20:11:00",2,2,2,42,113.8200
15506,2011-12-10,"2011-07-24 11:45:00","2011-11-17 12:11:00",23,3,161,121,842,972.0800,324.0267,NULL,NULL,0,0,0,0,0.0000
15507,2011-12-10,"2011-06-21 11:19:00","2011-06-21 11:19:00",172,1,45,41,160,475.8600,475.8600,NULL,NULL,0,0,0,0,0.0000
15508,2011-12-10,"2011-04-18 15:31:00","2011-06-03 15:43:00",190,6,92,78,440,1000.2700,166.7117,NULL,NULL,0,0,0,0,0.0000
15510,2011-12-10,"2011-01-13 12:10:00","2011-01-13 12:10:00",331,1,1,1,2,250.0000,250.0000,NULL,NULL,0,0,0,0,0.0000
15511,2011-12-10,"2011-09-15 15:05:00","2011-11-28 09:43:00",12,5,158,117,269,900.5300,180.1060,NULL,NULL,0,0,0,0,0.0000
15512,2011-12-10,"2010-12-15 12:01:00","2011-07-07 10:20:00",156,2,7,7,68,121.0000,60.5000,NULL,NULL,0,0,0,0,0.0000
15513,2011-12-10,"2010-12-01 11:22:00","2011-11-06 14:36:00",34,19,308,183,5709,14758.2200,776.7484,"2011-02-07 15:52:00","2011-11-08 16:21:00",3,6,6,164,238.1400
15514,2011-12-10,"2010-12-10 13:50:00","2011-11-27 14:40:00",13,11,166,96,2098,4023.7200,365.7927,"2010-12-10 13:52:00","2010-12-10 14:03:00",2,31,23,337,1116.2700
15516,2011-12-10,"2011-10-24 11:33:00","2011-10-26 10:51:00",45,3,15,15,27,62.4300,20.8100,NULL,NULL,0,0,0,0,0.0000
15517,2011-12-10,"2011-04-20 14:02:00","2011-04-20 14:02:00",234,1,27,27,293,267.0300,267.0300,NULL,NULL,0,0,0,0,0.0000
15518,2011-12-10,"2011-01-11 12:55:00","2011-10-06 13:05:00",65,8,210,135,1263,1921.5500,240.1938,"2011-01-11 12:50:00","2011-08-07 13:09:00",4,5,5,10,23.8000
15520,2011-12-10,"2011-12-08 10:58:00","2011-12-08 10:58:00",2,1,18,18,314,343.5000,343.5000,NULL,NULL,0,0,0,0,0.0000
15521,2011-12-10,"2011-03-30 09:15:00","2011-10-30 13:42:00",41,8,185,116,1836,3000.2000,375.0250,"2011-09-06 10:42:00","2011-11-03 13:52:00",4,14,14,161,300.5500
15522,2011-12-10,"2011-09-13 12:26:00","2011-11-07 11:26:00",33,2,56,47,572,397.9900,198.9950,NULL,NULL,0,0,0,0,0.0000
15523,2011-12-10,"2011-09-16 16:29:00","2011-09-16 16:29:00",85,1,10,10,132,412.0100,412.0100,NULL,NULL,0,0,0,0,0.0000
15524,2011-12-10,"2011-11-15 12:09:00","2011-11-15 12:09:00",25,1,1,1,4,440.0000,440.0000,NULL,NULL,0,0,0,0,0.0000
15525,2011-12-10,"2010-12-01 13:17:00","2011-12-07 14:43:00",3,3,155,132,385,731.8700,243.9567,"2011-12-07 15:39:00","2011-12-07 15:39:00",1,2,2,2,14.9000
15526,2011-12-10,"2011-11-06 15:01:00","2011-11-06 15:04:00",34,2,4,4,24,148.4400,74.2200,NULL,NULL,0,0,0,0,0.0000
15527,2011-12-10,"2010-12-20 14:15:00","2011-11-21 12:17:00",19,8,162,127,991,2428.5300,303.5663,"2011-07-18 10:54:00","2011-07-18 10:54:00",1,2,2,3,16.8500
15528,2011-12-10,"2011-03-30 16:14:00","2011-03-30 16:14:00",255,1,26,26,123,229.3300,229.3300,NULL,NULL,0,0,0,0,0.0000
15529,2011-12-10,"2010-12-08 12:24:00","2011-11-17 11:29:00",23,11,661,414,3454,3960.0500,360.0045,"2011-11-17 10:44:00","2011-11-17 10:44:00",1,2,2,7,27.4500
15530,2011-12-10,"2011-04-07 11:16:00","2011-11-18 12:25:00",22,4,107,90,938,1497.3100,374.3275,NULL,NULL,0,0,0,0,0.0000
15531,2011-12-10,"2011-11-09 17:47:00","2011-12-01 18:43:00",9,2,219,196,1085,1972.3900,986.1950,NULL,NULL,0,0,0,0,0.0000
15532,2011-12-10,"2010-12-16 16:45:00","2011-11-14 14:51:00",26,4,250,204,513,1554.8300,388.7075,"2011-06-26 13:29:00","2011-07-31 13:20:00",2,7,6,13,63.8500
15533,2011-12-10,"2011-09-11 15:41:00","2011-11-20 15:35:00",20,3,83,73,289,807.5700,269.1900,"2011-09-18 13:42:00","2011-11-20 11:59:00",2,3,3,33,60.6500
15535,2011-12-10,"2011-01-16 12:35:00","2011-06-19 16:02:00",174,4,72,55,135,502.9000,125.7250,"2010-12-09 15:36:00","2011-01-16 12:40:00",3,3,2,14,76.5000
15537,2011-12-10,"2011-06-29 13:10:00","2011-06-29 13:10:00",164,1,24,24,29,110.9200,110.9200,NULL,NULL,0,0,0,0,0.0000
15539,2011-12-10,"2011-12-02 13:36:00","2011-12-02 13:36:00",8,1,41,41,410,538.4600,538.4600,NULL,NULL,0,0,0,0,0.0000
15540,2011-12-10,"2011-11-28 13:51:00","2011-11-28 13:51:00",12,1,15,15,200,213.3000,213.3000,NULL,NULL,0,0,0,0,0.0000
15541,2011-12-10,"2011-08-17 14:58:00","2011-08-17 14:58:00",115,1,29,29,49,85.1300,85.1300,NULL,NULL,0,0,0,0,0.0000
15543,2011-12-10,"2011-02-24 15:26:00","2011-02-24 15:26:00",289,1,28,26,86,127.8600,127.8600,NULL,NULL,0,0,0,0,0.0000
15544,2011-12-10,"2010-12-02 12:47:00","2011-11-30 16:43:00",10,9,259,122,3109,3546.7100,394.0789,"2011-07-25 16:58:00","2011-12-01 09:16:00",2,2,2,4,4.2000
15545,2011-12-10,"2010-12-03 17:28:00","2011-10-16 13:24:00",55,2,80,78,162,288.9700,144.4850,NULL,NULL,0,0,0,0,0.0000
15547,2011-12-10,"2010-12-12 13:26:00","2011-12-02 12:52:00",8,14,695,441,3999,4910.6000,350.7571,NULL,NULL,0,0,0,0,0.0000
15549,2011-12-10,"2011-01-27 15:38:00","2011-09-23 16:22:00",78,3,113,103,691,1677.7100,559.2367,"2011-01-28 16:50:00","2011-01-28 16:50:00",1,1,1,10,37.5000
15550,2011-12-10,"2011-02-11 12:49:00","2011-12-05 15:38:00",5,4,61,43,295,575.6300,143.9075,NULL,NULL,0,0,0,0,0.0000
15551,2011-12-10,"2011-11-03 12:37:00","2011-11-03 12:37:00",37,1,29,29,218,436.0600,436.0600,NULL,NULL,0,0,0,0,0.0000
15552,2011-12-10,"2011-05-06 14:47:00","2011-05-06 14:47:00",218,1,17,17,60,90.1200,90.1200,NULL,NULL,0,0,0,0,0.0000
15553,2011-12-10,"2011-10-10 14:02:00","2011-10-10 14:02:00",61,1,55,51,449,428.9300,428.9300,NULL,NULL,0,0,0,0,0.0000
15554,2011-12-10,"2011-03-07 09:00:00","2011-03-07 09:00:00",278,1,14,14,74,217.2000,217.2000,NULL,NULL,0,0,0,0,0.0000
15555,2011-12-10,"2010-12-05 14:45:00","2011-11-27 16:19:00",13,16,885,400,4397,4791.8700,299.4919,"2010-12-13 12:03:00","2011-11-27 15:31:00",4,25,24,28,46.1200
15556,2011-12-10,"2011-11-15 16:08:00","2011-11-15 16:08:00",25,1,31,31,236,279.7700,279.7700,NULL,NULL,0,0,0,0,0.0000
15557,2011-12-10,"2011-11-11 12:46:00","2011-11-11 12:46:00",29,1,19,16,213,468.9100,468.9100,NULL,NULL,0,0,0,0,0.0000
15561,2011-12-10,"2011-05-08 11:38:00","2011-11-28 11:07:00",12,4,27,27,267,800.5900,200.1475,"2011-09-04 12:40:00","2011-09-04 12:40:00",1,4,4,11,77.8500
15562,2011-12-10,"2010-12-23 09:55:00","2010-12-23 09:55:00",352,1,1,1,39,134.5500,134.5500,NULL,NULL,0,0,0,0,0.0000
15563,2011-12-10,"2010-12-16 11:27:00","2011-11-17 12:59:00",23,3,111,87,1441,1361.4400,453.8133,"2011-11-18 15:16:00","2011-12-01 09:36:00",2,3,3,11,50.7500
15565,2011-12-10,"2011-09-30 10:44:00","2011-10-20 14:33:00",51,2,8,8,60,173.1600,86.5800,NULL,NULL,0,0,0,0,0.0000
15567,2011-12-10,"2011-11-21 10:48:00","2011-11-21 10:48:00",19,1,7,7,223,186.0100,186.0100,NULL,NULL,0,0,0,0,0.0000
15568,2011-12-10,"2011-09-27 14:37:00","2011-12-07 11:27:00",3,3,53,27,461,758.2900,252.7633,NULL,NULL,0,0,0,0,0.0000
15569,2011-12-10,"2011-01-11 13:26:00","2011-08-28 10:15:00",104,5,31,27,666,1375.7100,275.1420,NULL,NULL,0,0,0,0,0.0000
15570,2011-12-10,"2010-12-05 12:57:00","2011-12-02 14:47:00",8,12,319,231,2063,4148.8200,345.7350,"2011-02-10 13:40:00","2011-02-10 13:40:00",1,7,7,9,55.5500
15571,2011-12-10,"2011-09-22 13:15:00","2011-11-28 10:02:00",12,4,57,47,264,650.4300,162.6075,NULL,NULL,0,0,0,0,0.0000
15572,2011-12-10,"2011-03-06 14:44:00","2011-12-05 10:09:00",5,7,212,166,1213,2533.4200,361.9171,NULL,NULL,0,0,0,0,0.0000
15573,2011-12-10,"2011-09-15 12:16:00","2011-11-08 11:38:00",32,2,96,87,354,583.2400,291.6200,NULL,NULL,0,0,0,0,0.0000
15574,2011-12-10,"2010-12-02 15:46:00","2011-06-15 12:01:00",178,4,152,131,332,675.6400,168.9100,NULL,NULL,0,0,0,0,0.0000
15576,2011-12-10,"2011-11-02 12:03:00","2011-11-02 12:03:00",38,1,43,43,394,921.3700,921.3700,NULL,NULL,0,0,0,0,0.0000
15577,2011-12-10,"2011-02-07 13:32:00","2011-07-11 17:03:00",152,3,39,39,89,258.8800,86.2933,NULL,NULL,0,0,0,0,0.0000
15578,2011-12-10,"2011-06-30 13:03:00","2011-06-30 13:03:00",163,1,13,13,52,127.1000,127.1000,NULL,NULL,0,0,0,0,0.0000
15579,2011-12-10,"2011-01-30 12:09:00","2011-10-02 12:45:00",69,2,48,45,117,327.6000,163.8000,NULL,NULL,0,0,0,0,0.0000
15581,2011-12-10,"2010-12-08 14:38:00","2011-07-06 14:04:00",157,10,143,133,280,717.4300,71.7430,NULL,NULL,0,0,0,0,0.0000
15582,2011-12-10,"2011-05-03 13:36:00","2011-11-15 09:55:00",25,3,44,39,453,682.9100,227.6367,NULL,NULL,0,0,0,0,0.0000
15584,2011-12-10,"2011-06-30 16:39:00","2011-11-16 10:55:00",24,4,122,89,313,720.8600,180.2150,"2011-11-16 10:23:00","2011-11-16 10:23:00",1,2,2,2,2.5000
15585,2011-12-10,"2011-06-16 08:38:00","2011-06-16 08:38:00",177,1,31,31,320,455.3000,455.3000,NULL,NULL,0,0,0,0,0.0000
15587,2011-12-10,"2010-12-23 09:59:00","2011-10-20 13:37:00",51,4,9,3,312,913.6800,228.4200,NULL,NULL,0,0,0,0,0.0000
15589,2011-12-10,"2011-02-02 10:46:00","2011-03-29 09:54:00",256,3,29,28,243,478.5300,159.5100,"2011-04-01 11:22:00","2011-04-01 11:22:00",1,1,1,1,21.9500
15592,2011-12-10,"2011-10-24 08:59:00","2011-10-24 08:59:00",47,1,24,24,354,388.5800,388.5800,NULL,NULL,0,0,0,0,0.0000
15593,2011-12-10,"2011-09-30 11:46:00","2011-09-30 11:46:00",71,1,5,5,60,199.8000,199.8000,NULL,NULL,0,0,0,0,0.0000
15594,2011-12-10,"2011-04-19 10:08:00","2011-11-24 08:53:00",16,5,103,85,983,1771.7800,354.3560,"2011-04-21 16:38:00","2011-04-21 16:38:00",1,1,1,1,4.2500
15596,2011-12-10,"2010-12-09 16:10:00","2011-08-31 10:55:00",101,5,77,51,561,1406.5900,281.3180,"2011-01-27 12:18:00","2011-05-24 17:28:00",4,7,5,13,63.2500
15597,2011-12-10,"2011-11-04 13:26:00","2011-11-04 13:26:00",36,1,22,22,279,324.5700,324.5700,"2011-11-10 11:46:00","2011-11-10 11:46:00",1,1,1,3,8.8500
15598,2011-12-10,"2011-10-17 16:04:00","2011-10-17 16:04:00",54,1,14,14,160,240.6800,240.6800,"2011-10-20 19:23:00","2011-11-04 13:14:00",2,2,1,4,5.0000
15599,2011-12-10,"2011-05-19 13:05:00","2011-11-13 11:44:00",27,2,52,50,718,761.7400,380.8700,NULL,NULL,0,0,0,0,0.0000
15601,2011-12-10,"2010-12-02 10:39:00","2011-11-28 15:15:00",12,14,410,230,4983,6776.5600,484.0400,"2011-02-10 15:50:00","2011-09-22 10:20:00",3,4,4,5,31.2000
15602,2011-12-10,"2010-12-06 15:35:00","2011-12-01 14:14:00",9,9,46,30,1137,1297.8700,144.2078,"2010-12-14 11:10:00","2011-08-02 11:58:00",5,5,3,138,195.5000
15603,2011-12-10,"2011-09-22 10:04:00","2011-09-22 10:04:00",79,1,2,2,96,48.4800,48.4800,NULL,NULL,0,0,0,0,0.0000
15604,2011-12-10,"2011-10-18 14:47:00","2011-10-18 14:47:00",53,1,17,17,159,216.3900,216.3900,NULL,NULL,0,0,0,0,0.0000
15605,2011-12-10,"2010-12-01 13:38:00","2011-11-03 14:17:00",37,5,67,61,441,1198.2300,239.6460,NULL,NULL,0,0,0,0,0.0000
15606,2011-12-10,"2011-01-19 12:07:00","2011-10-09 15:47:00",62,9,77,48,892,2920.1600,324.4622,"2011-10-06 20:33:00","2011-10-13 13:32:00",2,14,14,172,497.5200
15607,2011-12-10,"2011-01-07 12:44:00","2011-01-07 12:44:00",337,1,13,13,202,104.7600,104.7600,NULL,NULL,0,0,0,0,0.0000
15608,2011-12-10,"2011-08-11 09:56:00","2011-11-11 13:20:00",29,4,60,59,714,1093.6800,273.4200,NULL,NULL,0,0,0,0,0.0000
15609,2011-12-10,"2011-06-08 13:00:00","2011-06-08 13:00:00",185,1,16,16,148,298.4800,298.4800,"2011-06-10 09:55:00","2011-06-10 09:55:00",1,2,2,3,28.4500
15610,2011-12-10,"2011-10-19 10:36:00","2011-10-19 10:36:00",52,1,6,6,66,112.4600,112.4600,NULL,NULL,0,0,0,0,0.0000
15611,2011-12-10,"2011-01-09 11:32:00","2011-11-30 12:36:00",10,11,41,22,502,1570.4500,142.7682,"2011-03-10 10:13:00","2011-10-06 18:00:00",2,2,2,6,23.0600
15612,2011-12-10,"2011-10-09 12:49:00","2011-11-03 14:52:00",37,2,5,3,51,180.1500,90.0750,NULL,NULL,0,0,0,0,0.0000
15615,2011-12-10,"2010-12-15 16:21:00","2011-11-29 14:42:00",11,23,423,184,5508,10399.7400,452.1626,"2011-03-27 12:11:00","2011-07-08 13:38:00",4,6,6,15,39.7000
15618,2011-12-10,"2011-07-26 10:13:00","2011-11-07 08:34:00",33,4,44,38,453,776.8500,194.2125,"2011-09-14 14:55:00","2011-09-14 14:55:00",1,4,4,26,29.8200
15619,2011-12-10,"2011-11-29 08:14:00","2011-11-29 08:14:00",11,1,3,3,136,336.4000,336.4000,NULL,NULL,0,0,0,0,0.0000
15620,2011-12-10,"2010-12-16 14:34:00","2011-10-14 12:41:00",57,3,100,92,915,1553.1800,517.7267,"2011-05-10 16:06:00","2011-10-20 19:17:00",3,4,4,16,28.7800
15621,2011-12-10,"2011-11-18 11:49:00","2011-12-05 14:01:00",5,4,16,11,501,1293.0300,323.2575,"2011-11-29 09:25:00","2011-12-05 12:52:00",2,2,1,38,134.2600
15622,2011-12-10,"2011-03-02 13:42:00","2011-10-27 16:44:00",44,9,185,169,1674,3709.5600,412.1733,"2011-03-09 15:05:00","2011-12-06 14:57:00",7,29,28,122,485.0300
15623,2011-12-10,"2011-07-21 17:26:00","2011-07-21 17:26:00",142,1,19,19,125,301.0300,301.0300,NULL,NULL,0,0,0,0,0.0000
15624,2011-12-10,"2011-03-28 13:32:00","2011-08-15 11:38:00",117,4,34,26,357,588.1300,147.0325,NULL,NULL,0,0,0,0,0.0000
15625,2011-12-10,"2011-04-18 14:01:00","2011-08-28 10:21:00",104,4,64,44,1188,1534.2600,383.5650,"2011-06-15 15:28:00","2011-08-31 16:13:00",4,4,3,22,29.7000
15626,2011-12-10,"2011-01-14 10:10:00","2011-09-26 10:03:00",75,2,49,49,766,675.8000,337.9000,NULL,NULL,0,0,0,0,0.0000
15628,2011-12-10,"2010-12-08 09:51:00","2011-12-05 10:24:00",5,9,155,85,1894,2870.2400,318.9156,"2011-08-09 14:43:00","2011-08-09 14:43:00",1,2,2,12,4.6000
15630,2011-12-10,"2011-05-19 10:16:00","2011-10-25 15:36:00",46,2,60,57,800,1186.3500,593.1750,"2011-05-23 17:41:00","2011-05-23 17:41:00",1,1,1,1,5.9500
15632,2011-12-10,"2011-03-10 08:29:00","2011-11-24 09:51:00",16,8,167,107,2109,3285.3100,410.6638,"2011-04-04 09:04:00","2011-10-24 13:48:00",2,10,10,60,138.0000
15634,2011-12-10,"2011-11-22 16:28:00","2011-11-22 16:28:00",18,1,15,15,99,243.5500,243.5500,NULL,NULL,0,0,0,0,0.0000
15636,2011-12-10,"2011-03-02 14:50:00","2011-09-11 11:17:00",90,2,25,20,284,724.7600,362.3800,NULL,NULL,0,0,0,0,0.0000
15637,2011-12-10,"2011-10-18 08:28:00","2011-10-18 08:28:00",53,1,15,15,128,223.3600,223.3600,NULL,NULL,0,0,0,0,0.0000
15639,2011-12-10,"2011-07-28 14:30:00","2011-07-28 14:30:00",135,1,25,25,323,425.3200,425.3200,NULL,NULL,0,0,0,0,0.0000
15640,2011-12-10,"2010-12-02 15:40:00","2011-12-05 14:35:00",5,15,476,240,6572,12416.1100,827.7407,"2011-02-13 14:28:00","2011-08-07 13:53:00",2,10,9,34,79.3700
15641,2011-12-10,"2010-12-15 14:45:00","2011-08-26 14:04:00",106,4,119,102,1562,1887.2000,471.8000,NULL,NULL,0,0,0,0,0.0000
15643,2011-12-10,"2011-03-02 14:34:00","2011-06-01 07:38:00",192,3,33,31,246,664.0000,221.3333,"2011-06-07 15:32:00","2011-06-13 17:19:00",3,3,1,4,16.6000
15644,2011-12-10,"2011-03-23 15:37:00","2011-06-26 14:54:00",167,4,232,166,550,803.5400,200.8850,NULL,NULL,0,0,0,0,0.0000
15645,2011-12-10,"2011-11-21 11:55:00","2011-11-21 11:55:00",19,1,51,49,255,611.5900,611.5900,NULL,NULL,0,0,0,0,0.0000
15646,2011-12-10,"2010-12-02 16:59:00","2011-07-05 09:53:00",158,3,35,35,394,447.6400,149.2133,"2011-04-11 13:26:00","2011-04-11 13:26:00",1,1,1,6,22.5000
15648,2011-12-10,"2011-03-17 18:59:00","2011-05-19 15:53:00",205,2,24,23,218,639.5000,319.7500,"2011-03-30 14:49:00","2011-04-05 14:52:00",2,2,2,7,54.7500
15649,2011-12-10,"2010-12-07 10:06:00","2011-01-07 13:34:00",337,2,2,1,192,816.0000,408.0000,NULL,NULL,0,0,0,0,0.0000
15651,2011-12-10,"2011-03-24 08:56:00","2011-11-03 08:41:00",37,3,32,27,479,646.3000,215.4333,NULL,NULL,0,0,0,0,0.0000
15652,2011-12-10,"2011-09-09 14:22:00","2011-09-09 14:22:00",92,1,21,21,208,337.7400,337.7400,NULL,NULL,0,0,0,0,0.0000
15653,2011-12-10,"2011-08-16 09:50:00","2011-09-08 10:49:00",93,2,6,4,1200,877.4400,438.7200,NULL,NULL,0,0,0,0,0.0000
15654,2011-12-10,"2011-11-13 15:15:00","2011-11-30 13:08:00",10,2,20,14,474,907.5300,453.7650,NULL,NULL,0,0,0,0,0.0000
15655,2011-12-10,"2011-04-10 15:25:00","2011-04-10 15:25:00",244,1,34,34,324,560.6700,560.6700,"2011-04-20 16:28:00","2011-04-20 16:28:00",1,3,3,5,49.3500
15656,2011-12-10,"2011-02-28 15:32:00","2011-10-25 14:56:00",46,4,47,46,343,748.5000,187.1250,NULL,NULL,0,0,0,0,0.0000
15657,2011-12-10,"2011-11-17 12:19:00","2011-11-17 12:19:00",23,1,1,1,24,30.0000,30.0000,NULL,NULL,0,0,0,0,0.0000
15658,2011-12-10,"2010-12-02 10:53:00","2011-06-02 15:22:00",191,5,48,40,242,1024.1000,204.8200,"2011-01-21 16:53:00","2011-03-23 08:55:00",3,8,6,10,65.2000
15659,2011-12-10,"2011-10-27 09:23:00","2011-10-27 09:23:00",44,1,11,11,111,306.4500,306.4500,NULL,NULL,0,0,0,0,0.0000
15660,2011-12-10,"2010-12-09 09:49:00","2011-11-14 16:58:00",26,9,90,55,1050,1600.8600,177.8733,"2011-05-19 14:44:00","2011-08-14 14:28:00",3,4,3,13,48.8500
15661,2011-12-10,"2011-01-05 12:32:00","2011-01-26 13:56:00",318,2,5,4,236,309.8000,154.9000,NULL,NULL,0,0,0,0,0.0000
15663,2011-12-10,"2011-08-25 15:50:00","2011-08-25 15:50:00",107,1,9,9,106,138.1400,138.1400,NULL,NULL,0,0,0,0,0.0000
15664,2011-12-10,"2011-10-20 10:57:00","2011-10-20 10:57:00",51,1,17,17,157,386.4300,386.4300,"2010-12-15 17:05:00","2010-12-15 17:05:00",1,2,2,16,27.8000
15665,2011-12-10,"2011-04-10 15:09:00","2011-06-24 14:57:00",169,2,115,92,1654,2222.2100,1111.1050,NULL,NULL,0,0,0,0,0.0000
15667,2011-12-10,"2011-10-31 10:56:00","2011-10-31 10:56:00",40,1,13,13,240,301.3200,301.3200,NULL,NULL,0,0,0,0,0.0000
15668,2011-12-10,"2011-05-06 10:39:00","2011-05-06 10:39:00",218,1,1,1,72,76.3200,76.3200,NULL,NULL,0,0,0,0,0.0000
15669,2011-12-10,"2011-03-21 09:13:00","2011-10-30 16:03:00",41,4,33,31,342,684.3400,171.0850,"2011-06-23 16:10:00","2011-06-23 16:10:00",1,2,2,3,6.6500
15670,2011-12-10,"2011-02-16 10:50:00","2011-02-16 10:50:00",297,1,12,12,91,173.0500,173.0500,NULL,NULL,0,0,0,0,0.0000
15671,2011-12-10,"2011-03-14 09:37:00","2011-11-21 12:43:00",19,7,76,51,1697,2627.1300,375.3043,"2011-03-17 15:49:00","2011-08-10 13:03:00",3,3,2,18,21.6400
15673,2011-12-10,"2011-01-16 16:25:00","2011-09-12 16:12:00",89,4,138,107,1451,2726.2300,681.5575,NULL,NULL,0,0,0,0,0.0000
15674,2011-12-10,"2011-03-30 09:19:00","2011-09-27 15:17:00",74,4,113,87,1274,2111.8900,527.9725,"2011-04-05 11:42:00","2011-04-13 09:55:00",2,20,19,199,367.8700
15675,2011-12-10,"2011-03-04 14:21:00","2011-09-19 13:48:00",82,3,21,20,527,323.6900,107.8967,NULL,NULL,0,0,0,0,0.0000
15676,2011-12-10,"2011-03-01 10:19:00","2011-11-21 12:40:00",19,3,201,190,2251,3420.7600,1140.2533,"2011-05-10 12:07:00","2011-11-30 17:39:00",2,14,14,21,111.6700
15677,2011-12-10,"2011-10-21 15:36:00","2011-10-21 15:36:00",50,1,33,33,319,657.2300,657.2300,NULL,NULL,0,0,0,0,0.0000
15678,2011-12-10,"2011-10-18 09:25:00","2011-10-18 09:25:00",53,1,12,12,184,352.7000,352.7000,NULL,NULL,0,0,0,0,0.0000
15679,2011-12-10,"2011-06-10 08:24:00","2011-11-15 16:19:00",25,4,110,98,1170,781.2800,195.3200,NULL,NULL,0,0,0,0,0.0000
15680,2011-12-10,"2010-12-08 14:43:00","2011-11-30 13:46:00",10,3,78,61,952,1333.6800,444.5600,NULL,NULL,0,0,0,0,0.0000
15681,2011-12-10,"2011-03-04 13:46:00","2011-11-14 16:30:00",26,5,53,32,816,1426.1600,285.2320,"2011-11-21 13:25:00","2011-11-21 13:25:00",1,14,14,260,479.8000
15683,2011-12-10,"2011-08-14 12:56:00","2011-08-14 12:56:00",118,1,10,10,131,193.7500,193.7500,NULL,NULL,0,0,0,0,0.0000
15687,2011-12-10,"2011-01-13 15:13:00","2011-12-01 08:33:00",9,9,166,119,1310,2993.1000,332.5667,"2011-02-21 12:44:00","2011-06-07 16:08:00",2,2,2,2,11.6000
15689,2011-12-10,"2010-12-13 09:57:00","2011-08-12 09:37:00",120,2,9,8,84,254.1000,127.0500,NULL,NULL,0,0,0,0,0.0000
15690,2011-12-10,"2011-08-31 11:40:00","2011-12-05 15:59:00",5,2,19,19,408,239.7600,119.8800,NULL,NULL,0,0,0,0,0.0000
15691,2011-12-10,"2011-04-01 15:13:00","2011-04-01 15:13:00",253,1,2,2,72,136.8000,136.8000,NULL,NULL,0,0,0,0,0.0000
15692,2011-12-10,"2011-11-11 14:12:00","2011-11-11 14:12:00",29,1,12,12,138,191.0400,191.0400,NULL,NULL,0,0,0,0,0.0000
15694,2011-12-10,"2010-12-02 07:49:00","2011-12-09 09:44:00",1,13,77,41,1676,6464.4000,497.2615,"2011-02-01 11:28:00","2011-02-01 11:28:00",1,1,1,12,55.8000
15695,2011-12-10,"2011-03-18 08:31:00","2011-03-18 08:32:00",267,2,22,22,212,409.9800,204.9900,NULL,NULL,0,0,0,0,0.0000
15696,2011-12-10,"2011-01-17 11:24:00","2011-11-06 14:02:00",34,8,168,140,1015,2711.1100,338.8888,"2011-04-01 10:46:00","2011-09-28 11:22:00",4,6,6,6,92.0000
15699,2011-12-10,"2011-11-22 08:26:00","2011-11-22 08:26:00",18,1,18,18,113,309.6500,309.6500,NULL,NULL,0,0,0,0,0.0000
15700,2011-12-10,"2011-06-19 15:36:00","2011-06-20 16:53:00",173,2,86,85,357,696.6800,348.3400,"2011-06-20 16:52:00","2011-06-20 16:52:00",1,3,3,29,32.6500
15701,2011-12-10,"2011-08-21 12:36:00","2011-12-07 14:39:00",3,4,230,193,912,1529.0000,382.2500,NULL,NULL,0,0,0,0,0.0000
15703,2011-12-10,"2011-03-20 10:51:00","2011-03-20 10:51:00",265,1,5,5,66,211.5000,211.5000,NULL,NULL,0,0,0,0,0.0000
15704,2011-12-10,"2011-05-08 12:42:00","2011-07-22 13:35:00",141,4,117,79,1028,2293.6200,573.4050,NULL,NULL,0,0,0,0,0.0000
15705,2011-12-10,"2011-05-22 15:37:00","2011-05-22 15:37:00",202,1,6,6,62,143.1000,143.1000,NULL,NULL,0,0,0,0,0.0000
15706,2011-12-10,"2011-08-15 14:32:00","2011-10-07 10:09:00",64,4,55,50,321,1060.5600,265.1400,"2011-08-18 16:14:00","2011-10-11 10:14:00",3,4,4,16,58.7500
15707,2011-12-10,"2011-09-14 14:19:00","2011-11-04 14:35:00",36,4,205,126,594,916.9800,229.2450,NULL,NULL,0,0,0,0,0.0000
15708,2011-12-10,"2010-12-05 11:12:00","2011-10-30 10:54:00",41,7,273,124,1217,3235.2500,462.1786,"2010-12-05 10:25:00","2011-07-28 11:17:00",4,9,9,9,34.5200
15709,2011-12-10,"2011-03-01 10:38:00","2011-03-01 10:38:00",284,1,6,6,121,133.2500,133.2500,NULL,NULL,0,0,0,0,0.0000
15712,2011-12-10,"2011-02-25 11:32:00","2011-11-30 14:09:00",10,5,53,41,486,1072.3600,214.4720,NULL,NULL,0,0,0,0,0.0000
15713,2011-12-10,"2010-12-08 15:16:00","2011-07-19 13:34:00",144,2,19,18,150,356.7000,178.3500,"2010-12-14 11:28:00","2010-12-14 11:28:00",1,1,1,1,9.9500
15714,2011-12-10,"2011-09-23 11:25:00","2011-11-28 11:26:00",12,2,34,34,186,330.0300,165.0150,NULL,NULL,0,0,0,0,0.0000
15716,2011-12-10,"2010-12-05 12:26:00","2011-07-17 11:59:00",146,4,117,101,738,1101.1100,275.2775,NULL,NULL,0,0,0,0,0.0000
15717,2011-12-10,"2011-04-19 13:21:00","2011-04-19 13:21:00",235,1,7,7,70,150.3000,150.3000,NULL,NULL,0,0,0,0,0.0000
15719,2011-12-10,"2011-01-06 12:31:00","2011-11-07 12:29:00",33,13,930,298,2717,5028.4200,386.8015,"2011-07-12 09:58:00","2011-07-12 09:58:00",1,1,1,1,1.6500
15720,2011-12-10,"2011-11-15 14:48:00","2011-11-15 14:48:00",25,1,128,128,281,598.7300,598.7300,NULL,NULL,0,0,0,0,0.0000
15721,2011-12-10,"2011-11-28 12:14:00","2011-11-28 12:14:00",12,1,84,80,388,471.4000,471.4000,NULL,NULL,0,0,0,0,0.0000
15722,2011-12-10,"2011-02-22 12:24:00","2011-11-04 11:43:00",36,5,67,45,1023,2211.2100,442.2420,"2011-06-05 12:01:00","2011-06-05 12:01:00",1,3,3,5,41.3500
15723,2011-12-10,"2010-12-10 11:12:00","2010-12-10 11:12:00",365,1,38,37,73,190.7000,190.7000,NULL,NULL,0,0,0,0,0.0000
15724,2011-12-10,"2011-02-28 10:40:00","2011-05-22 14:40:00",202,2,11,11,73,218.2500,109.1250,"2011-03-10 11:45:00","2011-03-10 11:45:00",1,1,1,1,5.9500
15725,2011-12-10,"2011-11-24 14:51:00","2011-11-24 14:51:00",16,1,32,32,221,415.2500,415.2500,NULL,NULL,0,0,0,0,0.0000
15727,2011-12-10,"2010-12-15 15:47:00","2011-11-23 12:36:00",17,7,301,213,3063,5159.0600,737.0086,NULL,NULL,0,0,0,0,0.0000
15729,2011-12-10,"2011-05-11 12:36:00","2011-05-11 12:36:00",213,1,5,5,28,85.0000,85.0000,"2011-05-25 16:43:00","2011-05-25 16:43:00",1,1,1,4,23.0000
15730,2011-12-10,"2011-05-17 12:43:00","2011-10-05 12:31:00",66,3,70,68,689,1120.8800,373.6267,"2011-05-19 10:53:00","2011-05-19 10:53:00",1,3,3,6,12.5000
15732,2011-12-10,"2010-12-02 15:00:00","2011-05-11 14:24:00",213,2,14,13,215,294.1200,147.0600,NULL,NULL,0,0,0,0,0.0000
15733,2011-12-10,"2011-03-02 09:05:00","2011-03-02 09:05:00",283,1,10,10,62,162.3000,162.3000,NULL,NULL,0,0,0,0,0.0000
15734,2011-12-10,"2011-05-23 14:59:00","2011-08-17 10:50:00",115,2,26,25,346,1339.4500,669.7250,NULL,NULL,0,0,0,0,0.0000
15737,2011-12-10,"2011-04-11 10:01:00","2011-11-25 11:21:00",15,8,70,59,596,1173.1200,146.6400,"2011-04-13 09:02:00","2011-09-28 11:19:00",4,8,7,13,66.9100
15738,2011-12-10,"2010-12-02 12:50:00","2011-11-21 08:26:00",19,16,173,46,2982,4812.4200,300.7763,"2010-12-09 13:58:00","2011-03-10 14:56:00",3,3,3,15,23.6500
15739,2011-12-10,"2011-10-04 13:42:00","2011-10-04 13:42:00",67,1,8,8,472,449.1200,449.1200,NULL,NULL,0,0,0,0,0.0000
15740,2011-12-10,"2011-10-21 14:29:00","2011-10-21 14:29:00",50,1,9,9,152,154.8800,154.8800,NULL,NULL,0,0,0,0,0.0000
15743,2011-12-10,"2011-06-08 10:14:00","2011-11-23 17:19:00",17,4,86,59,214,775.9600,193.9900,NULL,NULL,0,0,0,0,0.0000
15744,2011-12-10,"2011-09-23 09:52:00","2011-09-23 09:52:00",78,1,3,3,120,34.8000,34.8000,NULL,NULL,0,0,0,0,0.0000
15745,2011-12-10,"2011-04-17 13:04:00","2011-11-20 13:45:00",20,4,62,57,421,1094.5900,273.6475,"2011-10-06 18:37:00","2011-12-01 11:18:00",2,3,3,9,23.3500
15746,2011-12-10,"2011-07-28 15:21:00","2011-07-28 15:21:00",135,1,28,28,178,196.8800,196.8800,"2011-07-28 15:27:00","2011-07-28 15:27:00",1,1,1,48,13.9200
15747,2011-12-10,"2011-06-20 11:30:00","2011-11-27 12:26:00",13,3,90,52,466,946.6400,315.5467,NULL,NULL,0,0,0,0,0.0000
15748,2011-12-10,"2011-10-30 12:51:00","2011-10-30 12:51:00",41,1,20,19,50,144.3600,144.3600,NULL,NULL,0,0,0,0,0.0000
15749,2011-12-10,"2011-01-11 12:55:00","2011-04-18 13:20:00",236,3,10,5,18028,44534.3000,14844.7667,"2011-04-18 13:08:00","2011-04-18 13:08:00",1,5,5,9014,22998.4000
15750,2011-12-10,"2010-12-08 10:36:00","2011-12-07 12:34:00",3,8,291,214,1783,2463.0500,307.8813,"2010-12-09 14:40:00","2010-12-09 14:40:00",1,2,2,7,14.2500
15752,2011-12-10,"2010-12-02 09:43:00","2011-10-31 11:37:00",40,7,405,236,1960,2626.6000,375.2286,"2011-09-07 15:00:00","2011-09-07 15:00:00",1,1,1,5,8.4500
15753,2011-12-10,"2011-02-08 12:41:00","2011-02-08 12:41:00",305,1,1,1,144,79.2000,79.2000,NULL,NULL,0,0,0,0,0.0000
15754,2011-12-10,"2011-04-07 12:24:00","2011-10-19 14:40:00",52,3,28,24,199,458.5700,152.8567,"2011-10-20 11:44:00","2011-10-20 11:44:00",1,1,1,2,2.9000
15755,2011-12-10,"2011-02-18 11:53:00","2011-11-29 14:57:00",11,6,141,127,1427,2364.2500,394.0417,"2011-09-19 15:57:00","2011-12-08 18:59:00",2,8,8,30,45.3700
15756,2011-12-10,"2011-04-04 14:00:00","2011-10-09 13:30:00",62,4,191,160,241,528.0100,132.0025,NULL,NULL,0,0,0,0,0.0000
15757,2011-12-10,"2011-05-06 11:40:00","2011-10-05 12:14:00",66,2,45,43,491,714.4200,357.2100,NULL,NULL,0,0,0,0,0.0000
15758,2011-12-10,"2011-11-15 10:48:00","2011-11-15 10:48:00",25,1,9,9,47,205.2500,205.2500,NULL,NULL,0,0,0,0,0.0000
15759,2011-12-10,"2010-12-16 15:29:00","2011-05-05 15:13:00",219,3,7,5,60,253.0400,84.3467,NULL,NULL,0,0,0,0,0.0000
15762,2011-12-10,"2011-09-23 15:17:00","2011-10-05 16:15:00",66,2,37,37,251,583.7500,291.8750,NULL,NULL,0,0,0,0,0.0000
15763,2011-12-10,"2011-09-23 12:10:00","2011-11-08 09:44:00",32,2,61,58,271,1086.9200,543.4600,"2011-09-27 11:11:00","2011-09-27 11:11:00",1,2,2,3,38.2500
15764,2011-12-10,"2011-03-08 09:23:00","2011-09-12 17:58:00",89,6,180,150,2050,3279.9700,546.6617,"2011-08-02 17:31:00","2011-09-19 16:16:00",4,8,6,14,34.5000
15766,2011-12-10,"2011-10-06 17:03:00","2011-10-06 17:03:00",65,1,11,11,170,315.0600,315.0600,NULL,NULL,0,0,0,0,0.0000
15768,2011-12-10,"2011-04-28 09:20:00","2011-08-16 10:48:00",116,3,27,23,244,621.8300,207.2767,NULL,NULL,0,0,0,0,0.0000
15769,2011-12-10,"2010-12-03 15:16:00","2011-12-02 13:52:00",8,26,130,26,29672,56252.7200,2163.5662,"2011-07-15 11:10:00","2011-10-06 10:57:00",3,17,16,2012,4429.0000
15773,2011-12-10,"2011-12-04 12:48:00","2011-12-04 12:48:00",6,1,10,10,311,635.6800,635.6800,NULL,NULL,0,0,0,0,0.0000
15774,2011-12-10,"2011-10-02 12:04:00","2011-10-02 12:04:00",69,1,25,25,87,270.8000,270.8000,NULL,NULL,0,0,0,0,0.0000
15775,2011-12-10,"2011-04-08 12:56:00","2011-04-08 12:56:00",246,1,7,7,68,104.9000,104.9000,NULL,NULL,0,0,0,0,0.0000
15776,2011-12-10,"2011-07-29 13:46:00","2011-07-29 13:46:00",134,1,18,18,138,241.6200,241.6200,NULL,NULL,0,0,0,0,0.0000
15777,2011-12-10,"2010-12-13 16:38:00","2011-04-12 16:43:00",242,4,21,18,378,1047.1100,261.7775,"2010-12-16 15:37:00","2010-12-16 15:37:00",1,1,1,3,25.5000
15780,2011-12-10,"2010-12-17 11:43:00","2011-06-09 12:01:00",184,3,29,26,220,475.2800,158.4267,NULL,NULL,0,0,0,0,0.0000
15781,2011-12-10,"2011-02-07 09:15:00","2011-11-14 14:57:00",26,3,20,20,180,345.4600,115.1533,"2011-07-28 10:53:00","2011-07-28 10:53:00",1,1,1,2,11.9000
15782,2011-12-10,"2011-09-11 14:29:00","2011-11-30 10:49:00",10,3,43,34,864,2614.7400,871.5800,"2011-10-24 15:55:00","2011-10-24 15:55:00",1,1,1,1,20.8000
15783,2011-12-10,"2011-11-29 09:50:00","2011-11-29 09:50:00",11,1,14,14,212,246.3000,246.3000,NULL,NULL,0,0,0,0,0.0000
15785,2011-12-10,"2011-02-17 14:17:00","2011-11-07 11:33:00",33,5,83,58,1612,2328.9700,465.7940,"2011-03-30 15:14:00","2011-11-10 12:08:00",3,4,4,18,25.2200
15786,2011-12-10,"2011-08-17 13:33:00","2011-10-24 14:13:00",47,3,266,257,3340,4919.0000,1639.6667,"2011-08-31 13:39:00","2011-10-27 10:53:00",2,13,13,33,98.0000
15787,2011-12-10,"2011-10-09 13:11:00","2011-11-13 14:55:00",27,3,200,156,534,933.2600,311.0867,NULL,NULL,0,0,0,0,0.0000
15789,2011-12-10,"2010-12-16 14:35:00","2010-12-16 14:35:00",359,1,25,25,438,351.3000,351.3000,NULL,NULL,0,0,0,0,0.0000
15790,2011-12-10,"2011-11-29 14:53:00","2011-11-29 14:53:00",11,1,34,34,113,218.7500,218.7500,NULL,NULL,0,0,0,0,0.0000
15791,2011-12-10,"2011-05-19 15:15:00","2011-10-27 10:14:00",44,2,75,66,731,1612.6900,806.3450,"2011-06-02 14:24:00","2011-06-02 14:24:00",1,1,1,1,8.2500
15793,2011-12-10,"2011-03-16 10:45:00","2011-11-25 09:31:00",15,3,12,6,553,965.6100,321.8700,"2011-11-30 15:08:00","2011-11-30 15:08:00",1,1,1,1,16.6500
15795,2011-12-10,"2011-07-13 10:43:00","2011-07-13 10:43:00",150,1,42,42,581,610.0100,610.0100,NULL,NULL,0,0,0,0,0.0000
15796,2011-12-10,"2011-02-10 15:40:00","2011-12-08 19:55:00",2,8,131,69,859,2707.6100,338.4513,"2011-02-11 11:55:00","2011-06-06 10:19:00",2,2,2,2,44.9500
15797,2011-12-10,"2011-02-08 10:17:00","2011-08-18 17:04:00",114,3,7,7,872,2192.4000,730.8000,NULL,NULL,0,0,0,0,0.0000
15799,2011-12-10,"2011-01-09 15:13:00","2011-09-25 12:46:00",76,3,98,94,955,884.1400,294.7133,NULL,NULL,0,0,0,0,0.0000
15800,2011-12-10,"2011-04-07 12:39:00","2011-08-24 14:23:00",108,2,117,116,332,696.8900,348.4450,NULL,NULL,0,0,0,0,0.0000
15801,2011-12-10,"2011-08-22 09:53:00","2011-10-24 13:52:00",47,3,64,61,570,1063.9500,354.6500,"2011-10-13 12:04:00","2011-10-13 12:04:00",1,5,5,8,21.7600
15803,2011-12-10,"2011-10-19 14:56:00","2011-10-19 14:56:00",52,1,8,8,290,415.8200,415.8200,NULL,NULL,0,0,0,0,0.0000
15804,2011-12-10,"2011-05-25 10:12:00","2011-12-09 12:31:00",1,13,262,170,2565,4206.3900,323.5685,"2011-08-03 14:34:00","2011-11-23 09:23:00",6,11,11,52,357.8400
15805,2011-12-10,"2010-12-10 09:33:00","2011-11-16 16:32:00",24,17,299,220,3367,5488.1800,322.8341,"2011-04-26 17:26:00","2011-11-10 12:51:00",3,6,6,50,76.3100
15806,2011-12-10,"2011-03-08 09:24:00","2011-10-24 14:35:00",47,3,31,24,602,784.5800,261.5267,NULL,NULL,0,0,0,0,0.0000
15807,2011-12-10,"2011-09-23 14:43:00","2011-10-20 14:10:00",51,3,48,48,430,903.9000,301.3000,NULL,NULL,0,0,0,0,0.0000
15808,2011-12-10,"2010-12-05 13:05:00","2011-02-06 14:33:00",307,4,195,142,1305,3651.2700,912.8175,"2010-12-13 14:56:00","2010-12-13 14:56:00",1,2,2,2,10.2000
15809,2011-12-10,"2011-02-10 11:16:00","2011-11-03 16:40:00",37,5,35,31,301,515.7700,103.1540,"2011-11-04 12:05:00","2011-11-04 12:05:00",1,8,8,50,116.5600
15810,2011-12-10,"2011-02-16 09:11:00","2011-09-22 09:38:00",79,4,89,66,861,1391.9800,347.9950,"2011-08-02 16:19:00","2011-09-22 09:38:00",3,23,23,124,246.5500
15811,2011-12-10,"2010-12-09 15:29:00","2011-11-17 15:31:00",23,6,133,117,1071,2218.6200,369.7700,"2011-03-07 13:45:00","2011-11-22 15:29:00",3,6,6,10,47.3000
15812,2011-12-10,"2011-01-26 12:12:00","2011-08-24 14:19:00",108,5,41,36,922,1801.1400,360.2280,NULL,NULL,0,0,0,0,0.0000
15813,2011-12-10,"2011-04-14 09:09:00","2011-05-16 08:13:00",208,2,40,40,603,1303.9100,651.9550,NULL,NULL,0,0,0,0,0.0000
15814,2011-12-10,"2011-10-20 09:04:00","2011-11-23 08:17:00",17,4,72,63,1271,1945.3300,486.3325,"2011-11-10 14:03:00","2011-12-06 15:01:00",2,2,2,24,102.6000
15815,2011-12-10,"2011-03-25 08:43:00","2011-10-07 12:42:00",64,5,49,33,1856,2100.6000,420.1200,NULL,NULL,0,0,0,0,0.0000
15819,2011-12-10,"2011-03-08 09:45:00","2011-10-21 14:50:00",50,4,123,96,1357,1905.4500,476.3625,NULL,NULL,0,0,0,0,0.0000
15820,2011-12-10,"2011-01-24 12:00:00","2011-01-24 12:00:00",320,1,17,17,128,206.9800,206.9800,NULL,NULL,0,0,0,0,0.0000
15821,2011-12-10,"2011-10-09 13:28:00","2011-10-26 15:48:00",45,2,62,57,202,570.9600,285.4800,NULL,NULL,0,0,0,0,0.0000
15822,2011-12-10,"2010-12-15 13:38:00","2011-12-06 14:50:00",4,2,33,28,375,885.4700,442.7350,NULL,NULL,0,0,0,0,0.0000
15825,2011-12-10,"2011-06-20 13:27:00","2011-06-20 13:27:00",173,1,20,20,220,532.9400,532.9400,NULL,NULL,0,0,0,0,0.0000
15826,2011-12-10,"2011-05-13 10:44:00","2011-10-14 16:05:00",57,3,68,64,963,1654.3100,551.4367,"2011-10-19 13:24:00","2011-10-19 13:24:00",1,1,1,1,4.9500
15827,2011-12-10,"2010-12-02 13:06:00","2011-09-27 15:35:00",74,14,115,72,882,1836.0900,131.1493,"2011-01-31 11:27:00","2011-07-28 12:19:00",6,18,13,39,187.5500
15829,2011-12-10,"2011-07-22 10:23:00","2011-09-01 16:45:00",100,2,51,44,996,636.1400,318.0700,NULL,NULL,0,0,0,0,0.0000
15830,2011-12-10,"2011-11-02 10:40:00","2011-11-02 10:40:00",38,1,39,39,415,576.0000,576.0000,"2011-11-10 13:35:00","2011-11-10 13:35:00",1,2,2,6,28.3000
15831,2011-12-10,"2011-01-19 14:52:00","2011-10-12 13:14:00",59,3,66,63,1092,794.6400,264.8800,"2011-01-19 14:44:00","2011-01-19 14:44:00",1,1,1,8,54.0000
15832,2011-12-10,"2011-03-30 15:29:00","2011-03-30 15:29:00",255,1,54,54,465,836.7900,836.7900,NULL,NULL,0,0,0,0,0.0000
15834,2011-12-10,"2011-03-07 17:52:00","2011-09-30 14:41:00",71,4,268,241,959,2222.6500,555.6625,"2010-12-02 16:45:00","2011-06-23 14:20:00",2,3,3,4,148.8500
15835,2011-12-10,"2011-01-13 10:35:00","2011-10-26 15:47:00",45,4,50,47,439,954.0900,238.5225,NULL,NULL,0,0,0,0,0.0000
15836,2011-12-10,"2011-10-20 17:13:00","2011-10-20 17:13:00",51,1,10,10,26,137.3700,137.3700,"2011-10-25 15:37:00","2011-10-25 15:37:00",1,2,2,2,19.9000
15837,2011-12-10,"2011-10-06 09:01:00","2011-10-06 09:01:00",65,1,24,24,189,391.9800,391.9800,NULL,NULL,0,0,0,0,0.0000
15838,2011-12-10,"2010-12-07 11:26:00","2011-11-28 14:00:00",12,19,167,54,18368,33643.0800,1770.6884,"2010-12-02 14:23:00","2011-08-25 14:07:00",2,2,2,9361,292.3200
15839,2011-12-10,"2011-07-14 16:35:00","2011-11-06 13:54:00",34,3,62,56,675,1048.4900,349.4967,"2011-11-10 11:57:00","2011-11-14 13:25:00",2,3,2,5,27.7500
15840,2011-12-10,"2011-06-20 11:42:00","2011-10-12 09:08:00",59,2,27,26,396,355.5600,177.7800,"2011-06-22 10:39:00","2011-06-22 10:39:00",1,1,1,2,9.9000
15841,2011-12-10,"2011-01-05 11:25:00","2011-09-28 12:15:00",73,4,47,36,942,1224.0600,306.0150,"2011-06-02 13:27:00","2011-10-06 18:31:00",2,3,3,16,14.9600
15843,2011-12-10,"2011-02-09 10:19:00","2011-02-09 10:19:00",304,1,8,8,27,118.9500,118.9500,NULL,NULL,0,0,0,0,0.0000
15844,2011-12-10,"2011-10-24 15:19:00","2011-10-24 15:19:00",47,1,11,11,134,130.7400,130.7400,NULL,NULL,0,0,0,0,0.0000
15845,2011-12-10,"2011-01-06 17:19:00","2011-11-22 09:42:00",18,8,138,97,1926,3711.7700,463.9713,"2011-04-28 18:27:00","2011-07-28 13:40:00",2,2,2,8,60.9000
15847,2011-12-10,"2011-02-24 16:46:00","2011-11-01 14:41:00",39,2,22,22,449,389.2700,194.6350,NULL,NULL,0,0,0,0,0.0000
15850,2011-12-10,"2011-06-24 14:16:00","2011-11-20 14:14:00",20,2,93,87,298,234.8800,117.4400,NULL,NULL,0,0,0,0,0.0000
15852,2011-12-10,"2011-05-26 13:26:00","2011-06-06 11:22:00",187,2,22,22,48,160.7100,80.3550,NULL,NULL,0,0,0,0,0.0000
15853,2011-12-10,"2011-10-19 10:38:00","2011-10-19 10:38:00",52,1,30,29,135,110.8000,110.8000,NULL,NULL,0,0,0,0,0.0000
15854,2011-12-10,"2010-12-13 11:47:00","2011-12-05 13:39:00",5,12,138,105,926,2969.1200,247.4267,NULL,NULL,0,0,0,0,0.0000
15855,2011-12-10,"2011-03-21 12:32:00","2011-07-26 10:20:00",137,5,80,59,470,712.2400,142.4480,NULL,NULL,0,0,0,0,0.0000
15856,2011-12-10,"2010-12-09 13:34:00","2011-12-05 17:09:00",5,27,627,294,10863,16142.3800,597.8659,"2010-12-23 14:49:00","2011-10-14 14:22:00",4,8,8,64,213.9000
15857,2011-12-10,"2011-11-21 12:18:00","2011-11-21 12:18:00",19,1,14,14,308,297.0000,297.0000,NULL,NULL,0,0,0,0,0.0000
15858,2011-12-10,"2010-12-07 14:31:00","2011-11-24 12:48:00",16,5,188,145,1163,1427.5700,285.5140,NULL,NULL,0,0,0,0,0.0000
15860,2011-12-10,"2010-12-06 11:38:00","2011-10-30 11:25:00",41,8,139,105,437,965.1600,120.6450,NULL,NULL,0,0,0,0,0.0000
15861,2011-12-10,"2011-03-17 20:12:00","2011-11-27 15:59:00",13,8,540,339,2528,3146.9200,393.3650,"2011-11-17 20:01:00","2011-11-17 20:01:00",1,1,1,1,165.0000
15862,2011-12-10,"2010-12-01 11:21:00","2011-12-01 13:28:00",9,4,147,142,585,832.8800,208.2200,NULL,NULL,0,0,0,0,0.0000
15863,2011-12-10,"2011-05-31 11:36:00","2011-11-14 12:49:00",26,2,18,18,19,68.8400,34.4200,NULL,NULL,0,0,0,0,0.0000
15864,2011-12-10,"2011-01-27 16:43:00","2011-11-17 13:32:00",23,6,20,16,1192,1936.3200,322.7200,"2011-02-01 10:22:00","2011-11-17 13:31:00",2,4,4,148,166.5400
15865,2011-12-10,"2011-05-10 11:44:00","2011-10-30 12:43:00",41,3,40,37,368,895.1300,298.3767,NULL,NULL,0,0,0,0,0.0000
15866,2011-12-10,"2011-08-30 14:09:00","2011-08-30 14:09:00",102,1,43,43,124,211.8900,211.8900,NULL,NULL,0,0,0,0,0.0000
15867,2011-12-10,"2010-12-05 14:17:00","2011-12-04 13:32:00",6,15,457,301,2039,3803.6000,253.5733,"2011-12-04 13:37:00","2011-12-04 13:37:00",1,2,2,2,14.8500
15869,2011-12-10,"2011-03-07 17:19:00","2011-03-07 17:23:00",278,2,15,13,175,149.6400,74.8200,NULL,NULL,0,0,0,0,0.0000
15870,2011-12-10,"2011-11-07 10:58:00","2011-11-07 10:58:00",33,1,74,68,333,351.4400,351.4400,NULL,NULL,0,0,0,0,0.0000
15872,2011-12-10,"2011-11-25 11:54:00","2011-11-25 11:55:00",15,2,108,101,187,316.2500,158.1250,NULL,NULL,0,0,0,0,0.0000
15874,2011-12-10,"2011-02-28 13:28:00","2011-10-07 12:31:00",64,7,120,110,2534,4405.8800,629.4114,"2011-04-04 09:02:00","2011-10-07 12:58:00",2,17,16,28,75.2100
15877,2011-12-10,"2011-11-22 11:18:00","2011-12-08 11:53:00",2,2,126,122,368,490.3300,245.1650,"2011-12-08 11:57:00","2011-12-08 11:57:00",1,2,2,125,52.5000
15880,2011-12-10,"2010-12-05 13:00:00","2010-12-05 13:00:00",370,1,96,95,202,329.0300,329.0300,"2010-12-05 13:09:00","2010-12-05 13:09:00",1,1,1,24,30.0000
15881,2011-12-10,"2010-12-10 13:32:00","2011-01-31 16:59:00",313,5,29,26,260,501.3900,100.2780,"2010-12-13 10:40:00","2011-01-31 16:57:00",3,3,3,61,63.1500
15882,2011-12-10,"2010-12-06 13:01:00","2011-05-25 11:35:00",199,4,22,22,264,514.0800,128.5200,"2010-12-06 13:12:00","2010-12-06 13:12:00",1,1,1,10,21.0000
15883,2011-12-10,"2011-11-06 14:50:00","2011-12-07 17:05:00",3,2,49,42,223,396.4800,198.2400,NULL,NULL,0,0,0,0,0.0000
15885,2011-12-10,"2011-09-07 14:56:00","2011-09-07 14:56:00",94,1,16,16,109,349.3500,349.3500,NULL,NULL,0,0,0,0,0.0000
15886,2011-12-10,"2011-10-10 14:25:00","2011-10-10 14:25:00",61,1,12,12,147,181.0900,181.0900,NULL,NULL,0,0,0,0,0.0000
15888,2011-12-10,"2011-09-20 12:30:00","2011-09-20 12:30:00",81,1,10,10,67,162.6400,162.6400,"2011-09-21 09:44:00","2011-09-21 09:44:00",1,2,2,16,27.0400
15889,2011-12-10,"2010-12-05 15:12:00","2011-07-06 11:10:00",157,2,83,78,200,400.7700,200.3850,NULL,NULL,0,0,0,0,0.0000
15891,2011-12-10,"2011-04-27 12:35:00","2011-04-27 12:35:00",227,1,59,59,417,509.1300,509.1300,NULL,NULL,0,0,0,0,0.0000
15894,2011-12-10,"2010-12-05 14:06:00","2011-03-31 13:50:00",254,2,36,34,163,257.6000,128.8000,NULL,NULL,0,0,0,0,0.0000
15895,2011-12-10,"2011-07-13 10:27:00","2011-07-13 10:27:00",150,1,11,11,94,179.1700,179.1700,NULL,NULL,0,0,0,0,0.0000
15897,2011-12-10,"2011-05-29 13:32:00","2011-05-29 13:50:00",195,2,22,17,223,208.5900,104.2950,NULL,NULL,0,0,0,0,0.0000
15898,2011-12-10,"2010-12-06 11:01:00","2011-12-08 15:23:00",2,5,84,70,567,1383.8300,276.7660,"2011-05-03 12:38:00","2011-05-03 12:38:00",1,1,1,2,4.2000
15899,2011-12-10,"2010-12-06 10:36:00","2010-12-06 10:36:00",369,1,4,4,39,56.2500,56.2500,NULL,NULL,0,0,0,0,0.0000
15900,2011-12-10,"2011-11-16 12:19:00","2011-11-16 12:19:00",24,1,47,44,216,337.2800,337.2800,NULL,NULL,0,0,0,0,0.0000
15901,2011-12-10,"2011-07-08 12:18:00","2011-11-23 12:43:00",17,3,109,101,372,349.7500,116.5833,NULL,NULL,0,0,0,0,0.0000
15903,2011-12-10,"2011-02-17 14:04:00","2011-11-30 08:08:00",10,7,74,46,2410,5126.7600,732.3943,"2011-03-07 13:40:00","2011-03-07 13:40:00",1,1,1,1,0.4200
15904,2011-12-10,"2011-12-01 14:50:00","2011-12-01 14:50:00",9,1,30,30,84,164.6800,164.6800,NULL,NULL,0,0,0,0,0.0000
15906,2011-12-10,"2011-03-29 13:28:00","2011-11-20 12:24:00",20,7,150,113,544,1567.6900,223.9557,"2011-03-29 13:18:00","2011-03-29 13:18:00",1,1,1,6,45.9000
15907,2011-12-10,"2011-05-13 13:01:00","2011-12-06 12:21:00",4,3,225,174,477,881.8700,293.9567,NULL,NULL,0,0,0,0,0.0000
15909,2011-12-10,"2011-06-19 10:38:00","2011-06-19 10:38:00",174,1,7,7,98,191.9400,191.9400,NULL,NULL,0,0,0,0,0.0000
15910,2011-12-10,"2011-01-27 11:55:00","2011-12-09 10:51:00",1,8,266,215,1013,1228.8800,153.6100,NULL,NULL,0,0,0,0,0.0000
15912,2011-12-10,"2011-04-20 17:10:00","2011-06-14 14:29:00",179,2,19,19,185,264.6200,132.3100,NULL,NULL,0,0,0,0,0.0000
15916,2011-12-10,"2010-12-08 13:07:00","2011-11-23 13:46:00",17,8,151,124,752,1502.8600,187.8575,"2010-12-08 12:49:00","2011-11-09 15:19:00",2,5,5,5,36.8500
15917,2011-12-10,"2011-04-06 10:40:00","2011-04-06 10:40:00",248,1,12,12,42,123.1000,123.1000,NULL,NULL,0,0,0,0,0.0000
15918,2011-12-10,"2011-03-13 15:55:00","2011-06-02 11:42:00",191,2,40,33,153,334.2300,167.1150,NULL,NULL,0,0,0,0,0.0000
15919,2011-12-10,"2010-12-06 11:26:00","2011-11-20 11:28:00",20,2,122,103,385,525.6900,262.8450,NULL,NULL,0,0,0,0,0.0000
15920,2011-12-10,"2011-07-08 15:16:00","2011-07-08 15:25:00",155,3,58,52,94,163.5500,54.5167,NULL,NULL,0,0,0,0,0.0000
15921,2011-12-10,"2011-06-20 11:03:00","2011-06-20 11:03:00",173,1,24,24,162,323.0300,323.0300,NULL,NULL,0,0,0,0,0.0000
15922,2011-12-10,"2010-12-01 13:51:00","2010-12-01 13:51:00",374,1,11,11,138,369.5000,369.5000,"2010-12-02 13:05:00","2010-12-02 13:05:00",1,1,1,2,5.9000
15923,2011-12-10,"2010-12-02 12:16:00","2010-12-02 12:16:00",373,1,21,21,122,127.0800,127.0800,NULL,NULL,0,0,0,0,0.0000
15925,2011-12-10,"2011-05-29 15:35:00","2011-05-29 15:35:00",195,1,12,12,93,207.1500,207.1500,NULL,NULL,0,0,0,0,0.0000
15930,2011-12-10,"2011-10-03 14:52:00","2011-10-03 14:52:00",68,1,21,21,139,426.6300,426.6300,NULL,NULL,0,0,0,0,0.0000
15932,2011-12-10,"2011-02-23 14:50:00","2011-12-05 17:13:00",5,8,115,93,2325,2495.8700,311.9838,"2011-03-03 12:02:00","2011-06-30 10:33:00",3,4,4,14,34.0200
15933,2011-12-10,"2011-09-14 12:05:00","2011-11-18 13:14:00",22,3,74,63,885,1107.4600,369.1533,NULL,NULL,0,0,0,0,0.0000
15935,2011-12-10,"2011-04-14 13:27:00","2011-04-14 13:27:00",240,1,11,11,114,108.0400,108.0400,NULL,NULL,0,0,0,0,0.0000
15937,2011-12-10,"2011-10-06 15:48:00","2011-10-06 15:48:00",65,1,7,7,73,145.3500,145.3500,NULL,NULL,0,0,0,0,0.0000
15938,2011-12-10,"2011-01-20 10:11:00","2011-08-19 12:56:00",113,5,18,13,240,404.5800,80.9160,NULL,NULL,0,0,0,0,0.0000
15939,2011-12-10,"2011-01-12 12:43:00","2011-09-11 11:30:00",90,14,75,27,4727,6100.0100,435.7150,"2011-01-21 16:58:00","2011-01-21 16:58:00",1,1,1,3,12.7500
15940,2011-12-10,"2011-02-01 16:18:00","2011-02-01 16:18:00",312,1,1,1,4,35.8000,35.8000,NULL,NULL,0,0,0,0,0.0000
15942,2011-12-10,"2011-07-29 09:01:00","2011-07-29 09:01:00",134,1,14,14,232,337.4400,337.4400,NULL,NULL,0,0,0,0,0.0000
15944,2011-12-10,"2011-03-08 10:33:00","2011-03-08 10:33:00",277,1,6,6,50,325.1000,325.1000,NULL,NULL,0,0,0,0,0.0000
15945,2011-12-10,"2010-12-09 13:14:00","2010-12-09 13:14:00",366,1,2,2,52,181.0000,181.0000,NULL,NULL,0,0,0,0,0.0000
15947,2011-12-10,"2011-09-18 10:46:00","2011-09-18 10:46:00",83,1,29,29,898,1708.2400,1708.2400,NULL,NULL,0,0,0,0,0.0000
15948,2011-12-10,"2011-10-27 08:35:00","2011-12-01 15:32:00",9,2,60,51,567,955.2400,477.6200,NULL,NULL,0,0,0,0,0.0000
15949,2011-12-10,"2011-09-29 17:34:00","2011-11-23 09:09:00",17,2,19,12,284,364.7200,182.3600,NULL,NULL,0,0,0,0,0.0000
15950,2011-12-10,"2010-12-15 11:56:00","2011-11-08 11:09:00",32,4,97,86,719,1744.7100,436.1775,"2011-12-08 10:34:00","2011-12-08 10:34:00",1,5,5,7,60.2500
15951,2011-12-10,"2011-02-27 11:57:00","2011-12-01 08:34:00",9,2,41,36,313,708.2200,354.1100,"2011-12-08 18:57:00","2011-12-08 18:57:00",1,2,2,7,38.6500
15952,2011-12-10,"2011-04-28 12:55:00","2011-11-06 11:18:00",34,4,84,65,391,781.9100,195.4775,NULL,NULL,0,0,0,0,0.0000
15953,2011-12-10,"2010-12-05 15:15:00","2011-11-24 15:32:00",16,8,97,63,891,1657.2800,207.1600,"2011-01-12 11:04:00","2011-11-14 13:38:00",2,5,5,7,24.8500
15955,2011-12-10,"2010-12-02 11:22:00","2011-11-15 14:15:00",25,14,183,137,2135,4416.2600,315.4471,"2011-06-01 15:21:00","2011-10-04 17:32:00",2,2,2,11,26.4500
15957,2011-12-10,"2011-11-08 12:14:00","2011-11-08 12:14:00",32,1,42,40,211,428.8900,428.8900,NULL,NULL,0,0,0,0,0.0000
15958,2011-12-10,"2011-09-26 13:41:00","2011-09-26 13:41:00",75,1,7,7,33,104.3500,104.3500,NULL,NULL,0,0,0,0,0.0000
15963,2011-12-10,"2011-10-25 13:05:00","2011-11-20 11:33:00",20,2,28,26,298,470.7600,235.3800,NULL,NULL,0,0,0,0,0.0000
15965,2011-12-10,"2010-12-07 13:18:00","2011-11-22 16:44:00",18,4,111,88,434,808.8700,202.2175,NULL,NULL,0,0,0,0,0.0000
15967,2011-12-10,"2011-01-25 11:57:00","2011-11-16 15:41:00",24,2,80,73,205,397.6800,198.8400,NULL,NULL,0,0,0,0,0.0000
15969,2011-12-10,"2011-06-07 12:19:00","2011-12-07 11:06:00",3,3,20,20,124,666.1000,222.0333,"2011-11-30 15:43:00","2011-11-30 15:43:00",1,1,1,4,83.2000
15970,2011-12-10,"2011-02-09 12:08:00","2011-02-09 12:08:00",304,1,11,11,116,314.1000,314.1000,NULL,NULL,0,0,0,0,0.0000
15971,2011-12-10,"2011-02-01 16:47:00","2011-11-22 12:50:00",18,12,34,9,1716,4194.9000,349.5750,NULL,NULL,0,0,0,0,0.0000
15973,2011-12-10,"2010-12-08 11:42:00","2010-12-08 11:42:00",367,1,4,4,106,307.8200,307.8200,"2011-01-04 17:14:00","2011-04-18 09:39:00",2,2,1,19,208.0500
15974,2011-12-10,"2011-02-24 10:10:00","2011-10-31 13:13:00",40,7,176,141,2262,3442.1500,491.7357,"2011-03-09 11:23:00","2011-03-09 11:23:00",1,1,1,6,12.6000
15975,2011-12-10,"2011-09-16 13:33:00","2011-09-16 13:33:00",85,1,24,24,243,371.0100,371.0100,NULL,NULL,0,0,0,0,0.0000
15976,2011-12-10,"2011-05-03 17:12:00","2011-06-27 13:00:00",166,2,96,83,275,427.6400,213.8200,NULL,NULL,0,0,0,0,0.0000
15977,2011-12-10,"2011-10-31 16:24:00","2011-11-22 13:29:00",18,2,65,48,1016,1054.7300,527.3650,NULL,NULL,0,0,0,0,0.0000
15978,2011-12-10,"2011-09-23 15:21:00","2011-09-23 15:21:00",78,1,49,49,888,1098.7800,1098.7800,NULL,NULL,0,0,0,0,0.0000
15980,2011-12-10,"2011-03-30 15:05:00","2011-09-12 09:41:00",89,3,43,40,1560,2398.8600,799.6200,NULL,NULL,0,0,0,0,0.0000
15981,2011-12-10,"2011-02-01 13:50:00","2011-11-15 08:00:00",25,8,97,53,1866,3408.4800,426.0600,NULL,NULL,0,0,0,0,0.0000
15983,2011-12-10,"2010-12-01 12:15:00","2011-11-17 17:34:00",23,4,112,82,886,1465.1200,366.2800,NULL,NULL,0,0,0,0,0.0000
15984,2011-12-10,"2010-12-06 13:21:00","2011-12-07 12:16:00",3,10,258,217,1815,2780.6300,278.0630,"2011-12-05 15:28:00","2011-12-05 15:28:00",1,5,5,10,20.7000
15985,2011-12-10,"2011-04-17 11:04:00","2011-08-08 16:31:00",124,2,37,29,1086,1142.4200,571.2100,"2011-07-05 14:53:00","2011-07-05 14:53:00",1,1,1,250,105.0000
15986,2011-12-10,"2011-11-09 15:17:00","2011-11-09 15:17:00",31,1,14,14,268,168.1200,168.1200,NULL,NULL,0,0,0,0,0.0000
15987,2011-12-10,"2010-12-06 08:34:00","2011-11-27 15:38:00",13,7,128,110,1533,1432.7700,204.6814,NULL,NULL,0,0,0,0,0.0000
15988,2011-12-10,"2011-11-20 13:23:00","2011-11-20 13:23:00",20,1,26,26,180,156.7800,156.7800,NULL,NULL,0,0,0,0,0.0000
15990,2011-12-10,"2011-02-25 15:35:00","2011-10-26 15:58:00",45,2,52,52,443,792.1100,396.0550,NULL,NULL,0,0,0,0,0.0000
15992,2011-12-10,"2011-12-06 11:00:00","2011-12-06 11:00:00",4,1,3,3,17,41.9900,41.9900,NULL,NULL,0,0,0,0,0.0000
15993,2011-12-10,"2011-10-26 16:21:00","2011-12-01 10:45:00",9,7,542,334,2031,2768.9700,395.5671,"2011-11-14 13:02:00","2011-12-01 10:41:00",3,8,8,9,40.7500
15994,2011-12-10,"2011-10-16 12:28:00","2011-10-16 12:28:00",55,1,32,31,173,414.2700,414.2700,NULL,NULL,0,0,0,0,0.0000
15996,2011-12-10,"2010-12-08 15:59:00","2011-09-12 15:14:00",89,6,127,103,380,1032.5800,172.0967,"2011-06-27 12:16:00","2011-06-27 12:16:00",1,1,1,2,15.9000
15998,2011-12-10,"2010-12-12 13:32:00","2011-11-03 12:45:00",37,5,504,370,2032,3080.2200,616.0440,"2011-06-21 10:39:00","2011-06-21 10:39:00",1,3,3,4,5.8000
16000,2011-12-10,"2011-12-07 12:14:00","2011-12-07 12:17:00",3,3,9,9,5110,12393.7000,4131.2333,NULL,NULL,0,0,0,0,0.0000
16003,2011-12-10,"2010-12-15 12:09:00","2011-11-10 09:57:00",30,5,103,82,1185,2735.3700,547.0740,NULL,NULL,0,0,0,0,0.0000
16005,2011-12-10,"2011-03-14 11:46:00","2011-11-27 13:47:00",13,4,201,173,280,578.7100,144.6775,NULL,NULL,0,0,0,0,0.0000
16006,2011-12-10,"2011-05-12 13:12:00","2011-05-12 13:12:00",212,1,8,8,84,101.4000,101.4000,NULL,NULL,0,0,0,0,0.0000
16007,2011-12-10,"2011-05-08 13:32:00","2011-10-23 11:05:00",48,4,381,221,1388,1693.8100,423.4525,NULL,NULL,0,0,0,0,0.0000
16008,2011-12-10,"2011-05-19 10:54:00","2011-11-16 10:32:00",24,3,33,29,323,478.7800,159.5933,NULL,NULL,0,0,0,0,0.0000
16009,2011-12-10,"2011-07-03 11:26:00","2011-11-17 16:51:00",23,4,82,68,366,972.1100,243.0275,NULL,NULL,0,0,0,0,0.0000
16010,2011-12-10,"2010-12-12 12:18:00","2011-04-08 10:14:00",246,3,79,62,202,392.4000,130.8000,NULL,NULL,0,0,0,0,0.0000
16011,2011-12-10,"2010-12-08 16:34:00","2011-12-01 16:31:00",9,16,210,99,2035,3352.9600,209.5600,NULL,NULL,0,0,0,0,0.0000
16012,2011-12-10,"2011-07-07 18:02:00","2011-11-04 13:25:00",36,3,94,87,799,1415.2900,471.7633,NULL,NULL,0,0,0,0,0.0000
16013,2011-12-10,"2010-12-03 13:09:00","2011-12-06 10:36:00",4,47,139,30,15536,37130.6000,790.0128,"2010-12-17 09:37:00","2011-11-08 12:25:00",6,11,10,1690,3744.3500
16014,2011-12-10,"2011-02-21 17:42:00","2011-11-02 12:04:00",38,3,137,122,257,631.8300,210.6100,"2011-11-04 11:23:00","2011-11-04 11:23:00",1,3,3,4,9.2500
16015,2011-12-10,"2011-10-21 12:56:00","2011-12-06 10:58:00",4,3,180,145,906,704.2600,234.7533,"2011-11-13 11:56:00","2011-11-13 11:56:00",1,2,2,3,14.8500
16016,2011-12-10,"2010-12-08 12:36:00","2011-12-06 14:35:00",4,8,224,156,602,1465.5100,183.1888,"2010-12-08 14:10:00","2011-11-24 18:05:00",2,2,2,2,25.4500
16017,2011-12-10,"2011-10-23 12:56:00","2011-10-23 12:56:00",48,1,32,26,102,211.8800,211.8800,NULL,NULL,0,0,0,0,0.0000
16018,2011-12-10,"2011-06-12 13:52:00","2011-10-31 14:13:00",40,2,28,26,190,408.9000,204.4500,NULL,NULL,0,0,0,0,0.0000
16019,2011-12-10,"2010-12-10 12:29:00","2011-10-24 11:51:00",47,9,160,133,1733,3786.2400,420.6933,"2011-12-08 10:06:00","2011-12-08 10:06:00",1,5,5,84,336.0000
16020,2011-12-10,"2011-10-05 13:54:00","2011-11-23 11:18:00",17,3,46,42,487,851.0100,283.6700,NULL,NULL,0,0,0,0,0.0000
16022,2011-12-10,"2011-03-24 13:16:00","2011-03-24 13:16:00",261,1,71,68,255,602.6300,602.6300,NULL,NULL,0,0,0,0,0.0000
16023,2011-12-10,"2011-03-18 13:32:00","2011-10-24 16:34:00",47,3,101,90,358,719.8100,239.9367,NULL,NULL,0,0,0,0,0.0000
16024,2011-12-10,"2011-11-27 13:26:00","2011-11-27 13:26:00",13,1,61,60,377,245.7500,245.7500,NULL,NULL,0,0,0,0,0.0000
16025,2011-12-10,"2011-11-10 11:45:00","2011-11-10 11:45:00",30,1,28,28,338,439.6600,439.6600,NULL,NULL,0,0,0,0,0.0000
16026,2011-12-10,"2011-10-27 13:53:00","2011-10-27 13:53:00",44,1,32,30,243,236.0900,236.0900,NULL,NULL,0,0,0,0,0.0000
16027,2011-12-10,"2011-02-10 12:19:00","2011-09-09 10:47:00",92,6,16,11,1147,934.6200,155.7700,NULL,NULL,0,0,0,0,0.0000
16029,2011-12-10,"2010-12-01 09:57:00","2011-11-01 10:27:00",39,62,240,43,40107,72708.0900,1172.7111,"2011-01-04 13:47:00","2011-10-11 11:10:00",10,26,20,6473,12530.2000
16030,2011-12-10,"2011-02-03 11:28:00","2011-02-03 11:28:00",310,1,29,28,283,331.2400,331.2400,NULL,NULL,0,0,0,0,0.0000
16031,2011-12-10,"2011-04-06 14:23:00","2011-09-08 13:07:00",93,2,98,91,421,547.9000,273.9500,NULL,NULL,0,0,0,0,0.0000
16033,2011-12-10,"2010-12-05 10:36:00","2011-12-04 12:44:00",6,20,1128,538,3529,8778.8200,438.9410,"2011-02-07 13:41:00","2011-08-16 12:14:00",7,15,15,23,88.7900
16034,2011-12-10,"2011-01-11 11:54:00","2011-05-27 16:17:00",197,3,22,18,242,437.7000,145.9000,NULL,NULL,0,0,0,0,0.0000
16036,2011-12-10,"2011-03-21 13:01:00","2011-09-13 14:53:00",88,2,55,55,716,758.9200,379.4600,NULL,NULL,0,0,0,0,0.0000
16037,2011-12-10,"2010-12-16 10:18:00","2011-03-15 09:13:00",270,3,39,37,428,855.0200,285.0067,NULL,NULL,0,0,0,0,0.0000
16038,2011-12-10,"2011-05-22 11:29:00","2011-12-02 12:40:00",8,3,26,24,244,471.7800,157.2600,"2011-06-13 16:15:00","2011-06-13 16:15:00",1,2,2,3,17.4500
16040,2011-12-10,"2011-03-16 09:58:00","2011-10-05 13:47:00",66,3,65,57,684,1313.5500,437.8500,NULL,NULL,0,0,0,0,0.0000
16041,2011-12-10,"2011-07-21 16:27:00","2011-11-09 12:25:00",31,3,6,6,1584,3166.4000,1055.4667,NULL,NULL,0,0,0,0,0.0000
16042,2011-12-10,"2011-01-11 13:25:00","2011-11-17 17:50:00",23,5,70,68,743,1177.4700,235.4940,"2010-12-02 12:50:00","2010-12-09 15:23:00",2,4,2,10,49.9000
16043,2011-12-10,"2011-01-26 11:14:00","2011-11-02 12:50:00",38,4,39,30,503,773.9900,193.4975,NULL,NULL,0,0,0,0,0.0000
16045,2011-12-10,"2011-02-22 14:55:00","2011-08-12 12:41:00",120,4,83,71,897,1340.7000,335.1750,NULL,NULL,0,0,0,0,0.0000
16048,2011-12-10,"2010-12-01 15:27:00","2010-12-01 15:28:00",374,2,8,8,144,256.4400,128.2200,"2011-09-15 10:12:00","2011-09-15 10:12:00",1,1,1,1,12.7500
16049,2011-12-10,"2011-09-25 14:33:00","2011-10-30 13:19:00",41,3,299,248,763,1074.8100,358.2700,NULL,NULL,0,0,0,0,0.0000
16050,2011-12-10,"2011-06-19 11:44:00","2011-06-19 11:44:00",174,1,10,10,278,137.9000,137.9000,NULL,NULL,0,0,0,0,0.0000
16052,2011-12-10,"2011-10-16 15:13:00","2011-10-16 15:13:00",55,1,34,34,282,362.0600,362.0600,NULL,NULL,0,0,0,0,0.0000
16053,2011-12-10,"2011-08-09 14:57:00","2011-11-07 11:21:00",33,2,84,81,1793,1511.9500,755.9750,NULL,NULL,0,0,0,0,0.0000
16054,2011-12-10,"2011-07-17 13:08:00","2011-07-17 13:08:00",146,1,70,70,380,783.9000,783.9000,NULL,NULL,0,0,0,0,0.0000
16055,2011-12-10,"2011-05-03 09:26:00","2011-05-03 09:26:00",221,1,8,8,22,134.8000,134.8000,NULL,NULL,0,0,0,0,0.0000
16056,2011-12-10,"2011-10-25 15:19:00","2011-10-25 15:19:00",46,1,66,66,345,650.7500,650.7500,NULL,NULL,0,0,0,0,0.0000
16057,2011-12-10,"2011-02-28 10:35:00","2011-11-23 15:23:00",17,7,121,109,863,2263.1200,323.3029,"2011-03-09 15:08:00","2011-12-05 16:36:00",3,13,13,30,122.9000
16059,2011-12-10,"2010-12-07 10:36:00","2011-10-05 09:56:00",66,6,178,126,641,1453.1600,242.1933,NULL,NULL,0,0,0,0,0.0000
16062,2011-12-10,"2010-12-10 12:00:00","2011-11-30 12:15:00",10,4,64,50,800,1153.6200,288.4050,NULL,NULL,0,0,0,0,0.0000
16063,2011-12-10,"2011-03-24 14:55:00","2011-03-24 14:55:00",261,1,23,23,262,335.3200,335.3200,NULL,NULL,0,0,0,0,0.0000
16065,2011-12-10,"2010-12-09 13:03:00","2010-12-09 13:03:00",366,1,73,71,228,367.1400,367.1400,NULL,NULL,0,0,0,0,0.0000
16066,2011-12-10,"2011-08-07 14:33:00","2011-11-23 11:54:00",17,5,101,77,935,1521.0400,304.2080,NULL,NULL,0,0,0,0,0.0000
16070,2011-12-10,"2011-11-07 16:36:00","2011-11-17 15:50:00",23,2,33,32,457,852.1500,426.0750,NULL,NULL,0,0,0,0,0.0000
16071,2011-12-10,"2011-10-26 11:14:00","2011-10-26 11:14:00",45,1,21,21,180,326.2400,326.2400,NULL,NULL,0,0,0,0,0.0000
16072,2011-12-10,"2011-02-24 14:32:00","2011-02-24 14:32:00",289,1,23,23,140,584.3200,584.3200,NULL,NULL,0,0,0,0,0.0000
16073,2011-12-10,"2011-02-15 15:41:00","2011-02-15 15:41:00",298,1,1,1,48,122.4000,122.4000,"2011-02-21 12:33:00","2011-02-21 12:33:00",1,1,1,11,28.0500
16076,2011-12-10,"2011-05-15 12:31:00","2011-12-06 14:59:00",4,10,129,71,1435,2234.7300,223.4730,"2011-09-08 12:03:00","2011-09-08 12:03:00",1,2,1,72,61.2000
16078,2011-12-10,"2011-03-01 09:47:00","2011-03-01 09:47:00",284,1,1,1,16,79.2000,79.2000,NULL,NULL,0,0,0,0,0.0000
16079,2011-12-10,"2011-10-30 13:06:00","2011-11-23 12:48:00",17,3,21,18,864,1352.0000,450.6667,NULL,NULL,0,0,0,0,0.0000
16080,2011-12-10,"2011-03-10 14:44:00","2011-09-19 10:42:00",82,2,10,10,128,217.1600,108.5800,"2011-03-21 16:29:00","2011-03-21 16:29:00",1,1,1,24,40.5600
16081,2011-12-10,"2010-12-08 11:16:00","2011-10-14 13:06:00",57,5,223,175,1473,2799.4200,559.8840,NULL,NULL,0,0,0,0,0.0000
16083,2011-12-10,"2010-12-14 11:51:00","2011-08-31 10:47:00",101,2,31,31,908,1317.6200,658.8100,NULL,NULL,0,0,0,0,0.0000
16084,2011-12-10,"2011-02-13 16:05:00","2011-02-13 16:05:00",300,1,38,38,216,436.1800,436.1800,NULL,NULL,0,0,0,0,0.0000
16085,2011-12-10,"2011-01-23 12:07:00","2011-11-16 13:24:00",24,5,167,123,636,981.5100,196.3020,NULL,NULL,0,0,0,0,0.0000
16086,2011-12-10,"2010-12-07 13:45:00","2011-10-11 13:09:00",60,5,39,24,511,1121.3900,224.2780,"2011-05-24 12:44:00","2011-05-24 12:44:00",1,1,1,1,2.0800
16091,2011-12-10,"2011-05-25 09:18:00","2011-07-08 08:45:00",155,2,18,16,154,315.0600,157.5300,NULL,NULL,0,0,0,0,0.0000
16092,2011-12-10,"2011-03-30 15:38:00","2011-08-17 10:46:00",115,3,51,37,628,817.8600,272.6200,"2011-06-07 12:37:00","2011-09-02 11:46:00",2,2,2,26,38.5000
16093,2011-12-10,"2011-08-25 11:09:00","2011-08-25 11:09:00",107,1,1,1,20,17.0000,17.0000,NULL,NULL,0,0,0,0,0.0000
16094,2011-12-10,"2011-05-04 13:57:00","2011-11-28 12:45:00",12,4,63,48,647,1078.2300,269.5575,"2011-01-06 17:36:00","2011-05-10 15:58:00",2,4,3,14,36.4000
16096,2011-12-10,"2011-03-20 13:38:00","2011-03-20 13:38:00",265,1,12,12,155,320.6200,320.6200,NULL,NULL,0,0,0,0,0.0000
16097,2011-12-10,"2011-04-13 13:47:00","2011-04-13 13:47:00",241,1,10,10,87,185.0500,185.0500,NULL,NULL,0,0,0,0,0.0000
16098,2011-12-10,"2010-12-01 09:45:00","2011-09-13 09:59:00",88,7,67,34,613,2005.6300,286.5186,NULL,NULL,0,0,0,0,0.0000
16099,2011-12-10,"2011-04-28 08:34:00","2011-10-20 13:13:00",51,3,39,29,434,731.9000,243.9667,NULL,NULL,0,0,0,0,0.0000
16101,2011-12-10,"2011-09-30 10:18:00","2011-09-30 10:18:00",71,1,76,76,757,1290.7000,1290.7000,"2011-10-17 11:46:00","2011-11-30 16:54:00",2,7,7,19,44.7400
16102,2011-12-10,"2011-08-03 12:50:00","2011-10-28 13:19:00",43,3,57,41,942,1842.1400,614.0467,NULL,NULL,0,0,0,0,0.0000
16103,2011-12-10,"2011-04-20 12:28:00","2011-12-02 14:16:00",8,6,48,30,558,1429.6400,238.2733,NULL,NULL,0,0,0,0,0.0000
16104,2011-12-10,"2011-10-09 10:23:00","2011-10-09 10:23:00",62,1,28,28,122,298.2100,298.2100,NULL,NULL,0,0,0,0,0.0000
16105,2011-12-10,"2011-04-05 10:13:00","2011-04-05 10:13:00",249,1,13,13,330,336.9600,336.9600,NULL,NULL,0,0,0,0,0.0000
16106,2011-12-10,"2011-10-05 10:37:00","2011-10-05 10:37:00",66,1,6,6,74,108.3800,108.3800,NULL,NULL,0,0,0,0,0.0000
16107,2011-12-10,"2011-06-09 18:42:00","2011-11-22 09:40:00",18,7,31,16,1176,3204.1600,457.7371,NULL,NULL,0,0,0,0,0.0000
16108,2011-12-10,"2011-09-16 11:48:00","2011-09-16 11:48:00",85,1,48,48,615,842.5000,842.5000,"2011-09-16 11:51:00","2011-09-16 11:51:00",1,1,1,16,26.4000
16109,2011-12-10,"2011-02-04 12:37:00","2011-05-05 09:17:00",219,2,18,18,612,611.8800,305.9400,NULL,NULL,0,0,0,0,0.0000
16110,2011-12-10,"2011-02-01 14:01:00","2011-10-25 14:35:00",46,3,342,283,720,1320.9500,440.3167,NULL,NULL,0,0,0,0,0.0000
16112,2011-12-10,"2011-01-05 11:47:00","2011-07-19 14:28:00",144,4,16,15,574,195.7400,48.9350,NULL,NULL,0,0,0,0,0.0000
16113,2011-12-10,"2011-06-09 16:16:00","2011-06-09 16:16:00",184,1,30,30,176,161.3800,161.3800,NULL,NULL,0,0,0,0,0.0000
16114,2011-12-10,"2011-06-22 10:13:00","2011-06-22 10:13:00",171,1,8,8,43,135.7500,135.7500,NULL,NULL,0,0,0,0,0.0000
16115,2011-12-10,"2011-02-20 12:14:00","2011-11-30 11:32:00",10,8,279,169,994,1660.8800,207.6100,NULL,NULL,0,0,0,0,0.0000
16116,2011-12-10,"2011-05-12 12:01:00","2011-05-12 12:01:00",212,1,34,34,248,612.7800,612.7800,"2011-05-18 09:23:00","2011-05-18 09:23:00",1,1,1,2,19.9000
16117,2011-12-10,"2011-06-03 11:42:00","2011-06-03 11:42:00",190,1,30,30,130,232.2100,232.2100,NULL,NULL,0,0,0,0,0.0000
16119,2011-12-10,"2011-09-28 10:15:00","2011-12-01 15:11:00",9,2,16,14,240,423.3600,211.6800,NULL,NULL,0,0,0,0,0.0000
16120,2011-12-10,"2011-10-11 14:10:00","2011-10-11 14:22:00",60,4,30,26,878,1309.1400,327.2850,"2011-10-11 14:14:00","2011-10-11 14:14:00",1,2,2,12,15.0000
16121,2011-12-10,"2011-05-08 11:52:00","2011-10-13 12:59:00",58,2,204,170,576,854.6600,427.3300,NULL,NULL,0,0,0,0,0.0000
16122,2011-12-10,"2010-12-08 11:41:00","2011-09-27 15:34:00",74,4,38,26,1128,684.4200,171.1050,NULL,NULL,0,0,0,0,0.0000
16123,2011-12-10,"2011-10-19 09:18:00","2011-10-19 09:18:00",52,1,16,16,170,307.7800,307.7800,NULL,NULL,0,0,0,0,0.0000
16124,2011-12-10,"2011-01-26 14:45:00","2011-01-26 14:45:00",318,1,11,11,48,249.0000,249.0000,"2011-01-27 16:05:00","2011-01-27 16:05:00",1,5,5,7,61.8500
16125,2011-12-10,"2010-12-07 15:48:00","2010-12-07 15:48:00",368,1,13,13,124,289.3500,289.3500,NULL,NULL,0,0,0,0,0.0000
16126,2011-12-10,"2011-02-16 11:18:00","2011-11-10 16:03:00",30,4,117,57,2125,6287.7700,1571.9425,NULL,NULL,0,0,0,0,0.0000
16127,2011-12-10,"2011-10-31 13:58:00","2011-10-31 13:58:00",40,1,40,40,323,656.2500,656.2500,NULL,NULL,0,0,0,0,0.0000
16128,2011-12-10,"2011-03-02 12:21:00","2011-11-22 11:14:00",18,5,89,76,988,1880.2200,376.0440,NULL,NULL,0,0,0,0,0.0000
16131,2011-12-10,"2011-04-14 08:32:00","2011-10-19 11:53:00",52,6,78,55,1802,3506.5400,584.4233,NULL,NULL,0,0,0,0,0.0000
16133,2011-12-10,"2011-01-25 15:55:00","2011-12-06 11:24:00",4,33,338,219,8887,14589.0400,442.0921,"2011-01-27 17:23:00","2011-11-10 12:38:00",13,26,23,150,283.3800
16134,2011-12-10,"2010-12-15 14:00:00","2011-11-18 10:05:00",22,2,35,34,371,618.0900,309.0450,"2010-12-20 17:24:00","2010-12-20 17:24:00",1,3,3,14,14.4000
16135,2011-12-10,"2011-03-22 12:30:00","2011-03-22 12:30:00",263,1,21,21,209,517.5500,517.5500,NULL,NULL,0,0,0,0,0.0000
16136,2011-12-10,"2011-03-07 09:52:00","2011-10-11 09:10:00",60,3,37,35,440,709.3800,236.4600,NULL,NULL,0,0,0,0,0.0000
16139,2011-12-10,"2011-05-17 10:23:00","2011-11-21 08:37:00",19,3,31,25,330,635.4100,211.8033,NULL,NULL,0,0,0,0,0.0000
16140,2011-12-10,"2010-12-03 14:40:00","2011-10-05 12:15:00",66,2,35,32,730,725.1800,362.5900,"2011-10-18 10:58:00","2011-10-18 10:58:00",1,1,1,2,17.0000
16141,2011-12-10,"2011-09-12 13:11:00","2011-09-12 13:11:00",89,1,30,30,238,620.4000,620.4000,NULL,NULL,0,0,0,0,0.0000
16142,2011-12-10,"2011-04-04 10:16:00","2011-04-04 10:16:00",250,1,37,37,422,535.3400,535.3400,NULL,NULL,0,0,0,0,0.0000
16143,2011-12-10,"2010-12-05 15:18:00","2011-12-06 14:13:00",4,6,117,75,919,2424.9400,404.1567,"2010-12-14 10:00:00","2010-12-14 10:00:00",1,1,1,2,5.1000
16144,2011-12-10,"2011-04-07 10:09:00","2011-04-07 10:09:00",247,1,1,1,16,175.2000,175.2000,NULL,NULL,0,0,0,0,0.0000
16145,2011-12-10,"2010-12-15 09:09:00","2011-12-01 10:33:00",9,11,224,134,3123,3799.4900,345.4082,"2010-12-20 14:09:00","2011-09-09 16:36:00",7,13,10,51,57.5100
16146,2011-12-10,"2011-04-21 15:25:00","2011-07-05 14:20:00",158,3,29,26,427,734.1300,244.7100,NULL,NULL,0,0,0,0,0.0000
16147,2011-12-10,"2011-07-29 09:57:00","2011-07-29 09:57:00",134,1,22,22,246,375.0000,375.0000,NULL,NULL,0,0,0,0,0.0000
16148,2011-12-10,"2011-02-16 14:01:00","2011-02-16 14:01:00",297,1,1,1,72,76.3200,76.3200,NULL,NULL,0,0,0,0,0.0000
16149,2011-12-10,"2011-07-20 14:54:00","2011-12-05 11:29:00",5,2,18,18,308,280.5200,140.2600,NULL,NULL,0,0,0,0,0.0000
16150,2011-12-10,"2010-12-02 18:27:00","2011-10-28 12:39:00",43,5,117,91,1047,2053.0200,410.6040,"2011-01-07 09:25:00","2011-11-01 09:29:00",5,19,17,43,146.9500
16152,2011-12-10,"2011-03-16 09:47:00","2011-03-16 09:47:00",269,1,29,29,642,1829.0400,1829.0400,NULL,NULL,0,0,0,0,0.0000
16153,2011-12-10,"2010-12-20 09:22:00","2011-10-21 10:50:00",50,5,89,78,1073,1824.2300,364.8460,NULL,NULL,0,0,0,0,0.0000
16156,2011-12-10,"2011-02-02 12:02:00","2011-12-01 12:42:00",9,9,128,108,1273,3092.0400,343.5600,"2011-03-20 11:19:00","2011-09-29 13:29:00",4,8,8,37,89.8000
16157,2011-12-10,"2011-09-28 11:48:00","2011-11-24 11:41:00",16,3,18,12,347,656.6900,218.8967,"2011-10-19 14:19:00","2011-10-19 14:19:00",1,1,1,3,12.4500
16159,2011-12-10,"2011-03-03 12:27:00","2011-03-03 12:27:00",282,1,14,14,236,348.2000,348.2000,NULL,NULL,0,0,0,0,0.0000
16160,2011-12-10,"2011-09-15 10:53:00","2011-10-05 14:19:00",66,2,20,20,1162,1025.4400,512.7200,"2011-09-22 10:12:00","2011-10-06 18:30:00",2,2,2,9,15.9900
16161,2011-12-10,"2010-12-06 10:03:00","2011-12-08 12:10:00",2,19,468,285,2580,5488.6700,288.8774,"2010-12-06 09:40:00","2011-11-14 15:10:00",6,27,26,58,178.8400
16162,2011-12-10,"2011-04-01 15:03:00","2011-04-01 15:03:00",253,1,2,2,4,37.4000,37.4000,NULL,NULL,0,0,0,0,0.0000
16163,2011-12-10,"2010-12-09 16:28:00","2011-04-21 15:15:00",233,2,6,5,192,856.6000,428.3000,"2011-04-28 19:43:00","2011-04-28 19:43:00",1,1,1,100,415.0000
16164,2011-12-10,"2011-10-28 09:12:00","2011-11-22 15:04:00",18,3,34,27,433,822.4800,274.1600,"2011-11-01 10:13:00","2011-11-01 10:13:00",1,1,1,1,19.9500
16168,2011-12-10,"2010-12-05 11:38:00","2011-11-29 12:45:00",11,27,98,57,1892,3787.6000,140.2815,"2011-11-18 15:32:00","2011-11-18 15:32:00",1,1,1,4,17.0000
16169,2011-12-10,"2011-09-25 11:33:00","2011-12-01 15:28:00",9,4,85,71,1325,1822.9700,455.7425,NULL,NULL,0,0,0,0,0.0000
16170,2011-12-10,"2011-04-05 13:42:00","2011-10-20 08:21:00",51,6,125,106,1770,1885.0500,314.1750,"2011-06-17 11:13:00","2011-06-17 11:13:00",1,2,2,4,4.6300
16171,2011-12-10,"2011-10-11 14:51:00","2011-10-11 14:51:00",60,1,3,3,24,73.2000,73.2000,NULL,NULL,0,0,0,0,0.0000
16172,2011-12-10,"2011-04-12 12:02:00","2011-09-05 13:22:00",96,5,69,52,787,1140.2100,228.0420,NULL,NULL,0,0,0,0,0.0000
16173,2011-12-10,"2011-09-02 15:23:00","2011-11-24 10:53:00",16,6,84,70,575,1418.3200,236.3867,"2011-09-09 12:52:00","2011-09-09 12:52:00",1,3,3,4,11.7500
16174,2011-12-10,"2011-07-11 09:23:00","2011-08-05 13:26:00",127,3,23,19,651,1009.5500,336.5167,NULL,NULL,0,0,0,0,0.0000
16175,2011-12-10,"2011-04-13 14:38:00","2011-09-06 14:32:00",95,4,58,45,533,1037.5900,259.3975,NULL,NULL,0,0,0,0,0.0000
16177,2011-12-10,"2011-10-20 12:57:00","2011-10-20 12:57:00",51,1,15,15,95,331.9500,331.9500,NULL,NULL,0,0,0,0,0.0000
16178,2011-12-10,"2011-07-24 16:05:00","2011-07-24 16:05:00",139,1,8,8,94,197.9000,197.9000,NULL,NULL,0,0,0,0,0.0000
16179,2011-12-10,"2011-10-10 09:41:00","2011-10-10 09:41:00",61,1,11,11,99,215.8300,215.8300,NULL,NULL,0,0,0,0,0.0000
16180,2011-12-10,"2011-04-01 10:23:00","2011-08-31 16:28:00",101,8,162,90,5867,10254.1800,1281.7725,"2011-08-03 10:47:00","2011-08-11 10:12:00",2,14,7,14,36.7000
16181,2011-12-10,"2011-09-27 13:38:00","2011-09-27 13:38:00",74,1,11,11,152,305.5400,305.5400,NULL,NULL,0,0,0,0,0.0000
16182,2011-12-10,"2011-02-18 10:11:00","2011-09-28 13:23:00",73,4,28,17,3791,6617.6500,1654.4125,NULL,NULL,0,0,0,0,0.0000
16183,2011-12-10,"2011-10-03 14:59:00","2011-10-03 14:59:00",68,1,15,15,113,338.7100,338.7100,NULL,NULL,0,0,0,0,0.0000
16184,2011-12-10,"2011-05-12 13:33:00","2011-10-06 17:43:00",65,6,45,26,561,1158.7900,193.1317,"2011-08-22 15:00:00","2011-08-22 15:00:00",1,1,1,1,3.2500
16185,2011-12-10,"2011-04-21 11:59:00","2011-11-23 09:41:00",17,2,31,31,260,529.4100,264.7050,NULL,NULL,0,0,0,0,0.0000
16186,2011-12-10,"2010-12-02 14:40:00","2011-11-17 12:43:00",23,12,218,87,3020,4006.9400,333.9117,"2011-06-21 17:42:00","2011-06-21 17:42:00",1,1,1,12,15.0000
16187,2011-12-10,"2011-02-28 13:34:00","2011-11-08 09:50:00",32,15,295,160,5048,6911.4400,460.7627,"2011-09-02 17:53:00","2011-09-12 18:19:00",2,2,2,44,70.2000
16188,2011-12-10,"2011-04-11 09:44:00","2011-10-26 12:19:00",45,4,67,65,782,981.8600,245.4650,NULL,NULL,0,0,0,0,0.0000
16189,2011-12-10,"2011-09-15 15:21:00","2011-11-24 11:47:00",16,2,11,9,134,215.4800,107.7400,NULL,NULL,0,0,0,0,0.0000
16190,2011-12-10,"2011-10-30 15:59:00","2011-10-30 15:59:00",41,1,6,6,88,215.0800,215.0800,NULL,NULL,0,0,0,0,0.0000
16191,2011-12-10,"2010-12-14 12:38:00","2011-12-07 11:26:00",3,13,134,65,3351,5180.5200,398.5015,"2011-01-06 18:01:00","2011-11-24 11:05:00",11,16,12,147,263.9500
16193,2011-12-10,"2011-04-17 11:45:00","2011-04-17 11:45:00",237,1,19,19,219,314.4500,314.4500,NULL,NULL,0,0,0,0,0.0000
16198,2011-12-10,"2011-09-25 14:58:00","2011-09-25 14:58:00",76,1,14,14,128,400.6800,400.6800,NULL,NULL,0,0,0,0,0.0000
16200,2011-12-10,"2011-06-28 15:47:00","2011-12-05 14:40:00",5,2,172,149,516,1068.8700,534.4350,NULL,NULL,0,0,0,0,0.0000
16201,2011-12-10,"2011-08-22 10:47:00","2011-12-06 16:02:00",4,4,111,74,1286,1863.4700,465.8675,"2011-11-23 11:06:00","2011-11-23 11:06:00",1,4,4,19,41.9500
16202,2011-12-10,"2010-12-14 10:43:00","2010-12-14 10:43:00",361,1,18,18,191,365.2700,365.2700,NULL,NULL,0,0,0,0,0.0000
16203,2011-12-10,"2010-12-02 15:39:00","2011-10-12 12:31:00",59,4,35,27,262,592.9000,148.2250,"2011-01-11 11:50:00","2011-01-11 11:50:00",1,1,1,1,3.7500
16204,2011-12-10,"2011-11-16 13:40:00","2011-11-16 13:40:00",24,1,50,45,218,384.1800,384.1800,NULL,NULL,0,0,0,0,0.0000
16205,2011-12-10,"2011-06-13 11:33:00","2011-11-09 09:32:00",31,4,96,72,512,751.0300,187.7575,NULL,NULL,0,0,0,0,0.0000
16206,2011-12-10,"2011-01-16 11:07:00","2011-10-16 10:41:00",55,4,63,52,272,537.0600,134.2650,NULL,NULL,0,0,0,0,0.0000
16207,2011-12-10,"2011-11-14 13:51:00","2011-11-14 13:51:00",26,1,19,19,140,394.3800,394.3800,NULL,NULL,0,0,0,0,0.0000
16208,2011-12-10,"2011-02-23 13:37:00","2011-10-26 11:36:00",45,2,66,61,333,664.2600,332.1300,NULL,NULL,0,0,0,0,0.0000
16209,2011-12-10,"2011-04-07 12:23:00","2011-09-12 11:58:00",89,5,45,36,1178,2247.6200,449.5240,NULL,NULL,0,0,0,0,0.0000
16210,2011-12-10,"2010-12-01 12:27:00","2011-12-08 12:36:00",2,17,122,73,7558,21076.3000,1239.7824,NULL,NULL,0,0,0,0,0.0000
16211,2011-12-10,"2011-09-12 12:11:00","2011-09-12 12:11:00",89,1,23,23,154,547.0200,547.0200,"2011-09-19 16:23:00","2011-09-19 16:23:00",1,1,1,1,4.2500
16212,2011-12-10,"2011-03-01 12:51:00","2011-11-20 13:00:00",20,2,41,40,244,690.3400,345.1700,"2011-03-03 14:14:00","2011-03-03 14:14:00",1,2,2,3,9.1500
16213,2011-12-10,"2011-09-22 10:03:00","2011-09-22 10:03:00",79,1,6,6,48,159.0000,159.0000,NULL,NULL,0,0,0,0,0.0000
16214,2011-12-10,"2011-03-15 13:23:00","2011-06-22 11:30:00",171,3,44,36,420,1062.7500,354.2500,NULL,NULL,0,0,0,0,0.0000
16215,2011-12-10,"2011-09-20 10:18:00","2011-09-20 10:18:00",81,1,14,14,104,242.3500,242.3500,NULL,NULL,0,0,0,0,0.0000
16216,2011-12-10,"2011-03-17 15:34:00","2011-03-17 15:34:00",268,1,37,37,254,914.9300,914.9300,NULL,NULL,0,0,0,0,0.0000
16217,2011-12-10,"2011-03-02 15:28:00","2011-04-18 13:31:00",236,2,15,13,91,304.2500,152.1250,"2011-03-17 18:31:00","2011-03-17 18:31:00",1,3,3,14,37.8000
16218,2011-12-10,"2010-12-01 11:29:00","2011-11-10 09:59:00",30,7,84,56,2088,3084.6800,440.6686,"2011-06-07 15:28:00","2011-06-07 15:28:00",1,6,6,11,29.8100
16221,2011-12-10,"2010-12-07 13:13:00","2011-11-03 11:43:00",37,3,95,90,714,860.8600,286.9533,NULL,NULL,0,0,0,0,0.0000
16222,2011-12-10,"2011-01-25 13:38:00","2011-01-25 13:38:00",319,1,122,120,325,773.5500,773.5500,NULL,NULL,0,0,0,0,0.0000
16224,2011-12-10,"2011-04-04 12:00:00","2011-10-13 17:51:00",58,4,96,90,1116,1295.3000,323.8250,NULL,NULL,0,0,0,0,0.0000
16225,2011-12-10,"2011-03-07 12:17:00","2011-10-26 08:30:00",45,5,134,109,493,1096.3200,219.2640,NULL,NULL,0,0,0,0,0.0000
16226,2011-12-10,"2011-04-18 12:58:00","2011-05-20 14:41:00",204,3,8,6,192,255.1200,85.0400,NULL,NULL,0,0,0,0,0.0000
16227,2011-12-10,"2011-04-28 13:33:00","2011-04-28 13:33:00",226,1,6,6,90,314.2200,314.2200,"2011-05-04 16:27:00","2011-05-04 16:27:00",1,1,1,2,5.9000
16229,2011-12-10,"2011-05-11 10:18:00","2011-09-13 17:16:00",88,2,47,46,318,1010.6000,505.3000,NULL,NULL,0,0,0,0,0.0000
16230,2011-12-10,"2011-05-03 15:12:00","2011-06-03 10:06:00",190,2,35,32,365,542.0300,271.0150,NULL,NULL,0,0,0,0,0.0000
16232,2011-12-10,"2011-05-08 14:05:00","2011-10-27 12:16:00",44,4,37,24,550,990.8800,247.7200,"2011-11-07 11:12:00","2011-11-07 11:12:00",1,1,1,3,7.6500
16233,2011-12-10,"2010-12-08 12:51:00","2011-09-29 17:27:00",72,3,22,22,174,536.6800,178.8933,"2010-12-14 16:39:00","2010-12-16 14:30:00",2,3,2,9,114.5500
16235,2011-12-10,"2011-01-11 15:42:00","2011-10-30 10:56:00",41,4,45,41,329,857.3100,214.3275,"2011-01-14 16:58:00","2011-01-14 16:58:00",1,2,2,2,8.9000
16236,2011-12-10,"2011-09-22 14:10:00","2011-09-22 14:10:00",79,1,20,20,184,432.2000,432.2000,NULL,NULL,0,0,0,0,0.0000
16239,2011-12-10,"2011-06-03 09:30:00","2011-10-14 08:29:00",57,2,19,18,228,414.2000,207.1000,"2011-06-26 11:43:00","2011-06-26 11:43:00",1,2,2,10,41.3000
16240,2011-12-10,"2011-09-23 13:44:00","2011-11-15 14:30:00",25,2,135,126,1641,3718.8000,1859.4000,"2011-09-30 10:42:00","2011-12-01 14:02:00",3,7,6,7,24.9900
16241,2011-12-10,"2010-12-05 11:04:00","2011-11-30 11:08:00",10,13,655,347,1443,2590.3100,199.2546,NULL,NULL,0,0,0,0,0.0000
16242,2011-12-10,"2011-03-07 17:04:00","2011-12-01 15:12:00",9,7,292,184,1969,3579.8600,511.4086,"2011-05-09 14:47:00","2011-05-09 14:47:00",1,1,1,1,4.9500
16243,2011-12-10,"2011-10-16 12:09:00","2011-11-06 12:32:00",34,2,51,49,110,409.1000,204.5500,NULL,NULL,0,0,0,0,0.0000
16244,2011-12-10,"2010-12-02 11:41:00","2011-05-12 10:18:00",212,2,91,88,855,1522.7500,761.3750,NULL,NULL,0,0,0,0,0.0000
16245,2011-12-10,"2011-03-28 09:30:00","2011-11-16 10:14:00",24,3,90,80,1014,1413.6600,471.2200,"2011-04-07 12:45:00","2011-10-06 19:52:00",2,3,3,6,61.3000
16247,2011-12-10,"2011-06-22 14:23:00","2011-06-22 14:23:00",171,1,16,16,182,114.5600,114.5600,NULL,NULL,0,0,0,0,0.0000
16248,2011-12-10,"2011-10-09 11:32:00","2011-10-09 11:32:00",62,1,7,7,78,152.9400,152.9400,NULL,NULL,0,0,0,0,0.0000
16249,2011-12-10,"2011-04-14 13:50:00","2011-10-18 10:07:00",53,5,69,67,950,1800.0700,360.0140,NULL,NULL,0,0,0,0,0.0000
16250,2011-12-10,"2010-12-01 09:59:00","2011-03-23 15:07:00",262,2,24,22,208,389.4400,194.7200,NULL,NULL,0,0,0,0,0.0000
16253,2011-12-10,"2011-03-29 13:33:00","2011-10-04 09:09:00",67,2,123,114,3233,3683.8600,1841.9300,NULL,NULL,0,0,0,0,0.0000
16255,2011-12-10,"2010-12-09 14:25:00","2011-11-23 12:40:00",17,8,270,146,1767,2619.9100,327.4888,"2011-07-20 11:40:00","2011-08-08 12:38:00",2,4,4,7,10.6100
16256,2011-12-10,"2011-03-18 12:18:00","2011-03-18 12:18:00",267,1,13,13,581,752.4300,752.4300,"2011-03-27 12:14:00","2011-03-27 12:14:00",1,1,1,4,19.8000
16257,2011-12-10,"2011-06-16 10:11:00","2011-06-16 10:11:00",177,1,1,1,1,21.9500,21.9500,NULL,NULL,0,0,0,0,0.0000
16258,2011-12-10,"2011-05-04 14:33:00","2011-10-25 13:30:00",46,5,135,111,2994,5203.5100,1040.7020,NULL,NULL,0,0,0,0,0.0000
16260,2011-12-10,"2011-10-20 09:40:00","2011-10-20 09:40:00",51,1,18,18,311,1035.4500,1035.4500,NULL,NULL,0,0,0,0,0.0000
16261,2011-12-10,"2011-04-07 19:05:00","2011-11-22 17:23:00",18,4,119,98,301,728.5400,182.1350,NULL,NULL,0,0,0,0,0.0000
16265,2011-12-10,"2010-12-10 10:21:00","2011-11-30 16:41:00",10,9,256,163,2644,5347.0000,594.1111,"2011-02-11 15:16:00","2011-05-05 09:58:00",2,2,2,19,23.8500
16266,2011-12-10,"2011-05-17 14:50:00","2011-09-27 12:08:00",74,7,61,44,398,861.8900,123.1271,NULL,NULL,0,0,0,0,0.0000
16268,2011-12-10,"2011-09-29 18:30:00","2011-09-29 18:30:00",72,2,44,44,532,617.6500,308.8250,NULL,NULL,0,0,0,0,0.0000
16270,2011-12-10,"2010-12-21 14:26:00","2010-12-21 14:26:00",354,1,54,54,688,1141.2400,1141.2400,NULL,NULL,0,0,0,0,0.0000
16271,2011-12-10,"2010-12-16 16:36:00","2011-11-24 12:12:00",16,4,129,88,1023,1389.6400,347.4100,"2011-07-20 10:35:00","2011-07-20 10:35:00",1,1,1,1,5.9500
16272,2011-12-10,"2011-08-15 10:53:00","2011-08-15 10:53:00",117,1,25,25,224,411.7000,411.7000,NULL,NULL,0,0,0,0,0.0000
16274,2011-12-10,"2010-12-01 15:35:00","2010-12-01 15:35:00",374,1,63,63,151,331.5500,331.5500,NULL,NULL,0,0,0,0,0.0000
16275,2011-12-10,"2011-05-27 12:41:00","2011-05-27 12:41:00",197,1,33,33,336,559.8700,559.8700,NULL,NULL,0,0,0,0,0.0000
16276,2011-12-10,"2011-06-16 09:34:00","2011-06-16 09:34:00",177,1,6,6,420,810.6000,810.6000,NULL,NULL,0,0,0,0,0.0000
16278,2011-12-10,"2011-08-31 17:12:00","2011-08-31 17:12:00",101,1,23,23,114,566.3800,566.3800,"2011-09-06 13:59:00","2011-11-16 16:09:00",2,2,2,5,28.5500
16279,2011-12-10,"2011-06-16 11:50:00","2011-11-18 15:00:00",22,3,106,102,1046,1502.7800,500.9267,"2011-01-10 09:56:00","2011-01-10 09:56:00",1,2,2,2,12.9000
16281,2011-12-10,"2011-09-28 14:57:00","2011-09-28 14:57:00",73,1,17,17,934,2062.0600,2062.0600,NULL,NULL,0,0,0,0,0.0000
16282,2011-12-10,"2011-01-04 11:42:00","2011-01-04 11:42:00",340,1,11,11,114,168.3000,168.3000,NULL,NULL,0,0,0,0,0.0000
16283,2011-12-10,"2011-05-15 13:37:00","2011-12-04 12:08:00",6,5,165,116,1234,1569.1100,313.8220,"2011-07-10 12:11:00","2011-12-04 10:46:00",2,2,2,14,39.3000
16284,2011-12-10,"2011-10-20 13:54:00","2011-11-08 16:12:00",32,2,103,87,535,812.6800,406.3400,NULL,NULL,0,0,0,0,0.0000
16287,2011-12-10,"2011-06-23 09:08:00","2011-06-23 09:08:00",170,1,8,8,298,142.5000,142.5000,NULL,NULL,0,0,0,0,0.0000
16292,2011-12-10,"2011-08-10 12:24:00","2011-08-10 12:24:00",122,1,17,17,191,302.2500,302.2500,"2011-08-14 14:30:00","2011-08-14 14:30:00",1,2,2,3,21.3500
16293,2011-12-10,"2010-12-07 15:02:00","2011-11-18 09:58:00",22,10,118,102,982,2248.9900,224.8990,"2011-09-15 16:17:00","2011-12-01 09:13:00",2,2,2,4,12.2500
16295,2011-12-10,"2011-10-06 10:45:00","2011-11-30 08:17:00",10,4,79,70,841,1328.5500,332.1375,NULL,NULL,0,0,0,0,0.0000
16297,2011-12-10,"2011-03-16 08:29:00","2011-03-16 08:29:00",269,1,20,20,206,301.9000,301.9000,"2011-03-18 11:01:00","2011-04-04 08:50:00",2,2,2,25,23.3500
16298,2011-12-10,"2011-06-06 10:06:00","2011-11-17 11:59:00",23,3,27,22,198,598.2000,199.4000,NULL,NULL,0,0,0,0,0.0000
16302,2011-12-10,"2011-08-05 09:44:00","2011-08-05 09:44:00",127,1,11,11,158,233.2200,233.2200,"2011-08-24 09:25:00","2011-08-24 09:25:00",1,1,1,24,20.4000
16303,2011-12-10,"2011-01-10 14:16:00","2011-11-14 10:49:00",26,3,162,119,2659,5360.6300,1786.8767,"2011-08-31 13:41:00","2011-08-31 13:41:00",1,5,5,38,54.8000
16305,2011-12-10,"2011-07-24 12:18:00","2011-07-24 12:18:00",139,1,22,22,256,361.2200,361.2200,NULL,NULL,0,0,0,0,0.0000
16306,2011-12-10,"2010-12-07 15:18:00","2011-05-10 12:12:00",214,6,41,36,487,632.2700,105.3783,"2011-02-16 11:49:00","2011-02-18 15:45:00",3,3,2,16,30.0000
16308,2011-12-10,"2011-03-23 14:46:00","2011-11-02 11:24:00",38,4,4,1,8000,2560.0000,640.0000,NULL,NULL,0,0,0,0,0.0000
16309,2011-12-10,"2011-04-13 11:46:00","2011-08-25 15:35:00",107,2,42,39,467,706.5700,353.2850,"2011-09-09 12:26:00","2011-09-09 12:26:00",1,2,2,2,19.9000
16311,2011-12-10,"2011-10-21 13:13:00","2011-11-22 08:54:00",18,2,37,35,394,616.2600,308.1300,NULL,NULL,0,0,0,0,0.0000
16313,2011-12-10,"2011-10-21 09:04:00","2011-12-06 13:02:00",4,2,16,16,165,274.1500,137.0750,NULL,NULL,0,0,0,0,0.0000
16315,2011-12-10,"2011-01-13 11:57:00","2011-01-13 11:57:00",331,1,14,14,75,226.3700,226.3700,NULL,NULL,0,0,0,0,0.0000
16316,2011-12-10,"2010-12-16 14:26:00","2011-10-06 13:48:00",65,8,151,120,1484,2938.9100,367.3638,"2011-01-05 12:42:00","2011-09-22 10:11:00",4,5,5,18,183.3500
16317,2011-12-10,"2011-02-15 14:30:00","2011-08-12 12:46:00",120,3,69,64,890,1341.6500,447.2167,NULL,NULL,0,0,0,0,0.0000
16318,2011-12-10,"2011-11-04 13:05:00","2011-11-04 13:05:00",36,1,19,19,199,328.1500,328.1500,NULL,NULL,0,0,0,0,0.0000
16319,2011-12-10,"2011-05-06 11:27:00","2011-05-06 11:27:00",218,1,3,3,72,404.4000,404.4000,NULL,NULL,0,0,0,0,0.0000
16320,2011-12-10,"2011-05-10 15:31:00","2011-06-20 15:25:00",173,2,56,56,732,1038.4600,519.2300,NULL,NULL,0,0,0,0,0.0000
16321,2011-12-10,"2011-01-20 12:11:00","2011-09-28 14:55:00",73,5,12,7,135,373.6500,74.7300,"2011-02-07 15:09:00","2011-09-28 14:55:00",2,4,4,57,142.9500
16322,2011-12-10,"2011-11-03 14:33:00","2011-12-08 15:41:00",2,2,37,28,231,326.7500,163.3750,NULL,NULL,0,0,0,0,0.0000
16323,2011-12-10,"2011-05-27 14:48:00","2011-05-27 14:48:00",197,1,1,1,50,207.5000,207.5000,NULL,NULL,0,0,0,0,0.0000
16324,2011-12-10,"2011-06-15 14:26:00","2011-08-03 12:58:00",129,3,111,100,270,408.5900,136.1967,NULL,NULL,0,0,0,0,0.0000
16325,2011-12-10,"2011-04-08 09:20:00","2011-10-24 08:48:00",47,3,18,14,194,594.2400,198.0800,"2011-04-19 11:20:00","2011-10-26 16:29:00",2,2,1,30,83.7000
16326,2011-12-10,"2011-01-09 12:01:00","2011-12-04 10:11:00",6,14,300,158,682,3039.2200,217.0871,"2011-10-09 10:20:00","2011-10-09 10:20:00",1,1,1,20,25.0000
16327,2011-12-10,"2010-12-05 12:43:00","2011-11-25 13:23:00",15,6,316,141,2524,3789.6700,631.6117,NULL,NULL,0,0,0,0,0.0000
16330,2011-12-10,"2011-08-19 17:08:00","2011-11-22 12:24:00",18,3,39,39,147,251.9100,83.9700,"2011-08-21 09:18:00","2011-08-21 09:18:00",1,2,2,2,9.7000
16332,2011-12-10,"2011-02-07 14:16:00","2011-11-11 14:22:00",29,7,151,125,797,1582.8000,226.1143,"2011-09-28 16:04:00","2011-09-28 16:04:00",1,1,1,8,10.0000
16333,2011-12-10,"2011-02-03 10:50:00","2011-12-02 12:19:00",8,22,45,9,32184,26626.8000,1210.3091,NULL,NULL,0,0,0,0,0.0000
16337,2011-12-10,"2011-11-03 10:03:00","2011-11-03 10:03:00",37,1,10,10,87,151.0500,151.0500,NULL,NULL,0,0,0,0,0.0000
16338,2011-12-10,"2011-07-05 13:56:00","2011-07-05 13:56:00",158,1,11,11,94,214.8000,214.8000,NULL,NULL,0,0,0,0,0.0000
16339,2011-12-10,"2011-02-28 13:41:00","2011-02-28 13:41:00",285,1,18,17,21,94.0500,94.0500,NULL,NULL,0,0,0,0,0.0000
16340,2011-12-10,"2011-08-24 14:53:00","2011-08-24 14:53:00",108,1,141,124,486,534.3100,534.3100,NULL,NULL,0,0,0,0,0.0000
16341,2011-12-10,"2011-05-22 13:20:00","2011-11-15 09:12:00",25,4,77,60,1398,1971.8700,492.9675,"2011-05-27 10:59:00","2011-09-21 09:49:00",2,7,7,10,12.4900
16342,2011-12-10,"2011-06-13 10:10:00","2011-09-25 14:36:00",76,4,15,10,157,322.4100,80.6025,NULL,NULL,0,0,0,0,0.0000
16343,2011-12-10,"2011-11-23 17:43:00","2011-11-23 17:45:00",17,2,43,29,175,328.5800,164.2900,NULL,NULL,0,0,0,0,0.0000
16344,2011-12-10,"2011-07-04 15:50:00","2011-07-04 15:50:00",159,1,2,1,18,101.1000,101.1000,NULL,NULL,0,0,0,0,0.0000
16345,2011-12-10,"2011-10-26 16:03:00","2011-10-26 16:03:00",45,1,37,35,288,565.4600,565.4600,NULL,NULL,0,0,0,0,0.0000
16347,2011-12-10,"2011-11-03 13:01:00","2011-11-28 13:14:00",12,2,85,61,341,847.4500,423.7250,NULL,NULL,0,0,0,0,0.0000
16348,2011-12-10,"2011-04-13 15:49:00","2011-11-07 15:44:00",33,7,221,156,799,1413.3100,201.9014,NULL,NULL,0,0,0,0,0.0000
16349,2011-12-10,"2011-02-22 12:40:00","2011-02-22 12:40:00",291,1,9,9,9,53.5000,53.5000,NULL,NULL,0,0,0,0,0.0000
16350,2011-12-10,"2011-01-10 09:44:00","2011-11-18 15:53:00",22,4,57,40,545,1116.4700,279.1175,"2010-12-09 14:43:00","2010-12-09 14:43:00",1,3,3,3,16.0000
16351,2011-12-10,"2011-01-11 10:26:00","2011-01-11 10:26:00",333,1,8,8,90,153.9000,153.9000,NULL,NULL,0,0,0,0,0.0000
16352,2011-12-10,"2011-11-02 08:44:00","2011-11-22 10:32:00",18,2,28,28,300,494.4400,247.2200,NULL,NULL,0,0,0,0,0.0000
16353,2011-12-10,"2010-12-05 12:09:00","2011-12-06 12:23:00",4,23,93,50,2005,6668.2100,289.9222,NULL,NULL,0,0,0,0,0.0000
16354,2011-12-10,"2011-09-27 16:28:00","2011-10-07 14:28:00",64,2,39,38,150,395.8000,197.9000,NULL,NULL,0,0,0,0,0.0000
16356,2011-12-10,"2011-03-07 12:31:00","2011-05-26 11:51:00",198,3,31,20,93,211.7700,70.5900,"2011-04-26 12:13:00","2011-04-26 12:13:00",1,1,1,1,1.4500
16357,2011-12-10,"2011-05-10 10:35:00","2011-11-06 16:04:00",34,3,34,31,246,658.8800,219.6267,NULL,NULL,0,0,0,0,0.0000
16358,2011-12-10,"2011-06-08 15:05:00","2011-12-08 15:09:00",2,4,109,82,1302,2027.5000,506.8750,"2011-06-10 14:28:00","2011-06-10 14:28:00",1,1,1,1,2.5500
16359,2011-12-10,"2011-01-12 10:49:00","2011-12-02 17:04:00",8,9,66,39,1183,1750.9200,194.5467,"2011-01-14 16:43:00","2011-06-01 16:15:00",3,4,4,29,290.5500
16360,2011-12-10,"2011-09-12 13:50:00","2011-12-05 12:16:00",5,6,636,365,2110,3450.4100,575.0683,"2011-11-01 10:57:00","2011-12-05 11:02:00",2,9,9,16,100.8400
16361,2011-12-10,"2011-09-29 13:13:00","2011-11-30 12:32:00",10,4,104,87,418,891.2100,222.8025,NULL,NULL,0,0,0,0,0.0000
16362,2011-12-10,"2011-09-09 14:47:00","2011-11-07 13:01:00",33,5,77,58,340,709.9900,141.9980,"2011-09-09 14:58:00","2011-10-04 17:48:00",4,9,9,26,82.7000
16363,2011-12-10,"2011-10-17 14:14:00","2011-10-17 14:14:00",54,1,5,5,52,109.3600,109.3600,NULL,NULL,0,0,0,0,0.0000
16364,2011-12-10,"2011-07-25 14:35:00","2011-11-28 11:27:00",12,2,52,48,279,705.7900,352.8950,NULL,NULL,0,0,0,0,0.0000
16365,2011-12-10,"2010-12-07 17:19:00","2011-11-22 11:24:00",18,9,51,45,504,1540.4200,171.1578,NULL,NULL,0,0,0,0,0.0000
16366,2011-12-10,"2011-11-21 08:19:00","2011-11-21 08:19:00",19,1,18,18,256,327.3000,327.3000,NULL,NULL,0,0,0,0,0.0000
16367,2011-12-10,"2010-12-12 12:01:00","2011-11-02 13:13:00",38,2,127,123,643,800.6700,400.3350,NULL,NULL,0,0,0,0,0.0000
16368,2011-12-10,"2011-11-11 15:08:00","2011-12-07 13:12:00",3,2,69,58,251,479.9100,239.9550,NULL,NULL,0,0,0,0,0.0000
16369,2011-12-10,"2011-05-27 09:39:00","2011-11-21 16:25:00",19,3,115,90,1026,1543.3300,514.4433,NULL,NULL,0,0,0,0,0.0000
16370,2011-12-10,"2011-04-28 16:40:00","2011-09-18 15:55:00",83,4,221,143,640,1301.9100,325.4775,NULL,NULL,0,0,0,0,0.0000
16372,2011-12-10,"2011-11-06 12:50:00","2011-11-06 13:08:00",34,2,92,86,158,355.7300,177.8650,NULL,NULL,0,0,0,0,0.0000
16374,2011-12-10,"2011-03-22 13:46:00","2011-10-04 15:21:00",67,2,108,100,236,458.7800,229.3900,NULL,NULL,0,0,0,0,0.0000
16376,2011-12-10,"2011-11-22 16:47:00","2011-12-01 11:38:00",9,2,122,104,691,974.9600,487.4800,"2011-12-01 10:56:00","2011-12-01 10:56:00",1,3,3,5,9.4900
16377,2011-12-10,"2011-03-17 15:41:00","2011-03-17 15:41:00",268,1,5,5,1500,676.2000,676.2000,NULL,NULL,0,0,0,0,0.0000
16378,2011-12-10,"2011-02-02 12:42:00","2011-04-06 15:07:00",248,3,23,22,267,362.9500,120.9833,NULL,NULL,0,0,0,0,0.0000
16379,2011-12-10,"2011-09-22 09:33:00","2011-12-05 15:38:00",5,4,108,87,1410,2157.4000,539.3500,"2011-11-08 16:19:00","2011-11-08 16:19:00",1,1,1,2,25.5000
16380,2011-12-10,"2011-10-09 15:40:00","2011-10-09 15:40:00",62,1,31,28,1428,1743.1500,1743.1500,NULL,NULL,0,0,0,0,0.0000
16383,2011-12-10,"2011-03-16 13:00:00","2011-09-26 12:45:00",75,2,98,80,467,643.7600,321.8800,NULL,NULL,0,0,0,0,0.0000
16384,2011-12-10,"2011-03-21 10:13:00","2011-09-11 11:19:00",90,2,33,33,260,584.5000,292.2500,NULL,NULL,0,0,0,0,0.0000
16385,2011-12-10,"2010-12-08 12:56:00","2011-10-10 13:12:00",61,3,57,52,258,554.8600,184.9533,NULL,NULL,0,0,0,0,0.0000
16386,2011-12-10,"2011-03-31 12:19:00","2011-11-11 12:28:00",29,2,81,76,205,302.5700,151.2850,NULL,NULL,0,0,0,0,0.0000
16387,2011-12-10,"2011-01-21 11:34:00","2011-01-21 11:34:00",323,1,4,4,44,94.3600,94.3600,NULL,NULL,0,0,0,0,0.0000
16389,2011-12-10,"2011-03-01 15:47:00","2011-10-17 14:41:00",54,4,33,32,1241,1367.0700,341.7675,"2011-09-28 16:59:00","2011-09-28 16:59:00",1,1,1,12,19.8000
16392,2011-12-10,"2011-03-15 12:11:00","2011-03-15 12:11:00",270,1,43,41,201,217.8900,217.8900,NULL,NULL,0,0,0,0,0.0000
16393,2011-12-10,"2010-12-05 13:10:00","2011-12-07 12:51:00",3,13,327,120,1573,3040.9600,233.9200,"2010-12-12 11:21:00","2011-12-07 12:24:00",7,28,23,47,105.1600
16394,2011-12-10,"2011-02-23 10:58:00","2011-10-14 09:48:00",57,5,83,61,2604,1555.3400,311.0680,"2011-04-14 17:07:00","2011-10-20 19:16:00",4,17,11,287,143.2800
16395,2011-12-10,"2011-01-13 12:10:00","2011-10-10 12:50:00",61,5,206,150,1472,1482.0600,296.4120,NULL,NULL,0,0,0,0,0.0000
16398,2011-12-10,"2011-03-31 09:38:00","2011-07-08 15:16:00",155,2,82,75,758,1705.8000,852.9000,"2011-04-27 16:19:00","2011-07-18 10:14:00",2,4,4,13,74.6500
16399,2011-12-10,"2011-04-18 13:46:00","2011-11-20 16:12:00",20,2,71,67,245,406.2200,203.1100,NULL,NULL,0,0,0,0,0.0000
16400,2011-12-10,"2011-09-06 12:27:00","2011-09-06 12:27:00",95,1,29,28,172,303.9300,303.9300,NULL,NULL,0,0,0,0,0.0000
16401,2011-12-10,"2011-01-16 10:56:00","2011-12-08 18:15:00",2,12,186,66,3882,4098.3200,341.5267,"2011-05-01 11:58:00","2011-10-04 17:51:00",7,11,7,23,35.1300
16402,2011-12-10,"2010-12-05 13:42:00","2011-03-20 12:25:00",265,2,57,55,146,293.4500,146.7250,NULL,NULL,0,0,0,0,0.0000
16403,2011-12-10,"2011-01-31 13:39:00","2011-01-31 13:39:00",313,1,10,10,114,177.5000,177.5000,"2011-02-10 16:40:00","2011-02-10 16:40:00",1,5,5,11,16.4500
16404,2011-12-10,"2011-09-30 14:55:00","2011-09-30 14:55:00",71,1,23,23,157,443.0500,443.0500,NULL,NULL,0,0,0,0,0.0000
16405,2011-12-10,"2011-02-02 17:08:00","2011-02-10 15:24:00",303,2,5,3,187,167.2500,83.6250,NULL,NULL,0,0,0,0,0.0000
16406,2011-12-10,"2011-11-21 11:57:00","2011-11-21 11:57:00",19,1,58,54,116,154.3500,154.3500,NULL,NULL,0,0,0,0,0.0000
16407,2011-12-10,"2011-01-31 14:02:00","2011-11-27 11:05:00",13,10,168,99,1093,2079.6800,207.9680,NULL,NULL,0,0,0,0,0.0000
16409,2011-12-10,"2011-01-26 14:51:00","2011-11-03 16:45:00",37,5,231,145,1304,2022.9800,404.5960,NULL,NULL,0,0,0,0,0.0000
16411,2011-12-10,"2010-12-05 13:26:00","2011-11-20 13:23:00",20,2,44,41,131,211.7000,105.8500,NULL,NULL,0,0,0,0,0.0000
16412,2011-12-10,"2011-10-17 12:35:00","2011-10-17 12:35:00",54,1,30,25,63,135.9900,135.9900,NULL,NULL,0,0,0,0,0.0000
16413,2011-12-10,"2011-10-14 12:08:00","2011-10-14 12:08:00",57,1,31,30,148,262.2000,262.2000,NULL,NULL,0,0,0,0,0.0000
16414,2011-12-10,"2011-03-04 13:27:00","2011-11-18 09:42:00",22,2,7,5,27,126.2500,63.1250,NULL,NULL,0,0,0,0,0.0000
16415,2011-12-10,"2011-10-26 13:35:00","2011-10-26 13:35:00",45,1,47,45,178,200.2700,200.2700,NULL,NULL,0,0,0,0,0.0000
16416,2011-12-10,"2011-10-14 13:35:00","2011-11-13 12:50:00",27,3,71,59,672,1051.4000,350.4667,"2011-11-07 13:06:00","2011-11-07 13:06:00",1,1,1,16,20.0000
16418,2011-12-10,"2011-04-27 16:54:00","2011-10-26 12:39:00",45,3,95,76,280,631.1200,210.3733,NULL,NULL,0,0,0,0,0.0000
16419,2011-12-10,"2011-02-01 12:25:00","2011-08-19 12:33:00",113,6,50,36,428,958.7100,159.7850,"2011-03-11 11:18:00","2011-03-11 11:18:00",1,1,1,1,12.7500
16422,2011-12-10,"2010-12-05 15:35:00","2011-11-22 14:00:00",18,51,369,68,33704,34684.4000,680.0863,"2010-12-14 10:23:00","2011-08-31 17:45:00",12,13,8,843,486.4600
16423,2011-12-10,"2011-11-15 09:21:00","2011-11-15 09:21:00",25,1,18,18,230,346.1200,346.1200,NULL,NULL,0,0,0,0,0.0000
16424,2011-12-10,"2011-06-01 13:40:00","2011-06-01 13:40:00",192,1,5,5,88,133.5600,133.5600,"2011-01-06 13:56:00","2011-01-06 13:56:00",1,1,1,6,51.0000
16425,2011-12-10,"2011-02-10 14:30:00","2011-02-10 14:30:00",303,1,21,21,199,302.7000,302.7000,NULL,NULL,0,0,0,0,0.0000
16426,2011-12-10,"2011-03-08 15:45:00","2011-12-07 14:01:00",3,10,353,211,1215,1863.7600,186.3760,NULL,NULL,0,0,0,0,0.0000
16427,2011-12-10,"2011-02-28 15:18:00","2011-03-21 17:10:00",264,2,9,8,156,241.0600,120.5300,NULL,NULL,0,0,0,0,0.0000
16429,2011-12-10,"2011-08-25 13:54:00","2011-08-25 13:54:00",107,1,2,2,9,284.5500,284.5500,NULL,NULL,0,0,0,0,0.0000
16430,2011-12-10,"2011-10-13 14:47:00","2011-10-13 14:47:00",58,1,6,6,103,300.8500,300.8500,NULL,NULL,0,0,0,0,0.0000
16431,2011-12-10,"2011-02-15 14:02:00","2011-05-10 14:09:00",214,3,76,51,442,623.2800,207.7600,NULL,NULL,0,0,0,0,0.0000
16432,2011-12-10,"2011-10-06 13:59:00","2011-10-06 13:59:00",65,1,8,8,276,287.4000,287.4000,NULL,NULL,0,0,0,0,0.0000
16433,2011-12-10,"2011-11-11 14:09:00","2011-11-11 14:09:00",29,1,17,17,106,184.2600,184.2600,NULL,NULL,0,0,0,0,0.0000
16434,2011-12-10,"2011-02-13 12:17:00","2011-11-10 14:28:00",30,7,107,88,760,1511.8000,215.9714,NULL,NULL,0,0,0,0,0.0000
16438,2011-12-10,"2011-09-18 13:31:00","2011-12-04 10:51:00",6,5,132,74,463,798.3500,159.6700,NULL,NULL,0,0,0,0,0.0000
16440,2011-12-10,"2011-05-09 12:25:00","2011-12-02 12:02:00",8,5,282,186,2018,3640.6700,728.1340,NULL,NULL,0,0,0,0,0.0000
16441,2011-12-10,"2011-02-21 17:35:00","2011-10-03 17:48:00",68,2,24,22,173,381.2000,190.6000,NULL,NULL,0,0,0,0,0.0000
16442,2011-12-10,"2010-12-14 10:46:00","2011-12-08 11:43:00",2,3,171,161,443,609.3000,203.1000,NULL,NULL,0,0,0,0,0.0000
16444,2011-12-10,"2011-03-20 12:14:00","2011-10-24 13:50:00",47,4,84,68,407,654.6700,163.6675,"2011-03-20 12:11:00","2011-03-20 12:11:00",1,1,1,1,8.9500
16445,2011-12-10,"2011-11-06 12:32:00","2011-11-06 12:32:00",34,1,63,62,111,230.5100,230.5100,NULL,NULL,0,0,0,0,0.0000
16446,2011-12-10,"2011-05-18 09:52:00","2011-12-09 09:15:00",1,2,3,3,80997,168472.5000,84236.2500,"2011-12-09 09:27:00","2011-12-09 09:27:00",1,1,1,80995,168469.6000
16447,2011-12-10,"2011-07-27 12:45:00","2011-07-27 12:45:00",136,1,34,34,221,255.9100,255.9100,NULL,NULL,0,0,0,0,0.0000
16448,2011-12-10,"2011-05-25 16:28:00","2011-05-25 16:28:00",199,1,19,19,76,182.9900,182.9900,NULL,NULL,0,0,0,0,0.0000
16449,2011-12-10,"2011-03-04 12:15:00","2011-05-26 10:25:00",198,2,40,40,367,707.6900,353.8450,"2011-06-02 11:07:00","2011-06-02 11:07:00",1,3,3,8,33.0000
16450,2011-12-10,"2011-07-13 11:47:00","2011-07-13 11:47:00",150,1,11,11,200,311.9200,311.9200,NULL,NULL,0,0,0,0,0.0000
16451,2011-12-10,"2011-09-13 09:17:00","2011-09-13 09:17:00",88,1,14,14,120,266.9700,266.9700,NULL,NULL,0,0,0,0,0.0000
16454,2011-12-10,"2011-10-06 16:57:00","2011-10-06 16:57:00",65,1,1,1,2,5.9000,5.9000,NULL,NULL,0,0,0,0,0.0000
16455,2011-12-10,"2010-12-03 16:44:00","2011-10-07 12:17:00",64,7,99,69,988,1841.1800,263.0257,NULL,NULL,0,0,0,0,0.0000
16456,2011-12-10,"2010-12-01 14:11:00","2011-09-01 13:50:00",100,5,110,80,1147,2158.1800,431.6360,NULL,NULL,0,0,0,0,0.0000
16457,2011-12-10,"2011-05-05 13:19:00","2011-05-05 13:19:00",219,1,9,9,140,208.3600,208.3600,NULL,NULL,0,0,0,0,0.0000
16458,2011-12-10,"2010-12-14 11:51:00","2011-12-07 09:34:00",3,18,202,52,2154,3482.7400,193.4856,NULL,NULL,0,0,0,0,0.0000
16460,2011-12-10,"2011-09-19 10:15:00","2011-11-11 13:46:00",29,3,132,128,876,811.2300,270.4100,NULL,NULL,0,0,0,0,0.0000
16461,2011-12-10,"2011-06-15 12:07:00","2011-06-15 12:07:00",178,1,32,31,48,142.9200,142.9200,NULL,NULL,0,0,0,0,0.0000
16462,2011-12-10,"2011-03-01 08:58:00","2011-09-27 10:24:00",74,3,3,1,16,136.0000,45.3333,"2011-10-06 18:16:00","2011-10-06 18:16:00",1,1,1,4,34.0000
16463,2011-12-10,"2011-05-19 14:45:00","2011-11-18 14:01:00",22,4,82,74,1163,1422.4000,355.6000,"2011-05-27 09:17:00","2011-11-04 13:25:00",3,3,2,28,38.7000
16464,2011-12-10,"2011-07-20 13:53:00","2011-11-20 12:11:00",20,3,230,152,952,1298.6600,432.8867,NULL,NULL,0,0,0,0,0.0000
16466,2011-12-10,"2011-02-20 11:39:00","2011-11-06 11:35:00",34,7,146,103,785,1595.9600,227.9943,NULL,NULL,0,0,0,0,0.0000
16468,2011-12-10,"2011-09-26 14:13:00","2011-09-26 14:13:00",75,1,2,2,31,74.9000,74.9000,NULL,NULL,0,0,0,0,0.0000
16469,2011-12-10,"2011-04-07 13:11:00","2011-11-16 12:25:00",24,4,171,148,260,625.4200,156.3550,NULL,NULL,0,0,0,0,0.0000
16470,2011-12-10,"2010-12-16 11:53:00","2011-10-19 12:11:00",52,4,164,120,522,752.7700,188.1925,"2010-12-16 11:10:00","2010-12-16 11:10:00",1,1,1,1,4.9500
16471,2011-12-10,"2011-03-10 09:41:00","2011-03-10 09:41:00",275,1,13,13,141,223.9500,223.9500,NULL,NULL,0,0,0,0,0.0000
16473,2011-12-10,"2011-01-07 10:55:00","2011-06-28 09:10:00",165,3,18,18,196,316.1100,105.3700,"2011-03-02 17:11:00","2011-03-02 17:11:00",1,1,1,1,1.2500
16474,2011-12-10,"2011-07-17 14:51:00","2011-12-02 13:02:00",8,7,336,236,907,1810.4900,258.6414,"2011-09-01 17:22:00","2011-11-22 12:40:00",4,8,8,25,60.0300
16475,2011-12-10,"2011-03-11 09:39:00","2011-09-12 14:37:00",89,4,28,23,319,544.3000,136.0750,NULL,NULL,0,0,0,0,0.0000
16477,2011-12-10,"2010-12-03 12:48:00","2011-10-07 09:44:00",64,7,146,111,1415,2494.4600,356.3514,NULL,NULL,0,0,0,0,0.0000
16478,2011-12-10,"2011-10-05 12:02:00","2011-11-14 15:51:00",26,3,17,15,224,331.0000,110.3333,NULL,NULL,0,0,0,0,0.0000
16479,2011-12-10,"2011-11-29 13:04:00","2011-11-29 13:40:00",11,2,35,35,102,300.8300,150.4150,NULL,NULL,0,0,0,0,0.0000
16480,2011-12-10,"2011-09-25 11:40:00","2011-09-25 11:40:00",76,1,53,51,455,769.2900,769.2900,NULL,NULL,0,0,0,0,0.0000
16482,2011-12-10,"2011-11-24 12:33:00","2011-11-24 12:33:00",16,1,18,18,346,220.6200,220.6200,NULL,NULL,0,0,0,0,0.0000
16483,2011-12-10,"2011-05-31 13:08:00","2011-05-31 13:08:00",193,1,19,19,44,139.3500,139.3500,NULL,NULL,0,0,0,0,0.0000
16484,2011-12-10,"2011-06-02 10:39:00","2011-06-19 12:06:00",174,2,24,24,199,389.3000,194.6500,"2011-06-03 13:21:00","2011-06-03 13:21:00",1,1,1,6,24.9000
16485,2011-12-10,"2011-09-23 15:50:00","2011-09-23 15:50:00",78,1,42,41,235,363.6500,363.6500,NULL,NULL,0,0,0,0,0.0000
16488,2011-12-10,"2011-07-14 11:46:00","2011-11-06 13:42:00",34,3,29,28,728,498.8000,166.2667,"2011-07-19 12:00:00","2011-07-19 12:00:00",1,2,2,4,6.6000
16491,2011-12-10,"2011-10-24 10:18:00","2011-10-24 10:18:00",47,1,39,39,478,731.5000,731.5000,NULL,NULL,0,0,0,0,0.0000
16493,2011-12-10,"2011-01-14 08:16:00","2011-09-21 11:10:00",80,4,56,40,1164,1351.6300,337.9075,"2011-08-25 09:29:00","2011-09-28 11:13:00",2,6,3,51,21.9700
16494,2011-12-10,"2011-02-16 12:49:00","2011-02-16 12:49:00",297,1,50,47,675,826.5300,826.5300,NULL,NULL,0,0,0,0,0.0000
16495,2011-12-10,"2011-03-08 16:38:00","2011-12-06 13:20:00",4,3,88,78,328,648.2600,216.0867,NULL,NULL,0,0,0,0,0.0000
16496,2011-12-10,"2011-01-27 09:42:00","2011-12-01 10:31:00",9,3,95,92,1111,1599.5200,533.1733,"2011-06-01 16:29:00","2011-06-01 16:29:00",1,2,2,20,37.3000
16497,2011-12-10,"2011-01-10 13:20:00","2011-10-21 10:55:00",50,6,136,128,1396,2965.6900,494.2817,NULL,NULL,0,0,0,0,0.0000
16498,2011-12-10,"2011-06-30 19:52:00","2011-07-01 15:07:00",162,2,15,15,45,100.9700,50.4850,"2011-07-01 15:06:00","2011-07-01 15:06:00",1,1,1,3,14.8500
16499,2011-12-10,"2010-12-10 10:27:00","2010-12-14 13:31:00",361,2,19,18,127,365.4500,182.7250,"2010-12-09 14:48:00","2010-12-14 15:20:00",3,3,3,5,46.3500
16500,2011-12-10,"2011-01-13 10:28:00","2011-12-05 12:04:00",5,6,11,8,123,400.8600,66.8100,NULL,NULL,0,0,0,0,0.0000
16503,2011-12-10,"2010-12-14 13:50:00","2011-08-25 11:46:00",107,4,84,71,569,1431.9300,357.9825,"2010-12-16 15:36:00","2010-12-16 15:36:00",1,2,2,2,10.5000
16504,2011-12-10,"2011-11-14 15:18:00","2011-11-14 15:18:00",26,1,83,76,510,465.8800,465.8800,NULL,NULL,0,0,0,0,0.0000
16505,2011-12-10,"2011-11-08 12:14:00","2011-11-08 12:14:00",32,1,4,4,576,777.6000,777.6000,NULL,NULL,0,0,0,0,0.0000
16506,2011-12-10,"2011-10-30 15:50:00","2011-11-20 12:17:00",20,2,3,3,42,90.3000,45.1500,NULL,NULL,0,0,0,0,0.0000
16509,2011-12-10,"2011-02-16 09:25:00","2011-02-16 09:25:00",297,1,13,13,64,363.7000,363.7000,NULL,NULL,0,0,0,0,0.0000
16510,2011-12-10,"2010-12-02 13:39:00","2010-12-02 13:39:00",373,1,13,13,92,248.1000,248.1000,NULL,NULL,0,0,0,0,0.0000
16511,2011-12-10,"2011-03-18 11:24:00","2011-11-18 10:41:00",22,3,158,134,401,916.3300,305.4433,NULL,NULL,0,0,0,0,0.0000
16513,2011-12-10,"2011-10-27 14:56:00","2011-12-05 10:18:00",5,4,35,33,407,874.5900,218.6475,NULL,NULL,0,0,0,0,0.0000
16515,2011-12-10,"2011-02-01 13:09:00","2011-10-18 13:10:00",53,5,111,89,826,1624.1400,324.8280,NULL,NULL,0,0,0,0,0.0000
16516,2011-12-10,"2011-11-09 14:59:00","2011-11-09 14:59:00",31,1,6,6,58,101.7000,101.7000,NULL,NULL,0,0,0,0,0.0000
16517,2011-12-10,"2011-03-07 13:50:00","2011-03-07 13:50:00",278,1,17,17,96,162.7000,162.7000,NULL,NULL,0,0,0,0,0.0000
16518,2011-12-10,"2011-02-28 16:36:00","2011-10-09 15:04:00",62,2,40,36,327,484.3200,242.1600,"2011-03-14 16:42:00","2011-03-14 16:42:00",1,2,2,2,3.4000
16519,2011-12-10,"2010-12-09 14:08:00","2011-11-14 15:41:00",26,2,12,12,53,212.9800,106.4900,NULL,NULL,0,0,0,0,0.0000
16520,2011-12-10,"2010-12-09 13:08:00","2011-06-06 13:24:00",187,3,156,129,558,1046.5700,348.8567,"2011-06-06 13:22:00","2011-06-06 13:22:00",1,1,1,1,9.9500
16523,2011-12-10,"2011-01-28 12:06:00","2011-12-08 09:06:00",2,21,290,151,4265,9418.4700,448.4986,"2011-05-23 17:13:00","2011-12-06 11:05:00",7,8,5,32,122.8000
16525,2011-12-10,"2010-12-08 11:31:00","2011-12-07 15:07:00",3,26,183,75,7397,13027.4500,501.0558,"2011-05-10 10:51:00","2011-08-03 14:22:00",3,17,17,904,1131.8800
16526,2011-12-10,"2011-06-21 12:02:00","2011-06-21 12:02:00",172,1,15,15,106,290.3600,290.3600,NULL,NULL,0,0,0,0,0.0000
16527,2011-12-10,"2011-09-19 16:21:00","2011-09-19 16:21:00",82,1,14,14,106,228.0600,228.0600,NULL,NULL,0,0,0,0,0.0000
16528,2011-12-10,"2011-12-06 12:45:00","2011-12-06 12:45:00",4,1,17,17,171,244.4100,244.4100,NULL,NULL,0,0,0,0,0.0000
16529,2011-12-10,"2011-06-02 17:23:00","2011-06-02 17:23:00",191,1,30,30,198,455.2500,455.2500,NULL,NULL,0,0,0,0,0.0000
16531,2011-12-10,"2010-12-14 13:19:00","2011-11-17 16:29:00",23,7,77,68,915,1244.5900,177.7986,NULL,NULL,0,0,0,0,0.0000
16532,2011-12-10,"2011-01-05 12:37:00","2011-11-22 11:08:00",18,3,4,2,2016,6748.8000,2249.6000,NULL,NULL,0,0,0,0,0.0000
16533,2011-12-10,"2011-10-02 15:07:00","2011-11-20 13:08:00",20,3,176,112,611,1082.8100,360.9367,"2011-10-16 14:26:00","2011-10-19 14:18:00",2,4,4,98,68.6200
16535,2011-12-10,"2011-12-04 15:18:00","2011-12-04 15:18:00",6,1,31,31,356,593.7500,593.7500,NULL,NULL,0,0,0,0,0.0000
16536,2011-12-10,"2011-08-21 15:54:00","2011-08-21 15:54:00",111,1,54,49,250,548.1200,548.1200,"2011-08-24 13:20:00","2011-08-24 13:20:00",1,1,1,1,9.9500
16539,2011-12-10,"2010-12-01 15:40:00","2011-12-07 08:41:00",3,4,45,36,477,1388.8100,347.2025,NULL,NULL,0,0,0,0,0.0000
16542,2011-12-10,"2011-10-17 10:47:00","2011-10-17 10:47:00",54,1,5,5,46,119.6200,119.6200,NULL,NULL,0,0,0,0,0.0000
16545,2011-12-10,"2011-06-28 10:37:00","2011-06-28 10:37:00",165,1,3,3,78,339.3000,339.3000,NULL,NULL,0,0,0,0,0.0000
16546,2011-12-10,"2010-12-02 12:07:00","2011-02-22 11:20:00",291,2,25,25,549,787.1500,393.5750,"2010-12-02 16:58:00","2010-12-02 16:58:00",1,6,6,852,883.0800
16549,2011-12-10,"2011-01-09 14:03:00","2011-11-29 15:06:00",11,10,925,445,2294,4034.9000,403.4900,NULL,NULL,0,0,0,0,0.0000
16550,2011-12-10,"2010-12-06 13:53:00","2011-08-23 11:12:00",109,5,251,162,1540,2298.9700,459.7940,"2010-12-06 13:17:00","2011-08-23 10:30:00",4,10,8,14,32.7200
16551,2011-12-10,"2011-01-07 10:24:00","2011-09-05 09:38:00",96,3,32,26,970,922.1200,307.3733,NULL,NULL,0,0,0,0,0.0000
16552,2011-12-10,"2010-12-01 12:36:00","2011-04-11 10:04:00",243,2,17,17,219,379.7300,189.8650,NULL,NULL,0,0,0,0,0.0000
16553,2011-12-10,"2010-12-14 13:58:00","2011-06-29 15:42:00",164,12,84,62,4600,5719.8200,476.6517,"2010-12-08 13:07:00","2011-04-12 15:40:00",2,2,2,5,55.2500
16554,2011-12-10,"2011-01-12 12:41:00","2011-10-28 14:51:00",43,3,52,51,402,837.1000,279.0333,"2011-01-12 12:40:00","2011-12-06 14:52:00",4,22,22,91,195.5500
16555,2011-12-10,"2011-08-22 12:32:00","2011-11-04 14:31:00",36,2,17,15,175,285.8900,142.9450,NULL,NULL,0,0,0,0,0.0000
16556,2011-12-10,"2010-12-14 13:32:00","2011-10-04 11:36:00",67,7,207,144,1890,3313.7900,473.3986,NULL,NULL,0,0,0,0,0.0000
16557,2011-12-10,"2011-07-25 13:28:00","2011-11-15 14:04:00",25,2,11,11,111,281.8500,140.9250,NULL,NULL,0,0,0,0,0.0000
16558,2011-12-10,"2010-12-08 12:01:00","2011-12-09 10:20:00",1,20,460,264,5377,8338.4900,416.9245,"2010-12-14 09:59:00","2011-07-28 11:23:00",4,14,12,31,81.4500
16560,2011-12-10,"2010-12-16 14:36:00","2011-11-13 10:35:00",27,2,56,52,500,841.4100,420.7050,"2011-11-18 17:05:00","2011-11-18 17:05:00",1,1,1,6,24.9000
16561,2011-12-10,"2011-10-11 09:53:00","2011-12-04 11:50:00",6,2,31,29,244,511.1200,255.5600,NULL,NULL,0,0,0,0,0.0000
16563,2011-12-10,"2011-10-17 11:51:00","2011-10-17 11:51:00",54,1,19,19,486,1077.7400,1077.7400,NULL,NULL,0,0,0,0,0.0000
16565,2011-12-10,"2010-12-10 15:21:00","2010-12-10 15:21:00",365,1,3,3,46,173.7000,173.7000,NULL,NULL,0,0,0,0,0.0000
16566,2011-12-10,"2011-02-20 10:29:00","2011-11-24 16:34:00",16,5,18,14,362,614.6600,122.9320,"2011-06-02 13:26:00","2011-06-02 13:26:00",1,1,1,1,0.6500
16567,2011-12-10,"2011-01-07 09:31:00","2011-05-29 13:57:00",195,2,35,34,996,865.6000,432.8000,NULL,NULL,0,0,0,0,0.0000
16569,2011-12-10,"2011-12-06 15:32:00","2011-12-06 15:32:00",4,1,5,5,93,124.2000,124.2000,NULL,NULL,0,0,0,0,0.0000
16570,2011-12-10,"2011-02-01 10:37:00","2011-11-24 17:02:00",16,10,126,68,2112,3738.4000,373.8400,"2010-12-14 10:53:00","2011-12-01 08:56:00",5,7,7,62,115.4500
16571,2011-12-10,"2011-03-03 09:41:00","2011-11-13 11:46:00",27,3,87,73,1239,1421.6900,473.8967,"2011-07-05 14:51:00","2011-12-06 14:07:00",2,19,17,63,136.4700
16572,2011-12-10,"2011-03-09 12:04:00","2011-08-04 16:34:00",128,3,57,40,532,1009.6000,336.5333,"2011-07-28 13:42:00","2011-07-28 13:42:00",1,1,1,2,9.9000
16573,2011-12-10,"2011-02-22 15:14:00","2011-09-16 09:13:00",85,2,42,40,360,663.6100,331.8050,"2011-03-02 16:38:00","2011-09-27 11:17:00",2,4,4,6,15.2000
16574,2011-12-10,"2011-09-29 13:39:00","2011-09-29 13:39:00",72,1,28,28,416,451.4400,451.4400,NULL,NULL,0,0,0,0,0.0000
16581,2011-12-10,"2011-06-10 10:05:00","2011-06-10 10:05:00",183,1,9,9,134,105.8400,105.8400,"2011-07-07 15:50:00","2011-07-07 15:50:00",1,2,2,12,35.4000
16582,2011-12-10,"2011-08-18 17:02:00","2011-08-18 17:02:00",114,1,6,6,164,313.6200,313.6200,NULL,NULL,0,0,0,0,0.0000
16583,2011-12-10,"2010-12-01 12:03:00","2010-12-01 12:03:00",374,1,14,14,111,233.4500,233.4500,NULL,NULL,0,0,0,0,0.0000
16584,2011-12-10,"2011-03-30 13:14:00","2011-09-20 13:45:00",81,2,28,25,646,936.0800,468.0400,"2011-04-07 12:18:00","2011-04-07 12:18:00",1,3,3,11,28.0500
16586,2011-12-10,"2011-04-05 09:32:00","2011-04-05 09:32:00",249,1,8,8,95,463.9500,463.9500,NULL,NULL,0,0,0,0,0.0000
16587,2011-12-10,"2011-04-21 15:51:00","2011-04-21 15:51:00",233,1,13,13,71,225.1500,225.1500,NULL,NULL,0,0,0,0,0.0000
16589,2011-12-10,"2011-07-01 13:31:00","2011-09-29 14:50:00",72,3,33,31,368,459.2400,153.0800,NULL,NULL,0,0,0,0,0.0000
16591,2011-12-10,"2011-10-02 10:43:00","2011-10-02 10:43:00",69,1,10,10,41,213.5000,213.5000,NULL,NULL,0,0,0,0,0.0000
16592,2011-12-10,"2011-02-25 10:19:00","2011-12-05 13:49:00",5,16,216,142,2927,4113.6800,257.1050,"2011-04-28 19:52:00","2011-10-27 14:50:00",3,6,6,13,40.4000
16593,2011-12-10,"2011-01-16 12:11:00","2011-10-20 12:41:00",51,3,27,24,116,330.0300,110.0100,NULL,NULL,0,0,0,0,0.0000
16594,2011-12-10,"2011-09-25 14:08:00","2011-09-25 14:08:00",76,1,53,53,64,181.0900,181.0900,NULL,NULL,0,0,0,0,0.0000
16595,2011-12-10,"2011-10-09 13:15:00","2011-10-09 13:15:00",62,1,85,83,335,360.1600,360.1600,NULL,NULL,0,0,0,0,0.0000
16596,2011-12-10,"2010-12-08 16:18:00","2011-11-24 10:02:00",16,2,12,12,97,250.1500,125.0750,NULL,NULL,0,0,0,0,0.0000
16597,2011-12-10,"2011-12-05 15:44:00","2011-12-05 15:44:00",5,1,7,7,184,90.0400,90.0400,NULL,NULL,0,0,0,0,0.0000
16598,2011-12-10,"2011-02-27 11:42:00","2011-02-27 11:42:00",286,1,10,10,73,145.0500,145.0500,"2011-03-07 13:42:00","2011-03-07 13:42:00",1,1,1,3,4.3500
16600,2011-12-10,"2011-01-05 12:13:00","2011-12-05 16:00:00",5,6,62,50,1145,813.5200,135.5867,NULL,NULL,0,0,0,0,0.0000
16601,2011-12-10,"2011-10-30 11:09:00","2011-10-30 11:09:00",41,1,29,28,130,241.5300,241.5300,NULL,NULL,0,0,0,0,0.0000
16602,2011-12-10,"2011-11-03 15:54:00","2011-11-03 15:54:00",37,1,29,29,336,528.0800,528.0800,"2011-11-08 16:18:00","2011-11-08 16:18:00",1,3,3,19,33.3500
16603,2011-12-10,"2011-09-09 13:02:00","2011-09-26 10:06:00",75,2,34,34,480,482.4700,241.2350,NULL,NULL,0,0,0,0,0.0000
16607,2011-12-10,"2010-12-16 08:41:00","2011-11-22 10:24:00",18,14,172,140,2859,3347.7100,239.1221,"2010-12-17 15:11:00","2011-08-24 10:45:00",2,2,2,37,309.0400
16609,2011-12-10,"2011-04-01 10:11:00","2011-11-24 13:32:00",16,7,276,155,2420,5493.4600,784.7800,"2011-08-09 14:31:00","2011-09-19 14:50:00",2,4,4,10,42.5000
16610,2011-12-10,"2011-05-04 13:13:00","2011-05-04 13:13:00",220,1,6,6,66,75.6600,75.6600,NULL,NULL,0,0,0,0,0.0000
16611,2011-12-10,"2011-06-06 15:46:00","2011-06-06 15:46:00",187,1,10,9,47,129.4900,129.4900,"2011-04-20 16:41:00","2011-04-20 16:41:00",1,1,1,1,8.5000
16612,2011-12-10,"2011-02-01 10:38:00","2011-11-07 07:38:00",33,4,66,48,506,1187.6600,296.9150,NULL,NULL,0,0,0,0,0.0000
16613,2011-12-10,"2011-09-30 15:52:00","2011-09-30 15:52:00",71,1,30,30,293,618.5900,618.5900,NULL,NULL,0,0,0,0,0.0000
16614,2011-12-10,"2011-06-10 11:36:00","2011-06-10 11:36:00",183,1,26,26,223,506.1900,506.1900,NULL,NULL,0,0,0,0,0.0000
16616,2011-12-10,"2011-07-05 13:38:00","2011-11-24 16:31:00",16,2,33,31,370,500.4200,250.2100,NULL,NULL,0,0,0,0,0.0000
16617,2011-12-10,"2011-04-18 10:35:00","2011-04-18 10:35:00",236,1,5,5,91,151.8500,151.8500,NULL,NULL,0,0,0,0,0.0000
16618,2011-12-10,"2011-01-21 11:55:00","2011-11-08 13:52:00",32,5,96,79,1363,2647.5900,529.5180,"2011-05-20 11:50:00","2011-05-20 11:50:00",1,1,1,1,16.9500
16619,2011-12-10,"2011-03-21 08:18:00","2011-03-21 08:18:00",264,1,14,14,133,226.2100,226.2100,"2011-03-31 12:20:00","2011-03-31 12:20:00",1,2,2,4,21.8000
16620,2011-12-10,"2011-03-24 10:37:00","2011-12-06 12:19:00",4,2,9,9,88,178.9600,89.4800,NULL,NULL,0,0,0,0,0.0000
16621,2011-12-10,"2011-03-07 11:32:00","2011-10-19 11:38:00",52,4,29,22,302,813.4800,203.3700,NULL,NULL,0,0,0,0,0.0000
16623,2011-12-10,"2011-04-08 10:09:00","2011-04-08 10:09:00",246,1,5,5,39,129.4500,129.4500,NULL,NULL,0,0,0,0,0.0000
16624,2011-12-10,"2011-05-26 14:20:00","2011-09-20 12:39:00",81,2,48,44,488,810.5700,405.2850,NULL,NULL,0,0,0,0,0.0000
16625,2011-12-10,"2011-03-10 12:50:00","2011-03-10 12:50:00",275,1,23,23,164,333.0800,333.0800,NULL,NULL,0,0,0,0,0.0000
16626,2011-12-10,"2011-03-18 12:27:00","2011-12-09 11:56:00",1,17,179,86,2690,4413.1000,259.5941,"2011-03-21 15:48:00","2011-09-28 11:51:00",3,5,3,20,33.4500
16627,2011-12-10,"2011-09-21 14:38:00","2011-09-21 14:38:00",80,1,20,20,162,322.8000,322.8000,NULL,NULL,0,0,0,0,0.0000
16628,2011-12-10,"2011-04-19 08:55:00","2011-11-10 12:45:00",30,5,117,79,1205,2188.0500,437.6100,"2011-08-02 16:20:00","2011-08-02 16:20:00",1,2,2,3,5.0100
16629,2011-12-10,"2011-09-04 16:12:00","2011-09-27 10:34:00",74,2,60,58,489,408.6300,204.3150,NULL,NULL,0,0,0,0,0.0000
16633,2011-12-10,"2011-04-19 14:36:00","2011-11-22 13:41:00",18,6,151,114,1137,2868.1000,478.0167,"2011-11-22 10:33:00","2011-11-22 10:33:00",1,1,1,1,4.9500
16634,2011-12-10,"2010-12-02 17:41:00","2011-05-01 12:09:00",223,2,9,9,82,217.9000,108.9500,NULL,NULL,0,0,0,0,0.0000
16637,2011-12-10,"2011-04-28 10:20:00","2011-11-07 13:17:00",33,4,69,66,927,1154.4700,288.6175,"2011-11-04 10:36:00","2011-11-04 10:36:00",1,3,3,36,29.8800
16638,2011-12-10,"2010-12-06 10:19:00","2011-11-17 11:09:00",23,10,94,92,1255,1680.7200,168.0720,"2011-03-31 13:03:00","2011-03-31 13:03:00",1,1,1,1,4.2500
16639,2011-12-10,"2011-04-18 09:31:00","2011-11-08 13:20:00",32,3,50,48,510,1257.5100,419.1700,"2011-11-14 13:47:00","2011-11-14 13:47:00",1,2,2,7,88.1300
16641,2011-12-10,"2011-08-26 12:49:00","2011-08-26 12:49:00",106,1,12,12,256,231.1000,231.1000,NULL,NULL,0,0,0,0,0.0000
16642,2011-12-10,"2011-05-16 12:35:00","2011-12-05 11:31:00",5,2,34,32,479,688.3300,344.1650,"2011-05-17 14:14:00","2011-05-17 14:14:00",1,1,1,1,8.5000
16643,2011-12-10,"2011-04-08 08:24:00","2011-04-08 08:24:00",246,1,27,27,269,487.5100,487.5100,NULL,NULL,0,0,0,0,0.0000
16644,2011-12-10,"2011-05-11 12:53:00","2011-06-15 12:39:00",178,2,62,62,826,833.7800,416.8900,NULL,NULL,0,0,0,0,0.0000
16647,2011-12-10,"2011-05-19 09:31:00","2011-06-23 11:47:00",170,2,14,12,146,214.0600,107.0300,NULL,NULL,0,0,0,0,0.0000
16648,2011-12-10,"2011-10-28 08:58:00","2011-10-28 08:58:00",43,1,19,19,281,290.6600,290.6600,"2011-11-01 09:52:00","2011-11-01 09:52:00",1,2,2,12,19.8000
16650,2011-12-10,"2011-09-29 09:51:00","2011-09-29 09:51:00",72,1,24,24,372,518.4200,518.4200,NULL,NULL,0,0,0,0,0.0000
16652,2011-12-10,"2011-03-11 13:13:00","2011-10-12 09:38:00",59,7,118,74,3283,6773.9700,967.7100,"2011-04-13 13:49:00","2011-10-17 11:43:00",4,5,4,16,119.7100
16653,2011-12-10,"2011-09-29 13:38:00","2011-11-23 14:51:00",17,2,69,67,733,1212.6600,606.3300,"2011-10-06 16:47:00","2011-10-06 16:47:00",1,7,7,10,45.7400
16654,2011-12-10,"2010-12-06 15:09:00","2011-07-21 15:23:00",142,4,29,29,282,601.2700,150.3175,"2011-05-03 12:40:00","2011-05-03 12:40:00",1,2,2,2,6.3000
16655,2011-12-10,"2011-01-12 10:16:00","2011-11-22 11:25:00",18,6,258,208,2363,3789.5200,631.5867,NULL,NULL,0,0,0,0,0.0000
16656,2011-12-10,"2010-12-10 11:23:00","2011-11-17 14:43:00",23,15,73,14,8894,8625.8000,575.0533,"2011-01-06 17:31:00","2011-11-04 13:06:00",6,7,5,21,57.5600
16657,2011-12-10,"2011-03-30 12:02:00","2011-11-30 11:48:00",10,4,192,158,1130,874.4300,218.6075,NULL,NULL,0,0,0,0,0.0000
16658,2011-12-10,"2010-12-06 13:47:00","2010-12-06 13:47:00",369,1,8,8,40,123.2400,123.2400,NULL,NULL,0,0,0,0,0.0000
16659,2011-12-10,"2011-06-03 15:03:00","2011-06-03 15:03:00",190,1,2,2,72,39.1200,39.1200,NULL,NULL,0,0,0,0,0.0000
16660,2011-12-10,"2011-01-24 12:44:00","2011-11-23 14:53:00",17,4,16,16,571,1267.6500,316.9125,"2011-11-23 13:02:00","2011-11-23 13:02:00",1,1,1,120,457.2000
16665,2011-12-10,"2010-12-12 14:03:00","2010-12-12 14:03:00",363,1,9,9,59,135.4000,135.4000,NULL,NULL,0,0,0,0,0.0000
16666,2011-12-10,"2011-11-20 14:01:00","2011-11-20 14:01:00",20,1,32,32,233,118.9800,118.9800,NULL,NULL,0,0,0,0,0.0000
16667,2011-12-10,"2011-02-28 12:57:00","2011-10-02 15:26:00",69,2,52,52,236,567.1800,283.5900,NULL,NULL,0,0,0,0,0.0000
16668,2011-12-10,"2011-02-28 12:46:00","2011-11-24 17:43:00",16,6,20,9,318,306.7200,51.1200,NULL,NULL,0,0,0,0,0.0000
16669,2011-12-10,"2011-09-22 14:13:00","2011-11-16 12:26:00",24,2,154,140,871,1344.4800,672.2400,NULL,NULL,0,0,0,0,0.0000
16670,2011-12-10,"2010-12-16 10:30:00","2011-11-23 09:34:00",17,11,252,179,2556,4095.9000,372.3545,"2011-01-14 17:13:00","2011-11-21 14:37:00",6,10,10,32,73.4400
16671,2011-12-10,"2011-06-28 11:20:00","2011-11-11 13:40:00",29,3,6,3,875,1692.2700,564.0900,NULL,NULL,0,0,0,0,0.0000
16672,2011-12-10,"2011-03-18 10:15:00","2011-12-07 16:29:00",3,20,114,22,2832,8134.9400,406.7470,"2011-05-10 14:03:00","2011-08-09 14:29:00",3,3,3,20,41.3500
16674,2011-12-10,"2011-09-02 13:59:00","2011-10-16 11:31:00",55,2,93,89,181,304.2400,152.1200,NULL,NULL,0,0,0,0,0.0000
16676,2011-12-10,"2011-01-06 13:00:00","2011-11-06 12:01:00",34,4,89,75,636,1592.1200,398.0300,"2011-05-19 09:57:00","2011-05-19 09:57:00",1,3,3,5,33.4000
16678,2011-12-10,"2011-03-02 09:24:00","2011-12-07 12:17:00",3,12,163,92,2397,3109.9900,259.1658,"2011-03-06 10:49:00","2011-11-18 10:27:00",3,5,4,27,84.7500
16679,2011-12-10,"2010-12-08 13:51:00","2010-12-08 13:51:00",367,1,3,3,29,129.7500,129.7500,NULL,NULL,0,0,0,0,0.0000
16680,2011-12-10,"2011-10-27 17:35:00","2011-10-27 17:35:00",44,1,10,10,94,183.7000,183.7000,NULL,NULL,0,0,0,0,0.0000
16681,2011-12-10,"2011-03-31 13:46:00","2011-09-28 11:11:00",73,6,44,18,1407,1770.3400,295.0567,NULL,NULL,0,0,0,0,0.0000
16682,2011-12-10,"2011-06-05 11:02:00","2011-12-05 12:13:00",5,5,30,15,1040,1028.0000,205.6000,NULL,NULL,0,0,0,0,0.0000
16684,2011-12-10,"2010-12-16 17:34:00","2011-12-05 14:06:00",5,28,277,119,50255,66653.5600,2380.4843,"2011-02-16 15:47:00","2011-06-20 16:13:00",3,4,4,865,761.4800
16685,2011-12-10,"2011-10-09 13:44:00","2011-10-09 13:58:00",62,2,62,60,396,324.2400,162.1200,NULL,NULL,0,0,0,0,0.0000
16686,2011-12-10,"2010-12-19 14:41:00","2011-10-23 13:49:00",48,7,544,406,1977,2959.8800,422.8400,"2010-12-19 14:43:00","2011-02-07 10:44:00",2,3,3,5,19.3500
16688,2011-12-10,"2011-10-10 12:23:00","2011-12-08 15:24:00",2,4,62,52,804,1260.8600,315.2150,NULL,NULL,0,0,0,0,0.0000
16689,2011-12-10,"2011-09-18 13:29:00","2011-09-25 11:39:00",76,2,13,12,330,422.6000,211.3000,"2011-09-25 10:43:00","2011-09-25 10:43:00",1,2,2,18,67.5000
16690,2011-12-10,"2011-05-22 10:53:00","2011-09-28 15:02:00",73,2,12,10,138,225.5800,112.7900,"2011-10-27 10:58:00","2011-10-27 10:58:00",1,1,1,1,16.9500
16692,2011-12-10,"2011-02-23 15:41:00","2011-03-28 14:46:00",257,2,2,1,151,1126.0000,563.0000,NULL,NULL,0,0,0,0,0.0000
16693,2011-12-10,"2011-03-13 11:06:00","2011-10-02 11:10:00",69,2,59,58,203,477.8600,238.9300,NULL,NULL,0,0,0,0,0.0000
16696,2011-12-10,"2011-04-05 15:20:00","2011-07-27 14:23:00",136,4,10,7,146,657.9000,164.4750,NULL,NULL,0,0,0,0,0.0000
16697,2011-12-10,"2011-04-12 17:12:00","2011-04-12 17:12:00",242,1,21,20,27,112.7500,112.7500,NULL,NULL,0,0,0,0,0.0000
16698,2011-12-10,"2011-03-31 13:33:00","2011-04-27 10:52:00",227,2,5,4,840,1998.0000,999.0000,NULL,NULL,0,0,0,0,0.0000
16700,2011-12-10,"2010-12-08 16:34:00","2011-12-01 11:00:00",9,13,308,159,4024,5076.5500,390.5038,"2011-04-01 11:20:00","2011-07-01 15:09:00",4,4,3,5,36.5500
16701,2011-12-10,"2010-12-13 11:51:00","2011-12-01 11:10:00",9,13,144,99,6393,5398.3000,415.2538,"2011-02-23 12:05:00","2011-07-14 10:27:00",5,10,10,182,248.0300
16705,2011-12-10,"2010-12-16 10:51:00","2011-12-09 12:08:00",1,20,270,133,5476,14034.9900,701.7495,"2010-12-20 11:56:00","2011-12-05 16:26:00",9,14,12,18,88.8600
16706,2011-12-10,"2011-08-17 15:53:00","2011-11-02 13:50:00",38,3,123,108,249,531.3500,177.1167,NULL,NULL,0,0,0,0,0.0000
16708,2011-12-10,"2011-10-25 12:20:00","2011-10-25 12:20:00",46,1,27,27,285,656.6300,656.6300,NULL,NULL,0,0,0,0,0.0000
16709,2011-12-10,"2011-03-03 10:55:00","2011-09-16 10:56:00",85,5,79,64,851,3029.8700,605.9740,NULL,NULL,0,0,0,0,0.0000
16710,2011-12-10,"2010-12-06 13:13:00","2011-11-20 14:50:00",20,10,394,268,1823,2467.9900,246.7990,NULL,NULL,0,0,0,0,0.0000
16711,2011-12-10,"2010-12-17 12:43:00","2011-12-06 16:32:00",4,5,22,18,833,1651.0300,330.2060,NULL,NULL,0,0,0,0,0.0000
16712,2011-12-10,"2011-03-08 15:07:00","2011-11-30 13:48:00",10,11,437,258,1727,3603.6600,327.6055,NULL,NULL,0,0,0,0,0.0000
16713,2011-12-10,"2010-12-08 13:01:00","2011-11-21 12:36:00",19,15,619,338,4271,6910.7800,460.7187,"2010-12-08 12:03:00","2011-09-27 12:13:00",6,8,8,12,82.9000
16714,2011-12-10,"2011-01-26 13:40:00","2011-01-26 13:46:00",318,2,86,76,588,1114.0600,557.0300,"2011-01-26 13:44:00","2011-01-26 13:44:00",1,1,1,2,250.0000
16715,2011-12-10,"2011-09-22 18:15:00","2011-09-22 18:15:00",79,1,19,19,642,301.7200,301.7200,NULL,NULL,0,0,0,0,0.0000
16716,2011-12-10,"2011-02-01 15:35:00","2011-03-18 10:03:00",267,2,2,1,120,901.2000,450.6000,"2011-02-10 10:00:00","2011-02-10 10:00:00",1,1,1,76,581.4000
16717,2011-12-10,"2010-12-08 16:48:00","2011-11-16 12:16:00",24,6,198,176,1860,3843.0800,640.5133,"2011-02-02 14:44:00","2011-11-30 17:42:00",3,37,37,298,580.0200
16718,2011-12-10,"2010-12-05 13:03:00","2010-12-05 13:03:00",370,1,44,41,407,606.0500,606.0500,NULL,NULL,0,0,0,0,0.0000
16719,2011-12-10,"2010-12-06 12:06:00","2011-11-25 09:27:00",15,7,196,107,1175,1770.2200,252.8886,"2011-02-24 11:06:00","2011-02-24 11:06:00",1,2,2,2,16.5000
16720,2011-12-10,"2011-11-13 16:22:00","2011-11-13 16:22:00",27,1,25,25,180,152.9500,152.9500,NULL,NULL,0,0,0,0,0.0000
16721,2011-12-10,"2011-03-22 16:08:00","2011-03-22 16:08:00",263,1,37,37,172,292.4700,292.4700,NULL,NULL,0,0,0,0,0.0000
16722,2011-12-10,"2010-12-06 12:59:00","2011-11-22 13:28:00",18,13,225,96,5001,4730.8100,363.9085,"2010-12-14 11:27:00","2011-08-25 14:24:00",3,3,3,12,19.6000
16723,2011-12-10,"2011-08-24 11:31:00","2011-09-09 13:01:00",92,2,42,37,398,576.4000,288.2000,NULL,NULL,0,0,0,0,0.0000
16725,2011-12-10,"2010-12-03 16:02:00","2011-02-10 16:52:00",303,6,144,109,287,756.8200,126.1367,"2011-02-04 14:06:00","2011-02-04 14:06:00",1,1,1,1,5.9500
16726,2011-12-10,"2010-12-13 13:28:00","2011-11-13 14:53:00",27,5,178,121,945,1358.7400,271.7480,NULL,NULL,0,0,0,0,0.0000
16727,2011-12-10,"2010-12-10 13:48:00","2010-12-10 13:48:00",365,1,44,41,167,256.3200,256.3200,NULL,NULL,0,0,0,0,0.0000
16728,2011-12-10,"2011-03-20 13:28:00","2011-10-24 14:36:00",47,4,263,218,671,1048.2800,262.0700,NULL,NULL,0,0,0,0,0.0000
16729,2011-12-10,"2011-04-12 14:22:00","2011-11-01 14:29:00",39,21,655,233,5718,7202.0100,342.9529,"2011-06-02 11:13:00","2011-11-03 19:11:00",5,7,7,12,156.6000
16730,2011-12-10,"2011-01-24 14:01:00","2011-10-18 14:11:00",53,3,82,75,994,743.1100,247.7033,"2011-02-11 10:40:00","2011-02-11 10:40:00",1,2,2,96,40.3200
16732,2011-12-10,"2011-11-08 09:54:00","2011-11-08 09:54:00",32,1,28,28,317,603.7500,603.7500,NULL,NULL,0,0,0,0,0.0000
16734,2011-12-10,"2011-08-17 15:00:00","2011-10-18 13:44:00",53,3,52,44,345,646.7600,215.5867,NULL,NULL,0,0,0,0,0.0000
16735,2011-12-10,"2011-01-09 12:53:00","2011-09-22 11:49:00",79,5,116,88,1532,2247.4100,449.4820,"2011-04-18 14:16:00","2011-09-07 09:07:00",2,3,2,19,31.3500
16737,2011-12-10,"2011-10-17 13:03:00","2011-10-17 13:03:00",54,1,1,1,288,417.6000,417.6000,NULL,NULL,0,0,0,0,0.0000
16738,2011-12-10,"2011-02-15 09:46:00","2011-02-15 09:46:00",298,1,1,1,3,3.7500,3.7500,NULL,NULL,0,0,0,0,0.0000
16739,2011-12-10,"2011-06-16 09:17:00","2011-06-16 09:17:00",177,1,13,13,172,323.0000,323.0000,"2011-06-20 17:15:00","2011-06-20 17:15:00",1,3,3,3,10.4500
16743,2011-12-10,"2010-12-16 12:15:00","2011-11-10 13:13:00",30,7,190,89,2035,2213.1300,316.1614,"2011-08-05 17:08:00","2011-08-05 17:08:00",1,2,2,37,46.2500
16744,2011-12-10,"2011-06-19 15:13:00","2011-11-28 13:06:00",12,7,236,198,798,1291.9100,184.5586,NULL,NULL,0,0,0,0,0.0000
16745,2011-12-10,"2011-02-01 11:31:00","2011-09-14 11:58:00",87,17,355,148,6719,7180.7000,422.3941,"2011-06-14 13:26:00","2011-06-14 13:26:00",1,1,1,8,23.6000
16746,2011-12-10,"2010-12-16 11:43:00","2011-12-05 12:33:00",5,18,444,234,4660,6680.1100,371.1172,"2011-07-01 12:11:00","2011-07-01 12:11:00",1,3,3,3,3.3500
16747,2011-12-10,"2011-10-03 10:18:00","2011-11-02 11:37:00",38,2,42,34,583,836.0600,418.0300,"2011-10-06 19:26:00","2011-11-14 13:37:00",2,3,2,6,9.1000
16748,2011-12-10,"2011-01-09 13:50:00","2011-11-22 10:17:00",18,5,69,42,880,1515.9000,303.1800,NULL,NULL,0,0,0,0,0.0000
16750,2011-12-10,"2011-04-21 16:53:00","2011-10-26 12:48:00",45,5,95,74,214,623.9300,124.7860,NULL,NULL,0,0,0,0,0.0000
16751,2011-12-10,"2011-11-09 10:48:00","2011-11-09 10:48:00",31,1,25,24,1031,1764.7200,1764.7200,NULL,NULL,0,0,0,0,0.0000
16752,2011-12-10,"2010-12-02 12:18:00","2010-12-02 12:18:00",373,1,9,9,54,207.5000,207.5000,NULL,NULL,0,0,0,0,0.0000
16753,2011-12-10,"2011-10-12 13:14:00","2011-10-12 13:14:00",59,1,34,34,189,223.9200,223.9200,NULL,NULL,0,0,0,0,0.0000
16754,2011-12-10,"2010-12-02 17:38:00","2010-12-02 17:38:00",373,1,2,2,4280,2002.4000,2002.4000,NULL,NULL,0,0,0,0,0.0000
16755,2011-12-10,"2011-01-28 10:47:00","2011-08-17 13:21:00",115,3,165,133,1058,1475.4300,491.8100,"2011-08-17 13:14:00","2011-08-17 13:16:00",2,6,6,6,12.2000
16756,2011-12-10,"2011-05-09 09:33:00","2011-05-09 09:33:00",215,1,13,13,106,239.4000,239.4000,NULL,NULL,0,0,0,0,0.0000
16757,2011-12-10,"2011-01-25 11:59:00","2011-01-25 11:59:00",319,1,7,7,81,106.8300,106.8300,NULL,NULL,0,0,0,0,0.0000
16758,2011-12-10,"2011-10-05 14:47:00","2011-10-05 14:47:00",66,1,22,22,203,369.3400,369.3400,NULL,NULL,0,0,0,0,0.0000
16759,2011-12-10,"2011-11-09 09:06:00","2011-12-02 12:42:00",8,3,42,40,609,789.7900,263.2633,"2011-11-29 16:19:00","2011-11-29 16:19:00",1,1,1,1,16.9500
16761,2011-12-10,"2011-09-04 11:15:00","2011-09-04 11:15:00",97,1,13,13,341,316.6200,316.6200,NULL,NULL,0,0,0,0,0.0000
16762,2011-12-10,"2011-07-18 12:52:00","2011-11-20 11:43:00",20,3,63,51,480,1207.2400,402.4133,NULL,NULL,0,0,0,0,0.0000
16763,2011-12-10,"2011-05-25 11:52:00","2011-05-25 11:52:00",199,1,23,23,319,611.8500,611.8500,"2011-06-07 14:24:00","2011-06-07 14:24:00",1,1,1,1,16.9500
16764,2011-12-10,"2011-07-19 17:17:00","2011-12-06 11:41:00",4,13,700,209,1253,2790.9500,214.6885,"2011-10-28 11:54:00","2011-12-06 11:23:00",5,12,12,12,41.0000
16765,2011-12-10,"2011-02-18 15:41:00","2011-02-18 15:41:00",295,1,1,1,4,34.0000,34.0000,NULL,NULL,0,0,0,0,0.0000
16766,2011-12-10,"2011-03-11 13:34:00","2011-03-11 15:22:00",274,2,34,17,536,1145.6000,572.8000,NULL,NULL,0,0,0,0,0.0000
16767,2011-12-10,"2011-01-27 13:38:00","2011-11-09 09:42:00",31,11,221,148,4423,5575.5600,506.8691,NULL,NULL,0,0,0,0,0.0000
16768,2011-12-10,"2011-03-13 10:25:00","2011-10-23 10:38:00",48,3,54,47,196,478.0900,159.3633,"2011-08-28 10:31:00","2011-10-23 10:24:00",2,4,4,5,20.0500
16769,2011-12-10,"2011-03-24 13:41:00","2011-03-24 13:41:00",261,1,38,33,80,361.5400,361.5400,NULL,NULL,0,0,0,0,0.0000
16770,2011-12-10,"2010-12-02 15:49:00","2011-10-13 12:21:00",58,5,140,116,456,757.1000,151.4200,"2010-12-16 15:54:00","2010-12-16 15:54:00",1,1,1,12,25.2000
16771,2011-12-10,"2011-01-05 13:57:00","2011-11-06 13:28:00",34,5,253,199,1475,2230.6100,446.1220,NULL,NULL,0,0,0,0,0.0000
16773,2011-12-10,"2011-10-13 14:37:00","2011-10-13 14:37:00",58,1,26,23,171,171.5900,171.5900,NULL,NULL,0,0,0,0,0.0000
16774,2011-12-10,"2011-06-14 12:45:00","2011-10-03 12:41:00",68,4,48,36,322,661.5200,165.3800,"2011-08-01 15:13:00","2011-08-01 15:13:00",1,1,1,4,6.6000
16775,2011-12-10,"2010-12-07 15:15:00","2011-11-29 15:22:00",11,11,157,84,439,1691.5100,153.7736,NULL,NULL,0,0,0,0,0.0000
16776,2011-12-10,"2011-10-10 13:04:00","2011-10-10 13:04:00",61,1,71,61,254,371.5400,371.5400,NULL,NULL,0,0,0,0,0.0000
16777,2011-12-10,"2011-03-27 14:34:00","2011-09-20 13:41:00",81,2,48,45,62,222.6200,111.3100,NULL,NULL,0,0,0,0,0.0000
16778,2011-12-10,"2011-03-10 15:21:00","2011-09-26 13:48:00",75,2,16,16,194,245.9400,122.9700,NULL,NULL,0,0,0,0,0.0000
16779,2011-12-10,"2010-12-08 09:56:00","2011-12-07 14:54:00",3,22,331,161,5301,10611.7200,482.3509,"2010-12-12 11:13:00","2011-12-06 14:01:00",6,11,9,89,175.6700
16780,2011-12-10,"2011-03-25 17:34:00","2011-08-31 16:09:00",101,2,59,51,270,422.2400,211.1200,NULL,NULL,0,0,0,0,0.0000
16781,2011-12-10,"2010-12-02 14:26:00","2010-12-02 14:26:00",373,1,17,17,113,311.2500,311.2500,"2010-12-09 15:18:00","2010-12-09 15:18:00",1,2,2,2,16.6000
16782,2011-12-10,"2010-12-09 11:28:00","2011-11-29 13:20:00",11,13,183,103,705,2267.9500,174.4577,"2010-12-06 16:10:00","2011-10-06 16:41:00",6,7,7,9,37.6500
16784,2011-12-10,"2011-11-20 12:20:00","2011-11-20 12:20:00",20,1,3,3,24,107.6000,107.6000,NULL,NULL,0,0,0,0,0.0000
16788,2011-12-10,"2011-03-30 13:05:00","2011-08-08 14:53:00",124,2,147,137,303,592.7400,296.3700,NULL,NULL,0,0,0,0,0.0000
16789,2011-12-10,"2011-12-01 15:12:00","2011-12-01 15:12:00",9,1,5,5,32,80.8000,80.8000,NULL,NULL,0,0,0,0,0.0000
16790,2011-12-10,"2011-11-02 11:23:00","2011-12-06 11:53:00",4,6,93,88,898,1545.6200,257.6033,"2011-11-08 17:53:00","2011-11-14 12:03:00",2,2,1,6,25.5000
16791,2011-12-10,"2011-01-11 15:42:00","2011-11-10 19:12:00",30,7,313,217,756,1693.0300,241.8614,"2011-10-10 14:50:00","2011-10-10 14:50:00",1,2,2,4,15.5000
16792,2011-12-10,"2011-03-02 14:39:00","2011-03-02 14:41:00",283,2,12,11,44,110.3800,55.1900,NULL,NULL,0,0,0,0,0.0000
16793,2011-12-10,"2011-10-13 15:08:00","2011-10-13 15:08:00",58,1,16,16,146,243.8400,243.8400,NULL,NULL,0,0,0,0,0.0000
16794,2011-12-10,"2011-06-12 14:15:00","2011-12-08 17:54:00",2,10,277,141,922,1194.4800,119.4480,"2011-06-13 10:53:00","2011-11-13 12:30:00",2,2,2,4,21.2000
16795,2011-12-10,"2010-12-09 14:08:00","2010-12-09 14:08:00",366,1,66,64,239,414.8800,414.8800,NULL,NULL,0,0,0,0,0.0000
16796,2011-12-10,"2011-09-11 14:01:00","2011-09-11 14:01:00",90,1,18,18,186,305.6200,305.6200,NULL,NULL,0,0,0,0,0.0000
16800,2011-12-10,"2011-11-28 14:06:00","2011-11-28 14:06:00",12,1,156,148,524,1162.6500,1162.6500,NULL,NULL,0,0,0,0,0.0000
16801,2011-12-10,"2011-03-11 13:56:00","2011-06-29 15:33:00",164,4,75,72,493,1594.2300,398.5575,"2011-03-31 11:58:00","2011-03-31 11:58:00",1,45,45,186,751.9000
16803,2011-12-10,"2011-10-05 14:28:00","2011-10-05 14:28:00",66,1,24,24,245,332.3000,332.3000,NULL,NULL,0,0,0,0,0.0000
16804,2011-12-10,"2011-03-14 15:48:00","2011-11-16 16:43:00",24,3,60,59,246,536.9900,178.9967,NULL,NULL,0,0,0,0,0.0000
16805,2011-12-10,"2010-12-14 13:35:00","2011-06-19 11:23:00",174,2,98,94,539,460.5900,230.2950,NULL,NULL,0,0,0,0,0.0000
16806,2011-12-10,"2011-04-14 19:59:00","2011-08-28 15:27:00",104,4,92,67,355,736.2100,184.0525,NULL,NULL,0,0,0,0,0.0000
16807,2011-12-10,"2011-03-14 09:46:00","2011-07-20 12:00:00",143,3,66,56,777,1106.5900,368.8633,NULL,NULL,0,0,0,0,0.0000
16808,2011-12-10,"2011-03-10 19:05:00","2011-09-01 19:34:00",100,2,23,21,196,288.4200,144.2100,NULL,NULL,0,0,0,0,0.0000
16809,2011-12-10,"2011-03-22 15:20:00","2011-11-16 15:45:00",24,5,149,79,652,914.6900,182.9380,"2011-03-22 13:13:00","2011-03-22 13:13:00",1,1,1,1,1.9500
16810,2011-12-10,"2011-05-31 15:32:00","2011-05-31 15:32:00",193,1,15,15,114,309.5400,309.5400,"2010-12-14 11:24:00","2010-12-14 11:24:00",1,1,1,2,33.9000
16811,2011-12-10,"2011-11-22 17:19:00","2011-12-05 11:39:00",5,2,28,26,477,547.0700,273.5350,NULL,NULL,0,0,0,0,0.0000
16812,2011-12-10,"2010-12-14 12:35:00","2010-12-14 12:35:00",361,1,15,15,81,479.3500,479.3500,NULL,NULL,0,0,0,0,0.0000
16813,2011-12-10,"2011-05-19 13:28:00","2011-12-01 14:03:00",9,10,426,248,1501,1652.1800,165.2180,NULL,NULL,0,0,0,0,0.0000
16814,2011-12-10,"2010-12-05 11:45:00","2011-11-25 13:27:00",15,21,318,121,2691,6406.8000,305.0857,"2011-06-16 13:56:00","2011-06-16 13:56:00",1,1,1,1,8.5000
16816,2011-12-10,"2010-12-16 17:01:00","2011-08-28 14:16:00",104,4,28,28,274,417.0600,104.2650,NULL,NULL,0,0,0,0,0.0000
16817,2011-12-10,"2010-12-06 14:19:00","2011-12-07 11:03:00",3,9,86,73,822,1604.7500,178.3056,"2010-12-09 15:30:00","2011-06-17 15:34:00",4,9,8,60,157.8000
16818,2011-12-10,"2011-05-18 11:42:00","2011-11-29 10:41:00",11,11,188,172,2164,3349.5700,304.5064,"2011-05-20 11:54:00","2011-05-24 13:59:00",2,2,2,2,31.6000
16820,2011-12-10,"2011-09-05 12:06:00","2011-09-05 12:06:00",96,1,26,26,307,497.6100,497.6100,NULL,NULL,0,0,0,0,0.0000
16823,2011-12-10,"2011-04-26 15:00:00","2011-04-26 15:00:00",228,1,38,34,136,358.3800,358.3800,NULL,NULL,0,0,0,0,0.0000
16824,2011-12-10,"2011-06-28 13:36:00","2011-11-24 12:38:00",16,2,26,23,236,460.6400,230.3200,NULL,NULL,0,0,0,0,0.0000
16825,2011-12-10,"2011-06-07 09:44:00","2011-11-01 11:51:00",39,2,28,27,566,775.1800,387.5900,NULL,NULL,0,0,0,0,0.0000
16826,2011-12-10,"2011-10-19 14:05:00","2011-10-19 14:05:00",52,1,22,22,158,341.7000,341.7000,NULL,NULL,0,0,0,0,0.0000
16828,2011-12-10,"2011-08-19 13:24:00","2011-08-19 13:24:00",113,1,7,7,58,113.5000,113.5000,NULL,NULL,0,0,0,0,0.0000
16829,2011-12-10,"2011-07-06 10:48:00","2011-07-06 10:48:00",157,1,11,11,99,197.2200,197.2200,NULL,NULL,0,0,0,0,0.0000
16830,2011-12-10,"2011-11-01 11:35:00","2011-11-01 11:35:00",39,1,23,23,264,325.9100,325.9100,NULL,NULL,0,0,0,0,0.0000
16832,2011-12-10,"2011-05-06 14:12:00","2011-06-08 15:36:00",185,3,12,11,33,199.1500,66.3833,NULL,NULL,0,0,0,0,0.0000
16833,2011-12-10,"2011-01-09 13:02:00","2011-12-08 14:39:00",2,4,47,46,440,1106.5300,276.6325,NULL,NULL,0,0,0,0,0.0000
16834,2011-12-10,"2011-04-26 09:37:00","2011-04-26 09:37:00",228,1,24,24,358,413.4600,413.4600,NULL,NULL,0,0,0,0,0.0000
16835,2011-12-10,"2010-12-01 17:15:00","2011-08-03 13:50:00",129,2,10,10,61,180.8500,90.4250,NULL,NULL,0,0,0,0,0.0000
16836,2011-12-10,"2011-08-15 12:38:00","2011-10-31 10:05:00",40,2,11,11,165,251.8700,125.9350,NULL,NULL,0,0,0,0,0.0000
16837,2011-12-10,"2011-04-08 08:48:00","2011-11-08 14:27:00",32,11,165,123,1563,3170.9800,288.2709,"2011-05-31 11:44:00","2011-05-31 11:44:00",1,1,1,1,3.2500
16838,2011-12-10,"2011-02-24 15:01:00","2011-05-26 13:13:00",198,2,25,24,185,588.8500,294.4250,"2011-03-07 13:38:00","2011-03-07 13:38:00",1,1,1,1,5.9500
16839,2011-12-10,"2010-12-05 11:15:00","2011-12-01 09:03:00",9,34,266,114,8975,16594.3500,488.0691,"2011-01-31 11:22:00","2011-11-18 17:15:00",5,31,31,504,1232.0700
16841,2011-12-10,"2011-02-25 12:40:00","2011-11-03 11:51:00",37,6,116,101,2250,1869.8200,311.6367,"2011-08-24 10:53:00","2011-08-24 10:53:00",1,1,1,16,95.2000
16842,2011-12-10,"2011-02-10 14:51:00","2011-08-31 10:42:00",101,3,63,45,693,1264.1900,421.3967,"2011-10-06 17:38:00","2011-10-06 17:38:00",1,1,1,1,3.7500
16843,2011-12-10,"2011-01-16 16:10:00","2011-10-28 09:06:00",43,16,378,226,10159,10196.5700,637.2856,"2011-03-02 16:03:00","2011-03-02 16:03:00",1,1,1,5,12.7500
16846,2011-12-10,"2011-10-20 13:55:00","2011-10-20 13:55:00",51,1,11,11,135,214.3200,214.3200,NULL,NULL,0,0,0,0,0.0000
16847,2011-12-10,"2011-10-27 13:29:00","2011-10-27 13:29:00",44,1,12,12,78,193.4400,193.4400,NULL,NULL,0,0,0,0,0.0000
16848,2011-12-10,"2011-10-18 08:42:00","2011-10-18 08:42:00",53,1,14,14,182,281.4200,281.4200,NULL,NULL,0,0,0,0,0.0000
16849,2011-12-10,"2011-06-06 09:16:00","2011-06-06 09:16:00",187,1,8,8,33,124.5700,124.5700,NULL,NULL,0,0,0,0,0.0000
16850,2011-12-10,"2011-01-10 11:09:00","2011-01-10 11:09:00",334,1,19,19,249,332.4100,332.4100,NULL,NULL,0,0,0,0,0.0000
16851,2011-12-10,"2011-10-19 09:48:00","2011-12-05 13:32:00",5,3,20,17,271,342.4500,114.1500,NULL,NULL,0,0,0,0,0.0000
16852,2011-12-10,"2011-06-16 15:49:00","2011-11-29 13:22:00",11,2,9,9,56,144.9100,72.4550,NULL,NULL,0,0,0,0,0.0000
16855,2011-12-10,"2011-10-27 16:31:00","2011-11-16 12:03:00",24,2,19,19,164,328.4000,164.2000,NULL,NULL,0,0,0,0,0.0000
16856,2011-12-10,"2011-11-25 08:59:00","2011-11-25 08:59:00",15,1,2,2,12,35.4000,35.4000,NULL,NULL,0,0,0,0,0.0000
16858,2011-12-10,"2010-12-06 09:52:00","2010-12-06 09:52:00",369,1,10,9,91,375.6900,375.6900,"2010-12-08 14:52:00","2010-12-08 14:52:00",1,3,3,8,29.8000
16859,2011-12-10,"2011-03-23 13:39:00","2011-07-18 12:19:00",145,2,51,49,826,732.8100,366.4050,"2011-07-21 15:14:00","2011-08-25 14:12:00",3,20,19,171,274.6700
16861,2011-12-10,"2011-07-04 15:38:00","2011-10-11 09:05:00",60,2,6,6,140,173.7600,86.8800,"2010-12-06 15:09:00","2010-12-06 15:09:00",1,1,1,6,17.7000
16863,2011-12-10,"2010-12-08 08:58:00","2011-11-08 15:26:00",32,2,26,25,409,502.8000,251.4000,"2010-12-14 10:25:00","2011-11-10 15:23:00",2,2,2,17,21.4500
16866,2011-12-10,"2011-07-01 12:34:00","2011-07-22 10:06:00",141,3,11,10,60,207.7400,69.2467,NULL,NULL,0,0,0,0,0.0000
16869,2011-12-10,"2011-06-17 13:01:00","2011-11-17 12:02:00",23,4,127,113,583,817.1200,204.2800,"2011-10-25 15:08:00","2011-10-25 15:08:00",1,1,1,4,19.8000
16871,2011-12-10,"2011-03-14 10:31:00","2011-11-17 19:27:00",23,6,137,131,1253,2812.3400,468.7233,"2011-05-25 16:56:00","2011-05-25 16:56:00",1,2,2,3,50.8500
16872,2011-12-10,"2011-06-08 14:32:00","2011-09-23 16:05:00",78,3,7,5,600,680.0200,226.6733,NULL,NULL,0,0,0,0,0.0000
16873,2011-12-10,"2010-12-10 15:45:00","2011-12-05 12:05:00",5,6,279,179,3840,7123.6200,1187.2700,"2010-12-20 14:10:00","2011-10-13 11:30:00",4,10,10,15,57.3100
16875,2011-12-10,"2011-01-04 10:37:00","2011-10-03 13:39:00",68,5,112,93,1069,2095.5300,419.1060,"2011-01-11 11:22:00","2011-10-06 19:20:00",4,11,11,25,72.0600
16877,2011-12-10,"2011-05-15 16:13:00","2011-11-27 13:47:00",13,6,156,111,458,846.6200,141.1033,NULL,NULL,0,0,0,0,0.0000
16878,2011-12-10,"2011-09-16 17:39:00","2011-09-16 17:39:00",85,1,3,3,12,13.3000,13.3000,"2011-11-15 08:52:00","2011-11-15 08:52:00",1,3,3,12,13.3000
16880,2011-12-10,"2011-06-03 16:45:00","2011-11-09 11:33:00",31,7,174,121,746,1491.4300,213.0614,NULL,NULL,0,0,0,0,0.0000
16881,2011-12-10,"2011-10-04 10:33:00","2011-10-04 10:33:00",67,1,1,1,600,432.0000,432.0000,NULL,NULL,0,0,0,0,0.0000
16882,2011-12-10,"2011-01-26 17:43:00","2011-10-04 10:42:00",67,3,39,39,424,705.1200,235.0400,NULL,NULL,0,0,0,0,0.0000
16883,2011-12-10,"2010-12-03 10:33:00","2011-06-05 12:51:00",188,2,37,33,103,272.4800,136.2400,NULL,NULL,0,0,0,0,0.0000
16884,2011-12-10,"2011-11-02 10:16:00","2011-11-02 11:52:00",38,2,25,25,319,422.3400,211.1700,NULL,NULL,0,0,0,0,0.0000
16885,2011-12-10,"2010-12-17 17:23:00","2011-11-24 13:40:00",16,3,96,82,178,450.4100,150.1367,NULL,NULL,0,0,0,0,0.0000
16887,2011-12-10,"2011-11-04 14:07:00","2011-11-04 14:07:00",36,1,36,35,156,192.3300,192.3300,NULL,NULL,0,0,0,0,0.0000
16889,2011-12-10,"2011-01-07 10:47:00","2011-05-29 11:05:00",195,3,135,112,925,1578.6700,526.2233,NULL,NULL,0,0,0,0,0.0000
16891,2011-12-10,"2010-12-03 11:35:00","2011-12-08 11:15:00",2,5,186,166,265,742.4300,148.4860,NULL,NULL,0,0,0,0,0.0000
16892,2011-12-10,"2011-06-09 11:35:00","2011-12-08 13:18:00",2,5,97,87,236,518.1900,103.6380,"2011-01-20 13:19:00","2011-12-08 13:14:00",2,2,2,4,28.7000
16893,2011-12-10,"2010-12-08 12:06:00","2010-12-08 12:06:00",367,1,45,44,62,145.9300,145.9300,NULL,NULL,0,0,0,0,0.0000
16895,2011-12-10,"2011-10-06 12:15:00","2011-10-06 12:15:00",65,1,62,57,91,202.2700,202.2700,NULL,NULL,0,0,0,0,0.0000
16897,2011-12-10,"2011-01-30 11:52:00","2011-02-13 15:02:00",300,2,37,37,73,289.7800,144.8900,"2011-02-13 15:45:00","2011-02-13 15:45:00",1,7,7,15,76.7500
16898,2011-12-10,"2010-12-06 12:23:00","2011-11-13 15:44:00",27,3,157,150,412,501.0300,167.0100,"2010-12-09 14:29:00","2010-12-09 14:29:00",1,1,1,33,64.3500
16899,2011-12-10,"2010-12-14 13:11:00","2011-12-02 12:03:00",8,6,123,80,520,1271.0600,211.8433,NULL,NULL,0,0,0,0,0.0000
16900,2011-12-10,"2011-10-07 13:17:00","2011-11-23 10:32:00",17,3,78,77,832,882.1600,294.0533,"2011-11-28 10:50:00","2011-11-28 10:50:00",1,1,1,108,12.9600
16902,2011-12-10,"2011-08-15 14:17:00","2011-08-15 14:17:00",117,1,44,43,629,1706.8800,1706.8800,NULL,NULL,0,0,0,0,0.0000
16903,2011-12-10,"2011-11-10 15:32:00","2011-11-10 15:32:00",30,1,56,50,247,363.2000,363.2000,NULL,NULL,0,0,0,0,0.0000
16904,2011-12-10,"2010-12-07 13:29:00","2011-12-05 13:10:00",5,15,663,385,1973,3634.9500,242.3300,NULL,NULL,0,0,0,0,0.0000
16905,2011-12-10,"2010-12-03 10:43:00","2011-12-04 14:01:00",6,7,199,117,1381,3037.6000,433.9429,"2011-04-17 10:38:00","2011-04-17 10:38:00",1,1,1,1,16.9500
16906,2011-12-10,"2011-04-05 12:30:00","2011-09-19 11:49:00",82,4,86,74,263,559.5900,139.8975,NULL,NULL,0,0,0,0,0.0000
16907,2011-12-10,"2010-12-09 16:52:00","2011-11-10 18:04:00",30,5,140,89,286,928.7600,185.7520,NULL,NULL,0,0,0,0,0.0000
16909,2011-12-10,"2011-09-28 16:45:00","2011-09-28 16:45:00",73,1,18,18,436,379.1400,379.1400,"2011-10-06 18:06:00","2011-10-06 18:06:00",1,1,1,2,15.0000
16910,2011-12-10,"2011-09-09 14:14:00","2011-12-05 12:51:00",5,8,545,318,884,1508.9600,188.6200,NULL,NULL,0,0,0,0,0.0000
16912,2011-12-10,"2011-01-20 15:42:00","2011-11-11 12:18:00",29,11,100,88,1025,2555.5800,232.3255,"2011-03-11 11:30:00","2011-11-16 15:51:00",3,3,3,14,39.6500
16913,2011-12-10,"2011-02-22 12:56:00","2011-02-22 12:56:00",291,1,8,8,82,113.4400,113.4400,NULL,NULL,0,0,0,0,0.0000
16914,2011-12-10,"2011-11-03 15:27:00","2011-11-03 15:27:00",37,1,30,25,112,183.7600,183.7600,NULL,NULL,0,0,0,0,0.0000
16915,2011-12-10,"2011-03-01 09:52:00","2011-11-30 16:39:00",10,6,57,46,132,621.6800,103.6133,NULL,NULL,0,0,0,0,0.0000
16916,2011-12-10,"2010-12-02 13:14:00","2011-11-16 12:08:00",24,2,136,129,431,562.4100,281.2050,NULL,NULL,0,0,0,0,0.0000
16917,2011-12-10,"2011-03-08 11:55:00","2011-03-08 11:55:00",277,1,9,9,232,391.5200,391.5200,NULL,NULL,0,0,0,0,0.0000
16918,2011-12-10,"2011-01-26 17:37:00","2011-10-21 12:50:00",50,6,128,97,721,1068.8200,178.1367,"2011-10-07 15:36:00","2011-10-07 15:36:00",1,2,2,13,25.4800
16919,2011-12-10,"2010-12-06 12:52:00","2011-07-06 13:35:00",157,11,326,141,1403,2592.2500,235.6591,NULL,NULL,0,0,0,0,0.0000
16921,2011-12-10,"2011-10-09 16:22:00","2011-10-09 16:22:00",62,1,55,50,154,154.1800,154.1800,NULL,NULL,0,0,0,0,0.0000
16923,2011-12-10,"2010-12-12 11:06:00","2011-11-27 13:00:00",13,19,626,313,3344,7069.0800,372.0568,"2010-12-12 11:12:00","2011-06-05 11:45:00",7,24,22,234,580.7800
16924,2011-12-10,"2011-09-16 12:54:00","2011-11-18 12:53:00",22,3,81,69,467,829.8900,276.6300,"2011-11-18 11:45:00","2011-11-18 11:45:00",1,6,6,13,107.2500
16926,2011-12-10,"2010-12-03 13:42:00","2010-12-03 13:42:00",372,1,14,14,35,230.2500,230.2500,NULL,NULL,0,0,0,0,0.0000
16927,2011-12-10,"2010-12-13 11:57:00","2011-08-16 11:10:00",116,3,6,5,993,543.0500,181.0167,NULL,NULL,0,0,0,0,0.0000
16928,2011-12-10,"2010-12-01 15:21:00","2011-09-20 15:10:00",81,17,203,68,2091,2806.7500,165.1029,"2011-02-13 16:04:00","2011-08-11 15:45:00",2,4,4,20,66.1000
16929,2011-12-10,"2011-07-07 12:39:00","2011-12-06 08:37:00",4,7,77,51,929,1295.3900,185.0557,NULL,NULL,0,0,0,0,0.0000
16930,2011-12-10,"2011-10-02 14:25:00","2011-11-13 16:13:00",27,3,53,47,339,378.8900,126.2967,NULL,NULL,0,0,0,0,0.0000
16931,2011-12-10,"2010-12-05 11:40:00","2011-12-04 13:15:00",6,21,886,448,3134,4554.8700,216.8986,NULL,NULL,0,0,0,0,0.0000
16932,2011-12-10,"2011-10-17 14:12:00","2011-10-17 14:12:00",54,1,48,44,82,150.2300,150.2300,NULL,NULL,0,0,0,0,0.0000
16933,2011-12-10,"2011-04-14 13:33:00","2011-12-08 12:54:00",2,2,44,42,288,563.2300,281.6150,"2011-04-14 12:28:00","2011-12-08 11:42:00",3,5,4,7,33.1500
16934,2011-12-10,"2011-10-16 12:25:00","2011-10-16 12:40:00",55,2,61,59,397,931.0300,465.5150,NULL,NULL,0,0,0,0,0.0000
16936,2011-12-10,"2011-11-14 11:04:00","2011-11-14 11:04:00",26,1,56,56,171,261.9000,261.9000,NULL,NULL,0,0,0,0,0.0000
16938,2011-12-10,"2011-02-04 09:34:00","2011-12-01 10:20:00",9,4,235,212,2533,2711.6800,677.9200,"2011-06-13 11:21:00","2011-06-13 11:21:00",1,1,1,1515,833.2500
16940,2011-12-10,"2011-02-23 12:27:00","2011-10-18 13:15:00",53,3,305,226,2169,3049.8800,1016.6267,NULL,NULL,0,0,0,0,0.0000
16942,2011-12-10,"2011-04-26 11:59:00","2011-11-27 12:40:00",13,9,277,159,805,1904.9900,211.6656,"2011-06-16 12:56:00","2011-06-16 12:56:00",1,2,2,4,26.4800
16943,2011-12-10,"2011-01-25 14:00:00","2011-05-12 11:57:00",212,3,33,23,145,816.7300,272.2433,NULL,NULL,0,0,0,0,0.0000
16945,2011-12-10,"2010-12-16 17:49:00","2011-11-18 11:39:00",22,19,249,137,2725,4345.5000,228.7105,NULL,NULL,0,0,0,0,0.0000
16947,2011-12-10,"2011-04-18 09:38:00","2011-04-18 09:38:00",236,1,21,21,312,406.4800,406.4800,NULL,NULL,0,0,0,0,0.0000
16948,2011-12-10,"2011-01-18 10:58:00","2011-07-24 12:46:00",139,3,19,15,1614,435.0200,145.0067,NULL,NULL,0,0,0,0,0.0000
16949,2011-12-10,"2011-01-27 12:11:00","2011-12-06 11:07:00",4,6,60,57,791,1286.2700,214.3783,"2011-06-13 17:08:00","2011-06-13 17:08:00",1,1,1,1,125.0000
16950,2011-12-10,"2010-12-07 15:20:00","2011-10-14 09:06:00",57,3,42,39,644,1178.5600,392.8533,NULL,NULL,0,0,0,0,0.0000
16951,2011-12-10,"2011-02-08 14:58:00","2011-07-28 12:05:00",135,3,86,73,1318,1277.7500,425.9167,"2011-08-08 13:25:00","2011-08-08 13:25:00",1,1,1,12,15.0000
16952,2011-12-10,"2011-08-22 12:58:00","2011-08-22 13:03:00",110,2,16,16,92,167.6100,83.8050,NULL,NULL,0,0,0,0,0.0000
16953,2011-12-10,"2011-11-09 15:54:00","2011-11-09 15:54:00",31,1,1,1,10,20.8000,20.8000,NULL,NULL,0,0,0,0,0.0000
16954,2011-12-10,"2010-12-15 10:41:00","2011-12-09 09:46:00",1,9,54,40,1054,2085.0800,231.6756,NULL,NULL,0,0,0,0,0.0000
16955,2011-12-10,"2010-12-01 13:31:00","2011-06-08 10:36:00",185,4,25,18,266,518.6700,129.6675,"2010-12-14 11:16:00","2010-12-14 11:16:00",1,1,1,20,25.0000
16956,2011-12-10,"2011-11-22 08:56:00","2011-11-22 08:56:00",18,1,16,16,114,308.7400,308.7400,"2011-11-30 14:28:00","2011-11-30 14:28:00",1,2,2,2,16.4000
16957,2011-12-10,"2011-03-03 09:25:00","2011-04-14 13:56:00",240,2,16,15,172,416.6400,208.3200,NULL,NULL,0,0,0,0,0.0000
16959,2011-12-10,"2011-09-13 15:03:00","2011-09-13 15:03:00",88,1,7,7,49,117.3500,117.3500,NULL,NULL,0,0,0,0,0.0000
16960,2011-12-10,"2011-04-01 11:54:00","2011-11-01 11:35:00",39,3,100,91,301,505.1000,168.3667,NULL,NULL,0,0,0,0,0.0000
16961,2011-12-10,"2011-08-15 13:46:00","2011-08-15 13:46:00",117,1,14,14,125,234.1700,234.1700,NULL,NULL,0,0,0,0,0.0000
16963,2011-12-10,"2011-06-05 13:48:00","2011-06-05 13:48:00",188,1,7,7,35,110.5500,110.5500,NULL,NULL,0,0,0,0,0.0000
16965,2011-12-10,"2011-04-27 12:08:00","2011-04-27 12:08:00",227,1,25,25,243,192.0700,192.0700,NULL,NULL,0,0,0,0,0.0000
16966,2011-12-10,"2011-04-13 14:17:00","2011-12-01 13:40:00",9,7,28,8,1981,2154.9700,307.8529,"2011-06-27 15:24:00","2011-06-29 12:05:00",2,2,1,2,6.0000
16967,2011-12-10,"2011-06-03 14:24:00","2011-06-03 14:24:00",190,1,21,21,333,319.0200,319.0200,NULL,NULL,0,0,0,0,0.0000
16968,2011-12-10,"2011-08-24 10:51:00","2011-12-05 15:02:00",5,2,31,31,326,439.4300,219.7150,NULL,NULL,0,0,0,0,0.0000
16969,2011-12-10,"2011-06-01 12:10:00","2011-10-31 13:12:00",40,3,41,41,815,635.4100,211.8033,NULL,NULL,0,0,0,0,0.0000
16971,2011-12-10,"2011-11-01 15:06:00","2011-11-01 15:06:00",39,1,41,40,72,357.2100,357.2100,NULL,NULL,0,0,0,0,0.0000
16976,2011-12-10,"2011-03-17 16:33:00","2011-03-17 16:33:00",268,1,2,2,88,251.5200,251.5200,NULL,NULL,0,0,0,0,0.0000
16978,2011-12-10,"2011-09-23 12:50:00","2011-09-23 12:50:00",78,1,39,39,166,344.3300,344.3300,NULL,NULL,0,0,0,0,0.0000
16979,2011-12-10,"2011-02-15 09:20:00","2011-12-06 12:21:00",4,6,89,64,865,1852.0000,308.6667,"2011-02-18 15:54:00","2011-11-04 10:03:00",2,2,2,5,42.9500
16980,2011-12-10,"2011-02-21 12:58:00","2011-03-29 16:36:00",256,2,81,71,739,1028.4600,514.2300,NULL,NULL,0,0,0,0,0.0000
16982,2011-12-10,"2011-10-10 12:28:00","2011-10-10 12:28:00",61,1,22,22,182,384.0600,384.0600,NULL,NULL,0,0,0,0,0.0000
16983,2011-12-10,"2010-12-05 12:34:00","2011-11-27 12:10:00",13,7,143,112,1335,1905.8700,272.2671,"2011-03-16 12:13:00","2011-03-16 12:13:00",1,1,1,13,11.0500
16984,2011-12-10,"2011-08-01 17:37:00","2011-09-12 13:43:00",89,2,400,354,2380,4459.5200,2229.7600,"2011-08-31 12:05:00","2011-09-22 18:21:00",3,11,11,15,88.9300
16985,2011-12-10,"2010-12-16 10:38:00","2011-11-22 13:33:00",18,10,120,62,1832,5464.1200,546.4120,"2011-02-02 11:16:00","2011-02-02 11:16:00",1,1,1,2,2.5000
16986,2011-12-10,"2011-11-09 15:52:00","2011-11-10 11:55:00",30,2,3,3,1040,1873.2000,936.6000,NULL,NULL,0,0,0,0,0.0000
16987,2011-12-10,"2011-05-18 15:55:00","2011-12-06 17:26:00",4,7,128,74,401,1616.8000,230.9714,NULL,NULL,0,0,0,0,0.0000
16988,2011-12-10,"2011-12-04 16:02:00","2011-12-04 16:02:00",6,1,7,7,43,126.1200,126.1200,NULL,NULL,0,0,0,0,0.0000
16989,2011-12-10,"2011-07-12 09:11:00","2011-12-02 16:39:00",8,6,12,7,1233,1133.2500,188.8750,NULL,NULL,0,0,0,0,0.0000
16990,2011-12-10,"2011-05-05 08:30:00","2011-05-05 08:30:00",219,1,1,1,100,179.0000,179.0000,NULL,NULL,0,0,0,0,0.0000
16992,2011-12-10,"2011-02-28 10:37:00","2011-11-29 11:50:00",11,5,93,84,860,1614.3100,322.8620,"2011-02-02 16:31:00","2011-02-02 16:31:00",1,2,2,3,12.4500
16996,2011-12-10,"2010-12-21 13:22:00","2011-11-09 16:43:00",31,6,37,13,544,1456.9600,242.8267,"2010-12-16 09:48:00","2011-08-24 09:20:00",3,4,3,10,29.5000
16997,2011-12-10,"2011-01-18 11:51:00","2011-02-24 17:28:00",289,3,12,7,360,702.0000,234.0000,NULL,NULL,0,0,0,0,0.0000
16998,2011-12-10,"2011-02-08 15:42:00","2011-07-13 09:44:00",150,4,4,1,76,295.0000,73.7500,"2011-05-24 11:23:00","2011-05-24 11:23:00",1,1,1,2,7.5000
16999,2011-12-10,"2011-09-26 15:43:00","2011-11-16 13:53:00",24,2,23,21,294,484.8200,242.4100,NULL,NULL,0,0,0,0,0.0000
17001,2011-12-10,"2010-12-16 09:35:00","2011-12-09 09:38:00",1,11,169,75,2164,3989.5700,362.6882,NULL,NULL,0,0,0,0,0.0000
17002,2011-12-10,"2011-02-22 11:46:00","2011-09-15 12:40:00",86,3,49,41,679,1493.7300,497.9100,"2011-09-27 16:48:00","2011-09-27 16:48:00",1,1,1,1,5.9500
17004,2011-12-10,"2011-09-08 12:16:00","2011-10-24 14:25:00",47,2,43,38,771,1312.1400,656.0700,NULL,NULL,0,0,0,0,0.0000
17006,2011-12-10,"2011-09-25 12:15:00","2011-12-05 12:09:00",5,4,43,36,271,766.7800,191.6950,NULL,NULL,0,0,0,0,0.0000
17007,2011-12-10,"2010-12-17 13:57:00","2011-10-20 10:47:00",51,6,52,50,597,889.9300,148.3217,"2010-12-21 14:24:00","2010-12-21 14:24:00",1,1,1,10,12.5000
17010,2011-12-10,"2011-11-21 14:49:00","2011-11-21 14:49:00",19,1,11,11,118,195.3600,195.3600,"2011-11-23 11:04:00","2011-11-23 11:04:00",1,1,1,2,9.9000
17011,2011-12-10,"2011-11-09 13:30:00","2011-11-09 13:30:00",31,1,15,15,186,270.9000,270.9000,NULL,NULL,0,0,0,0,0.0000
17014,2011-12-10,"2011-10-04 11:36:00","2011-12-01 14:09:00",9,3,72,63,243,583.4300,194.4767,"2011-11-07 15:11:00","2011-11-07 15:11:00",1,1,1,5,20.7500
17015,2011-12-10,"2011-06-07 13:19:00","2011-11-11 10:45:00",29,3,214,182,1978,1838.6100,612.8700,NULL,NULL,0,0,0,0,0.0000
17017,2011-12-10,"2010-12-02 10:17:00","2011-12-07 09:32:00",3,20,252,88,6673,8694.2600,434.7130,"2010-12-14 11:54:00","2011-10-12 14:29:00",7,16,12,60,120.1500
17018,2011-12-10,"2011-01-18 08:46:00","2011-10-30 11:42:00",41,2,16,15,176,920.1000,460.0500,NULL,NULL,0,0,0,0,0.0000
17019,2011-12-10,"2010-12-06 12:55:00","2011-11-28 13:06:00",12,4,228,166,820,1258.0800,314.5200,NULL,NULL,0,0,0,0,0.0000
17022,2011-12-10,"2011-11-08 17:09:00","2011-11-08 17:09:00",32,1,7,7,108,71.0000,71.0000,NULL,NULL,0,0,0,0,0.0000
17024,2011-12-10,"2011-07-05 09:31:00","2011-10-25 13:47:00",46,3,3,2,69,95.8500,31.9500,NULL,NULL,0,0,0,0,0.0000
17025,2011-12-10,"2010-12-01 15:45:00","2011-10-10 09:06:00",61,3,9,8,235,357.7700,119.2567,NULL,NULL,0,0,0,0,0.0000
17026,2011-12-10,"2010-12-05 12:47:00","2011-06-07 14:28:00",186,2,4,4,97,154.8300,77.4150,NULL,NULL,0,0,0,0,0.0000
17027,2011-12-10,"2011-01-26 14:19:00","2011-09-22 12:24:00",79,6,148,110,416,877.5600,146.2600,"2011-03-01 13:05:00","2011-03-01 13:05:00",1,2,2,6,41.7000
17029,2011-12-10,"2011-04-17 10:57:00","2011-08-21 11:06:00",111,2,2,1,400,716.0000,358.0000,NULL,NULL,0,0,0,0,0.0000
17030,2011-12-10,"2011-10-07 08:49:00","2011-10-07 08:49:00",64,1,11,11,146,146.8700,146.8700,NULL,NULL,0,0,0,0,0.0000
17031,2011-12-10,"2011-07-08 09:38:00","2011-11-28 10:23:00",12,2,22,19,235,380.3500,190.1750,NULL,NULL,0,0,0,0,0.0000
17033,2011-12-10,"2010-12-15 13:21:00","2011-09-14 14:34:00",87,3,28,24,750,1030.1400,343.3800,NULL,NULL,0,0,0,0,0.0000
17034,2011-12-10,"2011-02-25 10:10:00","2011-11-23 15:14:00",17,3,29,27,409,730.5200,243.5067,"2011-11-18 09:44:00","2011-11-18 09:44:00",1,2,2,4,10.9500
17035,2011-12-10,"2011-02-01 12:27:00","2011-04-08 11:23:00",246,2,28,27,229,433.5300,216.7650,"2011-02-11 15:16:00","2011-02-11 15:16:00",1,4,4,28,45.2000
17037,2011-12-10,"2011-09-13 12:49:00","2011-09-13 12:49:00",88,1,75,75,656,1267.3200,1267.3200,"2011-09-22 17:20:00","2011-09-22 17:20:00",1,2,2,4,14.1000
17038,2011-12-10,"2011-11-09 13:50:00","2011-11-09 13:50:00",31,1,22,22,28,112.4000,112.4000,NULL,NULL,0,0,0,0,0.0000
17040,2011-12-10,"2011-07-25 10:19:00","2011-07-25 10:19:00",138,1,15,15,181,449.7300,449.7300,NULL,NULL,0,0,0,0,0.0000
17041,2011-12-10,"2010-12-14 11:43:00","2011-11-13 11:21:00",27,3,69,59,927,1071.4900,357.1633,"2010-12-14 11:45:00","2010-12-14 11:45:00",1,1,1,4,15.8000
17042,2011-12-10,"2011-04-06 14:53:00","2011-12-07 12:26:00",3,5,97,74,990,1036.5800,207.3160,NULL,NULL,0,0,0,0,0.0000
17043,2011-12-10,"2011-03-18 14:53:00","2011-11-07 15:33:00",33,4,102,100,998,1735.1800,433.7950,NULL,NULL,0,0,0,0,0.0000
17044,2011-12-10,"2011-11-14 14:28:00","2011-11-14 14:28:00",26,1,6,6,504,948.4800,948.4800,"2010-12-15 16:34:00","2011-12-01 08:54:00",2,4,3,17,51.0500
17045,2011-12-10,"2011-04-06 12:08:00","2011-08-18 17:09:00",114,3,22,20,106,339.4400,113.1467,NULL,NULL,0,0,0,0,0.0000
17046,2011-12-10,"2011-07-05 14:24:00","2011-07-05 14:24:00",158,1,22,22,510,642.0200,642.0200,NULL,NULL,0,0,0,0,0.0000
17047,2011-12-10,"2011-05-18 16:50:00","2011-09-15 13:27:00",86,3,65,59,533,1100.9000,366.9667,NULL,NULL,0,0,0,0,0.0000
17048,2011-12-10,"2011-01-12 16:51:00","2011-08-14 11:49:00",118,3,43,41,485,925.3500,308.4500,"2011-01-21 17:24:00","2011-08-16 14:51:00",3,5,5,11,61.0300
17049,2011-12-10,"2011-03-09 08:33:00","2011-12-07 10:48:00",3,9,317,201,2673,5655.0300,628.3367,"2011-07-14 14:55:00","2011-12-01 08:43:00",2,4,4,7,65.2000
17050,2011-12-10,"2011-02-13 12:41:00","2011-09-04 13:48:00",97,6,308,169,1595,3185.6400,530.9400,NULL,NULL,0,0,0,0,0.0000
17051,2011-12-10,"2011-05-29 14:13:00","2011-05-29 14:13:00",195,1,42,40,179,240.8900,240.8900,NULL,NULL,0,0,0,0,0.0000
17052,2011-12-10,"2011-11-11 14:50:00","2011-11-11 14:50:00",29,1,83,72,251,399.0900,399.0900,NULL,NULL,0,0,0,0,0.0000
17053,2011-12-10,"2011-08-01 10:23:00","2011-08-01 10:23:00",131,1,13,13,122,498.4800,498.4800,"2011-08-03 10:55:00","2011-08-03 10:55:00",1,1,1,1,2.1000
17054,2011-12-10,"2011-04-08 13:14:00","2011-11-11 12:56:00",29,5,83,64,804,1356.3300,271.2660,"2011-07-28 12:36:00","2011-07-28 12:36:00",1,1,1,2,2.5000
17058,2011-12-10,"2011-04-14 09:18:00","2011-09-19 10:13:00",82,3,62,51,592,1179.8900,393.2967,NULL,NULL,0,0,0,0,0.0000
17059,2011-12-10,"2010-12-05 12:35:00","2011-11-10 12:27:00",30,5,514,292,1850,3080.3900,616.0780,NULL,NULL,0,0,0,0,0.0000
17060,2011-12-10,"2011-03-18 13:27:00","2011-03-18 13:27:00",267,1,5,5,216,234.2400,234.2400,NULL,NULL,0,0,0,0,0.0000
17061,2011-12-10,"2011-04-21 13:29:00","2011-09-27 11:24:00",74,11,99,57,1526,5232.2300,475.6573,"2011-04-26 13:10:00","2011-04-26 13:10:00",1,2,2,42,116.1000
17062,2011-12-10,"2010-12-05 11:59:00","2011-01-30 11:01:00",314,4,68,51,406,528.2900,132.0725,"2010-12-16 11:59:00","2010-12-16 11:59:00",1,1,1,2,3.9000
17063,2011-12-10,"2011-02-23 13:44:00","2011-11-18 16:19:00",22,7,78,66,770,1461.1400,208.7343,"2011-03-02 16:17:00","2011-12-01 08:46:00",4,4,4,7,39.5500
17064,2011-12-10,"2011-01-16 16:10:00","2011-10-12 10:18:00",59,3,61,53,316,855.4500,285.1500,NULL,NULL,0,0,0,0,0.0000
17068,2011-12-10,"2010-12-06 13:58:00","2011-11-27 13:14:00",13,21,295,115,2159,4545.8900,216.4710,"2011-07-15 13:56:00","2011-07-15 13:56:00",1,1,1,10,20.8000
17069,2011-12-10,"2010-12-01 16:49:00","2011-11-11 17:13:00",29,9,143,111,1506,2709.7000,301.0778,"2010-12-23 11:40:00","2011-09-23 08:24:00",4,11,7,24,54.4800
17070,2011-12-10,"2011-08-17 17:01:00","2011-08-17 17:01:00",115,1,62,62,131,304.2400,304.2400,NULL,NULL,0,0,0,0,0.0000
17071,2011-12-10,"2011-02-03 08:18:00","2011-11-11 16:31:00",29,9,140,102,1197,2429.0300,269.8922,"2011-02-11 17:12:00","2011-12-01 09:06:00",5,8,6,15,43.5500
17073,2011-12-10,"2011-08-22 14:37:00","2011-11-22 11:47:00",18,4,173,141,758,1444.8400,361.2100,NULL,NULL,0,0,0,0,0.0000
17075,2011-12-10,"2011-01-26 13:20:00","2011-11-22 11:58:00",18,4,77,62,292,834.1200,208.5300,"2011-03-31 13:34:00","2011-03-31 13:34:00",1,3,3,3,20.3500
17076,2011-12-10,"2010-12-10 10:08:00","2011-11-03 17:53:00",37,3,25,17,295,841.0800,280.3600,NULL,NULL,0,0,0,0,0.0000
17078,2011-12-10,"2011-11-03 18:49:00","2011-11-03 19:17:00",37,2,27,27,782,375.8600,187.9300,NULL,NULL,0,0,0,0,0.0000
17079,2011-12-10,"2011-09-22 15:34:00","2011-09-22 15:34:00",79,1,2,2,24,118.8000,118.8000,NULL,NULL,0,0,0,0,0.0000
17080,2011-12-10,"2011-03-15 12:05:00","2011-11-17 12:59:00",23,2,8,8,166,287.6200,143.8100,"2011-03-16 16:23:00","2011-03-16 16:23:00",1,1,1,2,2.1200
17081,2011-12-10,"2011-10-24 13:08:00","2011-11-14 12:56:00",26,2,63,55,77,288.9100,144.4550,NULL,NULL,0,0,0,0,0.0000
17082,2011-12-10,"2011-01-25 14:36:00","2011-11-06 15:17:00",34,2,81,75,1049,2003.8500,1001.9250,NULL,NULL,0,0,0,0,0.0000
17083,2011-12-10,"2011-02-09 11:38:00","2011-08-22 15:43:00",110,3,52,24,772,1405.7800,468.5933,NULL,NULL,0,0,0,0,0.0000
17084,2011-12-10,"2011-11-04 14:49:00","2011-11-04 14:54:00",36,2,149,146,1702,2747.9900,1373.9950,NULL,NULL,0,0,0,0,0.0000
17085,2011-12-10,"2010-12-12 12:24:00","2011-08-08 14:15:00",124,5,186,115,785,1562.4000,312.4800,"2010-12-12 12:31:00","2010-12-12 12:31:00",1,2,2,2,11.6000
17086,2011-12-10,"2011-10-07 11:22:00","2011-12-02 13:54:00",8,6,95,75,1858,2035.0800,339.1800,NULL,NULL,0,0,0,0,0.0000
17088,2011-12-10,"2011-03-31 09:48:00","2011-11-11 14:23:00",29,4,115,96,868,1991.0100,497.7525,NULL,NULL,0,0,0,0,0.0000
17090,2011-12-10,"2010-12-20 13:52:00","2011-12-05 13:44:00",5,7,61,45,903,1974.6500,282.0929,"2011-10-24 13:33:00","2011-10-24 13:33:00",1,1,1,1,2.1000
17091,2011-12-10,"2010-12-07 09:55:00","2011-12-07 10:43:00",3,9,195,119,1746,3827.7600,425.3067,"2011-01-25 12:41:00","2011-01-25 12:41:00",1,3,3,3,24.9500
17092,2011-12-10,"2011-03-07 14:51:00","2011-10-20 19:51:00",51,4,124,99,1130,1774.0300,443.5075,NULL,NULL,0,0,0,0,0.0000
17094,2011-12-10,"2011-01-21 13:09:00","2011-01-21 13:09:00",323,1,14,14,152,302.0000,302.0000,"2011-01-25 17:24:00","2011-01-25 17:24:00",1,1,1,4,31.8000
17095,2011-12-10,"2011-01-09 11:05:00","2011-11-17 12:21:00",23,3,74,69,618,1324.1600,441.3867,"2011-01-12 11:45:00","2011-11-17 16:40:00",2,2,2,4,27.8000
17096,2011-12-10,"2011-03-23 12:05:00","2011-11-24 15:01:00",16,4,48,46,339,1022.1300,255.5325,"2011-07-26 10:18:00","2011-11-30 15:05:00",3,4,4,7,29.4500
17097,2011-12-10,"2010-12-09 14:55:00","2011-12-07 17:05:00",3,8,211,153,459,954.4200,119.3025,"2011-08-21 10:55:00","2011-08-21 10:55:00",1,2,2,2,16.5000
17100,2011-12-10,"2011-11-21 16:36:00","2011-11-21 16:36:00",19,2,65,65,800,971.7400,485.8700,NULL,NULL,0,0,0,0,0.0000
17101,2011-12-10,"2011-06-14 14:49:00","2011-11-29 13:57:00",11,4,42,28,815,1621.7300,405.4325,NULL,NULL,0,0,0,0,0.0000
17102,2011-12-10,"2011-03-23 10:08:00","2011-03-23 10:08:00",262,1,1,1,2,25.5000,25.5000,NULL,NULL,0,0,0,0,0.0000
17105,2011-12-10,"2011-02-06 14:46:00","2011-07-03 15:53:00",160,2,90,80,693,665.7800,332.8900,NULL,NULL,0,0,0,0,0.0000
17107,2011-12-10,"2011-03-06 15:17:00","2011-11-06 14:14:00",34,6,416,269,4826,10797.4800,1799.5800,"2011-11-07 08:41:00","2011-11-07 08:41:00",1,3,3,300,435.0000
17109,2011-12-10,"2011-04-21 15:46:00","2011-11-10 16:59:00",30,6,116,107,588,881.2900,146.8817,"2011-11-02 09:50:00","2011-11-04 13:40:00",2,4,2,16,15.3600
17110,2011-12-10,"2011-06-27 12:58:00","2011-06-27 12:58:00",166,1,12,12,50,163.3000,163.3000,NULL,NULL,0,0,0,0,0.0000
17111,2011-12-10,"2011-10-23 15:59:00","2011-10-23 15:59:00",48,1,29,29,282,231.6100,231.6100,NULL,NULL,0,0,0,0,0.0000
17114,2011-12-10,"2011-01-09 11:39:00","2011-12-04 12:17:00",6,8,123,85,215,801.1200,100.1400,"2011-04-10 10:12:00","2011-06-26 16:08:00",2,8,8,9,61.4000
17115,2011-12-10,"2011-04-20 14:46:00","2011-12-01 14:30:00",9,3,39,33,372,837.5000,279.1667,"2011-04-27 16:17:00","2011-06-13 16:06:00",2,4,4,4,30.6000
17117,2011-12-10,"2011-02-24 13:54:00","2011-02-24 13:54:00",289,1,9,9,68,116.2000,116.2000,NULL,NULL,0,0,0,0,0.0000
17118,2011-12-10,"2011-01-26 12:19:00","2011-01-26 12:19:00",318,1,10,10,154,157.0200,157.0200,NULL,NULL,0,0,0,0,0.0000
17119,2011-12-10,"2011-10-11 11:03:00","2011-12-06 14:40:00",4,2,34,34,333,591.9100,295.9550,"2011-10-24 13:59:00","2011-10-24 13:59:00",1,3,3,7,13.3000
17120,2011-12-10,"2011-04-20 15:21:00","2011-04-20 15:21:00",234,1,18,18,120,307.4600,307.4600,NULL,NULL,0,0,0,0,0.0000
17122,2011-12-10,"2011-08-12 14:33:00","2011-08-12 14:33:00",120,1,7,7,80,138.3200,138.3200,NULL,NULL,0,0,0,0,0.0000
17123,2011-12-10,"2011-07-01 10:47:00","2011-07-01 10:47:00",162,1,9,9,246,345.3000,345.3000,NULL,NULL,0,0,0,0,0.0000
17124,2011-12-10,"2011-06-07 14:02:00","2011-06-07 14:02:00",186,1,31,31,129,294.2400,294.2400,NULL,NULL,0,0,0,0,0.0000
17125,2011-12-10,"2011-10-20 14:41:00","2011-10-20 14:41:00",51,1,35,34,281,230.5000,230.5000,NULL,NULL,0,0,0,0,0.0000
17126,2011-12-10,"2010-12-12 11:26:00","2011-07-10 13:52:00",153,5,248,187,780,989.4500,197.8900,"2010-12-12 11:19:00","2011-07-10 12:10:00",2,2,2,2,12.9000
17128,2011-12-10,"2011-01-09 12:02:00","2011-01-09 12:02:00",335,1,14,14,76,157.0900,157.0900,NULL,NULL,0,0,0,0,0.0000
17131,2011-12-10,"2011-09-25 12:42:00","2011-12-04 12:52:00",6,5,134,78,983,2463.1700,492.6340,NULL,NULL,0,0,0,0,0.0000
17133,2011-12-10,"2011-03-18 13:47:00","2011-11-24 12:27:00",16,7,27,13,2730,4892.2400,698.8914,NULL,NULL,0,0,0,0,0.0000
17134,2011-12-10,"2011-03-20 11:56:00","2011-08-25 09:53:00",107,2,23,21,98,413.2000,206.6000,NULL,NULL,0,0,0,0,0.0000
17135,2011-12-10,"2010-12-03 09:31:00","2011-11-23 16:48:00",17,7,49,33,1221,1117.2300,159.6043,NULL,NULL,0,0,0,0,0.0000
17138,2011-12-10,"2011-03-09 11:54:00","2011-03-09 11:54:00",276,1,24,24,126,380.5000,380.5000,NULL,NULL,0,0,0,0,0.0000
17139,2011-12-10,"2011-02-24 09:32:00","2011-11-24 10:12:00",16,12,477,309,5176,10650.7700,887.5642,"2011-03-07 12:06:00","2011-09-15 16:16:00",3,9,8,19,82.9000
17140,2011-12-10,"2011-04-06 13:33:00","2011-04-06 13:33:00",248,1,18,16,296,454.1200,454.1200,NULL,NULL,0,0,0,0,0.0000
17142,2011-12-10,"2011-04-14 18:22:00","2011-04-14 18:22:00",240,1,15,15,81,579.0000,579.0000,NULL,NULL,0,0,0,0,0.0000
17144,2011-12-10,"2011-09-16 12:50:00","2011-12-08 17:57:00",2,2,48,42,483,984.5700,492.2850,NULL,NULL,0,0,0,0,0.0000
17146,2011-12-10,"2010-12-16 12:20:00","2011-08-26 12:44:00",106,3,35,33,212,749.7800,249.9267,NULL,NULL,0,0,0,0,0.0000
17147,2011-12-10,"2011-02-01 09:36:00","2011-11-17 12:32:00",23,4,81,68,882,1714.5900,428.6475,"2011-02-24 09:45:00","2011-02-24 09:49:00",2,4,4,4,34.9500
17148,2011-12-10,"2011-10-19 09:59:00","2011-10-19 09:59:00",52,1,9,9,82,124.8800,124.8800,NULL,NULL,0,0,0,0,0.0000
17152,2011-12-10,"2011-03-21 16:20:00","2011-05-29 12:19:00",195,3,14,9,517,1689.5000,563.1667,"2011-05-29 12:18:00","2011-05-29 12:18:00",1,2,2,40,186.0000
17153,2011-12-10,"2011-11-15 13:42:00","2011-11-15 13:42:00",25,1,14,14,104,213.7800,213.7800,NULL,NULL,0,0,0,0,0.0000
17154,2011-12-10,"2011-09-25 13:42:00","2011-09-25 13:42:00",76,1,23,23,490,329.3400,329.3400,NULL,NULL,0,0,0,0,0.0000
17155,2011-12-10,"2011-06-15 10:22:00","2011-11-22 12:38:00",18,2,20,19,242,251.7000,125.8500,NULL,NULL,0,0,0,0,0.0000
17157,2011-12-10,"2011-06-16 15:08:00","2011-12-02 09:10:00",8,2,13,11,172,319.0000,159.5000,"2011-06-20 13:13:00","2011-06-20 13:13:00",1,2,2,3,12.4500
17158,2011-12-10,"2010-12-14 13:03:00","2011-11-07 15:15:00",33,3,67,53,778,1266.9700,422.3233,NULL,NULL,0,0,0,0,0.0000
17159,2011-12-10,"2011-06-21 09:49:00","2011-11-18 10:52:00",22,3,101,96,1111,1538.8800,512.9600,"2011-10-06 18:56:00","2011-10-06 18:56:00",1,1,1,1,4.1500
17160,2011-12-10,"2011-04-12 12:00:00","2011-11-08 14:05:00",32,6,227,110,2854,3488.0300,581.3383,NULL,NULL,0,0,0,0,0.0000
17162,2011-12-10,"2011-02-07 12:27:00","2011-11-11 11:34:00",29,10,104,81,1001,1715.4600,171.5460,"2011-06-07 15:14:00","2011-06-07 15:14:00",1,1,1,1,8.2500
17163,2011-12-10,"2011-09-22 15:54:00","2011-11-18 08:57:00",22,2,5,3,66,293.1000,146.5500,NULL,NULL,0,0,0,0,0.0000
17164,2011-12-10,"2011-03-11 14:26:00","2011-11-07 09:14:00",33,7,144,92,1501,2467.3500,352.4786,"2011-10-17 10:50:00","2011-10-17 10:50:00",1,1,1,1,0.9500
17165,2011-12-10,"2011-02-28 16:39:00","2011-02-28 16:39:00",285,1,10,10,100,158.6800,158.6800,NULL,NULL,0,0,0,0,0.0000
17166,2011-12-10,"2011-05-20 08:18:00","2011-11-01 09:46:00",39,2,12,11,78,206.3400,103.1700,"2011-05-27 09:55:00","2011-05-27 09:55:00",1,2,2,3,16.8500
17169,2011-12-10,"2011-06-09 13:16:00","2011-10-13 10:25:00",58,2,54,51,526,835.7800,417.8900,"2011-06-13 12:23:00","2011-10-20 19:15:00",2,6,6,7,18.9000
17171,2011-12-10,"2011-02-23 16:37:00","2011-02-23 16:37:00",290,1,16,16,185,224.9100,224.9100,NULL,NULL,0,0,0,0,0.0000
17172,2011-12-10,"2011-09-22 09:36:00","2011-09-22 09:36:00",79,1,15,15,480,317.7600,317.7600,NULL,NULL,0,0,0,0,0.0000
17173,2011-12-10,"2011-07-31 15:26:00","2011-12-04 14:40:00",6,8,86,36,1122,3766.6000,470.8250,"2011-08-30 11:46:00","2011-08-30 11:46:00",1,1,1,1,10.9500
17174,2011-12-10,"2011-05-06 11:47:00","2011-05-06 11:47:00",218,1,4,4,41,59.9000,59.9000,NULL,NULL,0,0,0,0,0.0000
17175,2011-12-10,"2011-02-16 14:56:00","2011-10-26 15:31:00",45,4,63,42,866,1443.6900,360.9225,"2011-07-25 17:00:00","2011-07-25 17:00:00",1,1,1,1,12.7500
17176,2011-12-10,"2011-05-22 12:41:00","2011-05-22 12:41:00",202,1,15,15,170,306.1300,306.1300,NULL,NULL,0,0,0,0,0.0000
17179,2011-12-10,"2010-12-13 14:24:00","2011-06-14 16:48:00",179,3,80,56,290,711.7900,237.2633,NULL,NULL,0,0,0,0,0.0000
17180,2011-12-10,"2011-01-27 18:05:00","2011-10-14 15:46:00",57,4,125,91,670,783.9700,195.9925,"2011-01-27 18:08:00","2011-04-12 16:10:00",2,3,2,3,15.6500
17181,2011-12-10,"2010-12-01 12:38:00","2011-10-13 14:48:00",58,2,23,23,241,239.9200,119.9600,NULL,NULL,0,0,0,0,0.0000
17183,2011-12-10,"2011-08-26 15:25:00","2011-12-02 10:07:00",8,6,73,42,1296,3347.3100,557.8850,"2011-11-08 15:36:00","2011-11-16 15:52:00",2,3,3,32,60.4000
17186,2011-12-10,"2011-10-10 12:52:00","2011-10-24 10:20:00",47,2,2,1,200,144.0000,72.0000,NULL,NULL,0,0,0,0,0.0000
17187,2011-12-10,"2011-04-27 12:39:00","2011-04-27 12:39:00",227,1,10,10,144,203.9500,203.9500,NULL,NULL,0,0,0,0,0.0000
17188,2011-12-10,"2010-12-12 12:56:00","2011-11-28 13:53:00",12,7,84,71,1328,2474.2300,353.4614,"2010-12-16 14:19:00","2011-02-10 16:24:00",2,5,5,27,198.6500
17189,2011-12-10,"2010-12-15 17:28:00","2011-08-25 19:39:00",107,2,60,52,226,383.7500,191.8750,NULL,NULL,0,0,0,0,0.0000
17190,2011-12-10,"2011-05-16 15:29:00","2011-10-12 11:33:00",59,2,19,19,161,444.7400,222.3700,"2011-06-06 10:59:00","2011-06-06 10:59:00",1,1,1,1,195.0000
17191,2011-12-10,"2010-12-06 14:36:00","2011-11-11 16:58:00",29,7,236,163,1166,2093.6800,299.0971,NULL,NULL,0,0,0,0,0.0000
17193,2011-12-10,"2011-06-16 10:04:00","2011-11-04 12:47:00",36,7,32,17,1254,1699.3000,242.7571,"2011-06-20 17:23:00","2011-11-01 09:51:00",2,3,3,16,24.8400
17194,2011-12-10,"2010-12-14 12:06:00","2010-12-14 12:06:00",361,1,25,25,112,226.7800,226.7800,NULL,NULL,0,0,0,0,0.0000
17197,2011-12-10,"2011-11-10 10:32:00","2011-11-10 10:32:00",30,1,29,29,191,1013.0100,1013.0100,NULL,NULL,0,0,0,0,0.0000
17198,2011-12-10,"2010-12-03 14:54:00","2011-11-16 10:39:00",24,3,96,89,357,692.2200,230.7400,NULL,NULL,0,0,0,0,0.0000
17201,2011-12-10,"2011-10-17 11:55:00","2011-10-17 11:55:00",54,1,38,38,231,289.7800,289.7800,NULL,NULL,0,0,0,0,0.0000
17203,2011-12-10,"2011-10-10 14:37:00","2011-11-04 12:27:00",36,6,148,116,2846,3560.0800,593.3467,NULL,NULL,0,0,0,0,0.0000
17204,2011-12-10,"2011-03-21 12:42:00","2011-06-17 14:46:00",176,4,57,44,646,1564.5600,391.1400,"2010-12-20 12:01:00","2011-06-23 13:54:00",5,10,10,57,211.6500
17205,2011-12-10,"2011-10-17 12:46:00","2011-10-17 12:46:00",54,1,13,13,884,384.0800,384.0800,NULL,NULL,0,0,0,0,0.0000
17206,2011-12-10,"2011-10-17 13:25:00","2011-10-17 13:25:00",54,1,7,7,76,204.2400,204.2400,NULL,NULL,0,0,0,0,0.0000
17211,2011-12-10,"2010-12-05 12:44:00","2011-11-13 12:03:00",27,8,211,150,1323,2317.2200,289.6525,"2011-04-20 13:39:00","2011-04-20 13:39:00",1,2,2,13,17.5500
17212,2011-12-10,"2011-03-31 19:42:00","2011-03-31 19:42:00",254,1,4,4,147,226.8500,226.8500,NULL,NULL,0,0,0,0,0.0000
17213,2011-12-10,"2010-12-08 13:03:00","2011-10-30 14:53:00",41,7,157,85,1176,2781.2300,397.3186,"2010-12-16 14:15:00","2011-03-21 15:49:00",4,7,7,9,40.1500
17214,2011-12-10,"2010-12-15 15:14:00","2011-10-10 13:17:00",61,6,101,79,272,1059.1200,176.5200,"2011-09-15 11:30:00","2011-09-15 11:30:00",1,1,1,1,85.0000
17217,2011-12-10,"2011-04-19 17:19:00","2011-04-19 17:19:00",235,1,9,9,24,113.5000,113.5000,NULL,NULL,0,0,0,0,0.0000
17218,2011-12-10,"2010-12-06 15:25:00","2011-12-05 13:52:00",5,10,271,146,955,1951.9700,195.1970,NULL,NULL,0,0,0,0,0.0000
17219,2011-12-10,"2011-11-08 11:25:00","2011-11-08 11:25:00",32,1,25,24,89,114.2300,114.2300,NULL,NULL,0,0,0,0,0.0000
17220,2011-12-10,"2010-12-10 14:54:00","2011-11-15 13:47:00",25,14,467,303,1897,3187.5500,227.6821,NULL,NULL,0,0,0,0,0.0000
17221,2011-12-10,"2011-11-03 17:39:00","2011-12-02 13:35:00",8,2,62,59,287,334.4800,167.2400,NULL,NULL,0,0,0,0,0.0000
17222,2011-12-10,"2011-10-05 13:58:00","2011-10-05 13:58:00",66,1,27,27,122,328.6500,328.6500,NULL,NULL,0,0,0,0,0.0000
17223,2011-12-10,"2010-12-06 14:08:00","2011-02-02 15:57:00",311,2,47,42,109,381.8900,190.9450,NULL,NULL,0,0,0,0,0.0000
17226,2011-12-10,"2011-02-04 11:52:00","2011-02-04 11:52:00",309,1,21,21,406,393.4900,393.4900,NULL,NULL,0,0,0,0,0.0000
17227,2011-12-10,"2010-12-06 11:16:00","2011-11-21 10:51:00",19,6,47,28,741,939.3200,156.5533,NULL,NULL,0,0,0,0,0.0000
17228,2011-12-10,"2010-12-02 16:00:00","2011-11-24 10:24:00",16,8,208,140,1532,1906.0900,238.2613,NULL,NULL,0,0,0,0,0.0000
17229,2011-12-10,"2011-07-20 12:38:00","2011-09-04 13:56:00",97,2,47,39,185,318.7600,159.3800,NULL,NULL,0,0,0,0,0.0000
17230,2011-12-10,"2010-12-15 11:22:00","2011-03-20 16:12:00",265,8,69,51,1651,3638.4100,454.8013,"2010-12-20 15:07:00","2011-02-10 14:15:00",3,4,4,98,171.7400
17231,2011-12-10,"2010-12-13 14:16:00","2011-11-27 15:18:00",13,10,531,292,1724,3124.7200,312.4720,"2010-12-13 13:09:00","2011-10-06 19:57:00",4,5,5,6,46.5000
17232,2011-12-10,"2011-11-25 12:24:00","2011-12-07 12:21:00",3,2,35,30,202,417.7700,208.8850,NULL,NULL,0,0,0,0,0.0000
17233,2011-12-10,"2011-11-04 14:06:00","2011-11-04 14:06:00",36,1,25,25,131,190.8800,190.8800,NULL,NULL,0,0,0,0,0.0000
17234,2011-12-10,"2011-06-10 11:20:00","2011-06-10 11:20:00",183,1,14,14,55,149.8900,149.8900,NULL,NULL,0,0,0,0,0.0000
17235,2011-12-10,"2010-12-02 13:38:00","2011-11-14 15:51:00",26,2,29,24,224,550.0600,275.0300,NULL,NULL,0,0,0,0,0.0000
17236,2011-12-10,"2010-12-12 11:49:00","2011-11-27 12:00:00",13,6,105,88,474,916.1300,152.6883,NULL,NULL,0,0,0,0,0.0000
17237,2011-12-10,"2011-11-17 12:55:00","2011-11-28 15:02:00",12,2,19,18,105,314.6900,157.3450,NULL,NULL,0,0,0,0,0.0000
17238,2011-12-10,"2010-12-03 15:05:00","2011-12-07 11:35:00",3,17,555,297,1807,3719.1000,218.7706,NULL,NULL,0,0,0,0,0.0000
17239,2011-12-10,"2011-01-31 09:41:00","2011-01-31 09:41:00",313,1,15,15,150,382.5000,382.5000,"2010-12-22 13:20:00","2010-12-22 13:20:00",1,1,1,1,2.5500
17242,2011-12-10,"2011-06-12 13:04:00","2011-08-23 14:55:00",109,2,40,30,611,1135.0400,567.5200,NULL,NULL,0,0,0,0,0.0000
17243,2011-12-10,"2010-12-05 10:03:00","2011-12-08 13:26:00",2,26,386,179,3316,8531.6500,328.1404,"2011-04-03 10:08:00","2011-09-08 12:15:00",4,7,7,8,48.3000
17244,2011-12-10,"2011-10-17 15:19:00","2011-10-17 15:19:00",54,1,31,31,616,954.9000,954.9000,NULL,NULL,0,0,0,0,0.0000
17245,2011-12-10,"2011-05-19 10:43:00","2011-05-19 10:43:00",205,1,9,9,75,171.4500,171.4500,NULL,NULL,0,0,0,0,0.0000
17247,2011-12-10,"2011-11-24 15:21:00","2011-11-24 15:21:00",16,1,54,53,105,280.0900,280.0900,NULL,NULL,0,0,0,0,0.0000
17248,2011-12-10,"2011-08-11 13:34:00","2011-08-11 13:34:00",121,1,69,68,213,318.6500,318.6500,NULL,NULL,0,0,0,0,0.0000
17250,2011-12-10,"2011-03-23 16:45:00","2011-12-06 12:15:00",4,2,56,55,167,381.9700,190.9850,NULL,NULL,0,0,0,0,0.0000
17251,2011-12-10,"2010-12-12 11:06:00","2010-12-12 11:06:00",363,1,37,37,108,269.8300,269.8300,NULL,NULL,0,0,0,0,0.0000
17252,2011-12-10,"2011-06-06 16:41:00","2011-08-15 09:45:00",117,2,86,86,192,348.9100,174.4550,NULL,NULL,0,0,0,0,0.0000
17253,2011-12-10,"2011-11-21 12:59:00","2011-11-21 12:59:00",19,1,18,18,43,178.2600,178.2600,NULL,NULL,0,0,0,0,0.0000
17254,2011-12-10,"2011-11-24 14:09:00","2011-12-05 12:46:00",5,2,111,100,251,271.1900,135.5950,NULL,NULL,0,0,0,0,0.0000
17255,2011-12-10,"2011-02-13 15:18:00","2011-10-30 12:18:00",41,2,74,69,227,291.4800,145.7400,NULL,NULL,0,0,0,0,0.0000
17256,2011-12-10,"2011-01-31 14:53:00","2011-08-24 13:30:00",108,2,16,12,141,240.0000,120.0000,NULL,NULL,0,0,0,0,0.0000
17259,2011-12-10,"2010-12-06 12:55:00","2011-07-14 15:01:00",149,2,116,104,388,581.2300,290.6150,NULL,NULL,0,0,0,0,0.0000
17262,2011-12-10,"2010-12-08 13:30:00","2011-10-18 12:56:00",53,5,12,9,367,1253.3600,250.6720,NULL,NULL,0,0,0,0,0.0000
17263,2011-12-10,"2011-05-15 14:32:00","2011-05-15 14:32:00",209,1,23,23,36,63.4400,63.4400,NULL,NULL,0,0,0,0,0.0000
17265,2011-12-10,"2011-06-12 12:00:00","2011-07-24 10:49:00",139,2,122,106,389,550.0100,275.0050,NULL,NULL,0,0,0,0,0.0000
17266,2011-12-10,"2011-07-15 11:57:00","2011-12-07 14:12:00",3,3,73,60,153,296.5800,98.8600,NULL,NULL,0,0,0,0,0.0000
17267,2011-12-10,"2011-08-04 17:19:00","2011-08-04 17:22:00",128,2,37,37,158,317.2000,158.6000,NULL,NULL,0,0,0,0,0.0000
17268,2011-12-10,"2011-04-08 13:20:00","2011-08-24 10:06:00",108,4,6,3,844,763.6400,190.9100,NULL,NULL,0,0,0,0,0.0000
17272,2011-12-10,"2011-03-22 12:05:00","2011-10-28 16:37:00",43,4,114,70,1778,2148.6300,537.1575,"2011-05-27 12:57:00","2011-05-27 12:57:00",1,2,2,2,4.1000
17274,2011-12-10,"2011-11-04 13:16:00","2011-11-04 13:16:00",36,1,25,24,77,107.8200,107.8200,NULL,NULL,0,0,0,0,0.0000
17277,2011-12-10,"2011-01-21 12:37:00","2011-04-26 12:47:00",228,2,69,67,430,1065.3500,532.6750,NULL,NULL,0,0,0,0,0.0000
17278,2011-12-10,"2011-04-12 13:10:00","2011-04-12 13:10:00",242,1,15,15,179,246.0400,246.0400,NULL,NULL,0,0,0,0,0.0000
17279,2011-12-10,"2011-10-13 11:58:00","2011-10-13 11:58:00",58,1,9,8,48,187.8300,187.8300,NULL,NULL,0,0,0,0,0.0000
17282,2011-12-10,"2011-02-13 11:36:00","2011-08-01 14:29:00",131,3,89,79,1866,1685.4600,561.8200,NULL,NULL,0,0,0,0,0.0000
17284,2011-12-10,"2011-01-07 14:31:00","2011-10-10 14:38:00",61,6,291,229,1362,1647.4800,274.5800,"2011-06-15 10:01:00","2011-06-15 10:01:00",1,2,2,2,10.9000
17286,2011-12-10,"2011-11-18 12:47:00","2011-11-18 12:47:00",22,1,44,44,117,151.3700,151.3700,NULL,NULL,0,0,0,0,0.0000
17287,2011-12-10,"2010-12-02 12:22:00","2011-11-13 13:27:00",27,7,122,88,556,1049.0600,149.8657,NULL,NULL,0,0,0,0,0.0000
17288,2011-12-10,"2010-12-16 13:33:00","2011-11-30 16:09:00",10,7,140,118,1201,1417.6300,202.5186,NULL,NULL,0,0,0,0,0.0000
17289,2011-12-10,"2011-06-12 13:51:00","2011-11-08 12:01:00",32,3,104,86,513,931.0200,310.3400,"2011-11-08 11:06:00","2011-11-08 11:06:00",1,1,1,1,8.2500
17290,2011-12-10,"2011-11-23 15:53:00","2011-12-06 12:38:00",4,2,96,92,397,513.0100,256.5050,NULL,NULL,0,0,0,0,0.0000
17291,2011-12-10,"2011-02-04 13:04:00","2011-02-04 13:04:00",309,1,1,1,72,550.8000,550.8000,NULL,NULL,0,0,0,0,0.0000
17293,2011-12-10,"2010-12-13 14:55:00","2011-12-01 14:37:00",9,9,132,93,1135,1854.0600,206.0067,NULL,NULL,0,0,0,0,0.0000
17295,2011-12-10,"2011-10-06 12:22:00","2011-11-11 10:49:00",29,3,68,53,293,547.0000,182.3333,NULL,NULL,0,0,0,0,0.0000
17297,2011-12-10,"2011-11-22 14:43:00","2011-11-22 14:43:00",18,1,49,49,65,128.1800,128.1800,NULL,NULL,0,0,0,0,0.0000
17298,2011-12-10,"2011-08-07 12:21:00","2011-08-30 16:43:00",102,2,30,30,387,498.4200,249.2100,NULL,NULL,0,0,0,0,0.0000
17299,2011-12-10,"2011-06-19 16:04:00","2011-11-28 12:01:00",12,4,55,50,668,656.6100,164.1525,NULL,NULL,0,0,0,0,0.0000
17301,2011-12-10,"2011-11-18 13:43:00","2011-11-18 13:43:00",22,1,59,59,137,163.2400,163.2400,NULL,NULL,0,0,0,0,0.0000
17302,2011-12-10,"2011-02-07 10:14:00","2011-11-25 09:36:00",15,5,79,68,575,1135.6300,227.1260,"2011-08-18 06:28:00","2011-08-18 06:28:00",1,2,2,2,15.7000
17303,2011-12-10,"2010-12-13 13:32:00","2010-12-13 13:32:00",362,1,53,53,144,250.0400,250.0400,NULL,NULL,0,0,0,0,0.0000
17306,2011-12-10,"2010-12-21 13:34:00","2011-11-29 12:14:00",11,19,66,13,11491,8631.3100,454.2795,"2011-01-26 17:13:00","2011-06-21 17:11:00",2,3,3,21,30.5800
17309,2011-12-10,"2011-09-05 15:20:00","2011-09-05 15:20:00",96,1,12,11,41,82.7500,82.7500,NULL,NULL,0,0,0,0,0.0000
17311,2011-12-10,"2011-01-27 10:56:00","2011-09-22 14:11:00",79,2,55,55,1005,1384.8500,692.4250,NULL,NULL,0,0,0,0,0.0000
17312,2011-12-10,"2011-07-03 13:12:00","2011-07-24 11:52:00",139,3,14,11,372,644.3000,214.7667,NULL,NULL,0,0,0,0,0.0000
17313,2011-12-10,"2011-11-08 15:45:00","2011-11-08 15:45:00",32,1,24,24,1402,2328.8400,2328.8400,"2011-11-22 09:23:00","2011-11-22 09:23:00",1,4,4,20,40.7100
17314,2011-12-10,"2011-01-31 11:25:00","2011-11-15 09:41:00",25,8,131,120,1896,2527.9200,315.9900,"2011-02-24 09:53:00","2011-10-24 13:48:00",3,5,5,12,13.1600
17315,2011-12-10,"2010-12-17 12:24:00","2011-12-08 12:15:00",2,36,468,254,3837,6241.1500,173.3653,"2010-12-17 12:19:00","2011-12-09 11:58:00",5,14,14,32,87.8000
17317,2011-12-10,"2011-09-11 12:45:00","2011-10-24 17:19:00",47,3,9,8,1146,2600.3400,866.7800,"2011-10-24 17:16:00","2011-10-24 17:26:00",2,2,2,72,76.3200
17320,2011-12-10,"2010-12-06 15:38:00","2011-08-31 13:31:00",101,3,73,57,634,1200.6200,400.2067,NULL,NULL,0,0,0,0,0.0000
17321,2011-12-10,"2011-10-03 11:34:00","2011-12-01 13:41:00",9,2,99,94,364,657.1600,328.5800,NULL,NULL,0,0,0,0,0.0000
17323,2011-12-10,"2011-02-20 14:38:00","2011-11-24 17:29:00",16,7,194,124,756,903.1200,129.0171,"2011-05-08 14:50:00","2011-11-24 17:14:00",2,4,4,6,12.0800
17324,2011-12-10,"2010-12-08 12:45:00","2011-11-22 10:34:00",18,4,49,43,843,986.4800,246.6200,NULL,NULL,0,0,0,0,0.0000
17325,2011-12-10,"2011-03-04 13:09:00","2011-03-04 13:09:00",281,1,6,6,60,96.8000,96.8000,NULL,NULL,0,0,0,0,0.0000
17329,2011-12-10,"2011-01-28 15:29:00","2011-11-25 14:24:00",15,2,33,29,142,523.1100,261.5550,NULL,NULL,0,0,0,0,0.0000
17330,2011-12-10,"2011-10-03 11:26:00","2011-11-17 08:56:00",23,2,6,5,120,363.9000,181.9500,NULL,NULL,0,0,0,0,0.0000
17331,2011-12-10,"2011-08-08 11:55:00","2011-08-08 11:55:00",124,1,1,1,16,175.2000,175.2000,NULL,NULL,0,0,0,0,0.0000
17333,2011-12-10,"2011-09-15 10:11:00","2011-09-15 10:11:00",86,1,28,28,375,494.2500,494.2500,NULL,NULL,0,0,0,0,0.0000
17334,2011-12-10,"2011-02-04 09:03:00","2011-02-10 14:59:00",303,2,11,11,315,307.0200,153.5100,"2011-02-11 16:34:00","2011-02-11 16:34:00",1,1,1,1,0.4200
17337,2011-12-10,"2011-02-02 17:06:00","2011-07-11 14:55:00",152,4,520,420,1246,1979.6100,494.9025,"2011-02-02 17:09:00","2011-07-11 14:56:00",3,5,4,29,83.5500
17338,2011-12-10,"2010-12-13 12:57:00","2011-11-22 14:23:00",18,8,719,388,3044,6484.7500,810.5938,"2011-07-01 13:06:00","2011-11-22 14:13:00",2,3,3,4,28.8000
17339,2011-12-10,"2010-12-09 14:44:00","2011-09-06 13:29:00",95,2,9,9,152,243.3600,121.6800,NULL,NULL,0,0,0,0,0.0000
17340,2011-12-10,"2010-12-08 15:56:00","2011-11-10 10:45:00",30,11,407,229,5967,12353.2900,1123.0264,"2010-12-08 16:00:00","2011-11-30 17:12:00",5,17,14,65,462.1100
17341,2011-12-10,"2010-12-08 12:46:00","2011-07-06 12:33:00",157,3,157,147,443,682.2900,227.4300,NULL,NULL,0,0,0,0,0.0000
17343,2011-12-10,"2010-12-19 15:07:00","2010-12-19 15:07:00",356,1,17,17,56,193.6400,193.6400,NULL,NULL,0,0,0,0,0.0000
17344,2011-12-10,"2011-10-24 12:56:00","2011-10-24 12:56:00",47,1,31,31,65,157.6200,157.6200,NULL,NULL,0,0,0,0,0.0000
17345,2011-12-10,"2011-05-27 12:26:00","2011-11-24 15:02:00",16,4,83,70,341,519.6900,129.9225,NULL,NULL,0,0,0,0,0.0000
17346,2011-12-10,"2010-12-01 14:34:00","2011-12-06 12:18:00",4,15,483,299,1617,2622.8800,174.8587,"2011-10-20 12:45:00","2011-10-20 12:45:00",1,3,3,18,64.9800
17347,2011-12-10,"2011-09-14 13:12:00","2011-09-14 13:12:00",87,1,1,1,216,228.9600,228.9600,NULL,NULL,0,0,0,0,0.0000
17348,2011-12-10,"2011-02-15 10:49:00","2011-11-25 11:25:00",15,5,213,180,1398,1156.6000,231.3200,NULL,NULL,0,0,0,0,0.0000
17349,2011-12-10,"2011-06-13 14:29:00","2011-06-13 14:29:00",180,1,8,8,102,98.2500,98.2500,NULL,NULL,0,0,0,0,0.0000
17350,2011-12-10,"2011-10-19 16:05:00","2011-12-01 15:47:00",9,4,70,66,770,1281.3200,320.3300,"2011-10-19 16:08:00","2011-10-19 16:08:00",1,1,1,36,29.8800
17351,2011-12-10,"2011-03-11 16:05:00","2011-11-03 18:45:00",37,3,27,22,113,587.1500,195.7167,NULL,NULL,0,0,0,0,0.0000
17353,2011-12-10,"2011-07-08 16:17:00","2011-08-02 17:19:00",130,2,8,5,1200,1740.0000,870.0000,NULL,NULL,0,0,0,0,0.0000
17354,2011-12-10,"2011-10-20 10:34:00","2011-10-20 10:34:00",51,1,16,15,1006,1393.0600,1393.0600,NULL,NULL,0,0,0,0,0.0000
17356,2011-12-10,"2011-02-01 11:07:00","2011-02-01 11:07:00",312,1,19,19,166,178.2200,178.2200,NULL,NULL,0,0,0,0,0.0000
17357,2011-12-10,"2011-11-15 16:29:00","2011-11-15 16:30:00",25,2,44,41,152,384.3900,192.1950,NULL,NULL,0,0,0,0,0.0000
17358,2011-12-10,"2010-12-19 14:16:00","2011-02-09 16:57:00",304,2,58,55,190,360.8100,180.4050,NULL,NULL,0,0,0,0,0.0000
17359,2011-12-10,"2011-11-28 14:37:00","2011-11-28 14:37:00",12,1,15,13,161,127.8600,127.8600,NULL,NULL,0,0,0,0,0.0000
17360,2011-12-10,"2011-06-08 17:09:00","2011-11-22 13:11:00",18,3,125,113,328,568.2400,189.4133,NULL,NULL,0,0,0,0,0.0000
17361,2011-12-10,"2011-02-21 09:55:00","2011-10-21 15:43:00",50,3,29,26,157,488.2000,162.7333,NULL,NULL,0,0,0,0,0.0000
17362,2011-12-10,"2011-02-03 10:26:00","2011-04-14 14:43:00",240,2,35,30,191,312.2300,156.1150,NULL,NULL,0,0,0,0,0.0000
17364,2011-12-10,"2011-01-12 16:57:00","2011-12-09 09:00:00",1,11,406,288,2692,4462.6800,405.6982,"2011-01-20 17:06:00","2011-01-20 17:06:00",1,3,3,21,25.4500
17365,2011-12-10,"2011-01-11 12:11:00","2011-11-27 12:13:00",13,8,464,277,4737,4762.3200,595.2900,NULL,NULL,0,0,0,0,0.0000
17367,2011-12-10,"2011-04-15 14:21:00","2011-04-15 14:21:00",239,1,33,33,149,167.5500,167.5500,NULL,NULL,0,0,0,0,0.0000
17368,2011-12-10,"2011-01-06 11:57:00","2011-11-16 15:26:00",24,8,107,93,1377,1878.8700,234.8588,"2011-01-25 17:21:00","2011-01-25 17:21:00",1,17,17,711,563.1500
17370,2011-12-10,"2011-06-23 11:50:00","2011-09-28 10:14:00",73,4,33,31,540,446.1800,111.5450,NULL,NULL,0,0,0,0,0.0000
17371,2011-12-10,"2010-12-13 15:20:00","2011-11-22 13:30:00",18,3,86,83,151,418.4000,139.4667,NULL,NULL,0,0,0,0,0.0000
17372,2011-12-10,"2010-12-12 12:00:00","2011-10-30 11:37:00",41,8,251,215,747,1337.1800,167.1475,NULL,NULL,0,0,0,0,0.0000
17373,2011-12-10,"2011-01-31 11:46:00","2011-10-30 15:28:00",41,4,57,47,408,646.9200,161.7300,NULL,NULL,0,0,0,0,0.0000
17374,2011-12-10,"2011-03-03 12:53:00","2011-05-05 09:05:00",219,2,28,24,85,495.7700,247.8850,NULL,NULL,0,0,0,0,0.0000
17375,2011-12-10,"2010-12-13 15:16:00","2011-05-24 15:45:00",200,3,69,63,367,400.1000,133.3667,"2011-06-02 17:30:00","2011-06-02 17:30:00",1,2,2,6,27.6000
17376,2011-12-10,"2011-02-01 14:12:00","2011-09-30 12:36:00",71,2,24,23,86,203.2000,101.6000,NULL,NULL,0,0,0,0,0.0000
17377,2011-12-10,"2010-12-01 12:35:00","2011-11-16 11:17:00",24,20,404,190,2038,4058.3200,202.9160,"2010-12-16 13:01:00","2010-12-16 13:01:00",1,1,1,1,175.0000
17379,2011-12-10,"2011-11-28 13:56:00","2011-11-28 13:56:00",12,1,78,71,623,389.7200,389.7200,NULL,NULL,0,0,0,0,0.0000
17381,2011-12-10,"2010-12-02 12:58:00","2011-12-01 11:59:00",9,29,109,40,25649,20275.6100,699.1590,"2011-07-12 11:08:00","2011-07-12 11:08:00",1,1,1,3,3.1800
17382,2011-12-10,"2011-10-05 13:05:00","2011-10-05 13:05:00",66,1,1,1,24,50.4000,50.4000,NULL,NULL,0,0,0,0,0.0000
17383,2011-12-10,"2011-12-05 17:36:00","2011-12-05 17:36:00",5,1,49,49,148,193.3900,193.3900,NULL,NULL,0,0,0,0,0.0000
17384,2011-12-10,"2011-05-04 16:07:00","2011-11-20 15:48:00",20,2,15,12,88,336.4000,168.2000,NULL,NULL,0,0,0,0,0.0000
17385,2011-12-10,"2011-11-25 11:02:00","2011-11-25 11:02:00",15,1,45,42,197,256.1100,256.1100,NULL,NULL,0,0,0,0,0.0000
17386,2011-12-10,"2011-06-27 12:11:00","2011-12-02 11:28:00",8,6,28,23,1902,2686.4200,447.7367,NULL,NULL,0,0,0,0,0.0000
17387,2011-12-10,"2011-11-06 11:25:00","2011-11-20 11:00:00",20,2,76,71,522,746.8100,373.4050,NULL,NULL,0,0,0,0,0.0000
17388,2011-12-10,"2011-02-25 12:28:00","2011-09-23 10:31:00",78,4,15,13,1068,1259.5600,314.8900,NULL,NULL,0,0,0,0,0.0000
17389,2011-12-10,"2011-01-12 15:48:00","2011-12-09 09:38:00",1,34,213,45,7612,31833.6800,936.2847,"2011-01-04 17:12:00","2011-08-11 10:21:00",8,10,9,170,516.2000
17391,2011-12-10,"2011-06-28 12:21:00","2011-06-29 09:58:00",164,2,3,2,480,508.8000,254.4000,NULL,NULL,0,0,0,0,0.0000
17392,2011-12-10,"2010-12-16 19:04:00","2011-02-06 12:48:00",307,2,55,52,275,411.2700,205.6350,NULL,NULL,0,0,0,0,0.0000
17394,2011-12-10,"2011-05-04 13:22:00","2011-05-04 13:22:00",220,1,4,4,241,203.8700,203.8700,NULL,NULL,0,0,0,0,0.0000
17396,2011-12-10,"2010-12-03 09:45:00","2011-10-31 14:12:00",40,7,26,23,2004,7312.8000,1044.6857,NULL,NULL,0,0,0,0,0.0000
17397,2011-12-10,"2011-11-17 13:58:00","2011-11-17 14:08:00",23,2,89,88,250,681.4100,340.7050,NULL,NULL,0,0,0,0,0.0000
17398,2011-12-10,"2011-03-29 13:04:00","2011-08-17 09:48:00",115,3,38,30,310,653.3800,217.7933,NULL,NULL,0,0,0,0,0.0000
17400,2011-12-10,"2010-12-21 17:16:00","2011-08-05 15:38:00",127,5,206,175,1088,2097.8400,419.5680,NULL,NULL,0,0,0,0,0.0000
17402,2011-12-10,"2010-12-05 13:53:00","2011-12-05 10:15:00",5,12,58,32,700,2598.8500,216.5708,NULL,NULL,0,0,0,0,0.0000
17403,2011-12-10,"2011-11-03 15:18:00","2011-11-03 15:18:00",37,1,32,32,111,263.9200,263.9200,NULL,NULL,0,0,0,0,0.0000
17404,2011-12-10,"2010-12-14 13:28:00","2011-12-05 16:26:00",5,13,195,109,32744,31781.8200,2444.7554,"2010-12-14 13:27:00","2011-12-05 16:26:00",3,3,3,424,1606.0000
17405,2011-12-10,"2011-07-12 14:17:00","2011-12-08 17:12:00",2,3,82,77,726,1031.4100,343.8033,"2011-09-30 12:47:00","2011-10-06 18:12:00",2,12,7,21,64.1900
17406,2011-12-10,"2010-12-08 10:35:00","2011-01-10 15:07:00",334,3,111,99,780,2184.4200,728.1400,"2011-01-10 15:04:00","2011-01-13 12:52:00",2,3,3,3,271.7000
17408,2011-12-10,"2011-06-29 12:53:00","2011-06-29 12:53:00",164,1,2,2,3,32.6500,32.6500,NULL,NULL,0,0,0,0,0.0000
17409,2011-12-10,"2011-04-05 16:42:00","2011-06-08 10:36:00",185,2,13,13,105,771.8500,385.9250,NULL,NULL,0,0,0,0,0.0000
17410,2011-12-10,"2011-05-08 15:21:00","2011-11-23 15:46:00",17,5,64,57,616,1214.7200,242.9440,NULL,NULL,0,0,0,0,0.0000
17411,2011-12-10,"2011-03-23 13:44:00","2011-11-27 14:25:00",13,3,41,39,306,778.9400,259.6467,"2010-12-09 11:42:00","2010-12-09 11:42:00",1,2,2,8,30.0000
17412,2011-12-10,"2010-12-02 16:29:00","2011-12-07 11:36:00",3,7,66,48,738,1258.0600,179.7229,NULL,NULL,0,0,0,0,0.0000
17414,2011-12-10,"2011-06-08 11:43:00","2011-10-27 12:13:00",44,2,6,5,2100,778.0000,389.0000,NULL,NULL,0,0,0,0,0.0000
17415,2011-12-10,"2011-09-21 12:50:00","2011-09-21 12:50:00",80,1,14,14,114,507.8400,507.8400,NULL,NULL,0,0,0,0,0.0000
17416,2011-12-10,"2011-03-03 13:45:00","2011-11-10 12:47:00",30,7,269,186,4302,6893.4200,984.7743,"2011-03-22 11:17:00","2011-08-30 14:20:00",2,2,2,36,55.0800
17418,2011-12-10,"2011-01-20 11:39:00","2011-10-28 13:00:00",43,2,30,29,289,463.4600,231.7300,NULL,NULL,0,0,0,0,0.0000
17419,2011-12-10,"2010-12-07 15:03:00","2011-11-28 13:47:00",12,12,206,155,1876,4226.5700,352.2142,"2011-03-15 13:55:00","2011-10-10 11:03:00",2,2,2,4,25.6000
17420,2011-12-10,"2010-12-01 09:56:00","2011-10-20 14:52:00",51,3,30,28,265,598.8300,199.6100,NULL,NULL,0,0,0,0,0.0000
17422,2011-12-10,"2011-02-16 14:44:00","2011-11-23 13:27:00",17,6,117,93,2253,1979.3700,329.8950,"2011-02-21 12:31:00","2011-09-14 14:56:00",4,18,15,58,126.2400
17423,2011-12-10,"2011-05-06 09:14:00","2011-10-24 13:36:00",47,2,26,26,459,698.4100,349.2050,"2011-05-17 12:29:00","2011-10-25 16:49:00",2,2,2,38,34.7800
17425,2011-12-10,"2011-10-10 11:37:00","2011-11-20 15:30:00",20,2,43,42,407,759.1700,379.5850,NULL,NULL,0,0,0,0,0.0000
17426,2011-12-10,"2011-03-02 16:34:00","2011-12-01 18:07:00",9,6,271,179,3094,5037.2600,839.5433,"2011-12-05 16:12:00","2011-12-05 16:12:00",1,1,1,12,15.0000
17427,2011-12-10,"2011-09-29 11:29:00","2011-09-29 11:29:00",72,1,2,2,34,100.8000,100.8000,NULL,NULL,0,0,0,0,0.0000
17428,2011-12-10,"2010-12-06 09:37:00","2011-12-09 09:45:00",1,28,328,252,9474,17256.8500,616.3161,"2011-01-06 18:08:00","2011-09-23 08:52:00",5,15,13,39,178.4000
17429,2011-12-10,"2011-05-05 09:53:00","2011-08-03 13:22:00",129,3,39,36,624,524.9200,174.9733,"2011-08-11 10:13:00","2011-08-11 10:13:00",1,3,3,8,12.8000
17430,2011-12-10,"2010-12-09 13:05:00","2011-11-07 09:24:00",33,2,14,14,190,265.7600,132.8800,NULL,NULL,0,0,0,0,0.0000
17431,2011-12-10,"2011-01-30 14:36:00","2011-01-30 14:36:00",314,1,43,41,292,403.3000,403.3000,NULL,NULL,0,0,0,0,0.0000
17432,2011-12-10,"2011-11-02 17:30:00","2011-11-21 17:33:00",19,2,48,44,207,365.7600,182.8800,NULL,NULL,0,0,0,0,0.0000
17433,2011-12-10,"2011-09-12 14:24:00","2011-09-12 14:24:00",89,1,54,53,185,303.1600,303.1600,NULL,NULL,0,0,0,0,0.0000
17434,2011-12-10,"2011-09-15 13:54:00","2011-12-07 13:16:00",3,7,134,100,1693,2373.8200,339.1171,"2011-09-21 16:49:00","2011-11-04 13:20:00",2,4,4,8,40.4000
17436,2011-12-10,"2011-04-27 11:33:00","2011-12-08 12:30:00",2,2,9,7,90,216.3000,108.1500,NULL,NULL,0,0,0,0,0.0000
17438,2011-12-10,"2011-03-31 10:26:00","2011-03-31 10:26:00",254,1,17,17,103,388.4500,388.4500,"2011-04-06 17:16:00","2011-04-06 17:16:00",1,2,2,3,10.1500
17440,2011-12-10,"2011-04-06 12:05:00","2011-07-06 11:54:00",157,3,5,3,246,186.4200,62.1400,"2011-04-14 16:54:00","2011-07-15 10:36:00",2,3,3,14,9.3200
17442,2011-12-10,"2011-02-22 13:02:00","2011-11-03 09:17:00",37,6,135,96,1496,2248.5600,374.7600,"2010-12-09 15:13:00","2011-11-10 14:54:00",4,5,5,6,38.3000
17443,2011-12-10,"2011-05-04 10:47:00","2011-05-04 10:47:00",220,1,1,1,504,534.2400,534.2400,NULL,NULL,0,0,0,0,0.0000
17444,2011-12-10,"2011-06-20 09:04:00","2011-07-11 10:33:00",152,2,134,131,2118,2389.1000,1194.5500,NULL,NULL,0,0,0,0,0.0000
17446,2011-12-10,"2011-02-02 14:40:00","2011-06-16 10:42:00",177,2,9,6,198,120.9000,60.4500,NULL,NULL,0,0,0,0,0.0000
17447,2011-12-10,"2011-09-29 10:10:00","2011-10-30 14:18:00",41,2,36,33,443,541.5300,270.7650,NULL,NULL,0,0,0,0,0.0000
17449,2011-12-10,"2010-12-15 10:57:00","2011-12-07 16:56:00",3,7,275,177,1120,2516.2100,359.4586,"2011-09-12 17:50:00","2011-09-12 17:50:00",1,2,2,7,16.0000
17450,2011-12-10,"2010-12-07 09:23:00","2011-12-01 13:29:00",9,46,336,124,69973,194390.7900,4225.8867,"2011-02-11 17:10:00","2011-11-29 10:16:00",4,4,3,953,4900.0600
17451,2011-12-10,"2011-08-26 11:54:00","2011-12-08 15:02:00",2,7,100,83,1203,1721.4000,245.9143,"2011-08-31 17:31:00","2011-11-30 15:20:00",3,7,7,25,72.4500
17453,2011-12-10,"2011-10-06 17:02:00","2011-11-22 09:42:00",18,2,19,19,219,486.7200,243.3600,NULL,NULL,0,0,0,0,0.0000
17454,2011-12-10,"2010-12-15 10:54:00","2011-05-31 13:58:00",193,4,61,57,243,517.5300,129.3825,NULL,NULL,0,0,0,0,0.0000
17455,2011-12-10,"2011-05-20 12:31:00","2011-05-20 12:31:00",204,1,8,8,66,131.7000,131.7000,NULL,NULL,0,0,0,0,0.0000
17456,2011-12-10,"2010-12-09 15:23:00","2010-12-09 15:23:00",366,1,17,17,222,249.8600,249.8600,NULL,NULL,0,0,0,0,0.0000
17457,2011-12-10,"2011-01-04 14:33:00","2011-08-05 12:48:00",127,5,19,14,826,1737.7000,347.5400,NULL,NULL,0,0,0,0,0.0000
17458,2011-12-10,"2011-11-24 13:01:00","2011-11-24 13:01:00",16,1,54,52,170,316.5000,316.5000,NULL,NULL,0,0,0,0,0.0000
17459,2011-12-10,"2011-10-10 17:00:00","2011-10-27 13:25:00",44,2,111,88,537,657.3000,328.6500,NULL,NULL,0,0,0,0,0.0000
17460,2011-12-10,"2010-12-01 16:24:00","2011-09-06 15:04:00",95,6,29,18,236,622.4300,103.7383,"2011-03-25 12:34:00","2011-09-22 10:58:00",2,8,8,60,169.8000
17461,2011-12-10,"2011-11-10 12:01:00","2011-11-17 10:21:00",23,3,106,104,770,735.8200,245.2733,NULL,NULL,0,0,0,0,0.0000
17462,2011-12-10,"2011-02-28 17:01:00","2011-10-10 13:56:00",61,2,27,25,227,675.6900,337.8450,"2011-10-19 13:36:00","2011-10-19 13:36:00",1,1,1,3,12.7500
17463,2011-12-10,"2011-01-30 15:48:00","2011-11-23 13:40:00",17,5,208,162,1086,1875.8600,375.1720,"2011-06-20 17:05:00","2011-06-20 17:05:00",1,4,4,5,15.0500
17464,2011-12-10,"2011-07-04 13:19:00","2011-07-04 13:19:00",159,1,9,9,220,289.9600,289.9600,NULL,NULL,0,0,0,0,0.0000
17466,2011-12-10,"2011-09-22 09:16:00","2011-11-29 13:15:00",11,2,41,41,306,763.2800,381.6400,NULL,NULL,0,0,0,0,0.0000
17468,2011-12-10,"2011-11-25 12:52:00","2011-11-29 15:33:00",11,2,5,5,116,137.0000,68.5000,NULL,NULL,0,0,0,0,0.0000
17469,2011-12-10,"2011-05-19 08:55:00","2011-11-23 13:15:00",17,5,88,61,787,1870.9700,374.1940,"2011-07-06 14:47:00","2011-07-06 14:47:00",1,2,2,9,27.9100
17470,2011-12-10,"2010-12-07 09:57:00","2011-10-26 12:42:00",45,5,78,67,1675,1125.0700,225.0140,NULL,NULL,0,0,0,0,0.0000
17472,2011-12-10,"2011-02-13 14:40:00","2011-06-01 14:57:00",192,3,174,142,455,697.5400,232.5133,NULL,NULL,0,0,0,0,0.0000
17475,2011-12-10,"2011-09-21 14:55:00","2011-09-21 14:55:00",80,1,14,14,178,194.3700,194.3700,NULL,NULL,0,0,0,0,0.0000
17480,2011-12-10,"2011-09-23 11:39:00","2011-09-23 11:39:00",78,1,29,29,338,511.8200,511.8200,"2011-09-27 10:21:00","2011-09-27 10:21:00",1,2,2,2,5.3100
17481,2011-12-10,"2011-09-07 09:57:00","2011-12-06 12:28:00",4,4,82,69,1061,1255.5900,313.8975,"2011-10-24 16:50:00","2011-10-24 16:50:00",1,1,1,1,6.2500
17483,2011-12-10,"2011-06-09 19:40:00","2011-10-05 13:10:00",66,3,21,18,191,414.0400,138.0133,NULL,NULL,0,0,0,0,0.0000
17486,2011-12-10,"2011-03-23 14:00:00","2011-03-23 14:00:00",262,1,24,24,191,396.8700,396.8700,NULL,NULL,0,0,0,0,0.0000
17489,2011-12-10,"2011-05-11 11:34:00","2011-10-12 08:56:00",59,2,29,28,428,376.6400,188.3200,NULL,NULL,0,0,0,0,0.0000
17490,2011-12-10,"2011-06-16 09:15:00","2011-12-09 09:08:00",1,7,76,63,1134,2092.3200,298.9029,"2011-06-20 16:05:00","2011-12-07 13:48:00",4,9,5,112,155.4900
17491,2011-12-10,"2010-12-07 12:18:00","2011-12-08 16:18:00",2,10,109,72,2013,3558.8700,355.8870,"2011-09-07 10:50:00","2011-09-07 10:50:00",1,1,1,1,16.9500
17492,2011-12-10,"2011-04-05 15:21:00","2011-04-05 15:21:00",249,1,12,12,155,374.5700,374.5700,NULL,NULL,0,0,0,0,0.0000
17495,2011-12-10,"2011-11-01 12:06:00","2011-12-02 12:08:00",8,2,27,21,229,497.5600,248.7800,NULL,NULL,0,0,0,0,0.0000
17496,2011-12-10,"2010-12-16 08:39:00","2010-12-16 08:39:00",359,1,10,10,79,271.0500,271.0500,NULL,NULL,0,0,0,0,0.0000
17498,2011-12-10,"2011-09-25 12:25:00","2011-09-25 12:25:00",76,1,17,17,394,272.2200,272.2200,NULL,NULL,0,0,0,0,0.0000
17499,2011-12-10,"2011-02-23 09:14:00","2011-02-23 09:14:00",290,1,40,40,711,622.8800,622.8800,NULL,NULL,0,0,0,0,0.0000
17500,2011-12-10,"2011-11-10 09:08:00","2011-11-22 14:25:00",18,3,5,3,17,1138.0000,379.3333,NULL,NULL,0,0,0,0,0.0000
17501,2011-12-10,"2011-05-03 09:46:00","2011-05-03 09:47:00",221,2,18,18,160,288.6000,144.3000,NULL,NULL,0,0,0,0,0.0000
17502,2011-12-10,"2011-11-10 16:39:00","2011-11-30 13:13:00",10,4,28,25,376,689.1000,172.2750,NULL,NULL,0,0,0,0,0.0000
17503,2011-12-10,"2011-11-01 11:12:00","2011-12-07 09:18:00",3,2,38,36,486,558.9600,279.4800,NULL,NULL,0,0,0,0,0.0000
17504,2011-12-10,"2011-01-21 11:09:00","2011-05-17 12:59:00",207,9,127,112,1664,2997.0300,333.0033,"2011-05-10 11:21:00","2011-05-10 11:21:00",1,13,13,208,251.7500
17505,2011-12-10,"2011-05-18 09:01:00","2011-07-01 12:50:00",162,2,52,48,556,1145.8400,572.9200,NULL,NULL,0,0,0,0,0.0000
17506,2011-12-10,"2011-09-25 11:39:00","2011-09-25 11:39:00",76,1,14,14,139,302.2000,302.2000,"2011-09-30 12:54:00","2011-09-30 12:54:00",1,2,2,3,7.9100
17507,2011-12-10,"2011-02-03 18:08:00","2011-03-23 11:48:00",262,2,88,79,359,605.5800,302.7900,NULL,NULL,0,0,0,0,0.0000
17508,2011-12-10,"2011-03-04 08:10:00","2011-03-04 08:10:00",281,1,22,22,289,387.3100,387.3100,NULL,NULL,0,0,0,0,0.0000
17509,2011-12-10,"2011-10-07 13:14:00","2011-10-13 10:26:00",58,8,364,75,3512,6083.6400,760.4550,"2011-10-10 16:54:00","2011-10-13 12:16:00",3,3,2,4,14.4000
17510,2011-12-10,"2011-11-15 10:00:00","2011-11-15 10:00:00",25,1,20,20,214,308.4800,308.4800,NULL,NULL,0,0,0,0,0.0000
17511,2011-12-10,"2010-12-01 10:19:00","2011-12-07 10:12:00",3,31,963,453,64549,91062.3800,2937.4961,"2010-12-07 12:45:00","2011-11-23 13:48:00",14,111,71,1535,2924.1800
17512,2011-12-10,"2011-02-11 12:22:00","2011-11-11 12:11:00",29,10,105,61,2753,2924.9900,292.4990,"2011-02-18 15:13:00","2011-02-18 15:13:00",1,1,1,1,4.9500
17513,2011-12-10,"2011-09-28 16:42:00","2011-09-28 16:42:00",73,1,6,6,254,513.2000,513.2000,NULL,NULL,0,0,0,0,0.0000
17514,2011-12-10,"2011-08-03 15:45:00","2011-08-03 15:45:00",129,1,40,40,135,208.6500,208.6500,NULL,NULL,0,0,0,0,0.0000
17515,2011-12-10,"2011-01-25 14:33:00","2011-11-08 14:04:00",32,4,87,49,243,639.0200,159.7550,NULL,NULL,0,0,0,0,0.0000
17516,2011-12-10,"2011-02-27 12:41:00","2011-11-24 16:51:00",16,5,135,113,414,764.8800,152.9760,NULL,NULL,0,0,0,0,0.0000
17517,2011-12-10,"2011-02-04 11:48:00","2011-02-04 11:48:00",309,1,11,11,102,153.9400,153.9400,NULL,NULL,0,0,0,0,0.0000
17519,2011-12-10,"2010-12-06 15:18:00","2011-11-22 16:43:00",18,6,82,60,1236,1844.0200,307.3367,"2010-12-14 10:29:00","2010-12-14 10:29:00",1,1,1,3,4.9500
17520,2011-12-10,"2011-10-17 12:04:00","2011-10-17 12:04:00",54,1,30,30,365,546.8100,546.8100,NULL,NULL,0,0,0,0,0.0000
17521,2011-12-10,"2011-05-24 15:14:00","2011-11-10 11:22:00",30,3,45,38,519,723.2100,241.0700,"2011-11-15 14:00:00","2011-11-15 14:00:00",1,1,1,1,1.2500
17522,2011-12-10,"2011-05-05 16:31:00","2011-12-08 12:31:00",2,5,72,58,1022,1066.1500,213.2300,NULL,NULL,0,0,0,0,0.0000
17523,2011-12-10,"2011-11-20 13:40:00","2011-11-28 13:20:00",12,4,33,25,872,652.7400,163.1850,NULL,NULL,0,0,0,0,0.0000
17524,2011-12-10,"2010-12-13 14:32:00","2010-12-13 14:32:00",362,1,6,6,90,145.0000,145.0000,NULL,NULL,0,0,0,0,0.0000
17525,2011-12-10,"2010-12-15 12:05:00","2010-12-15 12:05:00",360,1,9,9,82,422.7000,422.7000,NULL,NULL,0,0,0,0,0.0000
17526,2011-12-10,"2010-12-09 12:20:00","2011-12-05 11:05:00",5,4,19,17,310,1195.9000,298.9750,"2010-12-14 11:11:00","2011-12-08 18:56:00",4,4,4,53,489.2000
17527,2011-12-10,"2011-05-05 13:43:00","2011-10-17 12:32:00",54,4,47,45,488,939.3700,234.8425,"2011-05-17 12:10:00","2011-10-10 15:42:00",2,2,2,25,50.5100
17528,2011-12-10,"2011-09-29 13:04:00","2011-12-08 13:27:00",2,8,253,183,2138,3628.5000,453.5625,"2011-11-10 11:33:00","2011-12-06 10:31:00",3,7,6,8,88.4000
17530,2011-12-10,"2010-12-09 20:01:00","2011-12-08 18:42:00",2,10,388,305,1511,2362.5300,236.2530,NULL,NULL,0,0,0,0,0.0000
17531,2011-12-10,"2011-06-02 19:17:00","2011-06-02 19:17:00",191,1,14,14,136,296.7000,296.7000,NULL,NULL,0,0,0,0,0.0000
17534,2011-12-10,"2011-10-17 12:47:00","2011-10-17 12:47:00",54,1,9,9,103,223.3600,223.3600,NULL,NULL,0,0,0,0,0.0000
17535,2011-12-10,"2011-03-04 15:20:00","2011-03-04 15:20:00",281,1,13,13,136,164.4000,164.4000,NULL,NULL,0,0,0,0,0.0000
17536,2011-12-10,"2011-06-15 13:23:00","2011-06-15 13:23:00",178,1,3,3,6,76.5000,76.5000,NULL,NULL,0,0,0,0,0.0000
17537,2011-12-10,"2011-02-09 13:37:00","2011-11-10 10:56:00",30,2,74,74,699,887.6700,443.8350,NULL,NULL,0,0,0,0,0.0000
17538,2011-12-10,"2011-11-14 12:12:00","2011-11-14 12:12:00",26,1,9,9,134,98.4200,98.4200,NULL,NULL,0,0,0,0,0.0000
17540,2011-12-10,"2011-01-27 14:35:00","2011-11-15 11:56:00",25,2,25,20,194,578.9000,289.4500,"2011-12-01 09:00:00","2011-12-01 09:00:00",1,1,1,1,8.5000
17542,2011-12-10,"2011-03-15 11:45:00","2011-03-15 11:45:00",270,1,25,24,134,170.7500,170.7500,NULL,NULL,0,0,0,0,0.0000
17545,2011-12-10,"2011-10-27 13:48:00","2011-10-27 14:04:00",44,3,141,122,337,642.3200,214.1067,NULL,NULL,0,0,0,0,0.0000
17548,2011-12-10,"2011-04-20 12:01:00","2011-04-20 12:01:00",234,1,5,5,58,103.3000,103.3000,"2010-12-01 10:24:00","2011-05-06 10:00:00",2,12,12,190,244.7800
17549,2011-12-10,"2011-10-19 10:05:00","2011-11-16 09:59:00",24,2,6,5,210,148.8600,74.4300,NULL,NULL,0,0,0,0,0.0000
17550,2011-12-10,"2011-04-10 15:19:00","2011-05-26 14:09:00",198,3,42,42,86,267.1600,89.0533,NULL,NULL,0,0,0,0,0.0000
17551,2011-12-10,"2010-12-15 14:12:00","2010-12-15 14:12:00",360,1,39,39,142,290.3400,290.3400,NULL,NULL,0,0,0,0,0.0000
17552,2011-12-10,"2010-12-02 18:45:00","2011-10-10 17:00:00",61,4,49,43,719,930.4100,232.6025,"2011-10-10 17:00:00","2011-10-10 17:00:00",1,1,1,10,16.5000
17553,2011-12-10,"2011-08-02 10:00:00","2011-08-02 10:00:00",130,1,2,2,1048,1487.6000,1487.6000,NULL,NULL,0,0,0,0,0.0000
17554,2011-12-10,"2011-07-14 20:01:00","2011-12-08 14:15:00",2,5,88,58,1763,1952.4500,390.4900,NULL,NULL,0,0,0,0,0.0000
17555,2011-12-10,"2011-01-09 12:31:00","2011-11-20 12:22:00",20,2,105,101,348,480.3100,240.1550,NULL,NULL,0,0,0,0,0.0000
17556,2011-12-10,"2011-05-18 10:48:00","2011-05-18 10:48:00",206,1,6,6,101,157.9000,157.9000,NULL,NULL,0,0,0,0,0.0000
17557,2011-12-10,"2011-09-19 14:23:00","2011-11-25 12:57:00",15,3,34,27,306,541.4600,180.4867,NULL,NULL,0,0,0,0,0.0000
17560,2011-12-10,"2011-02-02 11:14:00","2011-09-06 09:18:00",95,4,26,22,635,854.9500,213.7375,NULL,NULL,0,0,0,0,0.0000
17561,2011-12-10,"2011-11-20 12:53:00","2011-11-20 12:53:00",20,1,45,44,144,165.1200,165.1200,NULL,NULL,0,0,0,0,0.0000
17562,2011-12-10,"2011-06-19 13:06:00","2011-11-25 14:21:00",15,7,63,48,817,1122.3800,160.3400,"2011-06-27 16:59:00","2011-06-27 16:59:00",1,1,1,4,15.0000
17564,2011-12-10,"2011-09-20 14:00:00","2011-11-15 13:27:00",25,3,49,38,146,454.0100,151.3367,NULL,NULL,0,0,0,0,0.0000
17566,2011-12-10,"2011-11-14 13:42:00","2011-12-01 19:54:00",9,2,142,113,497,869.7700,434.8850,NULL,NULL,0,0,0,0,0.0000
17567,2011-12-10,"2010-12-02 15:18:00","2011-12-02 15:48:00",8,8,165,110,2632,4331.4800,541.4350,"2011-03-10 15:03:00","2011-09-21 17:04:00",2,12,12,204,318.9200
17569,2011-12-10,"2011-01-11 14:15:00","2011-01-11 14:15:00",333,1,29,29,159,344.1400,344.1400,NULL,NULL,0,0,0,0,0.0000
17571,2011-12-10,"2011-02-14 15:15:00","2011-10-20 15:57:00",51,4,270,246,875,1424.4200,356.1050,NULL,NULL,0,0,0,0,0.0000
17572,2011-12-10,"2010-12-01 12:51:00","2011-09-29 17:53:00",72,4,12,7,95,226.7500,56.6875,NULL,NULL,0,0,0,0,0.0000
17573,2011-12-10,"2011-09-07 10:36:00","2011-11-10 13:01:00",30,3,25,24,308,380.6000,126.8667,"2011-09-15 17:09:00","2011-09-15 17:09:00",1,1,1,6,17.7000
17574,2011-12-10,"2011-04-11 09:47:00","2011-04-11 09:47:00",243,1,8,8,77,185.6500,185.6500,NULL,NULL,0,0,0,0,0.0000
17576,2011-12-10,"2010-12-09 16:57:00","2011-12-01 17:56:00",9,19,402,245,1967,3564.8300,187.6226,"2011-01-18 16:52:00","2011-12-01 18:12:00",3,6,6,40,164.9000
17578,2011-12-10,"2011-05-05 18:38:00","2011-05-05 18:38:00",219,1,5,5,138,143.4600,143.4600,"2011-06-02 11:42:00","2011-06-02 11:42:00",1,1,1,48,18.7200
17579,2011-12-10,"2011-06-13 14:12:00","2011-12-05 12:28:00",5,3,50,46,258,448.9000,149.6333,"2011-08-11 10:26:00","2011-08-11 10:26:00",1,2,2,2,8.7000
17580,2011-12-10,"2010-12-16 15:27:00","2011-04-01 12:41:00",253,3,44,42,87,212.7700,70.9233,NULL,NULL,0,0,0,0,0.0000
17581,2011-12-10,"2010-12-02 14:47:00","2011-12-09 12:21:00",1,25,439,229,5915,11025.2400,441.0096,"2010-12-23 11:49:00","2011-09-28 09:05:00",6,12,12,66,308.9300
17582,2011-12-10,"2011-04-17 13:18:00","2011-04-17 13:18:00",237,1,29,28,123,175.2700,175.2700,NULL,NULL,0,0,0,0,0.0000
17584,2011-12-10,"2011-08-04 14:12:00","2011-12-02 17:12:00",8,2,35,30,458,1242.3000,621.1500,"2011-11-29 13:09:00","2011-11-29 13:09:00",1,1,1,12,15.0000
17585,2011-12-10,"2011-01-05 15:09:00","2011-08-22 13:30:00",110,4,208,176,1650,1116.6800,279.1700,NULL,NULL,0,0,0,0,0.0000
17588,2011-12-10,"2011-04-21 10:31:00","2011-08-31 13:37:00",101,3,23,19,676,1240.2000,413.4000,NULL,NULL,0,0,0,0,0.0000
17589,2011-12-10,"2011-04-13 13:47:00","2011-10-10 16:58:00",61,4,252,171,1630,2402.9200,600.7300,NULL,NULL,0,0,0,0,0.0000
17590,2011-12-10,"2011-10-30 14:05:00","2011-12-07 12:55:00",3,3,194,160,820,1451.7700,483.9233,NULL,NULL,0,0,0,0,0.0000
17591,2011-12-10,"2010-12-07 15:39:00","2011-09-27 13:42:00",74,7,157,81,1000,2203.6700,314.8100,"2011-01-26 17:15:00","2011-01-26 17:15:00",1,1,1,1,10.9500
17593,2011-12-10,"2010-12-22 10:29:00","2011-12-06 10:30:00",4,5,212,190,3089,3923.8600,784.7720,"2011-07-21 17:45:00","2011-07-21 17:45:00",1,2,2,6,15.7800
17594,2011-12-10,"2011-03-30 10:32:00","2011-09-15 16:34:00",86,2,50,42,550,993.1800,496.5900,NULL,NULL,0,0,0,0,0.0000
17595,2011-12-10,"2011-11-02 16:19:00","2011-11-27 16:08:00",13,2,82,68,228,386.6900,193.3450,NULL,NULL,0,0,0,0,0.0000
17596,2011-12-10,"2010-12-06 12:34:00","2011-11-16 14:11:00",24,7,265,168,4376,2806.6900,400.9557,NULL,NULL,0,0,0,0,0.0000
17597,2011-12-10,"2011-05-10 11:54:00","2011-05-10 11:54:00",214,1,55,55,1176,2044.3700,2044.3700,NULL,NULL,0,0,0,0,0.0000
17600,2011-12-10,"2011-11-22 09:43:00","2011-11-22 09:43:00",18,1,13,13,144,161.6700,161.6700,NULL,NULL,0,0,0,0,0.0000
17601,2011-12-10,"2011-04-14 18:02:00","2011-04-14 18:02:00",240,1,9,9,103,116.0100,116.0100,NULL,NULL,0,0,0,0,0.0000
17602,2011-12-10,"2011-01-19 16:18:00","2011-12-07 13:53:00",3,6,551,335,4116,5054.4200,842.4033,"2011-08-10 13:00:00","2011-11-14 13:15:00",2,5,5,16,52.2000
17603,2011-12-10,"2011-09-22 14:18:00","2011-09-22 14:18:00",79,1,11,11,74,394.7200,394.7200,"2011-10-20 19:19:00","2011-10-20 19:19:00",1,1,1,1,3.7500
17604,2011-12-10,"2011-01-31 15:09:00","2011-05-06 13:43:00",218,2,63,57,169,309.3600,154.6800,NULL,NULL,0,0,0,0,0.0000
17608,2011-12-10,"2011-11-06 13:00:00","2011-11-06 13:06:00",34,2,56,54,229,191.9900,95.9950,NULL,NULL,0,0,0,0,0.0000
17609,2011-12-10,"2011-01-16 16:23:00","2011-10-30 12:28:00",41,5,231,198,692,1098.2800,219.6560,"2011-02-10 17:50:00","2011-02-10 17:50:00",1,1,1,2,8.3000
17611,2011-12-10,"2010-12-13 13:52:00","2011-12-02 13:29:00",8,15,567,440,2550,3961.1200,264.0747,"2011-06-23 13:30:00","2011-12-06 09:46:00",4,6,6,8,36.3500
17612,2011-12-10,"2011-02-15 10:40:00","2011-10-17 14:59:00",54,6,135,116,1808,2048.4500,341.4083,"2011-02-18 15:42:00","2011-09-19 11:50:00",3,5,5,19,48.1300
17613,2011-12-10,"2011-02-07 11:20:00","2011-11-17 10:51:00",23,14,306,211,2490,4544.5500,324.6107,"2011-04-26 13:11:00","2011-11-17 10:51:00",3,7,7,26,49.7800
17614,2011-12-10,"2011-10-13 16:01:00","2011-10-13 16:01:00",58,1,98,97,235,386.3200,386.3200,NULL,NULL,0,0,0,0,0.0000
17615,2011-12-10,"2011-05-01 15:33:00","2011-08-01 14:06:00",131,3,14,13,140,329.6000,109.8667,NULL,NULL,0,0,0,0,0.0000
17616,2011-12-10,"2010-12-07 10:04:00","2011-06-19 10:11:00",174,3,3,1,224,571.2000,190.4000,NULL,NULL,0,0,0,0,0.0000
17618,2011-12-10,"2010-12-12 16:05:00","2011-12-04 11:50:00",6,3,67,56,319,930.2800,310.0933,NULL,NULL,0,0,0,0,0.0000
17619,2011-12-10,"2011-01-31 14:18:00","2011-01-31 14:18:00",313,1,74,71,124,214.3700,214.3700,NULL,NULL,0,0,0,0,0.0000
17620,2011-12-10,"2011-10-11 12:08:00","2011-10-11 12:08:00",60,1,4,4,60,81.4400,81.4400,NULL,NULL,0,0,0,0,0.0000
17621,2011-12-10,"2010-12-20 13:31:00","2011-11-18 17:11:00",22,3,26,24,514,1379.9000,459.9667,"2011-06-01 15:19:00","2011-06-01 15:19:00",1,1,1,4,43.8000
17623,2011-12-10,"2011-11-07 11:32:00","2011-11-07 11:32:00",33,1,33,33,265,527.0500,527.0500,NULL,NULL,0,0,0,0,0.0000
17624,2011-12-10,"2011-05-05 17:59:00","2011-11-25 10:52:00",15,2,50,49,554,843.4800,421.7400,NULL,NULL,0,0,0,0,0.0000
17625,2011-12-10,"2011-03-27 12:21:00","2011-11-21 13:36:00",19,4,306,223,1180,2020.4000,505.1000,NULL,NULL,0,0,0,0,0.0000
17628,2011-12-10,"2011-09-19 15:21:00","2011-09-19 15:21:00",82,1,5,5,79,75.7500,75.7500,NULL,NULL,0,0,0,0,0.0000
17629,2011-12-10,"2010-12-15 09:58:00","2011-12-04 10:56:00",6,8,122,105,1628,1799.1200,224.8900,"2011-01-11 11:38:00","2011-01-11 11:38:00",1,1,1,8,30.0000
17630,2011-12-10,"2011-04-21 14:03:00","2011-06-23 11:58:00",170,2,26,24,158,503.6000,251.8000,NULL,NULL,0,0,0,0,0.0000
17631,2011-12-10,"2011-04-21 13:22:00","2011-12-08 09:47:00",2,3,39,39,334,528.3300,176.1100,NULL,NULL,0,0,0,0,0.0000
17633,2011-12-10,"2011-08-11 15:43:00","2011-11-08 13:25:00",32,4,70,59,644,1324.8400,331.2100,"2010-12-15 16:42:00","2011-10-06 20:28:00",2,2,2,14,82.5000
17634,2011-12-10,"2011-01-06 12:45:00","2011-11-03 13:09:00",37,9,296,209,838,2358.5900,262.0656,NULL,NULL,0,0,0,0,0.0000
17636,2011-12-10,"2011-11-20 14:40:00","2011-11-20 14:40:00",20,1,20,20,182,285.5600,285.5600,"2011-12-01 08:29:00","2011-12-01 08:29:00",1,4,4,6,19.6300
17637,2011-12-10,"2011-08-16 13:25:00","2011-11-08 12:51:00",32,2,35,35,280,547.0600,273.5300,NULL,NULL,0,0,0,0,0.0000
17639,2011-12-10,"2011-03-08 15:22:00","2011-03-08 15:22:00",277,1,7,7,49,108.5000,108.5000,NULL,NULL,0,0,0,0,0.0000
17640,2011-12-10,"2011-09-14 09:13:00","2011-09-14 09:13:00",87,1,5,5,250,621.6600,621.6600,NULL,NULL,0,0,0,0,0.0000
17642,2011-12-10,"2011-06-16 12:55:00","2011-08-12 09:11:00",120,2,40,34,474,712.2900,356.1450,NULL,NULL,0,0,0,0,0.0000
17643,2011-12-10,"2010-12-01 14:38:00","2010-12-01 14:38:00",374,1,8,8,71,101.5500,101.5500,NULL,NULL,0,0,0,0,0.0000
17644,2011-12-10,"2011-03-24 09:44:00","2011-12-08 13:43:00",2,11,157,102,1793,2895.6400,263.2400,"2011-01-21 17:18:00","2011-10-06 18:35:00",6,12,9,52,126.6600
17646,2011-12-10,"2010-12-09 14:28:00","2011-05-04 13:17:00",220,3,51,46,323,1008.3900,336.1300,"2011-03-14 11:44:00","2011-03-14 11:44:00",1,3,3,3,12.7300
17647,2011-12-10,"2011-10-05 15:38:00","2011-10-05 15:38:00",66,1,7,7,30,133.0600,133.0600,NULL,NULL,0,0,0,0,0.0000
17648,2011-12-10,"2011-04-04 10:29:00","2011-10-10 09:41:00",61,4,91,81,487,1797.5000,449.3750,"2011-06-30 13:20:00","2011-06-30 13:20:00",1,1,1,1,7.9500
17649,2011-12-10,"2011-07-24 15:53:00","2011-07-24 15:53:00",139,1,52,52,399,868.4900,868.4900,"2011-07-28 10:50:00","2011-07-28 10:50:00",1,1,1,1,6.7500
17650,2011-12-10,"2011-11-18 14:52:00","2011-11-18 14:52:00",22,1,8,8,150,166.0800,166.0800,NULL,NULL,0,0,0,0,0.0000
17651,2011-12-10,"2011-06-15 15:57:00","2011-11-28 10:29:00",12,10,232,149,3112,3945.0000,394.5000,"2011-06-20 17:07:00","2011-11-10 13:21:00",4,7,5,12,58.3300
17652,2011-12-10,"2011-03-03 14:05:00","2011-11-14 12:55:00",26,12,256,117,2506,4822.7200,401.8933,"2011-06-06 10:14:00","2011-11-10 11:44:00",6,11,10,30,130.5900
17653,2011-12-10,"2011-08-11 15:24:00","2011-11-03 12:46:00",37,4,43,43,1408,1192.5600,298.1400,"2011-11-10 14:26:00","2011-11-10 14:26:00",1,6,6,8,31.6800
17654,2011-12-10,"2011-03-07 13:17:00","2011-03-07 13:17:00",278,1,22,22,41,117.5500,117.5500,NULL,NULL,0,0,0,0,0.0000
17655,2011-12-10,"2010-12-08 16:45:00","2011-11-29 11:34:00",11,7,91,66,1116,2638.9400,376.9914,"2010-12-16 16:24:00","2010-12-16 16:24:00",1,2,2,160,67.2000
17656,2011-12-10,"2011-08-03 10:45:00","2011-09-27 13:04:00",74,5,82,67,1399,1674.6900,334.9380,NULL,NULL,0,0,0,0,0.0000
17658,2011-12-10,"2011-05-12 15:23:00","2011-11-14 12:07:00",26,2,19,17,616,595.4200,297.7100,"2011-11-29 11:47:00","2011-11-29 11:47:00",1,4,4,94,109.5400
17659,2011-12-10,"2010-12-02 16:46:00","2011-11-22 13:29:00",18,12,158,127,1525,2999.4600,249.9550,"2011-06-10 11:22:00","2011-12-06 09:29:00",2,3,3,39,44.7100
17660,2011-12-10,"2011-07-21 13:37:00","2011-07-21 13:37:00",142,1,38,37,121,178.7500,178.7500,NULL,NULL,0,0,0,0,0.0000
17663,2011-12-10,"2011-02-25 14:11:00","2011-11-14 08:56:00",26,7,86,63,797,1802.9100,257.5586,"2011-04-21 16:57:00","2011-09-23 08:00:00",2,4,4,4,14.6400
17664,2011-12-10,"2011-05-11 14:17:00","2011-11-21 11:29:00",19,2,43,41,604,604.6400,302.3200,NULL,NULL,0,0,0,0,0.0000
17666,2011-12-10,"2011-10-05 11:06:00","2011-12-06 09:06:00",4,2,18,14,596,728.1600,364.0800,NULL,NULL,0,0,0,0,0.0000
17667,2011-12-10,"2011-02-14 09:24:00","2011-10-04 14:32:00",67,5,116,85,1033,2055.5100,411.1020,NULL,NULL,0,0,0,0,0.0000
17668,2011-12-10,"2011-11-01 14:45:00","2011-12-08 13:25:00",2,2,15,14,93,347.7500,173.8750,NULL,NULL,0,0,0,0,0.0000
17669,2011-12-10,"2011-04-04 10:11:00","2011-10-28 08:53:00",43,7,68,45,1916,3406.7200,486.6743,NULL,NULL,0,0,0,0,0.0000
17670,2011-12-10,"2011-04-26 09:12:00","2011-04-26 09:12:00",228,1,11,11,110,205.7000,205.7000,NULL,NULL,0,0,0,0,0.0000
17671,2011-12-10,"2010-12-09 14:27:00","2011-11-24 12:21:00",16,4,53,40,772,1572.7100,393.1775,"2011-05-19 18:08:00","2011-07-28 11:22:00",2,8,8,113,288.6300
17672,2011-12-10,"2011-02-03 13:29:00","2011-10-20 14:18:00",51,2,110,105,1690,3178.1700,1589.0850,"2011-03-07 13:41:00","2011-10-27 10:56:00",2,5,5,18,71.5500
17673,2011-12-10,"2011-01-23 15:16:00","2011-12-08 12:50:00",2,6,218,118,1462,1594.9700,265.8283,"2011-12-08 13:06:00","2011-12-08 13:06:00",1,1,1,2,6.9000
17674,2011-12-10,"2010-12-06 10:20:00","2011-09-26 13:35:00",75,2,27,19,672,551.0400,275.5200,NULL,NULL,0,0,0,0,0.0000
17675,2011-12-10,"2010-12-07 13:22:00","2011-12-08 18:03:00",2,31,704,238,8359,20359.2800,656.7510,"2010-12-07 13:25:00","2011-10-24 15:52:00",10,16,14,82,276.1800
17676,2011-12-10,"2010-12-08 13:49:00","2011-12-05 15:16:00",5,6,77,49,922,1371.1800,228.5300,NULL,NULL,0,0,0,0,0.0000
17677,2011-12-10,"2010-12-06 08:42:00","2011-12-08 09:56:00",2,30,303,178,9772,16345.3800,544.8460,"2010-12-14 10:51:00","2011-10-17 16:53:00",13,17,13,50,144.0100
17678,2011-12-10,"2011-03-21 11:52:00","2011-03-21 11:52:00",264,1,16,16,207,298.1100,298.1100,NULL,NULL,0,0,0,0,0.0000
17679,2011-12-10,"2011-09-15 10:35:00","2011-10-18 07:43:00",53,2,30,29,729,1992.1100,996.0550,NULL,NULL,0,0,0,0,0.0000
17680,2011-12-10,"2011-11-16 12:42:00","2011-11-16 12:42:00",24,1,11,11,96,184.4000,184.4000,NULL,NULL,0,0,0,0,0.0000
17682,2011-12-10,"2010-12-06 13:35:00","2011-11-29 15:59:00",11,6,118,48,1367,2474.3300,412.3883,"2011-06-01 14:49:00","2011-06-01 14:49:00",1,1,1,2,15.0000
17684,2011-12-10,"2011-10-27 11:10:00","2011-10-27 11:10:00",44,1,15,15,145,239.4100,239.4100,NULL,NULL,0,0,0,0,0.0000
17685,2011-12-10,"2010-12-02 14:42:00","2011-11-23 11:36:00",17,7,127,88,1907,3155.8300,450.8329,NULL,NULL,0,0,0,0,0.0000
17686,2011-12-10,"2011-02-10 10:18:00","2011-12-02 15:39:00",8,7,286,205,2478,5739.4600,819.9229,NULL,NULL,0,0,0,0,0.0000
17690,2011-12-10,"2010-12-01 16:15:00","2011-11-09 15:17:00",31,15,252,186,1769,4726.8000,315.1200,"2011-11-04 12:01:00","2011-11-04 12:01:00",1,2,2,6,9.5000
17691,2011-12-10,"2010-12-06 11:10:00","2010-12-16 17:20:00",359,2,19,18,134,290.4000,145.2000,NULL,NULL,0,0,0,0,0.0000
17692,2011-12-10,"2010-12-15 13:37:00","2011-08-04 14:01:00",128,4,45,33,624,725.5800,181.3950,"2011-05-03 11:34:00","2011-05-03 11:34:00",1,1,1,6,7.5000
17693,2011-12-10,"2011-07-25 15:48:00","2011-07-25 15:48:00",138,1,16,16,231,200.4700,200.4700,"2011-07-26 16:22:00","2011-07-26 17:12:00",2,2,2,2,13.4500
17694,2011-12-10,"2011-07-21 12:00:00","2011-07-21 12:00:00",142,1,15,15,184,283.1200,283.1200,NULL,NULL,0,0,0,0,0.0000
17695,2011-12-10,"2011-06-21 12:35:00","2011-07-31 10:40:00",132,2,35,30,779,765.3400,382.6700,NULL,NULL,0,0,0,0,0.0000
17696,2011-12-10,"2010-12-10 09:51:00","2011-11-01 13:43:00",39,8,115,78,1756,2285.7100,285.7138,"2011-01-06 18:09:00","2011-09-12 17:02:00",6,11,10,26,84.6600
17697,2011-12-10,"2011-04-17 15:40:00","2011-04-17 15:40:00",237,1,19,19,93,338.9500,338.9500,NULL,NULL,0,0,0,0,0.0000
17698,2011-12-10,"2011-03-24 11:34:00","2011-03-24 11:34:00",261,1,8,8,93,154.9500,154.9500,NULL,NULL,0,0,0,0,0.0000
17700,2011-12-10,"2011-03-03 16:34:00","2011-11-23 11:51:00",17,4,142,116,1266,2534.6400,633.6600,"2010-12-09 15:33:00","2011-05-17 13:58:00",2,4,4,5,25.7500
17701,2011-12-10,"2011-04-01 12:25:00","2011-04-01 12:25:00",253,1,24,24,109,417.9500,417.9500,NULL,NULL,0,0,0,0,0.0000
17702,2011-12-10,"2011-05-17 16:23:00","2011-11-09 16:03:00",31,4,74,58,1353,1824.3700,456.0925,"2010-12-09 13:40:00","2011-09-21 16:42:00",2,6,6,33,104.6500
17703,2011-12-10,"2011-07-24 13:30:00","2011-11-04 15:51:00",36,3,55,47,590,798.7400,266.2467,NULL,NULL,0,0,0,0,0.0000
17704,2011-12-10,"2011-04-14 09:28:00","2011-06-24 09:40:00",169,2,31,27,343,885.1900,442.5950,NULL,NULL,0,0,0,0,0.0000
17705,2011-12-10,"2011-02-11 10:57:00","2011-12-06 13:45:00",4,9,103,63,963,1823.5200,202.6133,"2011-08-31 12:26:00","2011-08-31 12:26:00",1,5,5,6,42.4000
17706,2011-12-10,"2010-12-08 11:02:00","2011-12-05 13:34:00",5,17,382,270,3899,10504.4900,617.9112,"2011-07-11 13:33:00","2011-10-17 11:32:00",5,13,12,66,407.1200
17707,2011-12-10,"2011-01-07 13:30:00","2011-06-07 15:03:00",186,2,5,3,144,152.4000,76.2000,NULL,NULL,0,0,0,0,0.0000
17708,2011-12-10,"2011-01-19 10:09:00","2011-06-05 10:12:00",188,2,34,28,90,263.3300,131.6650,NULL,NULL,0,0,0,0,0.0000
17709,2011-12-10,"2011-06-23 11:55:00","2011-06-23 11:55:00",170,1,7,7,17,137.4500,137.4500,NULL,NULL,0,0,0,0,0.0000
17711,2011-12-10,"2011-02-23 11:32:00","2011-11-29 11:40:00",11,2,23,22,246,385.1000,192.5500,NULL,NULL,0,0,0,0,0.0000
17712,2011-12-10,"2011-10-26 12:28:00","2011-10-26 12:28:00",45,1,29,29,215,522.9100,522.9100,NULL,NULL,0,0,0,0,0.0000
17714,2011-12-10,"2011-01-23 10:32:00","2011-01-23 10:32:00",321,1,10,10,92,153.0000,153.0000,NULL,NULL,0,0,0,0,0.0000
17715,2011-12-10,"2011-05-23 12:32:00","2011-05-23 12:32:00",201,1,1,1,384,326.4000,326.4000,NULL,NULL,0,0,0,0,0.0000
17716,2011-12-10,"2011-03-17 10:38:00","2011-11-17 12:00:00",23,11,245,171,3072,5655.9900,514.1809,"2011-09-22 09:41:00","2011-09-22 09:41:00",1,9,9,68,150.2000
17718,2011-12-10,"2011-04-21 13:39:00","2011-04-21 13:39:00",233,1,6,6,83,139.3500,139.3500,NULL,NULL,0,0,0,0,0.0000
17719,2011-12-10,"2011-03-29 11:29:00","2011-11-02 10:36:00",38,15,274,111,2466,5396.0400,359.7360,"2011-06-30 16:20:00","2011-08-18 06:33:00",3,4,3,11,28.2400
17720,2011-12-10,"2010-12-07 10:43:00","2011-11-13 15:04:00",27,4,50,39,576,1195.9400,298.9850,NULL,NULL,0,0,0,0,0.0000
17722,2011-12-10,"2010-12-08 12:41:00","2011-09-04 15:22:00",97,4,115,111,1595,2424.0400,606.0100,"2010-12-14 11:33:00","2011-01-26 17:04:00",2,5,5,23,43.4000
17723,2011-12-10,"2011-05-09 14:44:00","2011-08-04 18:37:00",128,6,10,4,792,3276.4000,546.0667,NULL,NULL,0,0,0,0,0.0000
17724,2011-12-10,"2011-07-24 13:26:00","2011-09-29 15:26:00",72,3,40,38,300,1033.0000,344.3333,"2011-10-13 10:53:00","2011-10-13 10:53:00",1,5,5,11,37.3500
17725,2011-12-10,"2011-03-17 19:47:00","2011-11-23 16:34:00",17,11,192,115,2162,3439.0800,312.6436,"2011-04-04 09:45:00","2011-06-16 14:54:00",3,6,5,21,67.9500
17727,2011-12-10,"2011-11-24 17:06:00","2011-11-24 17:06:00",16,1,66,66,645,1060.2500,1060.2500,"2011-11-30 15:21:00","2011-11-30 15:21:00",1,1,1,6,17.7000
17728,2011-12-10,"2011-09-14 11:39:00","2011-12-06 08:52:00",4,3,165,153,1469,2876.0100,958.6700,"2011-11-18 15:37:00","2011-11-18 15:37:00",1,3,3,4,15.3000
17730,2011-12-10,"2011-01-17 14:49:00","2011-12-06 15:43:00",4,13,218,127,3576,5298.4800,407.5754,"2011-01-25 12:49:00","2011-11-14 15:41:00",2,2,2,9,9.6500
17731,2011-12-10,"2011-06-09 14:18:00","2011-09-21 15:02:00",80,4,67,54,493,1240.1100,310.0275,"2011-06-26 15:47:00","2011-06-26 15:47:00",1,16,16,101,361.9100
17732,2011-12-10,"2010-12-02 09:29:00","2010-12-02 09:29:00",373,1,18,18,93,303.9700,303.9700,NULL,NULL,0,0,0,0,0.0000
17733,2011-12-10,"2011-03-23 09:54:00","2011-11-01 08:16:00",39,2,35,33,463,692.1900,346.0950,NULL,NULL,0,0,0,0,0.0000
17734,2011-12-10,"2011-04-20 10:04:00","2011-10-17 12:33:00",54,3,43,40,422,700.6300,233.5433,NULL,NULL,0,0,0,0,0.0000
17735,2011-12-10,"2010-12-07 10:32:00","2011-12-07 16:47:00",3,19,690,319,8439,13110.0200,690.0011,NULL,NULL,0,0,0,0,0.0000
17736,2011-12-10,"2011-08-18 14:33:00","2011-11-30 15:36:00",10,3,25,24,238,377.4400,125.8133,"2011-11-08 12:24:00","2011-11-08 12:24:00",1,1,1,1,39.9500
17737,2011-12-10,"2011-10-12 14:42:00","2011-11-30 15:16:00",10,2,10,8,108,168.2400,84.1200,NULL,NULL,0,0,0,0,0.0000
17738,2011-12-10,"2011-03-02 16:26:00","2011-11-20 15:05:00",20,4,97,89,1029,1879.0500,469.7625,"2011-07-19 13:26:00","2011-07-19 13:26:00",1,2,2,2,15.7000
17739,2011-12-10,"2010-12-14 14:26:00","2011-11-28 09:12:00",12,7,47,29,861,2791.3500,398.7643,"2011-06-01 11:45:00","2011-06-01 11:45:00",1,1,1,5,5.3000
17742,2011-12-10,"2011-01-11 10:04:00","2011-08-18 15:28:00",114,2,15,13,89,355.1100,177.5550,NULL,NULL,0,0,0,0,0.0000
17744,2011-12-10,"2010-12-16 14:17:00","2011-12-06 12:11:00",4,6,136,110,3412,2322.4000,387.0667,NULL,NULL,0,0,0,0,0.0000
17746,2011-12-10,"2011-04-13 14:31:00","2011-04-13 14:31:00",241,1,6,6,29,110.2500,110.2500,"2011-04-19 11:26:00","2011-04-19 11:26:00",1,2,2,3,11.4500
17747,2011-12-10,"2011-08-19 08:13:00","2011-08-19 08:13:00",113,1,1,1,12,71.4000,71.4000,"2011-08-31 13:29:00","2011-08-31 13:29:00",1,1,1,1,6.7500
17749,2011-12-10,"2011-03-28 13:39:00","2011-06-14 15:45:00",179,2,35,33,320,674.5200,337.2600,NULL,NULL,0,0,0,0,0.0000
17750,2011-12-10,"2011-06-28 15:44:00","2011-12-04 14:09:00",6,9,182,100,3696,1694.1600,188.2400,NULL,NULL,0,0,0,0,0.0000
17752,2011-12-10,"2010-12-15 16:19:00","2010-12-15 16:19:00",360,1,1,1,192,80.6400,80.6400,NULL,NULL,0,0,0,0,0.0000
17754,2011-12-10,"2011-03-24 13:54:00","2011-12-09 11:20:00",1,5,89,82,1816,1664.6500,332.9300,"2011-03-24 14:07:00","2011-03-24 14:07:00",1,1,1,49,32.3400
17757,2011-12-10,"2010-12-02 17:17:00","2011-12-08 15:31:00",2,30,739,274,3317,5589.4400,186.3147,"2011-06-29 15:31:00","2011-06-29 15:31:00",1,1,1,4,19.8000
17758,2011-12-10,"2011-04-03 15:22:00","2011-11-20 14:45:00",20,8,404,310,2054,3408.2000,426.0250,NULL,NULL,0,0,0,0,0.0000
17759,2011-12-10,"2011-06-23 13:35:00","2011-11-22 16:02:00",18,3,89,81,696,818.7100,272.9033,NULL,NULL,0,0,0,0,0.0000
17760,2011-12-10,"2010-12-01 15:08:00","2011-11-18 10:56:00",22,2,25,25,239,287.5900,143.7950,NULL,NULL,0,0,0,0,0.0000
17761,2011-12-10,"2011-11-07 10:23:00","2011-11-07 10:23:00",33,1,19,19,398,712.7800,712.7800,NULL,NULL,0,0,0,0,0.0000
17763,2011-12-10,"2011-03-21 14:25:00","2011-03-21 14:25:00",264,1,1,1,12,15.0000,15.0000,NULL,NULL,0,0,0,0,0.0000
17764,2011-12-10,"2011-05-12 16:11:00","2011-10-20 11:03:00",51,2,71,71,351,772.5500,386.2750,NULL,NULL,0,0,0,0,0.0000
17765,2011-12-10,"2011-03-28 11:58:00","2011-07-04 12:41:00",159,3,56,51,143,367.6300,122.5433,NULL,NULL,0,0,0,0,0.0000
17767,2011-12-10,"2011-11-24 14:42:00","2011-11-24 14:42:00",16,1,21,21,128,271.2000,271.2000,NULL,NULL,0,0,0,0,0.0000
17768,2011-12-10,"2011-06-26 13:46:00","2011-12-01 13:22:00",9,3,98,77,1122,2081.9000,693.9667,NULL,NULL,0,0,0,0,0.0000
17769,2011-12-10,"2011-01-23 11:15:00","2011-11-27 11:18:00",13,10,304,200,1850,3957.4300,395.7430,"2011-10-16 11:07:00","2011-11-14 13:28:00",2,3,3,5,37.3500
17770,2011-12-10,"2011-03-02 13:35:00","2011-05-25 12:34:00",199,5,38,33,365,1143.2700,228.6540,NULL,NULL,0,0,0,0,0.0000
17771,2011-12-10,"2011-01-20 14:13:00","2011-10-14 11:43:00",57,2,53,50,283,245.3300,122.6650,NULL,NULL,0,0,0,0,0.0000
17772,2011-12-10,"2011-11-29 10:57:00","2011-11-29 11:05:00",11,2,50,50,55,173.4500,86.7250,NULL,NULL,0,0,0,0,0.0000
17774,2011-12-10,"2011-02-07 13:13:00","2011-09-04 12:49:00",97,4,153,123,508,1213.7300,303.4325,"2011-09-04 12:15:00","2011-09-04 12:15:00",1,1,1,1,9.9500
17775,2011-12-10,"2011-03-30 10:50:00","2011-03-30 10:50:00",255,1,3,3,72,56.4000,56.4000,NULL,NULL,0,0,0,0,0.0000
17777,2011-12-10,"2011-08-31 14:35:00","2011-11-15 12:02:00",25,3,190,141,501,647.5600,215.8533,NULL,NULL,0,0,0,0,0.0000
17779,2011-12-10,"2011-07-19 12:19:00","2011-11-18 14:15:00",22,3,81,73,396,650.3200,216.7733,"2011-09-13 13:59:00","2011-11-18 14:13:00",2,2,2,3,16.4000
17781,2011-12-10,"2011-03-31 19:54:00","2011-07-03 16:00:00",160,2,12,12,34,188.0200,94.0100,NULL,NULL,0,0,0,0,0.0000
17783,2011-12-10,"2011-04-06 10:07:00","2011-09-28 16:07:00",73,2,67,67,354,283.4700,141.7350,NULL,NULL,0,0,0,0,0.0000
17785,2011-12-10,"2011-10-17 13:43:00","2011-10-17 13:43:00",54,1,13,13,67,131.9400,131.9400,NULL,NULL,0,0,0,0,0.0000
17786,2011-12-10,"2011-01-26 14:35:00","2011-09-15 12:51:00",86,2,68,57,195,266.8500,133.4250,NULL,NULL,0,0,0,0,0.0000
17787,2011-12-10,"2010-12-03 13:43:00","2011-07-10 11:24:00",153,4,128,94,896,1817.5400,454.3850,NULL,NULL,0,0,0,0,0.0000
17788,2011-12-10,"2011-08-02 10:38:00","2011-09-27 10:09:00",74,2,4,2,210,1112.9500,556.4750,NULL,NULL,0,0,0,0,0.0000
17789,2011-12-10,"2011-03-03 13:14:00","2011-03-03 13:14:00",282,1,14,14,74,225.9000,225.9000,NULL,NULL,0,0,0,0,0.0000
17790,2011-12-10,"2010-12-10 10:47:00","2011-11-13 11:30:00",27,14,189,121,835,1964.3000,140.3071,NULL,NULL,0,0,0,0,0.0000
17791,2011-12-10,"2011-11-10 12:09:00","2011-11-10 12:09:00",30,1,10,10,46,106.1000,106.1000,NULL,NULL,0,0,0,0,0.0000
17793,2011-12-10,"2011-11-14 14:24:00","2011-11-14 14:24:00",26,1,52,49,226,300.3400,300.3400,NULL,NULL,0,0,0,0,0.0000
17795,2011-12-10,"2011-03-20 12:02:00","2011-06-13 12:36:00",180,2,45,43,305,342.8300,171.4150,NULL,NULL,0,0,0,0,0.0000
17796,2011-12-10,"2010-12-05 12:23:00","2011-10-30 15:38:00",41,4,81,63,176,690.0000,172.5000,NULL,NULL,0,0,0,0,0.0000
17797,2011-12-10,"2011-06-10 11:29:00","2011-11-17 13:21:00",23,3,111,102,498,780.4300,260.1433,NULL,NULL,0,0,0,0,0.0000
17799,2011-12-10,"2010-12-13 13:10:00","2011-11-17 15:16:00",23,10,404,280,1753,3039.1700,303.9170,"2011-01-24 12:58:00","2011-01-24 12:58:00",1,2,2,3,29.8500
17800,2011-12-10,"2011-01-09 13:50:00","2011-11-02 12:57:00",38,9,102,50,731,1186.2100,131.8011,NULL,NULL,0,0,0,0,0.0000
17802,2011-12-10,"2010-12-02 13:44:00","2011-09-18 14:56:00",83,3,140,102,752,1285.0400,428.3467,"2011-06-12 14:56:00","2011-06-12 14:56:00",1,7,7,9,33.2000
17805,2011-12-10,"2011-09-27 11:49:00","2011-09-27 11:49:00",74,1,10,10,478,512.3100,512.3100,NULL,NULL,0,0,0,0,0.0000
17806,2011-12-10,"2011-11-28 14:12:00","2011-11-28 14:12:00",12,1,43,43,727,546.0400,546.0400,NULL,NULL,0,0,0,0,0.0000
17809,2011-12-10,"2010-12-01 09:41:00","2011-11-23 12:59:00",17,12,61,46,2057,5411.9100,450.9925,"2011-06-24 15:05:00","2011-11-23 13:00:00",2,2,2,41,67.0600
17811,2011-12-10,"2011-01-10 10:58:00","2011-12-05 13:46:00",5,39,827,358,4145,7755.1200,198.8492,"2011-03-21 12:38:00","2011-11-28 14:31:00",12,21,17,49,160.0200
17812,2011-12-10,"2010-12-06 15:27:00","2011-11-27 11:47:00",13,4,133,113,329,699.8100,174.9525,NULL,NULL,0,0,0,0,0.0000
17813,2011-12-10,"2011-09-29 15:57:00","2011-11-25 16:13:00",15,5,348,297,752,1698.0700,339.6140,"2011-10-06 11:40:00","2011-10-13 14:27:00",2,7,7,13,56.2800
17816,2011-12-10,"2010-12-09 14:10:00","2011-11-03 11:34:00",37,4,17,16,30,36.5600,9.1400,NULL,NULL,0,0,0,0,0.0000
17817,2011-12-10,"2011-03-07 17:30:00","2011-12-05 14:39:00",5,3,33,32,67,387.6800,129.2267,NULL,NULL,0,0,0,0,0.0000
17819,2011-12-10,"2010-12-03 14:26:00","2011-09-29 10:52:00",72,7,48,36,1031,3704.8700,529.2671,"2011-02-15 15:46:00","2011-02-15 15:46:00",1,1,1,4,43.8000
17824,2011-12-10,"2011-10-19 14:14:00","2011-10-19 14:14:00",52,1,13,13,408,298.4000,298.4000,NULL,NULL,0,0,0,0,0.0000
17827,2011-12-10,"2010-12-10 10:18:00","2011-12-04 15:00:00",6,5,215,190,1240,1987.3300,397.4660,NULL,NULL,0,0,0,0,0.0000
17828,2011-12-10,"2011-06-08 08:31:00","2011-11-17 08:41:00",23,4,64,53,655,1165.0900,291.2725,"2011-06-16 14:43:00","2011-12-01 09:34:00",4,14,7,24,90.1200
17829,2011-12-10,"2011-02-14 12:46:00","2011-02-14 12:46:00",299,1,30,30,496,889.2400,889.2400,NULL,NULL,0,0,0,0,0.0000
17830,2011-12-10,"2011-02-24 10:15:00","2011-12-08 12:28:00",2,3,23,18,92,398.7000,132.9000,NULL,NULL,0,0,0,0,0.0000
17831,2011-12-10,"2011-11-06 15:09:00","2011-11-06 15:09:00",34,1,2,2,12,35.4000,35.4000,NULL,NULL,0,0,0,0,0.0000
17832,2011-12-10,"2011-10-21 11:43:00","2011-10-21 11:43:00",50,1,61,61,208,155.3700,155.3700,NULL,NULL,0,0,0,0,0.0000
17835,2011-12-10,"2011-11-16 16:30:00","2011-12-07 11:48:00",3,3,59,45,344,342.2400,114.0800,NULL,NULL,0,0,0,0,0.0000
17836,2011-12-10,"2011-10-23 16:13:00","2011-10-23 16:13:00",48,1,23,22,87,109.8300,109.8300,NULL,NULL,0,0,0,0,0.0000
17837,2011-12-10,"2011-06-29 16:44:00","2011-10-28 16:13:00",43,8,161,109,508,1535.3300,191.9163,"2011-07-07 17:09:00","2011-10-28 16:15:00",2,3,3,3,32.8500
17838,2011-12-10,"2010-12-02 15:55:00","2011-11-13 11:20:00",27,5,117,96,1831,2720.8000,544.1600,"2011-11-13 11:38:00","2011-11-13 11:38:00",1,15,15,434,453.4000
17839,2011-12-10,"2011-10-28 17:27:00","2011-10-28 17:27:00",43,1,52,50,257,318.1500,318.1500,NULL,NULL,0,0,0,0,0.0000
17841,2011-12-10,"2010-12-01 14:41:00","2011-12-08 12:07:00",2,124,7667,1322,22816,40495.9900,326.5806,"2010-12-01 14:30:00","2011-11-23 13:54:00",45,133,106,203,634.5000
17843,2011-12-10,"2011-02-09 15:33:00","2011-02-09 15:33:00",304,1,35,35,88,197.7300,197.7300,NULL,NULL,0,0,0,0,0.0000
17844,2011-12-10,"2011-08-25 11:27:00","2011-08-25 11:27:00",107,1,5,5,52,51.5600,51.5600,NULL,NULL,0,0,0,0,0.0000
17848,2011-12-10,"2010-12-16 18:38:00","2011-09-19 16:49:00",82,9,51,41,398,901.2000,100.1333,NULL,NULL,0,0,0,0,0.0000
17849,2011-12-10,"2011-01-10 11:59:00","2011-05-05 13:46:00",219,4,26,14,114,605.8000,151.4500,NULL,NULL,0,0,0,0,0.0000
17850,2011-12-10,"2010-12-01 08:26:00","2010-12-02 15:27:00",373,34,297,21,1733,5391.2100,158.5650,"2011-02-10 14:38:00","2011-02-10 14:38:00",1,12,9,37,87.7300
17852,2011-12-10,"2011-11-28 12:31:00","2011-11-28 12:36:00",12,2,24,21,53,114.3400,57.1700,NULL,NULL,0,0,0,0,0.0000
17854,2011-12-10,"2011-04-26 16:53:00","2011-06-07 16:21:00",186,2,15,15,84,311.2600,155.6300,NULL,NULL,0,0,0,0,0.0000
17855,2011-12-10,"2010-12-02 09:44:00","2010-12-02 09:44:00",373,1,17,17,197,208.9700,208.9700,NULL,NULL,0,0,0,0,0.0000
17856,2011-12-10,"2011-03-03 11:40:00","2011-12-08 09:40:00",2,4,14,11,841,1403.0300,350.7575,"2011-04-20 12:59:00","2011-04-20 13:11:00",2,2,2,16,24.2400
17857,2011-12-10,"2010-12-09 11:35:00","2011-12-05 13:13:00",5,22,48,18,14822,25301.5400,1150.0700,"2011-03-18 12:15:00","2011-12-06 13:41:00",2,2,2,170,115.7000
17858,2011-12-10,"2010-12-05 13:08:00","2011-12-04 11:56:00",6,12,197,101,2694,5140.6600,428.3883,NULL,NULL,0,0,0,0,0.0000
17859,2011-12-10,"2011-02-08 10:32:00","2011-02-08 10:32:00",305,1,23,23,102,141.9200,141.9200,NULL,NULL,0,0,0,0,0.0000
17860,2011-12-10,"2010-12-06 12:41:00","2010-12-06 12:41:00",369,1,52,49,93,226.4500,226.4500,NULL,NULL,0,0,0,0,0.0000
17861,2011-12-10,"2011-01-24 11:34:00","2011-12-06 16:21:00",4,8,219,172,1985,2097.8800,262.2350,"2011-07-07 12:29:00","2011-07-07 12:29:00",1,1,1,20,41.6000
17862,2011-12-10,"2011-01-20 12:23:00","2011-01-20 12:23:00",324,1,11,11,100,330.9000,330.9000,NULL,NULL,0,0,0,0,0.0000
17863,2011-12-10,"2010-12-05 13:21:00","2011-10-11 13:45:00",60,6,148,110,2638,3160.0000,526.6667,NULL,NULL,0,0,0,0,0.0000
17864,2011-12-10,"2011-03-09 11:44:00","2011-11-27 11:15:00",13,3,90,70,706,554.8500,184.9500,NULL,NULL,0,0,0,0,0.0000
17865,2011-12-10,"2010-12-10 14:53:00","2011-11-09 12:08:00",31,20,369,190,5756,10524.2200,526.2110,"2011-02-21 11:46:00","2011-11-01 09:46:00",7,19,10,59,367.7800
17866,2011-12-10,"2011-07-20 11:07:00","2011-07-20 11:07:00",143,1,9,9,174,329.6500,329.6500,"2011-07-20 11:09:00","2011-07-20 11:09:00",1,1,1,1,3.9500
17867,2011-12-10,"2011-02-24 12:25:00","2011-11-09 14:15:00",31,6,68,62,508,1157.8700,192.9783,"2011-02-24 12:27:00","2011-09-23 14:50:00",2,2,2,289,574.3500
17869,2011-12-10,"2010-12-06 17:16:00","2011-08-24 16:16:00",108,5,40,37,111,428.1800,85.6360,NULL,NULL,0,0,0,0,0.0000
17870,2011-12-10,"2010-12-08 08:12:00","2011-12-07 15:07:00",3,12,270,214,1351,1865.8900,155.4908,"2011-09-29 10:20:00","2011-09-29 10:20:00",1,1,1,1,4.9500
17871,2011-12-10,"2011-05-19 11:32:00","2011-05-19 11:32:00",205,1,10,10,182,155.9000,155.9000,NULL,NULL,0,0,0,0,0.0000
17873,2011-12-10,"2010-12-01 14:54:00","2011-09-20 16:41:00",81,5,42,23,1034,1719.5800,343.9160,"2011-04-13 14:30:00","2011-04-13 14:30:00",1,2,2,48,94.8000
17874,2011-12-10,"2011-03-29 11:25:00","2011-06-07 12:54:00",186,6,46,37,221,683.4600,113.9100,"2011-04-28 11:41:00","2011-04-28 11:41:00",1,1,1,12,25.2000
17877,2011-12-10,"2011-06-22 13:00:00","2011-06-22 13:00:00",171,1,12,12,98,237.6100,237.6100,NULL,NULL,0,0,0,0,0.0000
17878,2011-12-10,"2011-10-27 11:24:00","2011-10-27 11:24:00",44,1,26,26,401,379.4500,379.4500,NULL,NULL,0,0,0,0,0.0000
17879,2011-12-10,"2011-06-19 12:36:00","2011-06-19 12:36:00",174,1,6,6,45,178.5200,178.5200,NULL,NULL,0,0,0,0,0.0000
17880,2011-12-10,"2010-12-10 10:21:00","2010-12-10 10:21:00",365,1,26,26,314,458.9200,458.9200,NULL,NULL,0,0,0,0,0.0000
17881,2011-12-10,"2011-02-08 17:16:00","2011-02-08 17:16:00",305,1,8,8,32,133.3500,133.3500,NULL,NULL,0,0,0,0,0.0000
17883,2011-12-10,"2011-04-07 19:16:00","2011-12-06 17:49:00",4,4,142,133,374,664.3400,166.0850,NULL,NULL,0,0,0,0,0.0000
17884,2011-12-10,"2010-12-03 12:11:00","2011-12-06 11:33:00",4,4,113,107,817,695.0700,173.7675,NULL,NULL,0,0,0,0,0.0000
17885,2011-12-10,"2011-11-27 14:40:00","2011-11-27 14:40:00",13,1,53,50,110,156.3400,156.3400,NULL,NULL,0,0,0,0,0.0000
17886,2011-12-10,"2011-04-04 12:34:00","2011-11-08 10:09:00",32,3,102,93,469,869.2800,289.7600,NULL,NULL,0,0,0,0,0.0000
17887,2011-12-10,"2011-08-02 17:29:00","2011-08-02 17:29:00",130,1,10,10,30,111.3500,111.3500,NULL,NULL,0,0,0,0,0.0000
17888,2011-12-10,"2010-12-17 13:56:00","2011-11-18 13:45:00",22,8,65,60,973,716.0000,89.5000,"2011-07-01 13:22:00","2011-11-21 10:18:00",2,14,14,549,200.2700
17889,2011-12-10,"2011-01-21 17:14:00","2011-05-11 16:26:00",213,2,20,20,77,201.3700,100.6850,NULL,NULL,0,0,0,0,0.0000
17890,2011-12-10,"2010-12-13 15:12:00","2011-01-21 11:19:00",323,2,91,88,402,586.8900,293.4450,NULL,NULL,0,0,0,0,0.0000
17891,2011-12-10,"2011-06-30 20:08:00","2011-06-30 20:08:00",163,1,34,34,393,203.8600,203.8600,NULL,NULL,0,0,0,0,0.0000
17892,2011-12-10,"2011-07-07 12:56:00","2011-10-14 16:49:00",57,3,28,27,109,244.1000,81.3667,NULL,NULL,0,0,0,0,0.0000
17893,2011-12-10,"2011-04-28 13:50:00","2011-04-28 13:50:00",226,1,15,15,149,107.2100,107.2100,NULL,NULL,0,0,0,0,0.0000
17894,2011-12-10,"2010-12-08 14:50:00","2011-09-29 09:23:00",72,8,191,126,402,1118.5400,139.8175,NULL,NULL,0,0,0,0,0.0000
17895,2011-12-10,"2011-10-26 17:00:00","2011-10-26 17:00:00",45,1,15,15,127,95.4500,95.4500,NULL,NULL,0,0,0,0,0.0000
17896,2011-12-10,"2011-11-16 13:59:00","2011-11-16 13:59:00",24,1,2,2,288,256.3200,256.3200,NULL,NULL,0,0,0,0,0.0000
17897,2011-12-10,"2010-12-01 12:31:00","2011-06-20 11:23:00",173,3,108,100,222,541.8100,180.6033,"2010-12-01 12:38:00","2010-12-01 12:38:00",1,1,1,6,25.5000
17898,2011-12-10,"2011-05-16 17:13:00","2011-09-15 14:56:00",86,2,28,27,190,152.0600,76.0300,NULL,NULL,0,0,0,0,0.0000
17899,2011-12-10,"2011-07-03 14:58:00","2011-07-03 14:58:00",160,1,31,29,170,154.5500,154.5500,NULL,NULL,0,0,0,0,0.0000
17900,2011-12-10,"2011-06-02 14:28:00","2011-06-02 14:38:00",191,2,5,3,72,97.2000,48.6000,"2011-06-28 12:04:00","2011-06-28 12:09:00",2,5,3,72,97.2000
17901,2011-12-10,"2011-11-10 17:29:00","2011-11-10 17:29:00",30,1,19,19,24,110.3800,110.3800,NULL,NULL,0,0,0,0,0.0000
17904,2011-12-10,"2011-11-18 12:57:00","2011-11-18 12:57:00",22,1,34,33,59,181.0700,181.0700,"2011-11-18 13:57:00","2011-11-18 13:57:00",1,1,1,1,12.7500
17905,2011-12-10,"2010-12-01 13:21:00","2011-09-29 17:33:00",72,4,33,33,406,798.9900,199.7475,NULL,NULL,0,0,0,0,0.0000
17906,2011-12-10,"2011-04-06 17:25:00","2011-04-06 17:25:00",248,1,12,12,26,72.9000,72.9000,NULL,NULL,0,0,0,0,0.0000
17908,2011-12-10,"2010-12-01 11:45:00","2010-12-01 11:45:00",374,1,54,51,169,232.0300,232.0300,NULL,NULL,0,0,0,0,0.0000
17911,2011-12-10,"2011-11-30 14:52:00","2011-11-30 14:52:00",10,1,39,39,223,366.2300,366.2300,NULL,NULL,0,0,0,0,0.0000
17912,2011-12-10,"2010-12-10 11:11:00","2011-02-02 14:25:00",311,5,37,35,184,310.0600,62.0120,"2010-12-15 16:54:00","2010-12-15 16:54:00",1,2,2,2,15.4000
17913,2011-12-10,"2010-12-19 11:35:00","2011-10-12 10:45:00",59,2,58,55,288,408.6500,204.3250,NULL,NULL,0,0,0,0,0.0000
17914,2011-12-10,"2011-12-06 11:58:00","2011-12-06 11:58:00",4,1,75,72,457,329.3600,329.3600,NULL,NULL,0,0,0,0,0.0000
17917,2011-12-10,"2010-12-12 12:08:00","2011-10-25 13:20:00",46,3,92,77,184,335.0300,111.6767,NULL,NULL,0,0,0,0,0.0000
17919,2011-12-10,"2011-09-12 13:41:00","2011-09-12 13:41:00",89,1,23,23,756,1304.0400,1304.0400,NULL,NULL,0,0,0,0,0.0000
17920,2011-12-10,"2010-12-01 11:49:00","2011-12-05 14:29:00",5,17,664,406,2471,4107.6000,241.6235,NULL,NULL,0,0,0,0,0.0000
17921,2011-12-10,"2011-03-18 13:19:00","2011-10-06 18:56:00",65,4,142,114,425,820.2300,205.0575,NULL,NULL,0,0,0,0,0.0000
17923,2011-12-10,"2011-03-02 15:15:00","2011-03-02 15:15:00",283,1,1,1,50,207.5000,207.5000,NULL,NULL,0,0,0,0,0.0000
17924,2011-12-10,"2010-12-01 10:51:00","2011-11-28 09:11:00",12,7,31,26,1160,2962.5000,423.2143,"2010-12-02 17:30:00","2011-12-08 19:28:00",6,7,4,19,68.1700
17925,2011-12-10,"2010-12-02 10:10:00","2010-12-02 10:10:00",373,1,1,1,72,244.0800,244.0800,NULL,NULL,0,0,0,0,0.0000
17926,2011-12-10,"2011-05-20 09:24:00","2011-07-29 14:39:00",134,2,21,17,306,397.2900,198.6450,NULL,NULL,0,0,0,0,0.0000
17928,2011-12-10,"2011-04-07 18:03:00","2011-10-25 13:52:00",46,2,22,22,68,184.4600,92.2300,NULL,NULL,0,0,0,0,0.0000
17929,2011-12-10,"2011-02-04 11:40:00","2011-11-28 16:01:00",12,4,5,4,108,843.0000,210.7500,"2011-09-23 12:50:00","2011-09-23 12:50:00",1,1,1,1,8.5000
17930,2011-12-10,"2011-04-14 15:46:00","2011-11-04 10:23:00",36,5,39,26,1594,1740.4800,348.0960,NULL,NULL,0,0,0,0,0.0000
17931,2011-12-10,"2011-03-29 12:31:00","2011-07-28 18:33:00",135,2,65,63,249,408.3600,204.1800,NULL,NULL,0,0,0,0,0.0000
17932,2011-12-10,"2011-05-12 13:58:00","2011-11-10 19:49:00",30,3,90,84,789,1331.5700,443.8567,NULL,NULL,0,0,0,0,0.0000
17934,2011-12-10,"2011-10-12 10:50:00","2011-10-19 11:16:00",52,2,21,21,478,704.2500,352.1250,NULL,NULL,0,0,0,0,0.0000
17935,2011-12-10,"2011-07-21 11:23:00","2011-07-24 13:18:00",139,2,28,27,81,142.8900,71.4450,NULL,NULL,0,0,0,0,0.0000
17936,2011-12-10,"2011-12-04 13:32:00","2011-12-04 13:32:00",6,1,72,68,257,380.1300,380.1300,NULL,NULL,0,0,0,0,0.0000
17937,2011-12-10,"2010-12-12 14:43:00","2011-12-01 11:45:00",9,7,43,19,1754,4301.2200,614.4600,NULL,NULL,0,0,0,0,0.0000
17939,2011-12-10,"2011-07-03 12:27:00","2011-07-03 12:27:00",160,1,12,12,40,99.1400,99.1400,NULL,NULL,0,0,0,0,0.0000
17940,2011-12-10,"2011-02-10 09:29:00","2011-10-21 13:27:00",50,9,17,5,9322,2152.1800,239.1311,"2011-04-08 14:17:00","2011-04-27 10:22:00",2,2,1,2,1987.8600
17941,2011-12-10,"2011-08-01 08:30:00","2011-08-01 08:30:00",131,1,2,2,252,304.5600,304.5600,NULL,NULL,0,0,0,0,0.0000
17942,2011-12-10,"2011-12-02 10:45:00","2011-12-02 10:45:00",8,1,2,2,38,77.5000,77.5000,NULL,NULL,0,0,0,0,0.0000
17946,2011-12-10,"2011-03-25 14:34:00","2011-04-20 17:00:00",234,2,20,18,75,149.5800,74.7900,NULL,NULL,0,0,0,0,0.0000
17947,2011-12-10,"2011-11-02 13:05:00","2011-11-02 13:05:00",38,1,9,9,168,176.6800,176.6800,NULL,NULL,0,0,0,0,0.0000
17948,2011-12-10,"2011-07-15 12:58:00","2011-07-15 12:58:00",148,1,1,1,144,358.5600,358.5600,NULL,NULL,0,0,0,0,0.0000
17949,2011-12-10,"2010-12-03 13:12:00","2011-12-08 18:46:00",2,44,69,28,30450,58030.4800,1318.8745,"2011-06-30 12:44:00","2011-12-02 11:42:00",5,7,7,2878,4814.7400
17950,2011-12-10,"2010-12-09 15:16:00","2011-09-28 15:18:00",73,3,71,63,366,482.2000,160.7333,"2010-12-09 15:24:00","2010-12-09 15:24:00",1,1,1,24,10.0800
17951,2011-12-10,"2010-12-01 12:40:00","2011-10-31 12:30:00",40,3,20,18,616,1008.5400,336.1800,"2010-12-20 13:55:00","2010-12-20 13:55:00",1,1,1,6,17.7000
17954,2011-12-10,"2010-12-03 14:18:00","2011-12-04 14:15:00",6,12,477,326,2221,2314.1300,192.8442,"2010-12-03 14:19:00","2011-03-15 11:36:00",4,4,4,5,37.3500
17955,2011-12-10,"2011-05-04 12:29:00","2011-05-25 12:00:00",199,4,19,14,273,557.3000,139.3250,NULL,NULL,0,0,0,0,0.0000
17956,2011-12-10,"2011-04-04 13:47:00","2011-04-04 13:47:00",250,1,1,1,1,12.7500,12.7500,NULL,NULL,0,0,0,0,0.0000
17957,2011-12-10,"2011-10-04 14:58:00","2011-10-04 14:58:00",67,1,30,30,275,110.7200,110.7200,NULL,NULL,0,0,0,0,0.0000
17958,2011-12-10,"2011-08-15 12:19:00","2011-08-15 12:19:00",117,1,7,7,84,508.4600,508.4600,NULL,NULL,0,0,0,0,0.0000
17960,2011-12-10,"2011-06-21 14:15:00","2011-06-21 14:15:00",172,1,26,26,41,73.7800,73.7800,NULL,NULL,0,0,0,0,0.0000
17961,2011-12-10,"2010-12-02 19:18:00","2011-11-18 16:55:00",22,39,249,211,560,1296.4400,33.2421,NULL,NULL,0,0,0,0,0.0000
17962,2011-12-10,"2011-07-20 14:16:00","2011-07-20 14:16:00",143,1,34,33,127,102.4100,102.4100,NULL,NULL,0,0,0,0,0.0000
17964,2011-12-10,"2010-12-02 13:32:00","2011-11-08 10:44:00",32,2,98,84,294,463.2100,231.6050,NULL,NULL,0,0,0,0,0.0000
17965,2011-12-10,"2010-12-05 15:54:00","2011-11-02 09:31:00",38,14,325,274,1532,2599.1900,185.6564,NULL,NULL,0,0,0,0,0.0000
17966,2011-12-10,"2011-03-23 17:25:00","2011-11-02 10:26:00",38,5,68,53,2571,1098.4300,219.6860,NULL,NULL,0,0,0,0,0.0000
17967,2011-12-10,"2010-12-03 11:19:00","2010-12-03 11:19:00",372,1,42,41,73,112.2700,112.2700,NULL,NULL,0,0,0,0,0.0000
17968,2011-12-10,"2010-12-01 12:23:00","2010-12-01 12:23:00",374,1,81,74,151,265.1000,265.1000,NULL,NULL,0,0,0,0,0.0000
17969,2011-12-10,"2010-12-13 15:34:00","2011-06-26 13:00:00",167,2,14,14,152,228.2000,114.1000,NULL,NULL,0,0,0,0,0.0000
17970,2011-12-10,"2011-05-12 20:03:00","2011-05-12 20:03:00",212,1,29,27,513,562.7900,562.7900,NULL,NULL,0,0,0,0,0.0000
17972,2011-12-10,"2011-04-12 12:16:00","2011-04-12 12:16:00",242,1,30,30,36,135.1900,135.1900,NULL,NULL,0,0,0,0,0.0000
17973,2011-12-10,"2011-10-19 10:34:00","2011-10-19 10:34:00",52,1,15,15,176,337.0400,337.0400,NULL,NULL,0,0,0,0,0.0000
17974,2011-12-10,"2011-05-04 11:50:00","2011-11-15 11:37:00",25,3,165,143,500,703.9900,234.6633,NULL,NULL,0,0,0,0,0.0000
17975,2011-12-10,"2010-12-08 11:38:00","2011-11-24 13:27:00",16,13,292,188,1563,4479.9600,344.6123,"2011-04-26 11:16:00","2011-04-26 11:16:00",1,1,1,16,95.2000
17976,2011-12-10,"2010-12-02 13:49:00","2010-12-02 13:49:00",373,1,57,56,93,321.7900,321.7900,NULL,NULL,0,0,0,0,0.0000
17977,2011-12-10,"2011-11-10 13:28:00","2011-11-10 13:28:00",30,1,21,19,342,288.1400,288.1400,NULL,NULL,0,0,0,0,0.0000
17978,2011-12-10,"2010-12-09 14:05:00","2010-12-09 14:05:00",366,1,12,12,499,300.9200,300.9200,NULL,NULL,0,0,0,0,0.0000
17979,2011-12-10,"2011-03-25 11:34:00","2011-11-04 12:05:00",36,4,137,115,379,729.0100,182.2525,"2011-03-25 12:07:00","2011-03-25 12:07:00",1,1,1,2,19.9000
17980,2011-12-10,"2010-12-15 15:50:00","2011-06-27 12:01:00",166,3,30,23,682,811.4500,270.4833,NULL,NULL,0,0,0,0,0.0000
17984,2011-12-10,"2011-07-17 15:59:00","2011-07-17 15:59:00",146,1,48,48,98,152.6800,152.6800,NULL,NULL,0,0,0,0,0.0000
17985,2011-12-10,"2011-11-17 14:24:00","2011-11-17 14:24:00",23,1,21,20,171,631.3500,631.3500,NULL,NULL,0,0,0,0,0.0000
17986,2011-12-10,"2011-10-14 14:22:00","2011-10-14 14:22:00",57,1,1,1,10,20.8000,20.8000,NULL,NULL,0,0,0,0,0.0000
17987,2011-12-10,"2011-06-07 14:22:00","2011-06-07 14:22:00",186,1,13,13,261,198.5700,198.5700,NULL,NULL,0,0,0,0,0.0000
17988,2011-12-10,"2011-01-17 11:59:00","2011-11-28 11:00:00",12,7,38,37,43,201.1200,28.7314,"2011-08-14 15:55:00","2011-08-14 15:55:00",1,1,1,1,9.9500
17990,2011-12-10,"2010-12-13 12:10:00","2011-04-17 11:44:00",237,3,29,27,414,630.8400,210.2800,NULL,NULL,0,0,0,0,0.0000
17991,2011-12-10,"2011-04-27 16:39:00","2011-04-28 15:58:00",226,2,5,4,25,93.3500,46.6750,NULL,NULL,0,0,0,0,0.0000
17994,2011-12-10,"2011-02-22 11:02:00","2011-08-10 11:41:00",122,4,79,63,495,674.8900,168.7225,"2011-03-11 15:02:00","2011-08-10 11:43:00",2,3,3,24,48.8000
17995,2011-12-10,"2011-03-03 12:30:00","2011-03-03 12:30:00",282,1,2,2,133,76.1000,76.1000,NULL,NULL,0,0,0,0,0.0000
17997,2011-12-10,"2011-06-28 17:28:00","2011-09-26 16:13:00",75,8,164,133,2273,1962.4600,245.3075,"2011-09-08 17:56:00","2011-09-26 15:34:00",4,12,9,198,441.9900
17999,2011-12-10,"2010-12-08 15:17:00","2011-11-02 15:56:00",38,2,91,87,219,380.3900,190.1950,NULL,NULL,0,0,0,0,0.0000
18001,2011-12-10,"2011-09-14 11:21:00","2011-11-27 16:02:00",13,2,57,56,362,415.1300,207.5650,NULL,NULL,0,0,0,0,0.0000
18004,2011-12-10,"2010-12-12 13:47:00","2010-12-12 13:47:00",363,1,37,32,75,157.9200,157.9200,NULL,NULL,0,0,0,0,0.0000
18005,2011-12-10,"2011-10-23 14:40:00","2011-12-06 11:51:00",4,2,53,52,86,226.4700,113.2350,NULL,NULL,0,0,0,0,0.0000
18006,2011-12-10,"2011-11-16 16:52:00","2011-11-16 16:52:00",24,1,22,21,220,444.6800,444.6800,NULL,NULL,0,0,0,0,0.0000
18008,2011-12-10,"2011-01-25 12:26:00","2011-09-30 15:17:00",71,9,30,24,1581,2116.1900,235.1322,NULL,NULL,0,0,0,0,0.0000
18009,2011-12-10,"2011-04-18 13:36:00","2011-04-18 13:36:00",236,1,31,31,125,247.3900,247.3900,"2011-04-18 13:52:00","2011-04-18 13:52:00",1,1,1,2,5.1000
18010,2011-12-10,"2011-03-28 12:27:00","2011-03-28 12:27:00",257,1,14,14,60,174.8000,174.8000,NULL,NULL,0,0,0,0,0.0000
18011,2011-12-10,"2010-12-01 17:35:00","2010-12-01 17:35:00",374,1,28,28,71,102.7900,102.7900,NULL,NULL,0,0,0,0,0.0000
18013,2011-12-10,"2011-07-07 14:08:00","2011-07-07 14:11:00",156,2,31,31,285,187.2900,93.6450,NULL,NULL,0,0,0,0,0.0000
18014,2011-12-10,"2011-11-11 15:28:00","2011-11-11 15:28:00",29,1,29,28,65,154.2700,154.2700,NULL,NULL,0,0,0,0,0.0000
18015,2011-12-10,"2011-12-05 14:49:00","2011-12-05 14:49:00",5,1,46,46,157,120.0300,120.0300,NULL,NULL,0,0,0,0,0.0000
18016,2011-12-10,"2010-12-10 17:14:00","2011-11-07 13:25:00",33,5,122,90,1027,1477.6600,295.5320,NULL,NULL,0,0,0,0,0.0000
18017,2011-12-10,"2011-02-02 13:57:00","2011-09-19 16:15:00",82,3,3,1,300,523.0000,174.3333,NULL,NULL,0,0,0,0,0.0000
18018,2011-12-10,"2011-05-24 13:22:00","2011-08-23 17:37:00",109,2,29,29,55,122.1400,61.0700,NULL,NULL,0,0,0,0,0.0000
18019,2011-12-10,"2011-10-19 12:10:00","2011-10-19 12:10:00",52,1,5,5,7,38.4500,38.4500,NULL,NULL,0,0,0,0,0.0000
18022,2011-12-10,"2011-11-04 12:45:00","2011-11-04 12:45:00",36,1,164,141,703,612.7200,612.7200,NULL,NULL,0,0,0,0,0.0000
18024,2011-12-10,"2011-07-10 12:28:00","2011-07-10 12:40:00",153,2,21,21,184,389.7800,194.8900,"2011-07-10 12:39:00","2011-07-10 12:39:00",1,1,1,36,153.0000
18027,2011-12-10,"2011-09-02 10:38:00","2011-09-02 10:38:00",99,1,21,21,78,115.3100,115.3100,NULL,NULL,0,0,0,0,0.0000
18030,2011-12-10,"2011-10-28 13:55:00","2011-12-05 16:37:00",5,2,9,8,67,230.6500,115.3250,"2011-10-28 13:57:00","2011-10-28 13:57:00",1,1,1,1,9.9500
18032,2011-12-10,"2011-01-09 15:32:00","2011-01-09 15:32:00",335,1,5,5,42,73.5000,73.5000,NULL,NULL,0,0,0,0,0.0000
18033,2011-12-10,"2011-10-05 17:28:00","2011-10-05 17:28:00",66,1,33,32,252,93.8200,93.8200,NULL,NULL,0,0,0,0,0.0000
18034,2011-12-10,"2011-11-18 12:08:00","2011-11-18 12:22:00",22,2,110,99,559,418.6800,209.3400,NULL,NULL,0,0,0,0,0.0000
18035,2011-12-10,"2011-10-27 17:48:00","2011-11-04 12:39:00",36,3,49,44,584,713.8900,237.9633,NULL,NULL,0,0,0,0,0.0000
18036,2011-12-10,"2011-04-08 11:26:00","2011-11-07 14:40:00",33,3,94,77,232,403.1200,134.3733,NULL,NULL,0,0,0,0,0.0000
18037,2011-12-10,"2010-12-12 16:20:00","2011-07-08 13:39:00",155,6,19,19,20,70.0200,11.6700,NULL,NULL,0,0,0,0,0.0000
18040,2011-12-10,"2011-04-08 08:27:00","2011-11-20 14:20:00",20,2,19,18,148,357.2000,178.6000,NULL,NULL,0,0,0,0,0.0000
18041,2011-12-10,"2010-12-02 11:21:00","2011-11-28 11:39:00",12,21,458,285,3758,4097.3700,195.1129,"2011-01-06 15:35:00","2011-01-06 15:35:00",1,2,2,9,22.2500
18042,2011-12-10,"2011-10-17 11:49:00","2011-10-17 11:49:00",54,1,7,7,33,165.0500,165.0500,NULL,NULL,0,0,0,0,0.0000
18043,2011-12-10,"2010-12-08 12:35:00","2011-11-15 12:48:00",25,3,115,106,265,529.2900,176.4300,NULL,NULL,0,0,0,0,0.0000
18044,2011-12-10,"2010-12-14 12:25:00","2011-12-05 14:26:00",5,10,127,88,1033,2088.6000,208.8600,"2011-11-04 15:11:00","2011-11-04 15:11:00",1,1,1,1,2.9500
18045,2011-12-10,"2011-10-25 13:07:00","2011-10-25 13:07:00",46,1,43,43,138,178.3400,178.3400,NULL,NULL,0,0,0,0,0.0000
18048,2011-12-10,"2011-05-20 14:54:00","2011-05-20 14:58:00",204,2,7,6,127,172.2900,86.1450,NULL,NULL,0,0,0,0,0.0000
18050,2011-12-10,"2010-12-15 14:25:00","2010-12-15 14:25:00",360,1,5,5,40,74.4000,74.4000,NULL,NULL,0,0,0,0,0.0000
18053,2011-12-10,"2011-09-30 09:05:00","2011-09-30 09:05:00",71,1,20,20,302,300.0200,300.0200,"2011-10-04 17:31:00","2011-10-04 17:31:00",1,1,1,1,2.9500
18055,2011-12-10,"2010-12-05 10:52:00","2011-12-02 14:25:00",8,10,358,223,2452,6761.3400,676.1340,"2011-02-22 15:22:00","2011-02-22 15:22:00",1,3,3,5,32.0500
18056,2011-12-10,"2011-02-24 14:27:00","2011-02-24 14:27:00",289,1,19,19,211,363.6500,363.6500,NULL,NULL,0,0,0,0,0.0000
18058,2011-12-10,"2011-11-30 08:38:00","2011-11-30 08:38:00",10,1,3,3,88,170.1600,170.1600,NULL,NULL,0,0,0,0,0.0000
18059,2011-12-10,"2011-10-03 09:30:00","2011-11-16 16:49:00",24,3,18,17,258,306.4600,102.1533,"2011-11-30 17:02:00","2011-11-30 17:02:00",1,2,2,5,9.7500
18061,2011-12-10,"2010-12-08 13:03:00","2011-11-18 11:20:00",22,10,46,18,955,2119.4100,211.9410,NULL,NULL,0,0,0,0,0.0000
18062,2011-12-10,"2011-01-06 10:03:00","2011-06-19 14:47:00",174,3,27,23,396,720.5200,240.1733,NULL,NULL,0,0,0,0,0.0000
18064,2011-12-10,"2011-04-18 15:08:00","2011-07-29 16:39:00",134,2,7,7,384,814.0000,407.0000,NULL,NULL,0,0,0,0,0.0000
18065,2011-12-10,"2010-12-10 12:44:00","2011-12-04 10:30:00",6,14,137,110,1027,2392.8300,170.9164,"2010-12-16 16:30:00","2010-12-16 16:30:00",1,1,1,3,12.7500
18066,2011-12-10,"2011-09-25 15:30:00","2011-09-25 15:30:00",76,1,10,10,108,318.0000,318.0000,NULL,NULL,0,0,0,0,0.0000
18067,2011-12-10,"2011-10-30 15:58:00","2011-10-30 15:58:00",41,1,37,36,189,396.3300,396.3300,NULL,NULL,0,0,0,0,0.0000
18068,2011-12-10,"2011-02-23 14:50:00","2011-02-23 14:50:00",290,1,1,1,6,101.7000,101.7000,NULL,NULL,0,0,0,0,0.0000
18069,2011-12-10,"2011-01-16 15:50:00","2011-11-13 16:03:00",27,5,457,334,1296,2009.2400,401.8480,"2011-01-16 14:48:00","2011-11-13 16:05:00",2,2,2,3,14.8500
18071,2011-12-10,"2010-12-09 10:33:00","2011-03-27 11:59:00",258,2,25,23,260,453.0000,226.5000,NULL,NULL,0,0,0,0,0.0000
18072,2011-12-10,"2011-06-07 10:44:00","2011-06-07 10:44:00",186,1,18,18,288,247.4400,247.4400,"2011-07-07 17:22:00","2011-07-07 17:22:00",1,16,16,240,235.2000
18073,2011-12-10,"2011-05-26 19:38:00","2011-08-17 14:02:00",115,12,68,22,3098,3799.8200,316.6517,"2011-06-15 12:12:00","2011-06-15 12:12:00",1,3,3,10,13.0800
18074,2011-12-10,"2010-12-01 09:53:00","2010-12-01 09:53:00",374,1,13,13,190,489.6000,489.6000,NULL,NULL,0,0,0,0,0.0000
18075,2011-12-10,"2010-12-14 10:48:00","2011-11-16 15:21:00",24,10,142,97,1464,2611.7500,261.1750,"2010-12-16 16:42:00","2011-07-01 15:14:00",4,11,10,27,73.0300
18077,2011-12-10,"2010-12-08 10:21:00","2011-12-01 13:32:00",9,11,223,101,1839,2584.4100,234.9464,NULL,NULL,0,0,0,0,0.0000
18078,2011-12-10,"2011-03-25 15:08:00","2011-05-06 14:32:00",218,2,29,27,145,336.1300,168.0650,NULL,NULL,0,0,0,0,0.0000
18079,2011-12-10,"2011-04-15 12:14:00","2011-10-25 15:27:00",46,4,123,99,7347,3613.1500,903.2875,NULL,NULL,0,0,0,0,0.0000
18080,2011-12-10,"2011-04-11 10:10:00","2011-11-21 08:02:00",19,2,2,2,642,1231.5000,615.7500,NULL,NULL,0,0,0,0,0.0000
18081,2011-12-10,"2011-07-29 11:56:00","2011-11-03 16:30:00",37,3,17,14,195,343.4500,114.4833,NULL,NULL,0,0,0,0,0.0000
18082,2011-12-10,"2011-11-14 12:45:00","2011-11-14 12:45:00",26,1,70,62,608,680.8400,680.8400,NULL,NULL,0,0,0,0,0.0000
18084,2011-12-10,"2011-11-23 13:57:00","2011-11-23 13:57:00",17,1,1,1,312,90.4800,90.4800,"2011-02-11 16:30:00","2011-02-11 16:30:00",1,1,1,1,2.9500
18085,2011-12-10,"2010-12-01 12:08:00","2011-01-13 15:17:00",331,2,29,25,265,689.9500,344.9750,NULL,NULL,0,0,0,0,0.0000
18086,2011-12-10,"2011-03-10 13:34:00","2011-03-10 13:34:00",275,1,7,7,106,101.3400,101.3400,NULL,NULL,0,0,0,0,0.0000
18087,2011-12-10,"2011-02-22 10:43:00","2011-02-22 10:43:00",291,1,1,1,3906,3202.9200,3202.9200,"2011-02-11 11:24:00","2011-07-18 13:49:00",2,5,5,336,285.6000
18088,2011-12-10,"2011-10-09 13:41:00","2011-10-09 13:41:00",62,1,37,35,107,166.0300,166.0300,NULL,NULL,0,0,0,0,0.0000
18092,2011-12-10,"2010-12-09 10:00:00","2011-12-07 13:14:00",3,11,89,28,4252,9068.2600,824.3873,"2011-11-10 14:55:00","2011-11-10 14:55:00",1,1,1,2,2.5000
18093,2011-12-10,"2011-02-10 12:15:00","2011-09-07 15:43:00",94,4,36,31,1392,2106.5200,526.6300,"2011-02-18 15:29:00","2011-02-18 15:29:00",1,2,2,11,23.1000
18094,2011-12-10,"2011-02-21 08:50:00","2011-09-19 09:28:00",82,7,70,39,2518,3017.3000,431.0429,NULL,NULL,0,0,0,0,0.0000
18095,2011-12-10,"2011-01-11 12:37:00","2011-01-31 12:50:00",313,2,21,20,419,580.0500,290.0250,NULL,NULL,0,0,0,0,0.0000
18096,2011-12-10,"2011-10-07 11:55:00","2011-11-28 12:44:00",12,3,196,157,788,849.0600,283.0200,NULL,NULL,0,0,0,0,0.0000
18097,2011-12-10,"2010-12-20 14:49:00","2011-12-02 11:16:00",8,6,106,65,1662,2662.4000,443.7333,"2011-08-31 13:19:00","2011-08-31 13:19:00",1,1,1,1,4.9500
18099,2011-12-10,"2011-08-04 15:52:00","2011-08-04 15:52:00",128,1,19,19,149,168.3100,168.3100,NULL,NULL,0,0,0,0,0.0000
18101,2011-12-10,"2011-07-19 13:05:00","2011-11-28 13:37:00",12,2,40,37,87,222.4000,111.2000,NULL,NULL,0,0,0,0,0.0000
18102,2011-12-10,"2010-12-07 16:42:00","2011-12-09 11:50:00",1,60,431,150,64124,259657.3000,4327.6217,NULL,NULL,0,0,0,0,0.0000
18104,2011-12-10,"2011-11-02 14:07:00","2011-11-02 14:07:00",38,1,38,38,362,754.6400,754.6400,NULL,NULL,0,0,0,0,0.0000
18105,2011-12-10,"2011-11-02 12:04:00","2011-11-02 12:04:00",38,1,18,18,46,113.4800,113.4800,NULL,NULL,0,0,0,0,0.0000
18106,2011-12-10,"2011-01-14 12:23:00","2011-01-14 12:23:00",330,1,37,33,126,421.9000,421.9000,NULL,NULL,0,0,0,0,0.0000
18108,2011-12-10,"2011-03-30 13:56:00","2011-03-30 13:56:00",255,1,17,17,84,271.0000,271.0000,"2011-04-05 08:25:00","2011-04-05 08:25:00",1,2,2,2,6.3500
18109,2011-12-10,"2010-12-05 10:58:00","2011-12-08 11:36:00",2,26,441,119,4230,8004.9200,307.8815,"2011-01-05 12:05:00","2011-09-09 13:54:00",5,10,8,18,127.6500
18110,2011-12-10,"2011-11-20 12:34:00","2011-11-20 12:34:00",20,1,37,33,72,198.8000,198.8000,"2011-11-20 12:59:00","2011-11-20 12:59:00",1,3,3,7,30.2500
18112,2011-12-10,"2011-06-26 13:56:00","2011-11-27 14:43:00",13,2,26,26,255,352.6900,176.3450,NULL,NULL,0,0,0,0,0.0000
18113,2011-12-10,"2010-12-06 12:31:00","2010-12-06 12:31:00",369,1,1,1,72,76.3200,76.3200,NULL,NULL,0,0,0,0,0.0000
18114,2011-12-10,"2011-02-22 13:20:00","2011-02-22 13:20:00",291,1,28,28,55,220.1000,220.1000,NULL,NULL,0,0,0,0,0.0000
18116,2011-12-10,"2010-12-10 12:14:00","2011-10-03 11:00:00",68,8,370,229,819,1399.5100,174.9388,NULL,NULL,0,0,0,0,0.0000
18117,2011-12-10,"2011-11-14 12:47:00","2011-11-14 12:47:00",26,1,71,67,604,314.4000,314.4000,NULL,NULL,0,0,0,0,0.0000
18118,2011-12-10,"2010-12-05 12:13:00","2011-11-29 11:32:00",11,26,1262,423,2853,5622.6800,216.2569,"2011-02-07 11:58:00","2011-06-24 10:15:00",5,5,4,5,58.0500
18119,2011-12-10,"2010-12-07 11:59:00","2010-12-07 11:59:00",368,1,29,29,124,180.7000,180.7000,NULL,NULL,0,0,0,0,0.0000
18120,2011-12-10,"2011-05-09 13:45:00","2011-05-09 13:45:00",215,1,17,17,31,111.1500,111.1500,NULL,NULL,0,0,0,0,0.0000
18121,2011-12-10,"2011-07-08 12:14:00","2011-07-13 12:53:00",150,2,31,28,438,653.3000,326.6500,NULL,NULL,0,0,0,0,0.0000
18122,2011-12-10,"2011-07-12 11:37:00","2011-12-01 13:08:00",9,6,355,238,1215,1791.8400,298.6400,NULL,NULL,0,0,0,0,0.0000
18123,2011-12-10,"2011-11-08 13:31:00","2011-11-15 14:23:00",25,2,34,31,582,574.4400,287.2200,NULL,NULL,0,0,0,0,0.0000
18125,2011-12-10,"2011-01-27 15:02:00","2011-11-10 12:29:00",30,4,192,164,800,1131.7500,282.9375,"2011-02-17 12:56:00","2011-02-17 12:56:00",1,1,1,1,1.6500
18126,2011-12-10,"2011-10-10 12:19:00","2011-10-10 12:19:00",61,1,51,51,129,198.5800,198.5800,NULL,NULL,0,0,0,0,0.0000
18127,2011-12-10,"2011-07-29 10:06:00","2011-11-20 14:05:00",20,3,46,41,187,347.0800,115.6933,NULL,NULL,0,0,0,0,0.0000
18129,2011-12-10,"2011-04-10 14:16:00","2011-04-10 14:16:00",244,1,14,13,48,112.5500,112.5500,NULL,NULL,0,0,0,0,0.0000
18130,2011-12-10,"2011-10-13 15:58:00","2011-11-24 14:40:00",16,3,70,58,824,1059.3900,353.1300,"2011-12-01 08:41:00","2011-12-01 08:41:00",1,1,1,7,13.6500
18133,2011-12-10,"2011-05-11 14:14:00","2011-05-11 14:14:00",213,1,1,1,1350,931.5000,931.5000,NULL,NULL,0,0,0,0,0.0000
18135,2011-12-10,"2011-06-02 14:04:00","2011-11-10 19:32:00",30,5,20,11,349,681.9100,136.3820,NULL,NULL,0,0,0,0,0.0000
18136,2011-12-10,"2011-01-24 12:08:00","2011-10-07 15:40:00",64,3,38,34,379,784.3300,261.4433,"2011-05-17 09:23:00","2011-05-17 09:23:00",1,1,1,6,22.5000
18138,2011-12-10,"2011-02-17 14:51:00","2011-02-17 14:51:00",296,1,8,8,38,152.6500,152.6500,NULL,NULL,0,0,0,0,0.0000
18139,2011-12-10,"2011-11-21 14:06:00","2011-11-22 10:44:00",18,6,159,35,5557,8438.3400,1406.3900,NULL,NULL,0,0,0,0,0.0000
18142,2011-12-10,"2011-05-08 12:31:00","2011-07-05 13:19:00",158,2,15,9,1276,1019.5200,509.7600,"2011-05-12 19:42:00","2011-07-11 13:34:00",2,3,2,3,4.6200
18143,2011-12-10,"2011-07-21 10:44:00","2011-08-15 12:07:00",117,2,61,59,570,1000.1600,500.0800,NULL,NULL,0,0,0,0,0.0000
18144,2011-12-10,"2010-12-01 13:45:00","2011-12-02 12:46:00",8,12,41,26,1341,2873.7500,239.4792,NULL,NULL,0,0,0,0,0.0000
18145,2011-12-10,"2011-01-31 12:10:00","2011-11-27 11:22:00",13,4,221,174,2625,2861.5500,715.3875,NULL,NULL,0,0,0,0,0.0000
18146,2011-12-10,"2011-05-03 16:35:00","2011-07-22 12:08:00",141,2,10,10,153,160.3500,80.1750,NULL,NULL,0,0,0,0,0.0000
18147,2011-12-10,"2011-08-23 12:22:00","2011-10-25 11:46:00",46,2,7,7,203,179.3400,89.6700,NULL,NULL,0,0,0,0,0.0000
18149,2011-12-10,"2011-03-11 12:44:00","2011-10-20 12:04:00",51,3,16,11,310,612.0800,204.0267,NULL,NULL,0,0,0,0,0.0000
18150,2011-12-10,"2011-05-22 10:47:00","2011-11-07 16:49:00",33,3,37,29,332,566.5800,188.8600,NULL,NULL,0,0,0,0,0.0000
18151,2011-12-10,"2011-02-23 08:29:00","2011-07-28 11:35:00",135,2,38,38,355,653.3500,326.6750,NULL,NULL,0,0,0,0,0.0000
18154,2011-12-10,"2011-10-27 10:40:00","2011-12-06 16:41:00",4,2,21,15,255,399.1900,199.5950,NULL,NULL,0,0,0,0,0.0000
18155,2011-12-10,"2011-02-21 10:36:00","2011-09-25 13:32:00",76,3,25,19,266,371.6200,123.8733,"2011-06-27 17:02:00","2011-06-27 17:02:00",1,3,3,8,23.8000
18156,2011-12-10,"2010-12-05 12:29:00","2011-11-27 12:24:00",13,2,122,100,283,675.6400,337.8200,NULL,NULL,0,0,0,0,0.0000
18158,2011-12-10,"2011-09-12 09:03:00","2011-11-30 16:19:00",10,2,34,24,354,453.4000,226.7000,"2011-09-14 15:49:00","2011-09-14 15:49:00",1,1,1,1,1.6500
18159,2011-12-10,"2011-02-11 14:26:00","2011-02-11 14:26:00",302,1,23,23,139,530.1500,530.1500,NULL,NULL,0,0,0,0,0.0000
18160,2011-12-10,"2011-05-23 13:41:00","2011-10-13 15:50:00",58,2,39,37,294,638.0600,319.0300,NULL,NULL,0,0,0,0,0.0000
18161,2011-12-10,"2011-01-24 11:56:00","2011-11-24 16:40:00",16,5,80,49,812,1618.6900,323.7380,"2011-11-29 15:38:00","2011-11-29 15:38:00",1,1,1,2,5.9000
18164,2011-12-10,"2011-11-02 12:56:00","2011-11-02 12:56:00",38,1,24,24,184,399.6500,399.6500,"2011-11-08 17:49:00","2011-11-08 17:49:00",1,1,1,1,4.9500
18165,2011-12-10,"2011-06-15 13:23:00","2011-06-15 13:23:00",178,1,10,10,254,302.4600,302.4600,NULL,NULL,0,0,0,0,0.0000
18167,2011-12-10,"2011-08-26 11:40:00","2011-11-16 15:56:00",24,3,37,24,382,1384.8600,461.6200,"2011-09-09 13:02:00","2011-12-06 09:49:00",3,6,6,23,29.3500
18168,2011-12-10,"2010-12-02 18:08:00","2011-06-16 19:21:00",177,6,130,97,592,1160.0400,193.3400,"2010-12-02 17:14:00","2011-05-19 19:02:00",3,9,9,9,36.3000
18169,2011-12-10,"2011-10-10 12:18:00","2011-10-10 12:18:00",61,1,9,9,61,202.6500,202.6500,NULL,NULL,0,0,0,0,0.0000
18170,2011-12-10,"2011-05-06 15:13:00","2011-11-06 14:35:00",34,3,38,29,409,980.3100,326.7700,NULL,NULL,0,0,0,0,0.0000
18171,2011-12-10,"2011-01-10 09:55:00","2011-10-12 09:13:00",59,5,54,43,481,1231.3100,246.2620,"2011-04-19 16:39:00","2011-07-04 16:07:00",2,2,2,4,22.8000
18172,2011-12-10,"2011-02-23 10:44:00","2011-11-25 11:12:00",15,20,189,100,3184,7561.6800,378.0840,"2011-02-18 16:52:00","2011-10-06 18:40:00",5,8,7,14,71.5100
18173,2011-12-10,"2011-03-10 11:56:00","2011-09-14 11:26:00",87,4,31,23,1220,2106.8400,526.7100,NULL,NULL,0,0,0,0,0.0000
18174,2011-12-10,"2011-12-02 16:56:00","2011-12-02 16:56:00",8,1,1,1,50,104.0000,104.0000,NULL,NULL,0,0,0,0,0.0000
18176,2011-12-10,"2010-12-16 15:45:00","2010-12-16 15:45:00",359,1,30,30,283,476.3500,476.3500,"2010-12-21 12:33:00","2010-12-21 12:33:00",1,3,3,4,27.7000
18177,2011-12-10,"2011-03-29 08:46:00","2011-11-08 14:44:00",32,6,73,53,709,1340.8700,223.4783,"2011-04-21 10:00:00","2011-04-21 10:00:00",1,1,1,5,27.2500
18178,2011-12-10,"2010-12-10 12:42:00","2011-08-03 09:30:00",129,4,97,80,983,1590.8100,397.7025,"2011-04-13 16:03:00","2011-08-18 06:34:00",2,2,2,4,17.4000
18179,2011-12-10,"2011-01-07 14:22:00","2011-11-30 16:23:00",10,6,90,86,1360,1793.1700,298.8617,NULL,NULL,0,0,0,0,0.0000
18180,2011-12-10,"2011-07-20 08:59:00","2011-12-05 08:39:00",5,6,119,108,1721,1843.7500,307.2917,NULL,NULL,0,0,0,0,0.0000
18181,2011-12-10,"2011-11-15 15:08:00","2011-11-15 15:08:00",25,1,41,40,133,366.8500,366.8500,NULL,NULL,0,0,0,0,0.0000
18183,2011-12-10,"2011-03-10 10:08:00","2011-04-26 15:26:00",228,2,37,36,371,632.0700,316.0350,"2011-03-16 11:39:00","2011-05-05 17:47:00",4,7,4,9,31.5500
18184,2011-12-10,"2011-11-24 15:28:00","2011-11-24 15:28:00",16,1,1,1,60,49.8000,49.8000,NULL,NULL,0,0,0,0,0.0000
18185,2011-12-10,"2011-04-04 13:42:00","2011-04-04 13:42:00",250,1,17,17,183,304.2500,304.2500,NULL,NULL,0,0,0,0,0.0000
18188,2011-12-10,"2011-02-22 14:43:00","2011-11-24 16:46:00",16,3,71,63,1168,2001.0400,667.0133,"2011-10-24 13:34:00","2011-10-24 13:34:00",1,1,1,1,2.5500
18189,2011-12-10,"2011-03-17 09:49:00","2011-09-23 12:40:00",78,2,68,65,566,1090.2400,545.1200,"2011-03-21 16:06:00","2011-03-21 16:06:00",1,1,1,2,5.9000
18190,2011-12-10,"2011-01-13 10:35:00","2011-05-31 14:48:00",193,2,15,14,140,284.4600,142.2300,"2011-01-18 15:30:00","2011-01-18 15:30:00",1,1,1,1,9.9500
18191,2011-12-10,"2011-03-23 12:08:00","2011-03-23 12:08:00",262,1,7,7,140,207.8000,207.8000,NULL,NULL,0,0,0,0,0.0000
18192,2011-12-10,"2011-09-29 09:53:00","2011-09-29 09:53:00",72,1,45,45,339,957.9700,957.9700,NULL,NULL,0,0,0,0,0.0000
18193,2011-12-10,"2011-06-27 13:58:00","2011-06-27 13:58:00",166,1,16,16,124,243.7600,243.7600,"2010-12-08 14:20:00","2011-07-12 10:56:00",2,2,2,4,30.8000
18194,2011-12-10,"2011-09-18 13:29:00","2011-09-18 13:29:00",83,1,7,7,632,973.8400,973.8400,"2011-10-06 19:54:00","2011-10-06 19:54:00",1,2,2,184,77.8400
18196,2011-12-10,"2011-02-22 16:13:00","2011-09-05 16:22:00",96,2,139,131,431,686.6300,343.3150,NULL,NULL,0,0,0,0,0.0000
18198,2011-12-10,"2011-01-07 13:39:00","2011-12-05 14:49:00",5,17,159,81,4074,5425.5600,319.1506,"2011-03-03 11:57:00","2011-09-23 08:28:00",4,7,6,235,342.5000
18200,2011-12-10,"2011-08-25 18:45:00","2011-08-25 18:45:00",107,1,30,29,104,150.3500,150.3500,NULL,NULL,0,0,0,0,0.0000
18202,2011-12-10,"2011-02-01 13:36:00","2011-05-24 12:12:00",200,3,68,55,581,1396.9900,465.6633,NULL,NULL,0,0,0,0,0.0000
18203,2011-12-10,"2011-07-05 13:07:00","2011-07-05 13:07:00",158,1,19,19,43,160.4200,160.4200,NULL,NULL,0,0,0,0,0.0000
18204,2011-12-10,"2011-05-31 15:26:00","2011-09-29 16:44:00",72,3,192,159,1190,1975.3500,658.4500,"2011-08-25 14:15:00","2011-08-25 14:15:00",1,2,2,2,14.4000
18205,2011-12-10,"2011-09-26 12:02:00","2011-11-03 13:22:00",37,2,32,30,192,517.3600,258.6800,NULL,NULL,0,0,0,0,0.0000
18209,2011-12-10,"2011-11-11 12:07:00","2011-11-11 12:07:00",29,1,8,8,58,139.1000,139.1000,NULL,NULL,0,0,0,0,0.0000
18210,2011-12-10,"2011-03-17 16:58:00","2011-12-08 11:02:00",2,6,134,109,1398,2621.3800,436.8967,NULL,NULL,0,0,0,0,0.0000
18211,2011-12-10,"2011-03-06 12:09:00","2011-11-14 08:10:00",26,5,42,37,359,600.0700,120.0140,NULL,NULL,0,0,0,0,0.0000
18212,2011-12-10,"2011-01-17 16:14:00","2011-01-17 16:14:00",327,1,34,30,92,216.0700,216.0700,NULL,NULL,0,0,0,0,0.0000
18213,2011-12-10,"2011-04-17 10:21:00","2011-04-17 10:21:00",237,1,15,15,232,232.4800,232.4800,NULL,NULL,0,0,0,0,0.0000
18215,2011-12-10,"2011-09-11 16:05:00","2011-09-11 16:05:00",90,1,13,13,118,299.3400,299.3400,NULL,NULL,0,0,0,0,0.0000
18216,2011-12-10,"2011-11-08 16:55:00","2011-11-08 16:55:00",32,1,26,26,200,481.7500,481.7500,NULL,NULL,0,0,0,0,0.0000
18217,2011-12-10,"2011-09-30 10:44:00","2011-11-10 13:18:00",30,2,31,27,491,621.7500,310.8750,NULL,NULL,0,0,0,0,0.0000
18218,2011-12-10,"2011-03-03 12:24:00","2011-05-12 12:53:00",212,2,20,17,536,641.9200,320.9600,"2011-03-17 15:48:00","2011-05-17 14:16:00",2,3,3,38,35.7000
18219,2011-12-10,"2010-12-06 10:05:00","2011-12-07 11:43:00",3,10,114,58,885,2069.7700,206.9770,"2011-11-04 13:03:00","2011-11-04 13:03:00",1,1,1,2,50.0000
18220,2011-12-10,"2011-04-27 09:03:00","2011-04-27 09:03:00",227,1,2,2,288,305.2800,305.2800,"2011-05-04 11:23:00","2011-05-04 11:23:00",1,2,2,6,7.5000
18221,2011-12-10,"2011-05-12 14:13:00","2011-11-17 14:40:00",23,5,64,59,791,1041.6100,208.3220,"2011-06-13 16:10:00","2011-06-13 16:10:00",1,1,1,2,8.3000
18222,2011-12-10,"2011-09-08 10:45:00","2011-09-08 10:45:00",93,1,19,19,335,443.0000,443.0000,NULL,NULL,0,0,0,0,0.0000
18223,2011-12-10,"2010-12-16 16:42:00","2011-12-05 09:11:00",5,14,272,116,2948,6484.5400,463.1814,"2010-12-21 12:17:00","2011-12-08 11:51:00",12,26,18,57,166.4700
18224,2011-12-10,"2011-03-21 10:30:00","2011-03-21 10:30:00",264,1,10,10,69,158.9500,158.9500,NULL,NULL,0,0,0,0,0.0000
18225,2011-12-10,"2010-12-09 15:46:00","2011-12-06 13:27:00",4,12,269,150,3242,5504.9600,458.7467,"2010-12-03 10:11:00","2011-09-28 10:15:00",5,15,14,38,148.1000
18226,2011-12-10,"2011-01-06 09:00:00","2011-10-26 13:36:00",45,11,242,141,3466,5228.0500,475.2773,"2011-01-12 12:51:00","2011-11-01 09:57:00",3,3,3,7,35.9500
18227,2011-12-10,"2011-05-06 12:23:00","2011-05-06 12:23:00",218,1,5,5,21,93.7500,93.7500,NULL,NULL,0,0,0,0,0.0000
18228,2011-12-10,"2011-09-21 10:48:00","2011-10-14 09:21:00",57,2,30,23,238,779.9000,389.9500,"2011-10-20 19:21:00","2011-10-20 19:21:00",1,2,2,2,10.7000
18229,2011-12-10,"2010-12-01 16:25:00","2011-11-28 09:48:00",12,20,164,66,2488,7276.9000,363.8450,NULL,NULL,0,0,0,0,0.0000
18230,2011-12-10,"2011-02-10 13:06:00","2011-11-30 13:22:00",10,7,86,32,1316,2810.2000,401.4571,"2010-12-09 14:47:00","2011-11-17 15:24:00",3,3,2,18,93.6000
18231,2011-12-10,"2011-02-24 09:08:00","2011-05-31 14:18:00",193,5,123,106,819,2071.7700,414.3540,"2011-02-25 12:46:00","2011-02-25 12:46:00",1,2,2,13,17.1000
18232,2011-12-10,"2011-05-26 16:30:00","2011-09-19 11:49:00",82,4,37,31,302,592.9700,148.2425,"2011-06-03 12:11:00","2011-06-03 12:11:00",1,3,3,3,10.5000
18233,2011-12-10,"2011-01-18 08:44:00","2011-01-18 08:44:00",326,1,1,1,4,440.0000,440.0000,NULL,NULL,0,0,0,0,0.0000
18235,2011-12-10,"2011-05-06 13:35:00","2011-09-29 08:27:00",72,3,104,100,1578,1796.4800,598.8267,NULL,NULL,0,0,0,0,0.0000
18236,2011-12-10,"2011-04-13 09:52:00","2011-11-10 08:06:00",30,6,49,42,403,882.2400,147.0400,NULL,NULL,0,0,0,0,0.0000
18237,2011-12-10,"2011-07-28 13:05:00","2011-12-07 12:49:00",3,5,61,40,622,987.1000,197.4200,NULL,NULL,0,0,0,0,0.0000
18239,2011-12-10,"2010-12-02 17:48:00","2011-05-05 12:38:00",219,5,88,80,795,1561.6100,312.3220,NULL,NULL,0,0,0,0,0.0000
18240,2011-12-10,"2011-10-24 13:06:00","2011-10-24 13:06:00",47,1,6,6,126,422.5800,422.5800,NULL,NULL,0,0,0,0,0.0000
18241,2011-12-10,"2011-05-06 09:22:00","2011-11-30 12:10:00",10,17,104,60,1051,2073.0900,121.9465,"2011-08-19 13:13:00","2011-08-19 13:13:00",1,1,1,4,15.0000
18242,2011-12-10,"2011-05-10 11:20:00","2011-09-28 13:43:00",73,4,78,72,1017,2232.4900,558.1225,NULL,NULL,0,0,0,0,0.0000
18245,2011-12-10,"2010-12-19 14:58:00","2011-12-02 14:48:00",8,7,175,153,1788,2567.0600,366.7229,"2011-02-07 14:46:00","2011-02-07 14:46:00",1,2,2,7,59.5000
18246,2011-12-10,"2011-04-20 13:55:00","2011-11-16 11:49:00",24,2,4,3,166,596.1000,298.0500,NULL,NULL,0,0,0,0,0.0000
18248,2011-12-10,"2011-06-06 13:18:00","2011-08-09 10:19:00",123,2,47,39,511,804.0200,402.0100,"2011-08-17 17:37:00","2011-08-18 06:14:00",2,2,1,10,21.0000
18249,2011-12-10,"2011-11-22 15:07:00","2011-11-22 15:07:00",18,1,8,8,128,95.3400,95.3400,NULL,NULL,0,0,0,0,0.0000
18250,2011-12-10,"2011-02-02 13:16:00","2011-02-02 13:16:00",311,1,21,21,199,349.2700,349.2700,"2011-02-11 13:59:00","2011-02-11 13:59:00",1,1,1,1,6.3500
18251,2011-12-10,"2011-09-13 15:03:00","2011-09-13 15:03:00",88,1,16,16,7824,4314.7200,4314.7200,NULL,NULL,0,0,0,0,0.0000
18252,2011-12-10,"2011-06-21 11:47:00","2011-10-20 12:43:00",51,2,94,90,234,518.2700,259.1350,NULL,NULL,0,0,0,0,0.0000
18255,2011-12-10,"2011-09-11 13:16:00","2011-09-11 13:16:00",90,1,6,6,74,103.3000,103.3000,NULL,NULL,0,0,0,0,0.0000
18257,2011-12-10,"2011-02-16 15:13:00","2011-10-31 14:48:00",40,8,118,97,1041,2337.6300,292.2038,"2011-02-22 11:04:00","2011-06-01 16:17:00",3,4,4,30,63.6000
18259,2011-12-10,"2010-12-08 13:38:00","2011-11-15 12:34:00",25,3,42,27,714,2338.6000,779.5333,NULL,NULL,0,0,0,0,0.0000
18260,2011-12-10,"2010-12-16 18:23:00","2011-06-20 12:37:00",173,6,133,86,1475,2628.3500,438.0583,"2011-01-21 17:04:00","2011-05-23 17:48:00",2,6,6,9,48.2000
18261,2011-12-10,"2011-09-05 09:34:00","2011-10-27 15:36:00",44,2,21,19,146,324.2400,162.1200,NULL,NULL,0,0,0,0,0.0000
18262,2011-12-10,"2011-07-22 16:04:00","2011-07-22 16:04:00",141,1,13,13,182,149.4800,149.4800,NULL,NULL,0,0,0,0,0.0000
18263,2011-12-10,"2011-04-01 11:48:00","2011-11-14 09:00:00",26,3,61,59,1468,1213.1600,404.3867,"2011-11-16 16:19:00","2011-11-16 16:19:00",1,1,1,1,2.0800
18265,2011-12-10,"2011-07-04 15:26:00","2011-09-28 14:10:00",73,2,44,43,309,771.5100,385.7550,NULL,NULL,0,0,0,0,0.0000
18268,2011-12-10,"2011-07-28 19:13:00","2011-07-28 19:13:00",135,1,1,1,2,25.5000,25.5000,"2011-07-28 11:16:00","2011-07-28 11:16:00",1,1,1,2,25.5000
18269,2011-12-10,"2010-12-08 13:53:00","2010-12-08 13:53:00",367,1,7,7,76,168.6000,168.6000,"2010-12-16 15:39:00","2010-12-16 15:39:00",1,1,1,6,29.7000
18270,2011-12-10,"2011-03-18 12:41:00","2011-11-01 13:57:00",39,2,11,11,101,283.1500,141.5750,"2011-04-13 12:39:00","2011-04-13 12:39:00",1,1,1,3,38.2500
18272,2011-12-10,"2011-04-07 09:35:00","2011-12-07 12:43:00",3,6,166,99,2050,3078.5800,513.0967,"2011-05-11 09:49:00","2011-05-11 09:49:00",1,4,4,6,13.8000
18273,2011-12-10,"2011-03-27 11:22:00","2011-12-07 13:16:00",3,3,3,1,80,204.0000,68.0000,NULL,NULL,0,0,0,0,0.0000
18274,2011-12-10,"2011-11-09 17:03:00","2011-11-09 17:03:00",31,1,11,11,88,175.9200,175.9200,"2011-11-22 10:18:00","2011-11-22 10:18:00",1,11,11,88,175.9200
18276,2011-12-10,"2011-10-27 10:54:00","2011-10-27 10:54:00",44,1,14,14,186,335.8600,335.8600,"2011-11-18 16:54:00","2011-11-18 17:01:00",2,2,1,2,12.5000
18277,2011-12-10,"2011-10-12 15:22:00","2011-10-12 15:22:00",59,1,8,8,68,110.3800,110.3800,"2011-01-25 12:34:00","2011-01-25 12:34:00",1,1,1,1,12.7500
18278,2011-12-10,"2011-09-27 11:58:00","2011-09-27 11:58:00",74,1,9,9,66,173.9000,173.9000,NULL,NULL,0,0,0,0,0.0000
18280,2011-12-10,"2011-03-07 09:52:00","2011-03-07 09:52:00",278,1,10,10,45,180.6000,180.6000,NULL,NULL,0,0,0,0,0.0000
18281,2011-12-10,"2011-06-12 10:53:00","2011-06-12 10:53:00",181,1,7,7,54,80.8200,80.8200,NULL,NULL,0,0,0,0,0.0000
18282,2011-12-10,"2011-08-05 13:35:00","2011-12-02 11:43:00",8,2,12,12,103,178.0500,89.0250,"2011-08-09 15:10:00","2011-08-09 15:10:00",1,1,1,5,1.4500
18283,2011-12-10,"2011-01-06 14:14:00","2011-12-06 12:02:00",4,16,719,262,1355,2039.5800,127.4738,NULL,NULL,0,0,0,0,0.0000
18287,2011-12-10,"2011-05-22 10:39:00","2011-10-28 09:29:00",43,3,70,59,1586,1837.2800,612.4267,NULL,NULL,0,0,0,0,0.0000
