customer_id,reference_date,first_purchase_date,last_purchase_date,recency_days,purchase_frequency,purchase_line_count,distinct_products,purchase_quantity,purchase_value,average_order_value,first_cancellation_date,last_cancellation_date,cancellation_frequency,cancellation_line_count,distinct_cancelled_products,cancelled_quantity,cancellation_value
12346,12/10/2011,1/18/2011 10:01,1/18/2011 10:01,326,1,1,1,74215,77183.6,77183.6,1/18/2011 10:17,1/18/2011 10:17,1,1,1,74215,77183.6
12347,12/10/2011,12/7/2010 14:57,12/7/2011 15:52,3,7,182,103,2458,4310,615.7143,NULL,NULL,0,0,0,0,0
12348,12/10/2011,12/16/2010 19:09,9/25/2011 13:13,76,4,27,21,2332,1437.24,359.31,NULL,NULL,0,0,0,0,0
12349,12/10/2011,11/21/2011 9:51,11/21/2011 9:51,19,1,72,72,630,1457.55,1457.55,NULL,NULL,0,0,0,0,0
12350,12/10/2011,2/2/2011 16:01,2/2/2011 16:01,311,1,16,16,196,294.4,294.4,NULL,NULL,0,0,0,0,0
12352,12/10/2011,2/16/2011 12:33,11/3/2011 14:37,37,7,77,57,526,1385.74,197.9629,3/22/2011 16:07,3/22/2011 16:07,1,7,7,63,120.33
12353,12/10/2011,5/19/2011 17:47,5/19/2011 17:47,205,1,4,4,20,89,89,NULL,NULL,0,0,0,0,0
12354,12/10/2011,4/21/2011 13:11,4/21/2011 13:11,233,1,58,58,530,1079.4,1079.4,NULL,NULL,0,0,0,0,0
12355,12/10/2011,5/9/2011 13:49,5/9/2011 13:49,215,1,13,13,240,459.4,459.4,NULL,NULL,0,0,0,0,0
12356,12/10/2011,1/18/2011 9:50,11/17/2011 8:40,23,3,58,52,1573,2487.43,829.1433,NULL,NULL,0,0,0,0,0
12357,12/10/2011,11/6/2011 16:07,11/6/2011 16:07,34,1,131,131,2708,6207.67,6207.67,NULL,NULL,0,0,0,0,0
12358,12/10/2011,7/12/2011 10:04,12/8/2011 10:26,2,2,17,12,242,928.06,464.03,NULL,NULL,0,0,0,0,0
12359,12/10/2011,1/12/2011 12:43,10/13/2011 12:47,58,4,248,214,1622,6372.58,1593.145,4/13/2011 13:38,12/2/2011 11:21,2,6,6,10,127.05
12360,12/10/2011,5/23/2011 9:43,10/18/2011 15:22,53,3,126,104,1156,2302.06,767.3533,NULL,NULL,0,0,0,0,0
12361,12/10/2011,2/25/2011 13:51,2/25/2011 13:51,288,1,9,9,90,174.9,174.9,NULL,NULL,0,0,0,0,0
12362,12/10/2011,2/17/2011 10:30,12/6/2011 15:40,4,10,256,200,2197,4737.23,473.723,2/24/2011 13:05,11/28/2011 14:55,3,8,8,17,71.65
12363,12/10/2011,4/11/2011 13:29,8/22/2011 10:18,110,2,23,23,408,552,276,NULL,NULL,0,0,0,0,0
12364,12/10/2011,8/19/2011 15:24,12/2/2011 10:22,8,4,81,69,1499,1208.1,302.025,NULL,NULL,0,0,0,0,0
12365,12/10/2011,2/21/2011 13:51,2/21/2011 13:51,292,1,21,21,173,320.69,320.69,NULL,NULL,0,0,0,0,0
12367,12/10/2011,12/5/2011 16:48,12/5/2011 16:48,5,1,10,10,172,150.9,150.9,NULL,NULL,0,0,0,0,0
12370,12/10/2011,12/14/2010 12:58,10/19/2011 14:51,52,4,166,142,2350,3425.69,856.4225,NULL,NULL,0,0,0,0,0
12371,12/10/2011,10/11/2011 10:43,10/11/2011 10:43,60,1,62,62,582,1527.96,1527.96,NULL,NULL,0,0,0,0,0
12372,12/10/2011,2/16/2011 12:46,9/29/2011 12:12,72,3,49,33,788,1196.04,398.68,NULL,NULL,0,0,0,0,0
12373,12/10/2011,2/1/2011 13:10,2/1/2011 13:10,312,1,13,13,196,324.6,324.6,NULL,NULL,0,0,0,0,0
12374,12/10/2011,11/14/2011 15:37,11/14/2011 15:37,26,1,32,32,339,622.93,622.93,NULL,NULL,0,0,0,0,0
12375,12/10/2011,9/2/2011 14:23,11/29/2011 10:36,11,2,15,13,176,377.5,188.75,12/7/2011 11:27,12/7/2011 11:27,1,1,1,1,2.08
12377,12/10/2011,12/20/2010 9:37,1/28/2011 15:45,316,2,76,71,942,1548.12,774.06,NULL,NULL,0,0,0,0,0
12378,12/10/2011,8/2/2011 10:34,8/2/2011 10:34,130,1,219,219,2529,4008.62,4008.62,NULL,NULL,0,0,0,0,0
12379,12/10/2011,6/22/2011 16:32,9/19/2011 10:09,82,2,38,38,402,777.24,388.62,7/7/2011 10:26,7/7/2011 10:26,1,1,1,1,1.95
12380,12/10/2011,6/7/2011 9:49,11/18/2011 11:27,22,4,100,76,1110,2427.81,606.9525,10/24/2011 16:03,10/24/2011 16:03,1,1,1,1,4.25
12381,12/10/2011,8/12/2011 9:57,12/5/2011 12:44,5,3,82,69,797,1474.81,491.6033,8/31/2011 17:10,8/31/2011 17:10,1,4,4,25,41.35
12383,12/10/2011,12/22/2010 14:28,6/8/2011 8:02,185,5,94,83,1518,1628.56,325.712,1/19/2011 14:36,1/19/2011 14:36,1,1,1,3,11.25
12384,12/10/2011,8/10/2011 11:23,11/11/2011 8:39,29,2,25,25,122,425.27,212.635,9/21/2011 10:00,9/21/2011 10:00,1,3,3,5,19.11
12386,12/10/2011,12/8/2010 9:53,1/6/2011 12:37,338,2,10,10,354,401.9,200.95,NULL,NULL,0,0,0,0,0
12388,12/10/2011,1/17/2011 11:12,11/24/2011 12:30,16,6,100,57,1462,2780.66,463.4433,NULL,NULL,0,0,0,0,0
12390,12/10/2011,9/21/2011 9:33,9/21/2011 9:33,80,1,31,31,350,504.84,504.84,NULL,NULL,0,0,0,0,0
12391,12/10/2011,11/18/2011 12:07,11/18/2011 12:07,22,1,100,92,300,460.89,460.89,NULL,NULL,0,0,0,0,0
12393,12/10/2011,1/11/2011 9:47,9/28/2011 15:41,73,4,64,47,816,1582.6,395.65,NULL,NULL,0,0,0,0,0
12394,12/10/2011,5/6/2011 14:01,10/7/2011 8:08,64,2,25,25,808,1080.48,540.24,NULL,NULL,0,0,0,0,0
12395,12/10/2011,12/3/2010 16:35,11/20/2011 15:21,20,12,144,90,2097,2682.63,223.5525,1/5/2011 11:21,11/24/2011 12:20,3,3,3,5,20.35
12397,12/10/2011,7/27/2011 14:21,11/4/2011 9:52,36,2,124,109,1250,2214.9,1107.45,NULL,NULL,0,0,0,0,0
12398,12/10/2011,10/25/2011 10:27,10/25/2011 10:27,46,1,84,84,1389,1435.66,1435.66,NULL,NULL,0,0,0,0,0
12399,12/10/2011,3/23/2011 9:42,8/12/2011 13:15,120,4,55,46,1173,1033.65,258.4125,NULL,NULL,0,0,0,0,0
12401,12/10/2011,2/9/2011 13:50,2/9/2011 13:50,304,1,4,4,10,69.3,69.3,NULL,NULL,0,0,0,0,0
12402,12/10/2011,1/20/2011 13:49,1/20/2011 13:49,324,1,10,10,92,195.6,195.6,NULL,NULL,0,0,0,0,0
12403,12/10/2011,10/21/2011 10:51,10/21/2011 10:51,50,1,4,4,94,391.7,391.7,NULL,NULL,0,0,0,0,0
12405,12/10/2011,7/14/2011 8:52,7/14/2011 8:52,149,1,53,53,849,1390.39,1390.39,NULL,NULL,0,0,0,0,0
12406,12/10/2011,6/9/2011 10:23,11/17/2011 19:22,23,2,105,92,1818,3415.3,1707.65,8/9/2011 9:41,8/9/2011 9:41,1,3,3,9,134.55
12407,12/10/2011,3/20/2011 13:21,10/21/2011 10:11,50,5,72,56,1403,1507.12,301.424,NULL,NULL,0,0,0,0,0
12408,12/10/2011,3/24/2011 14:46,11/7/2011 12:27,33,5,101,80,1391,2618.55,523.71,4/7/2011 12:20,6/29/2011 15:38,3,7,7,9,30.98
12409,12/10/2011,6/10/2011 12:19,9/22/2011 10:38,79,3,109,91,5551,11072.67,3690.89,8/14/2011 14:33,9/21/2011 15:57,4,5,4,8,15.74
12410,12/10/2011,2/4/2011 10:38,2/4/2011 10:39,309,2,25,25,207,533.33,266.665,2/11/2011 15:47,2/11/2011 15:47,1,2,2,2,12.25
12412,12/10/2011,6/23/2011 13:51,9/26/2011 10:16,75,3,58,42,824,1142.88,380.96,NULL,NULL,0,0,0,0,0
12413,12/10/2011,1/6/2011 16:12,10/4/2011 9:00,67,3,36,28,282,686.1,228.7,1/12/2011 9:52,1/12/2011 9:52,1,1,1,1,9.95
12414,12/10/2011,2/2/2011 14:51,5/6/2011 14:51,218,3,15,15,297,442.41,147.47,NULL,NULL,0,0,0,0,0
12415,12/10/2011,1/6/2011 11:12,11/15/2011 14:22,25,20,713,443,77373,124564.53,6228.2265,3/3/2011 13:11,11/2/2011 12:05,4,61,61,427,926.35
12417,12/10/2011,12/17/2010 11:51,12/6/2011 14:52,4,9,183,157,1527,3226.1,358.4556,1/6/2011 17:57,11/10/2011 15:00,3,6,6,13,70.3
12418,12/10/2011,8/19/2011 11:08,8/19/2011 11:08,113,1,34,34,407,668.58,668.58,NULL,NULL,0,0,0,0,0
12420,12/10/2011,10/7/2011 8:55,10/7/2011 8:55,64,1,29,29,345,600.39,600.39,NULL,NULL,0,0,0,0,0
12421,12/10/2011,1/24/2011 15:09,11/24/2011 9:07,16,4,41,31,478,639.04,159.76,NULL,NULL,0,0,0,0,0
12422,12/10/2011,1/19/2011 9:13,9/5/2011 9:48,96,3,38,38,367,683.56,227.8533,NULL,NULL,0,0,0,0,0
12423,12/10/2011,12/21/2010 10:54,12/9/2011 10:10,1,8,117,96,1324,1634.31,204.2888,9/2/2011 12:00,9/2/2011 12:00,1,1,1,12,10.2
12424,12/10/2011,6/30/2011 12:06,6/30/2011 12:06,163,2,30,30,740,1760.96,880.48,NULL,NULL,0,0,0,0,0
12425,12/10/2011,9/22/2011 17:31,9/22/2011 17:31,79,1,36,36,496,777.2,777.2,NULL,NULL,0,0,0,0,0
12426,12/10/2011,5/29/2011 12:26,5/29/2011 12:26,195,1,29,29,254,510.73,510.73,NULL,NULL,0,0,0,0,0
12427,12/10/2011,12/3/2010 10:44,11/18/2011 8:56,22,3,28,25,526,699.8,233.2667,12/23/2010 10:20,11/28/2011 10:48,2,4,4,297,117.43
12428,12/10/2011,3/1/2011 9:33,11/14/2011 8:22,26,8,287,256,3509,6405.26,800.6575,3/21/2011 16:21,8/23/2011 10:42,3,5,5,32,39.26
12429,12/10/2011,12/9/2010 12:05,11/30/2011 17:22,10,4,94,81,1538,3388.4,847.1,NULL,NULL,0,0,0,0,0
12430,12/10/2011,10/27/2011 15:09,10/27/2011 15:09,44,1,10,10,116,216.4,216.4,NULL,NULL,0,0,0,0,0
12431,12/10/2011,12/1/2010 10:03,11/4/2011 11:55,36,15,233,162,2899,6382.45,425.4967,5/31/2011 11:29,7/26/2011 10:15,3,4,4,50,71.06
12432,12/10/2011,6/20/2011 13:27,10/28/2011 11:43,43,4,107,106,1800,4359.32,1089.83,NULL,NULL,0,0,0,0,0
12433,12/10/2011,12/1/2010 13:24,12/9/2011 10:02,1,7,420,219,11071,13375.87,1910.8386,NULL,NULL,0,0,0,0,0
12434,12/10/2011,3/24/2011 13:05,9/16/2011 12:38,85,2,50,46,394,806.14,403.07,12/14/2010 11:12,4/4/2011 9:57,2,4,4,21,40.95
12435,12/10/2011,3/17/2011 7:40,9/21/2011 9:06,80,2,36,31,2055,7829.89,3914.945,NULL,NULL,0,0,0,0,0
12436,12/10/2011,9/1/2011 12:09,9/1/2011 12:09,100,1,15,15,209,429.01,429.01,NULL,NULL,0,0,0,0,0
12437,12/10/2011,1/12/2011 14:13,12/8/2011 11:35,2,18,184,117,2894,4447.41,247.0783,1/31/2011 13:28,1/31/2011 13:28,1,1,1,5,54.75
12438,12/10/2011,7/22/2011 13:29,11/25/2011 13:28,15,2,96,83,1169,2466.85,1233.425,NULL,NULL,0,0,0,0,0
12441,12/10/2011,12/8/2010 10:45,12/8/2010 10:45,367,1,10,10,120,155.55,155.55,NULL,NULL,0,0,0,0,0
12442,12/10/2011,12/6/2011 14:22,12/6/2011 14:22,4,1,11,11,181,144.06,144.06,NULL,NULL,0,0,0,0,0
12444,12/10/2011,6/21/2011 14:00,11/18/2011 13:23,22,5,172,137,1130,4085.46,817.092,NULL,NULL,0,0,0,0,0
12445,12/10/2011,11/17/2011 18:43,11/17/2011 18:43,23,1,3,3,60,77.4,77.4,NULL,NULL,0,0,0,0,0
12446,12/10/2011,10/13/2011 12:50,10/13/2011 12:50,58,1,57,57,351,1002.31,1002.31,NULL,NULL,0,0,0,0,0
12447,12/10/2011,4/10/2011 13:25,4/10/2011 13:25,244,1,25,25,187,431.49,431.49,NULL,NULL,0,0,0,0,0
12448,12/10/2011,10/26/2011 13:46,10/26/2011 13:46,45,1,21,21,240,365.45,365.45,NULL,NULL,0,0,0,0,0
12449,12/10/2011,6/5/2011 15:37,11/17/2011 13:46,23,4,187,117,1523,3596.29,899.0725,NULL,NULL,0,0,0,0,0
12450,12/10/2011,6/19/2011 14:36,7/6/2011 14:41,157,2,8,7,128,197.88,98.94,NULL,NULL,0,0,0,0,0
12451,12/10/2011,1/19/2011 9:05,11/29/2011 8:40,11,5,353,264,6574,8995.52,1799.104,7/15/2011 15:22,7/15/2011 15:22,1,1,1,120,102
12452,12/10/2011,11/23/2011 8:05,11/23/2011 8:05,17,1,20,20,181,348.57,348.57,NULL,NULL,0,0,0,0,0
12453,12/10/2011,7/28/2011 14:08,7/28/2011 14:08,135,1,43,43,473,707.09,707.09,NULL,NULL,0,0,0,0,0
12454,12/10/2011,10/14/2011 17:13,10/14/2011 17:13,57,1,15,15,1006,3528.34,3528.34,10/17/2011 15:07,10/17/2011 15:07,1,15,15,1006,3528.34
12455,12/10/2011,2/16/2011 9:56,9/27/2011 15:31,74,5,85,84,2084,2339.86,467.972,NULL,NULL,0,0,0,0,0
12456,12/10/2011,3/30/2011 9:12,10/26/2011 14:41,45,3,122,104,1618,2581.04,860.3467,8/23/2011 11:02,8/23/2011 11:02,1,4,4,17,27.15
12457,12/10/2011,4/14/2011 18:57,10/4/2011 13:13,67,6,59,52,835,2043.23,340.5383,4/20/2011 9:49,10/12/2011 13:46,5,5,5,149,445.45
12458,12/10/2011,2/28/2011 10:55,9/29/2011 15:25,72,2,36,34,502,787.4,393.7,NULL,NULL,0,0,0,0,0
12461,12/10/2011,7/8/2011 10:23,7/8/2011 10:23,155,1,34,34,282,626.88,626.88,NULL,NULL,0,0,0,0,0
12462,12/10/2011,2/9/2011 14:44,11/21/2011 9:11,19,2,60,50,527,937.59,468.795,2/18/2011 12:21,12/7/2011 14:02,2,10,8,22,65.58
12463,12/10/2011,4/12/2011 12:47,10/17/2011 13:44,54,4,79,64,768,1200.78,300.195,5/24/2011 17:30,10/24/2011 13:43,2,4,4,17,35.15
12464,12/10/2011,2/3/2011 13:30,11/29/2011 13:33,11,8,22,5,95,957.05,119.6313,NULL,NULL,0,0,0,0,0
12465,12/10/2011,6/23/2011 13:37,11/22/2011 16:34,18,2,45,45,475,682.19,341.095,12/2/2011 11:34,12/2/2011 11:34,1,4,4,4,8.3
12468,12/10/2011,1/27/2011 13:29,6/5/2011 11:36,188,2,36,35,362,657.54,328.77,7/19/2011 13:42,7/19/2011 13:42,1,2,2,2,5.5
12471,12/10/2011,12/10/2010 9:35,12/7/2011 15:43,3,27,439,148,8104,17424.05,645.3352,12/2/2010 10:37,11/22/2011 15:30,18,70,42,246,1065.13
12472,12/10/2011,12/5/2010 14:19,11/7/2011 14:01,33,7,332,218,4120,6068.11,866.8729,12/1/2010 14:33,11/9/2011 11:33,6,52,41,128,342.63
12473,12/10/2011,6/1/2011 10:15,10/17/2011 11:27,54,3,161,138,2419,2596.23,865.41,6/7/2011 15:37,6/7/2011 15:37,1,7,7,71,40.46
12474,12/10/2011,1/14/2011 10:06,11/22/2011 14:39,18,18,408,252,4812,6745.79,374.7661,12/6/2010 12:00,11/17/2011 11:52,12,33,25,83,259.32
12475,12/10/2011,10/17/2011 10:10,10/17/2011 10:10,54,1,35,35,532,669.38,669.38,NULL,NULL,0,0,0,0,0
12476,12/10/2011,12/13/2010 14:39,11/24/2011 12:40,16,11,224,176,2357,5898.42,536.22,12/13/2010 14:37,12/8/2011 14:08,9,31,27,71,269.84
12477,12/10/2011,2/11/2011 12:45,11/17/2011 9:51,23,6,300,191,3653,13219.74,2203.29,2/1/2011 11:09,9/9/2011 10:32,3,8,8,33,102.73
12478,12/10/2011,12/6/2011 9:56,12/6/2011 9:56,4,1,35,35,233,545.99,545.99,NULL,NULL,0,0,0,0,0
12479,12/10/2011,11/28/2011 13:26,11/28/2011 13:26,12,1,30,30,382,473.2,473.2,12/5/2011 16:39,12/6/2011 9:25,2,4,3,34,49.9
12480,12/10/2011,1/7/2011 15:27,11/11/2011 14:52,29,4,150,128,1685,2885.63,721.4075,NULL,NULL,0,0,0,0,0
12481,12/10/2011,12/9/2010 10:13,11/17/2011 8:29,23,10,209,149,3272,5020.32,502.032,4/6/2011 11:06,4/6/2011 11:06,1,1,1,14,5.46
12483,12/10/2011,1/4/2011 14:20,11/22/2011 17:02,18,8,68,45,1094,1910.98,238.8725,5/3/2011 11:23,11/8/2011 13:30,3,4,3,10,37.85
12484,12/10/2011,1/7/2011 14:04,11/4/2011 15:18,36,4,342,255,2170,3953.72,988.43,3/7/2011 11:41,10/3/2011 15:41,2,4,4,6,46.45
12488,12/10/2011,9/25/2011 10:34,11/30/2011 8:50,10,3,54,45,526,1244.66,414.8867,NULL,NULL,0,0,0,0,0
12489,12/10/2011,1/7/2011 13:13,1/7/2011 13:13,337,1,14,14,103,298.93,298.93,NULL,NULL,0,0,0,0,0
12490,12/10/2011,1/14/2011 9:13,12/4/2011 16:07,6,10,235,130,3033,4859.93,485.993,NULL,NULL,0,0,0,0,0
12491,12/10/2011,11/1/2011 12:18,11/1/2011 12:18,39,1,25,24,258,424.4,424.4,NULL,NULL,0,0,0,0,0
12492,12/10/2011,8/26/2011 14:51,10/7/2011 15:15,64,2,18,18,190,227.21,113.605,NULL,NULL,0,0,0,0,0
12493,12/10/2011,5/26/2011 14:53,6/27/2011 10:17,166,2,20,18,204,379.74,189.87,5/31/2011 13:45,5/31/2011 13:45,1,1,1,1,16.95
12494,12/10/2011,12/9/2010 11:31,11/24/2011 9:34,16,7,71,62,698,1084.1,154.8714,12/16/2010 10:38,11/30/2011 9:21,6,6,6,16,88.75
12497,12/10/2011,9/19/2011 12:29,9/19/2011 12:29,82,1,13,13,1231,953.1,953.1,NULL,NULL,0,0,0,0,0
12498,12/10/2011,10/13/2011 9:30,11/18/2011 12:53,22,3,21,20,156,349.7,116.5667,NULL,NULL,0,0,0,0,0
12500,12/10/2011,1/10/2011 9:48,11/16/2011 16:20,24,11,52,33,2667,4059.82,369.0745,10/6/2011 9:57,11/4/2011 10:28,2,3,3,6,33.55
12501,12/10/2011,1/7/2011 12:28,1/7/2011 12:28,337,1,148,148,1775,2025.39,2025.39,1/28/2011 13:54,1/28/2011 13:54,1,11,11,61,79.71
12502,12/10/2011,2/3/2011 10:41,9/5/2011 11:52,96,5,142,101,794,2995.87,599.174,NULL,NULL,0,0,0,0,0
12504,12/10/2011,11/9/2011 14:56,11/21/2011 16:02,19,2,8,5,87,428.05,214.025,11/18/2011 17:12,11/21/2011 16:00,2,6,3,39,368.05
12506,12/10/2011,4/21/2011 8:54,4/21/2011 8:54,233,1,23,23,23,73.5,73.5,NULL,NULL,0,0,0,0,0
12507,12/10/2011,2/14/2011 9:24,7/28/2011 17:09,135,3,19,18,885,1052.81,350.9367,7/7/2011 10:17,7/7/2011 10:17,1,1,1,11,46.75
12508,12/10/2011,11/10/2011 16:27,11/13/2011 15:37,27,2,69,57,272,398.27,199.135,NULL,NULL,0,0,0,0,0
12509,12/10/2011,2/28/2011 14:45,2/28/2011 14:45,285,1,6,6,54,158.5,158.5,NULL,NULL,0,0,0,0,0
12510,12/10/2011,1/18/2011 14:04,7/20/2011 10:15,143,2,31,28,347,814.57,407.285,NULL,NULL,0,0,0,0,0
12512,12/10/2011,10/4/2011 14:53,10/4/2011 14:55,67,2,34,31,99,138.03,69.015,NULL,NULL,0,0,0,0,0
12513,12/10/2011,8/19/2011 10:51,8/19/2011 10:51,113,1,34,34,459,558.29,558.29,9/16/2011 12:45,9/16/2011 12:45,1,1,1,6,25.5
12514,12/10/2011,3/17/2011 16:38,3/17/2011 16:38,268,1,51,51,440,1017.68,1017.68,NULL,NULL,0,0,0,0,0
12515,12/10/2011,12/21/2010 15:43,12/21/2010 15:43,354,1,15,15,128,278.7,278.7,NULL,NULL,0,0,0,0,0
12516,12/10/2011,6/12/2011 11:37,9/23/2011 9:13,78,2,24,19,868,1186.06,593.03,NULL,NULL,0,0,0,0,0
12517,12/10/2011,6/2/2011 15:13,11/11/2011 13:57,29,4,281,231,1361,2322.84,580.71,11/11/2011 11:40,11/11/2011 11:40,1,2,2,23,37.95
12518,12/10/2011,8/21/2011 13:18,12/9/2011 10:13,1,5,119,83,1306,1840.89,368.178,NULL,NULL,0,0,0,0,0
12519,12/10/2011,10/7/2011 9:26,10/7/2011 9:26,64,1,17,16,180,286.84,286.84,NULL,NULL,0,0,0,0,0
12520,12/10/2011,3/11/2011 11:35,9/21/2011 15:23,80,5,147,120,1423,2346.26,469.252,3/17/2011 18:13,3/17/2011 18:13,1,3,3,9,51.75
12521,12/10/2011,7/20/2011 10:51,7/20/2011 10:51,143,1,37,37,306,545.68,545.68,NULL,NULL,0,0,0,0,0
12522,12/10/2011,10/19/2011 14:41,10/31/2011 15:30,40,2,10,10,192,156.72,78.36,NULL,NULL,0,0,0,0,0
12523,12/10/2011,1/12/2011 9:43,11/20/2011 12:55,20,11,102,83,860,1699.77,154.5245,11/1/2011 12:23,12/8/2011 11:46,2,4,4,4,44.2
12524,12/10/2011,1/10/2011 10:35,11/30/2011 15:31,10,8,136,112,3669,3945.72,493.215,NULL,NULL,0,0,0,0,0
12526,12/10/2011,9/6/2011 14:19,12/9/2011 12:09,1,3,68,63,624,1172.66,390.8867,NULL,NULL,0,0,0,0,0
12527,12/10/2011,1/18/2011 12:05,9/19/2011 11:55,82,3,17,17,233,330.71,110.2367,NULL,NULL,0,0,0,0,0
12528,12/10/2011,1/31/2011 9:05,11/30/2011 14:40,10,6,86,49,740,1645.48,274.2467,3/25/2011 13:37,8/19/2011 10:37,2,3,2,6,11.2
12530,12/10/2011,1/7/2011 10:04,10/11/2011 12:34,60,4,62,50,904,1500.28,375.07,8/23/2011 10:38,8/23/2011 10:38,1,2,2,13,38.65
12531,12/10/2011,11/25/2011 11:12,11/25/2011 11:12,15,1,17,17,45,125.22,125.22,NULL,NULL,0,0,0,0,0
12532,12/10/2011,11/9/2011 13:47,11/9/2011 13:47,31,1,15,15,151,313.83,313.83,NULL,NULL,0,0,0,0,0
12534,12/10/2011,8/1/2011 10:26,8/1/2011 10:26,131,1,62,62,645,981.18,981.18,NULL,NULL,0,0,0,0,0
12535,12/10/2011,6/6/2011 12:47,9/9/2011 8:48,92,2,34,28,219,716.35,358.175,NULL,NULL,0,0,0,0,0
12536,12/10/2011,10/11/2011 14:52,10/11/2011 14:52,60,1,259,259,2801,4279.71,4279.71,12/2/2011 12:43,12/2/2011 12:43,1,9,9,129,128.45
12538,12/10/2011,11/10/2011 17:16,11/10/2011 17:16,30,1,21,21,191,363.95,363.95,NULL,NULL,0,0,0,0,0
12539,12/10/2011,1/10/2011 9:11,11/17/2011 13:30,23,4,273,157,2067,5568.35,1392.0875,NULL,NULL,0,0,0,0,0
12540,12/10/2011,12/13/2010 9:39,11/20/2011 11:31,20,17,461,276,6620,11580.24,681.1906,1/20/2011 11:53,9/20/2011 16:33,2,3,3,8,91.2
12541,12/10/2011,3/4/2011 9:32,11/10/2011 10:40,30,3,49,45,675,841.18,280.3933,NULL,NULL,0,0,0,0,0
12544,12/10/2011,11/3/2011 16:15,11/3/2011 16:15,37,1,18,18,134,316.7,316.7,11/10/2011 11:12,11/10/2011 11:12,1,1,1,4,17
12545,12/10/2011,3/25/2011 12:04,9/25/2011 13:39,76,2,48,41,517,832.39,416.195,NULL,NULL,0,0,0,0,0
12546,12/10/2011,9/23/2011 9:44,10/24/2011 12:09,47,2,67,58,628,1021.5,510.75,10/4/2011 10:38,10/4/2011 10:38,1,1,1,16,20
12547,12/10/2011,3/4/2011 12:46,5/26/2011 12:38,198,2,6,6,132,151.8,75.9,NULL,NULL,0,0,0,0,0
12548,12/10/2011,6/26/2011 15:35,6/26/2011 15:35,167,1,4,4,48,67.2,67.2,NULL,NULL,0,0,0,0,0
12550,12/10/2011,9/21/2011 14:35,9/21/2011 14:35,80,1,56,56,564,824.83,824.83,NULL,NULL,0,0,0,0,0
12551,12/10/2011,12/17/2010 11:23,12/17/2010 11:23,358,1,10,10,100,168,168,NULL,NULL,0,0,0,0,0
12552,12/10/2011,10/31/2011 12:11,10/31/2011 12:11,40,1,19,19,85,317.82,317.82,NULL,NULL,0,0,0,0,0
12553,12/10/2011,1/14/2011 10:42,12/1/2011 16:38,9,10,182,94,1942,3278.28,327.828,1/25/2011 12:36,11/30/2011 11:39,4,5,5,41,40.03
12556,12/10/2011,7/11/2011 13:35,10/20/2011 13:06,51,2,121,100,358,603.71,301.855,NULL,NULL,0,0,0,0,0
12557,12/10/2011,12/3/2010 12:20,11/23/2011 16:59,17,5,33,15,4384,11990.96,2398.192,NULL,NULL,0,0,0,0,0
12558,12/10/2011,12/2/2011 10:41,12/2/2011 10:41,8,1,11,11,196,269.96,269.96,12/8/2011 10:14,12/8/2011 10:14,1,11,11,196,269.96
12559,12/10/2011,1/24/2011 10:12,2/2/2011 9:49,311,2,20,20,281,525.71,262.855,2/2/2011 9:39,2/2/2011 9:39,1,1,1,2,25.5
12560,12/10/2011,7/19/2011 15:55,12/4/2011 13:54,6,2,103,90,1098,1918.01,959.005,8/31/2011 12:39,8/31/2011 12:39,1,6,6,32,32.62
12561,12/10/2011,2/10/2011 11:39,2/10/2011 11:39,303,1,16,16,177,238.85,238.85,NULL,NULL,0,0,0,0,0
12562,12/10/2011,5/25/2011 12:44,12/1/2011 17:20,9,7,161,98,1757,3385.74,483.6771,NULL,NULL,0,0,0,0,0
12564,12/10/2011,3/23/2011 14:55,3/23/2011 14:55,262,1,20,20,130,402.9,402.9,NULL,NULL,0,0,0,0,0
12565,12/10/2011,2/24/2011 10:34,2/24/2011 10:34,289,1,9,9,80,145.92,145.92,3/3/2011 11:43,3/3/2011 11:43,1,1,1,5,14.75
12566,12/10/2011,9/14/2011 14:30,9/14/2011 14:30,87,1,18,18,262,297.65,297.65,9/28/2011 9:57,9/28/2011 9:57,1,1,1,1,4.95
12567,12/10/2011,12/5/2010 11:57,11/17/2011 11:02,23,10,438,322,4261,8609.28,860.928,6/8/2011 9:14,6/8/2011 9:14,1,17,17,216,286.34
12569,12/10/2011,4/1/2011 13:47,12/7/2011 16:24,3,32,157,91,1747,3152.69,98.5216,4/19/2011 12:23,4/19/2011 12:23,1,1,1,6,23.7
12571,12/10/2011,8/10/2011 12:35,10/31/2011 10:19,40,2,34,31,523,519.61,259.805,NULL,NULL,0,0,0,0,0
12572,12/10/2011,10/19/2011 8:20,12/1/2011 9:20,9,2,58,52,446,912.42,456.21,10/23/2011 9:42,10/23/2011 9:42,1,2,2,2,15.7
12573,12/10/2011,4/26/2011 15:52,4/26/2011 15:52,228,1,28,26,84,160.54,160.54,NULL,NULL,0,0,0,0,0
12574,12/10/2011,1/28/2011 9:20,1/28/2011 9:20,316,1,10,10,59,182.45,182.45,NULL,NULL,0,0,0,0,0
12576,12/10/2011,2/8/2011 11:31,11/4/2011 10:11,36,5,88,72,967,1315.83,263.166,7/25/2011 11:36,7/25/2011 11:36,1,1,1,3,8.85
12577,12/10/2011,12/15/2010 16:21,11/4/2011 13:24,36,3,146,136,471,653.85,217.95,11/4/2011 13:28,11/4/2011 13:28,1,1,1,6,62.4
12578,12/10/2011,1/13/2011 15:34,11/18/2011 13:30,22,2,112,110,1182,2402.51,1201.255,1/5/2011 10:46,1/27/2011 10:01,2,6,6,25,41.15
12579,12/10/2011,9/22/2011 17:15,9/22/2011 17:15,79,1,28,28,282,386.42,386.42,9/27/2011 13:57,9/27/2011 13:57,1,1,1,6,11.7
12580,12/10/2011,4/7/2011 10:24,4/7/2011 10:24,247,1,23,23,236,379.7,379.7,NULL,NULL,0,0,0,0,0
12581,12/10/2011,10/31/2011 8:56,10/31/2011 8:56,40,1,14,14,160,179.71,179.71,NULL,NULL,0,0,0,0,0
12582,12/10/2011,2/24/2011 11:42,4/15/2011 8:45,239,2,20,20,296,351.36,175.68,NULL,NULL,0,0,0,0,0
12583,12/10/2011,12/1/2010 8:45,12/7/2011 8:07,3,15,232,114,5028,6705.38,447.0253,9/26/2011 12:21,10/14/2011 10:01,2,3,3,50,76.04
12584,12/10/2011,3/4/2011 15:15,12/6/2011 9:35,4,9,95,43,413,2254.15,250.4611,3/14/2011 11:45,11/30/2011 16:37,9,30,15,62,444.2
12585,12/10/2011,12/23/2010 12:58,4/19/2011 13:39,235,2,85,76,1267,1824.1,912.05,1/5/2011 15:32,4/14/2011 16:53,2,10,10,21,57.29
12586,12/10/2011,11/22/2011 16:24,11/22/2011 16:24,18,1,11,11,79,196.94,196.94,12/6/2010 9:31,12/6/2010 9:31,1,1,1,2,17
12587,12/10/2011,12/2/2011 12:47,12/2/2011 12:47,8,1,3,3,50,104,104,NULL,NULL,0,0,0,0,0
12588,12/10/2011,10/31/2011 15:01,10/31/2011 15:01,40,1,9,9,52,174.9,174.9,NULL,NULL,0,0,0,0,0
12589,12/10/2011,7/18/2011 12:05,11/11/2011 10:19,29,2,33,28,302,574.68,287.34,NULL,NULL,0,0,0,0,0
12590,12/10/2011,5/12/2011 14:46,5/12/2011 14:46,212,1,67,67,4282,9341.26,9341.26,6/2/2011 14:25,6/2/2011 14:25,1,2,2,4,2.88
12591,12/10/2011,1/26/2011 14:35,1/26/2011 14:35,318,1,25,25,225,368.85,368.85,NULL,NULL,0,0,0,0,0
12592,12/10/2011,5/10/2011 13:44,9/8/2011 15:04,93,2,16,10,288,401.6,200.8,NULL,NULL,0,0,0,0,0
12593,12/10/2011,5/5/2011 9:29,8/23/2011 12:43,109,3,20,13,204,382.1,127.3667,NULL,NULL,0,0,0,0,0
12594,12/10/2011,1/21/2011 9:52,11/2/2011 12:20,38,9,114,49,1772,3208.22,356.4689,NULL,NULL,0,0,0,0,0
12596,12/10/2011,4/11/2011 13:22,10/19/2011 13:02,52,2,25,24,468,450.27,225.135,NULL,NULL,0,0,0,0,0
12597,12/10/2011,3/16/2011 14:00,11/20/2011 13:33,20,4,202,183,2214,3195.22,798.805,11/7/2011 14:43,11/7/2011 14:43,1,8,8,49,128.09
12598,12/10/2011,2/28/2011 11:58,11/30/2011 12:18,10,7,127,83,1952,2807.08,401.0114,3/7/2011 13:32,3/7/2011 13:32,1,1,1,24,20.4
12599,12/10/2011,2/8/2011 13:28,11/10/2011 13:34,30,7,55,31,948,888.58,126.94,NULL,NULL,0,0,0,0,0
12600,12/10/2011,12/3/2010 12:57,11/11/2011 10:29,29,10,54,31,758,2311.04,231.104,NULL,NULL,0,0,0,0,0
12601,12/10/2011,1/11/2011 10:38,6/3/2011 10:17,190,5,23,20,240,487.06,97.412,5/31/2011 10:44,5/31/2011 10:44,1,1,1,1,7.5
12602,12/10/2011,10/12/2011 11:22,10/12/2011 11:22,59,1,12,12,162,153.12,153.12,NULL,NULL,0,0,0,0,0
12603,12/10/2011,11/18/2011 10:42,11/18/2011 10:42,22,1,1,1,56,613.2,613.2,NULL,NULL,0,0,0,0,0
12604,12/10/2011,3/23/2011 12:06,9/21/2011 14:08,80,2,15,14,200,236.18,118.09,NULL,NULL,0,0,0,0,0
12607,12/10/2011,10/10/2011 16:06,10/10/2011 16:06,61,1,101,101,1228,1579.51,1579.51,10/12/2011 16:17,10/12/2011 16:17,1,101,101,1228,1579.51
12609,12/10/2011,1/25/2011 15:13,9/22/2011 16:34,79,3,57,56,639,964.85,321.6167,NULL,NULL,0,0,0,0,0
12610,12/10/2011,8/5/2011 13:52,11/17/2011 9:34,23,4,102,84,1039,1747.54,436.885,8/11/2011 10:58,11/14/2011 12:13,2,5,5,21,41.55
12611,12/10/2011,10/18/2011 13:12,10/18/2011 13:12,53,1,65,65,846,1193.32,1193.32,NULL,NULL,0,0,0,0,0
12612,12/10/2011,9/26/2011 15:35,9/26/2011 15:35,75,1,18,18,260,668.04,668.04,10/13/2011 12:12,10/13/2011 12:12,1,2,2,11,60.45
12613,12/10/2011,3/22/2011 15:42,10/13/2011 14:59,58,4,149,123,1630,3092.38,773.095,11/8/2011 13:30,11/8/2011 13:30,1,10,10,48,125.4
12614,12/10/2011,3/7/2011 10:22,3/7/2011 10:22,278,1,20,20,76,315.6,315.6,NULL,NULL,0,0,0,0,0
12615,12/10/2011,6/24/2011 13:35,12/7/2011 15:02,3,4,101,81,1365,2093.19,523.2975,NULL,NULL,0,0,0,0,0
12616,12/10/2011,2/15/2011 14:17,9/5/2011 15:17,96,2,30,24,280,641.3,320.65,2/22/2011 16:15,9/15/2011 17:02,3,4,4,11,56.05
12617,12/10/2011,11/10/2011 14:39,11/10/2011 14:39,30,1,42,39,213,355.53,355.53,NULL,NULL,0,0,0,0,0
12618,12/10/2011,11/18/2011 11:10,11/18/2011 11:10,22,1,10,10,95,137.31,137.31,NULL,NULL,0,0,0,0,0
12619,12/10/2011,3/31/2011 13:10,11/23/2011 14:52,17,8,82,48,3360,2945.56,368.195,9/28/2011 14:04,11/10/2011 12:10,3,4,4,23,36.75
12620,12/10/2011,5/19/2011 12:10,11/25/2011 10:20,15,3,90,87,1178,1295.91,431.97,NULL,NULL,0,0,0,0,0
12621,12/10/2011,12/9/2010 10:16,12/8/2011 11:25,2,20,449,260,7369,12411.67,620.5835,12/16/2010 10:28,9/9/2011 10:11,3,7,7,36,77.6
12622,12/10/2011,4/21/2011 16:39,4/21/2011 16:39,233,1,10,10,68,162.1,162.1,NULL,NULL,0,0,0,0,0
12623,12/10/2011,3/8/2011 13:50,3/8/2011 13:50,277,1,17,17,189,269.1,269.1,NULL,NULL,0,0,0,0,0
12624,12/10/2011,6/15/2011 12:34,8/25/2011 15:04,107,2,36,35,351,569.13,284.565,NULL,NULL,0,0,0,0,0
12625,12/10/2011,1/24/2011 13:27,5/12/2011 9:54,212,2,84,72,1597,2413.82,1206.91,2/3/2011 10:14,2/3/2011 10:14,1,4,4,34,51.5
12626,12/10/2011,1/17/2011 11:01,11/16/2011 16:06,24,9,285,231,3416,5954.48,661.6089,1/21/2011 11:35,7/26/2011 15:10,4,13,12,103,232.13
12627,12/10/2011,7/22/2011 13:59,11/29/2011 12:07,11,6,224,161,2730,4082.53,680.4217,NULL,NULL,0,0,0,0,0
12628,12/10/2011,10/6/2011 9:28,12/5/2011 13:15,5,3,38,33,445,732.46,244.1533,11/21/2011 11:48,11/21/2011 11:48,1,2,2,3,16.85
12630,12/10/2011,10/27/2011 10:41,11/30/2011 10:48,10,2,62,59,542,1030.88,515.44,NULL,NULL,0,0,0,0,0
12631,12/10/2011,10/13/2011 13:53,10/13/2011 13:53,58,1,30,30,232,480.5,480.5,NULL,NULL,0,0,0,0,0
12633,12/10/2011,2/25/2011 8:44,10/12/2011 11:40,59,4,97,72,1149,1929.98,482.495,6/6/2011 11:17,6/6/2011 11:17,1,2,2,13,23.35
12635,12/10/2011,7/8/2011 8:43,9/11/2011 11:04,90,2,99,95,1162,1509.18,754.59,NULL,NULL,0,0,0,0,0
12637,12/10/2011,1/20/2011 10:47,10/3/2011 13:46,68,8,387,204,2991,5823.9,727.9875,1/27/2011 9:40,1/27/2011 9:40,1,3,3,9,14.65
12638,12/10/2011,11/6/2011 13:11,11/6/2011 13:11,34,1,38,38,573,511.69,511.69,NULL,NULL,0,0,0,0,0
12639,12/10/2011,4/15/2011 12:48,4/15/2011 12:48,239,1,21,21,198,366.1,366.1,NULL,NULL,0,0,0,0,0
12640,12/10/2011,9/19/2011 12:01,11/16/2011 11:52,24,3,50,46,301,994.58,331.5267,NULL,NULL,0,0,0,0,0
12641,12/10/2011,8/16/2011 13:26,8/16/2011 13:26,116,1,9,9,71,145.9,145.9,NULL,NULL,0,0,0,0,0
12642,12/10/2011,8/24/2011 9:23,11/14/2011 15:03,26,3,44,38,546,905.26,301.7533,NULL,NULL,0,0,0,0,0
12643,12/10/2011,1/11/2011 11:48,8/3/2011 12:56,129,6,18,10,1788,3041.64,506.94,NULL,NULL,0,0,0,0,0
12644,12/10/2011,8/2/2011 10:33,8/2/2011 10:33,130,1,31,31,325,477.91,477.91,NULL,NULL,0,0,0,0,0
12645,12/10/2011,1/27/2011 13:08,11/6/2011 12:38,34,4,69,57,1076,1631.18,407.795,9/1/2011 10:27,9/1/2011 10:27,1,1,1,12,19.8
12646,12/10/2011,10/21/2011 12:52,12/5/2011 10:14,5,2,45,43,897,1346.97,673.485,NULL,NULL,0,0,0,0,0
12647,12/10/2011,12/5/2010 14:02,11/17/2011 12:56,23,12,109,77,1399,3146.82,262.235,12/15/2010 14:25,12/15/2010 14:25,1,6,6,12,52.9
12648,12/10/2011,7/8/2011 11:55,7/8/2011 11:55,155,1,20,20,159,300.05,300.05,NULL,NULL,0,0,0,0,0
12649,12/10/2011,5/11/2011 14:37,8/24/2011 14:41,108,3,29,27,583,569.51,189.8367,12/9/2010 14:42,12/9/2010 14:42,1,2,2,12,19.8
12650,12/10/2011,12/6/2011 16:34,12/6/2011 16:34,4,1,19,19,250,242.44,242.44,NULL,NULL,0,0,0,0,0
12651,12/10/2011,1/9/2011 12:46,1/9/2011 12:46,335,1,9,9,78,114,114,NULL,NULL,0,0,0,0,0
12652,12/10/2011,1/12/2011 15:00,1/12/2011 15:00,332,1,47,47,498,793.98,793.98,1/21/2011 17:01,1/21/2011 17:01,1,3,3,3,5.45
12653,12/10/2011,2/16/2011 10:53,7/14/2011 10:41,149,2,43,37,919,2209.85,1104.925,NULL,NULL,0,0,0,0,0
12654,12/10/2011,2/17/2011 13:16,11/29/2011 10:10,11,5,34,30,260,529.98,105.996,NULL,NULL,0,0,0,0,0
12656,12/10/2011,4/20/2011 9:20,11/22/2011 13:42,18,5,121,88,1699,3619.17,723.834,4/11/2011 9:45,11/8/2011 8:55,3,4,4,15,68.45
12657,12/10/2011,9/22/2011 11:40,11/28/2011 15:47,12,4,44,34,1032,1427.18,356.795,11/28/2011 15:43,11/28/2011 15:43,1,8,8,386,419.12
12658,12/10/2011,11/21/2011 10:22,11/21/2011 10:22,19,1,35,35,317,632.05,632.05,NULL,NULL,0,0,0,0,0
12659,12/10/2011,11/10/2011 11:53,11/10/2011 11:53,30,1,4,4,104,73.68,73.68,NULL,NULL,0,0,0,0,0
12660,12/10/2011,11/28/2011 13:26,11/28/2011 13:26,12,1,12,12,126,227.1,227.1,NULL,NULL,0,0,0,0,0
12662,12/10/2011,12/1/2010 13:04,12/9/2011 11:59,1,11,220,128,2041,3543.78,322.1618,2/8/2011 11:45,2/8/2011 11:45,1,2,2,18,32.7
12664,12/10/2011,1/21/2011 11:42,12/1/2011 17:07,9,9,28,9,1188,4391.88,487.9867,NULL,NULL,0,0,0,0,0
12665,12/10/2011,1/19/2011 8:34,1/19/2011 8:34,325,1,2,2,36,45,45,1/12/2011 9:41,1/12/2011 9:41,1,1,1,1,1.25
12667,12/10/2011,10/12/2011 17:00,10/12/2011 17:00,59,1,32,32,391,460.13,460.13,NULL,NULL,0,0,0,0,0
12668,12/10/2011,12/19/2010 12:46,11/28/2011 10:56,12,4,157,114,1599,3177.15,794.2875,4/5/2011 9:53,12/2/2011 15:10,2,7,7,39,63.97
12669,12/10/2011,3/28/2011 10:15,7/12/2011 9:54,151,2,98,96,1104,1427.73,713.865,NULL,NULL,0,0,0,0,0
12670,12/10/2011,4/21/2011 10:16,11/29/2011 15:23,11,5,87,57,1383,2744.05,548.81,11/17/2011 9:39,11/17/2011 9:39,1,2,2,6,9.9
12672,12/10/2011,1/14/2011 9:20,1/14/2011 9:20,330,1,10,10,78,225.9,225.9,NULL,NULL,0,0,0,0,0
12673,12/10/2011,1/17/2011 11:46,12/4/2011 13:55,6,2,41,41,349,574.52,287.26,NULL,NULL,0,0,0,0,0
12674,12/10/2011,5/16/2011 9:10,11/1/2011 12:12,39,4,79,51,1126,1844.6,461.15,6/30/2011 14:58,11/28/2011 12:22,3,8,6,31,51.29
12676,12/10/2011,2/1/2011 15:41,11/15/2011 12:25,25,6,39,32,664,1091.39,181.8983,NULL,NULL,0,0,0,0,0
12678,12/10/2011,12/21/2010 14:26,10/28/2011 13:04,43,9,156,103,10900,16331.46,1814.6067,6/17/2011 10:06,6/17/2011 10:06,1,2,2,24,40.2
12679,12/10/2011,3/1/2011 12:26,10/12/2011 12:30,59,4,44,42,545,951.02,237.755,3/8/2011 14:35,10/18/2011 13:43,5,8,6,24,54.35
12680,12/10/2011,8/18/2011 15:44,12/9/2011 12:50,1,4,49,32,439,790.81,197.7025,NULL,NULL,0,0,0,0,0
12681,12/10/2011,12/7/2010 10:08,11/25/2011 11:33,15,22,616,266,7457,12365.54,562.07,1/25/2011 12:39,9/27/2011 15:48,4,7,6,15,55.95
12682,12/10/2011,12/3/2010 13:59,12/6/2011 10:00,4,31,496,208,5505,11028.22,355.749,NULL,NULL,0,0,0,0,0
12683,12/10/2011,12/9/2010 10:37,12/5/2011 16:28,5,14,331,176,4934,7612.57,543.755,1/5/2011 11:36,11/3/2011 14:00,5,18,15,84,255.48
12684,12/10/2011,5/10/2011 12:55,12/2/2011 9:53,8,6,98,59,1973,2073.63,345.605,NULL,NULL,0,0,0,0,0
12685,12/10/2011,9/7/2011 10:28,11/11/2011 13:46,29,6,151,116,1507,2575.08,429.18,NULL,NULL,0,0,0,0,0
12686,12/10/2011,12/3/2010 9:51,12/3/2010 9:51,372,1,6,6,106,71.14,71.14,NULL,NULL,0,0,0,0,0
12688,12/10/2011,8/18/2011 8:49,8/18/2011 8:49,114,1,171,171,3028,4873.81,4873.81,NULL,NULL,0,0,0,0,0
12689,12/10/2011,8/4/2011 10:04,11/14/2011 8:31,26,2,70,56,622,1139.61,569.805,NULL,NULL,0,0,0,0,0
12690,12/10/2011,5/18/2011 9:09,5/18/2011 9:09,206,1,15,15,103,335.01,335.01,NULL,NULL,0,0,0,0,0
12691,12/10/2011,12/17/2010 14:46,11/11/2011 16:49,29,5,27,20,388,927.8,185.56,NULL,NULL,0,0,0,0,0
12693,12/10/2011,1/24/2011 12:58,8/4/2011 17:51,128,4,35,34,247,711.91,177.9775,3/24/2011 11:19,8/11/2011 9:16,2,2,2,5,24.95
12694,12/10/2011,6/9/2011 17:48,9/30/2011 13:06,71,2,35,31,503,761.67,380.835,NULL,NULL,0,0,0,0,0
12695,12/10/2011,5/13/2011 13:15,12/2/2011 13:22,8,4,27,23,220,582.1,145.525,NULL,NULL,0,0,0,0,0
12697,12/10/2011,6/23/2011 15:44,11/11/2011 8:47,29,3,38,36,503,757.59,252.53,8/17/2011 17:19,11/18/2011 16:17,2,2,2,9,18.57
12700,12/10/2011,5/8/2011 16:10,12/2/2011 10:47,8,4,264,192,2944,4525.99,1131.4975,NULL,NULL,0,0,0,0,0
12701,12/10/2011,4/11/2011 13:02,9/21/2011 10:47,80,2,51,49,674,725.71,362.855,NULL,NULL,0,0,0,0,0
12702,12/10/2011,11/20/2011 10:36,11/20/2011 10:36,20,1,11,11,52,201,201,NULL,NULL,0,0,0,0,0
12703,12/10/2011,9/29/2011 17:52,9/29/2011 17:52,72,1,20,20,163,265.55,265.55,10/6/2011 19:23,10/6/2011 19:23,1,1,1,3,8.85
12704,12/10/2011,6/23/2011 10:20,12/2/2011 13:15,8,8,81,63,991,1740.84,217.605,NULL,NULL,0,0,0,0,0
12705,12/10/2011,12/17/2010 15:58,11/24/2011 13:17,16,8,328,227,3970,6382.29,797.7863,4/26/2011 11:19,10/4/2011 12:47,5,14,13,24,54.05
12707,12/10/2011,2/21/2011 8:38,2/21/2011 8:38,292,1,33,33,256,603.42,603.42,NULL,NULL,0,0,0,0,0
12708,12/10/2011,12/6/2010 10:43,11/10/2011 9:52,30,10,147,85,1292,2442.91,244.291,3/11/2011 9:39,10/10/2011 11:20,6,17,14,37,96.59
12709,12/10/2011,12/8/2010 9:49,11/24/2011 15:38,16,15,203,92,3919,9430.52,628.7013,1/27/2011 12:00,12/6/2011 16:42,11,48,29,103,440.77
12710,12/10/2011,5/22/2011 14:05,9/4/2011 12:00,97,3,74,74,844,1023.02,341.0067,6/2/2011 11:54,6/2/2011 11:54,1,2,2,2,18.45
12712,12/10/2011,12/3/2010 14:30,11/11/2011 8:19,29,13,120,57,1036,3928.13,302.1638,12/8/2010 13:43,11/17/2011 9:15,4,8,7,17,136.5
12713,12/10/2011,12/9/2011 12:16,12/9/2011 12:16,1,1,37,37,505,794.55,794.55,NULL,NULL,0,0,0,0,0
12714,12/10/2011,2/18/2011 10:53,11/30/2011 15:43,10,5,254,215,3046,4294.86,858.972,NULL,NULL,0,0,0,0,0
12715,12/10/2011,8/25/2011 15:22,8/25/2011 15:22,107,1,20,19,195,273.86,273.86,NULL,NULL,0,0,0,0,0
12716,12/10/2011,7/29/2011 13:28,12/6/2011 8:55,4,2,67,59,703,963.49,481.745,NULL,NULL,0,0,0,0,0
12717,12/10/2011,4/8/2011 10:32,7/11/2011 14:47,152,2,53,48,502,830.98,415.49,NULL,NULL,0,0,0,0,0
12718,12/10/2011,9/29/2011 16:38,9/29/2011 16:38,72,1,18,18,201,202.25,202.25,NULL,NULL,0,0,0,0,0
12719,12/10/2011,10/5/2011 14:50,12/4/2011 13:45,6,2,37,33,370,572.95,286.475,10/11/2011 10:39,10/11/2011 10:39,1,3,3,13,36.85
12720,12/10/2011,12/5/2010 15:21,12/7/2011 8:03,3,25,342,210,4635,5115.73,204.6292,5/11/2011 10:17,10/19/2011 16:44,3,4,4,17,50.45
12721,12/10/2011,12/20/2010 11:38,11/8/2011 12:13,32,6,155,132,1944,2386.13,397.6883,12/9/2010 10:14,12/9/2010 10:14,1,3,3,5,27.15
12722,12/10/2011,7/12/2011 11:55,9/15/2011 14:50,86,4,52,49,565,979.63,244.9075,7/21/2011 17:30,7/28/2011 13:41,2,4,2,6,93.3
12723,12/10/2011,10/5/2011 15:52,12/6/2011 10:19,4,5,68,52,433,707.07,141.414,NULL,NULL,0,0,0,0,0
12724,12/10/2011,1/11/2011 15:00,12/4/2011 16:02,6,4,49,46,439,923.41,230.8525,NULL,NULL,0,0,0,0,0
12725,12/10/2011,12/3/2010 15:45,12/3/2010 15:45,372,1,23,23,162,371.8,371.8,NULL,NULL,0,0,0,0,0
12726,12/10/2011,12/17/2010 12:56,11/11/2011 13:35,29,7,117,56,3132,2411.1,344.4429,NULL,NULL,0,0,0,0,0
12727,12/10/2011,1/23/2011 15:17,11/29/2011 11:46,11,7,132,108,2068,3440.7,491.5286,3/15/2011 10:24,3/15/2011 10:24,1,1,1,12,15
12728,12/10/2011,1/11/2011 13:31,9/29/2011 15:31,72,4,42,37,413,728.33,182.0825,NULL,NULL,0,0,0,0,0
12729,12/10/2011,8/18/2011 11:40,8/18/2011 11:40,114,1,25,25,231,417.01,417.01,NULL,NULL,0,0,0,0,0
12731,12/10/2011,12/10/2010 10:56,11/16/2011 11:59,24,12,273,108,8429,18751.91,1562.6592,4/18/2011 11:31,10/10/2011 11:56,2,2,2,70,91.5
12732,12/10/2011,6/13/2011 11:33,6/13/2011 11:33,180,1,11,11,110,218.26,218.26,NULL,NULL,0,0,0,0,0
12733,12/10/2011,4/19/2011 16:19,4/19/2011 16:19,235,1,22,22,137,383.95,383.95,NULL,NULL,0,0,0,0,0
12734,12/10/2011,12/22/2010 12:47,12/22/2010 12:47,353,1,4,4,88,110.4,110.4,NULL,NULL,0,0,0,0,0
12735,12/10/2011,1/6/2011 14:26,1/28/2011 13:37,316,2,41,37,363,689.57,344.785,NULL,NULL,0,0,0,0,0
12736,12/10/2011,1/11/2011 7:57,1/11/2011 7:57,333,1,3,3,168,144,144,NULL,NULL,0,0,0,0,0
12738,12/10/2011,12/2/2010 18:27,12/2/2010 18:27,373,1,10,10,147,137.35,137.35,NULL,NULL,0,0,0,0,0
12739,12/10/2011,9/1/2011 17:45,9/1/2011 17:45,100,1,37,37,485,975.54,975.54,NULL,NULL,0,0,0,0,0
12740,12/10/2011,10/7/2011 10:44,10/7/2011 10:44,64,1,27,27,342,427.6,427.6,NULL,NULL,0,0,0,0,0
12743,12/10/2011,7/28/2011 16:06,7/28/2011 16:21,135,2,134,114,319,546.43,273.215,NULL,NULL,0,0,0,0,0
12744,12/10/2011,1/25/2011 13:26,10/14/2011 14:54,57,4,215,177,5234,9120.39,2280.0975,NULL,NULL,0,0,0,0,0
12747,12/10/2011,12/5/2010 15:38,12/7/2011 14:34,3,11,103,42,1275,4196.01,381.4555,NULL,NULL,0,0,0,0,0
12748,12/10/2011,12/1/2010 12:48,12/9/2011 12:20,1,206,4580,1766,25511,32317.32,156.8802,12/5/2010 12:58,11/29/2011 18:19,11,43,42,1535,1830.79
12749,12/10/2011,5/10/2011 15:25,12/6/2011 9:56,4,5,198,159,1470,4040.88,808.176,5/23/2011 17:08,8/18/2011 6:19,3,32,32,49,222.68
12750,12/10/2011,8/3/2011 9:13,8/3/2011 9:13,129,1,15,15,137,275.88,275.88,NULL,NULL,0,0,0,0,0
12752,12/10/2011,9/19/2011 13:32,9/19/2011 13:32,82,1,53,53,2262,4366.78,4366.78,NULL,NULL,0,0,0,0,0
12753,12/10/2011,12/12/2010 11:44,11/17/2011 10:52,23,6,197,132,11421,21429.39,3571.565,1/6/2011 18:06,12/6/2011 11:40,5,33,29,171,405.38
12754,12/10/2011,2/4/2011 10:31,4/18/2011 9:00,236,3,63,49,6481,3010.74,1003.58,NULL,NULL,0,0,0,0,0
12755,12/10/2011,12/9/2010 10:44,3/4/2011 12:42,281,2,4,4,1491,3811.95,1905.975,4/4/2011 10:12,4/4/2011 10:12,1,1,1,624,1591.2
12756,12/10/2011,9/14/2011 9:31,9/14/2011 9:31,87,1,4,4,144,112.08,112.08,NULL,NULL,0,0,0,0,0
12757,12/10/2011,5/12/2011 19:01,11/24/2011 12:30,16,9,365,235,2394,4199.2,466.5778,8/3/2011 10:43,8/3/2011 10:43,1,1,1,12,15
12758,12/10/2011,3/8/2011 12:05,8/15/2011 10:22,117,2,97,84,2135,2791.59,1395.795,NULL,NULL,0,0,0,0,0
12759,12/10/2011,3/9/2011 8:09,10/18/2011 14:49,53,3,92,80,894,1411.44,470.48,NULL,NULL,0,0,0,0,0
12762,12/10/2011,11/14/2011 14:23,12/2/2011 10:23,8,2,67,61,1220,1702.52,851.26,NULL,NULL,0,0,0,0,0
12763,12/10/2011,12/5/2010 15:46,7/24/2011 14:12,139,2,18,16,316,494.08,247.04,NULL,NULL,0,0,0,0,0
12764,12/10/2011,1/27/2011 10:19,1/27/2011 10:19,317,1,45,45,386,1693.88,1693.88,NULL,NULL,0,0,0,0,0
12766,12/10/2011,12/8/2010 13:53,12/6/2011 8:46,4,7,306,204,3627,6457.63,922.5186,NULL,NULL,0,0,0,0,0
12769,12/10/2011,4/15/2011 10:25,4/15/2011 10:25,239,1,32,32,356,1143.6,1143.6,NULL,NULL,0,0,0,0,0
12770,12/10/2011,5/13/2011 9:33,5/13/2011 9:33,211,1,12,12,743,1351.45,1351.45,NULL,NULL,0,0,0,0,0
12772,12/10/2011,10/11/2011 9:19,10/11/2011 9:19,60,1,54,54,551,752.47,752.47,NULL,NULL,0,0,0,0,0
12775,12/10/2011,2/1/2011 13:45,11/22/2011 16:33,18,5,61,46,870,1281.04,256.208,2/3/2011 12:39,2/3/2011 12:39,1,1,1,24,34.8
12778,12/10/2011,1/31/2011 14:35,11/20/2011 11:30,20,6,44,39,817,693.23,115.5383,NULL,NULL,0,0,0,0,0
12779,12/10/2011,12/3/2010 13:40,11/2/2011 11:43,38,8,149,88,2024,3981.36,497.67,3/21/2011 12:20,11/18/2011 17:10,4,10,10,28,112.66
12781,12/10/2011,2/28/2011 8:43,10/7/2011 10:37,64,2,24,24,670,786.74,393.37,4/1/2011 15:00,11/18/2011 9:50,2,4,2,78,115.02
12782,12/10/2011,12/17/2010 11:30,12/5/2011 9:16,5,5,98,80,1072,1938.92,387.784,1/5/2011 10:50,1/5/2011 10:50,1,4,4,16,57.6
12783,12/10/2011,9/25/2011 15:35,12/7/2011 15:56,3,4,78,74,611,1295.87,323.9675,NULL,NULL,0,0,0,0,0
12784,12/10/2011,11/24/2011 12:53,11/24/2011 12:53,16,1,58,53,298,518.42,518.42,NULL,NULL,0,0,0,0,0
12785,12/10/2011,12/10/2010 13:48,12/10/2010 13:48,365,1,13,13,129,255.95,255.95,12/7/2011 12:46,12/7/2011 12:46,1,1,1,3,6.24
12787,12/10/2011,5/31/2011 9:36,11/30/2011 8:44,10,3,17,16,258,418.66,139.5533,NULL,NULL,0,0,0,0,0
12789,12/10/2011,10/5/2011 13:34,10/5/2011 13:34,66,1,3,3,3,76.85,76.85,NULL,NULL,0,0,0,0,0
12790,12/10/2011,5/31/2011 14:14,5/31/2011 14:14,193,1,20,20,164,294.92,294.92,NULL,NULL,0,0,0,0,0
12791,12/10/2011,12/1/2010 11:27,12/1/2010 11:27,374,1,1,1,96,177.6,177.6,NULL,NULL,0,0,0,0,0
12792,12/10/2011,3/28/2011 11:36,3/28/2011 11:36,257,1,24,24,215,344.54,344.54,NULL,NULL,0,0,0,0,0
12793,12/10/2011,12/3/2010 15:14,1/9/2011 12:12,335,2,22,20,292,461.48,230.74,NULL,NULL,0,0,0,0,0
12794,12/10/2011,9/2/2011 12:01,10/17/2011 14:54,54,2,45,43,592,860.41,430.205,NULL,NULL,0,0,0,0,0
12795,12/10/2011,11/21/2011 10:27,11/21/2011 10:27,19,1,13,13,64,318.48,318.48,NULL,NULL,0,0,0,0,0
12797,12/10/2011,12/9/2010 10:55,12/9/2010 10:55,366,1,12,12,117,226.03,226.03,12/14/2010 15:56,12/14/2010 16:24,2,4,4,39,59.85
12798,12/10/2011,6/22/2011 10:11,11/29/2011 15:52,11,3,8,6,5256,6977.04,2325.68,NULL,NULL,0,0,0,0,0
12802,12/10/2011,6/6/2011 9:36,6/6/2011 9:36,187,1,24,24,312,397.58,397.58,6/9/2011 9:44,6/9/2011 9:44,1,1,1,12,15
12808,12/10/2011,12/6/2010 10:27,11/3/2011 10:05,37,3,27,26,187,455.65,151.8833,NULL,NULL,0,0,0,0,0
12809,12/10/2011,6/15/2011 10:51,6/15/2011 10:51,178,1,24,24,217,405.31,405.31,6/24/2011 15:15,6/24/2011 15:15,1,1,1,1,4.95
12811,12/10/2011,2/28/2011 15:39,3/23/2011 10:55,262,2,28,26,227,458.85,229.425,NULL,NULL,0,0,0,0,0
12812,12/10/2011,10/26/2011 9:54,10/26/2011 9:54,45,1,15,15,164,229.64,229.64,NULL,NULL,0,0,0,0,0
12814,12/10/2011,8/30/2011 12:11,8/30/2011 12:11,102,1,1,1,48,85.92,85.92,NULL,NULL,0,0,0,0,0
12815,12/10/2011,5/25/2011 13:34,7/15/2011 10:21,148,2,45,37,374,863.46,431.73,NULL,NULL,0,0,0,0,0
12816,12/10/2011,6/16/2011 13:24,9/5/2011 12:41,96,2,27,26,125,452.2,226.1,NULL,NULL,0,0,0,0,0
12817,12/10/2011,3/3/2011 16:28,3/3/2011 16:28,282,1,3,3,52,126.04,126.04,NULL,NULL,0,0,0,0,0
12818,12/10/2011,3/23/2011 12:06,3/23/2011 12:06,262,1,13,13,920,1182.08,1182.08,6/14/2011 13:54,6/14/2011 13:54,1,2,2,6,24.2
12820,12/10/2011,1/17/2011 12:34,12/6/2011 15:12,4,4,59,55,722,942.34,235.585,NULL,NULL,0,0,0,0,0
12821,12/10/2011,5/9/2011 15:51,5/9/2011 15:51,215,1,6,6,70,92.72,92.72,NULL,NULL,0,0,0,0,0
12822,12/10/2011,9/13/2011 13:46,9/30/2011 10:04,71,2,46,41,550,948.88,474.44,9/14/2011 15:37,9/14/2011 15:37,1,1,1,2,29.9
12823,12/10/2011,2/16/2011 12:15,9/26/2011 7:35,75,5,5,1,230,1759.5,351.9,NULL,NULL,0,0,0,0,0
12824,12/10/2011,10/11/2011 12:49,10/11/2011 12:49,60,1,25,25,232,397.12,397.12,NULL,NULL,0,0,0,0,0
12826,12/10/2011,12/9/2010 15:21,12/7/2011 10:25,3,7,88,57,1055,1452.22,207.46,6/24/2011 11:47,6/24/2011 11:47,1,3,3,4,6.6
12827,12/10/2011,10/26/2011 15:44,12/4/2011 12:17,6,3,25,19,197,430.15,143.3833,NULL,NULL,0,0,0,0,0
12828,12/10/2011,8/1/2011 16:16,12/7/2011 8:45,3,6,56,46,494,1018.71,169.785,NULL,NULL,0,0,0,0,0
12829,12/10/2011,12/14/2010 14:54,1/7/2011 11:13,337,2,11,9,376,293,146.5,1/21/2011 12:56,1/21/2011 12:56,1,1,1,1,39.95
12830,12/10/2011,6/21/2011 10:53,11/2/2011 11:54,38,6,38,13,9848,6814.64,1135.7733,7/21/2011 14:32,7/21/2011 14:32,1,1,1,1,66.24
12831,12/10/2011,3/22/2011 13:02,3/22/2011 13:02,263,1,9,9,135,215.05,215.05,NULL,NULL,0,0,0,0,0
12832,12/10/2011,9/2/2011 13:48,11/7/2011 13:30,33,2,27,27,195,383.03,191.515,NULL,NULL,0,0,0,0,0
12833,12/10/2011,7/17/2011 13:46,7/17/2011 13:46,146,1,24,24,156,417.38,417.38,NULL,NULL,0,0,0,0,0
12834,12/10/2011,3/2/2011 9:49,3/2/2011 9:49,283,1,18,18,110,312.38,312.38,NULL,NULL,0,0,0,0,0
12836,12/10/2011,2/1/2011 11:19,10/11/2011 15:10,60,4,175,148,1064,2612.86,653.215,NULL,NULL,0,0,0,0,0
12837,12/10/2011,6/19/2011 16:07,6/19/2011 16:07,174,1,12,12,24,134.1,134.1,NULL,NULL,0,0,0,0,0
12838,12/10/2011,12/1/2010 11:57,11/6/2011 12:20,34,2,123,115,359,683.13,341.565,NULL,NULL,0,0,0,0,0
12839,12/10/2011,12/7/2010 15:48,12/7/2011 12:33,3,14,314,95,3807,5591.42,399.3871,3/7/2011 13:01,3/7/2011 13:01,1,1,1,2,3.3
12840,12/10/2011,4/27/2011 12:21,7/19/2011 9:29,144,4,113,67,1511,2726.77,681.6925,5/4/2011 15:44,5/5/2011 17:58,2,3,2,6,12.5
12841,12/10/2011,12/3/2010 10:43,12/5/2011 11:13,5,25,420,229,2757,4022.35,160.894,10/5/2011 12:14,10/5/2011 12:14,1,19,19,74,145.95
12842,12/10/2011,2/4/2011 12:36,9/30/2011 15:33,71,2,34,34,547,1118.99,559.495,NULL,NULL,0,0,0,0,0
12843,12/10/2011,3/20/2011 14:38,10/5/2011 12:09,66,8,103,69,781,1702.26,212.7825,6/15/2011 12:51,6/15/2011 12:51,1,5,5,28,21.5
12844,12/10/2011,8/1/2011 13:11,11/10/2011 13:31,30,2,52,47,125,325.96,162.98,NULL,NULL,0,0,0,0,0
12845,12/10/2011,2/22/2011 14:10,3/17/2011 13:34,268,4,27,26,204,354.09,88.5225,NULL,NULL,0,0,0,0,0
12847,12/10/2011,11/17/2011 13:16,11/17/2011 13:16,23,1,91,72,909,871.54,871.54,NULL,NULL,0,0,0,0,0
12849,12/10/2011,3/16/2011 12:26,11/8/2011 13:41,32,2,49,46,605,1033.25,516.625,NULL,NULL,0,0,0,0,0
12851,12/10/2011,9/4/2011 12:41,9/4/2011 12:41,97,1,50,43,109,135.18,135.18,NULL,NULL,0,0,0,0,0
12852,12/10/2011,2/18/2011 8:47,2/18/2011 8:47,295,1,17,17,149,311.55,311.55,2/22/2011 14:56,2/22/2011 14:56,1,3,3,4,11.8
12853,12/10/2011,1/28/2011 10:28,7/28/2011 11:29,135,6,78,66,800,1957.1,326.1833,1/31/2011 15:59,8/24/2011 11:00,3,6,6,18,75.4
12854,12/10/2011,1/25/2011 13:35,9/22/2011 12:15,79,3,110,95,627,1324.5,441.5,1/25/2011 12:11,4/12/2011 12:35,2,5,5,5,35.35
12855,12/10/2011,12/2/2010 9:37,12/2/2010 9:37,373,1,3,3,30,38.1,38.1,NULL,NULL,0,0,0,0,0
12856,12/10/2011,10/7/2011 12:38,12/2/2011 10:52,8,6,314,155,1079,2179.93,363.3217,10/26/2011 12:54,11/11/2011 10:24,2,3,3,3,17.25
12857,12/10/2011,2/10/2011 12:32,5/13/2011 10:20,211,2,46,37,343,1106.4,553.2,NULL,NULL,0,0,0,0,0
12863,12/10/2011,10/18/2011 14:15,10/18/2011 14:15,53,1,5,5,188,521.2,521.2,5/24/2011 17:17,5/24/2011 17:17,1,1,1,2,17
12864,12/10/2011,7/24/2011 13:03,7/24/2011 13:03,139,1,3,3,216,147.12,147.12,NULL,NULL,0,0,0,0,0
12865,12/10/2011,8/8/2011 10:11,11/13/2011 14:31,27,2,95,86,925,1568.23,784.115,12/15/2010 11:39,12/15/2010 11:39,1,1,1,48,20.16
12866,12/10/2011,3/1/2011 14:11,3/1/2011 14:11,284,1,25,25,167,499.12,499.12,NULL,NULL,0,0,0,0,0
12867,12/10/2011,12/14/2010 16:39,11/13/2011 15:30,27,7,538,240,4298,4036.82,576.6886,12/14/2010 15:16,11/13/2011 13:39,3,12,11,23,46.35
12868,12/10/2011,12/1/2010 12:50,6/7/2011 10:42,186,6,107,72,928,1607.06,267.8433,NULL,NULL,0,0,0,0,0
12871,12/10/2011,5/16/2011 13:32,9/16/2011 15:07,85,2,11,8,200,380.64,190.32,NULL,NULL,0,0,0,0,0
12872,12/10/2011,12/9/2010 14:44,1/17/2011 10:52,327,2,66,58,319,599.97,299.985,NULL,NULL,0,0,0,0,0
12873,12/10/2011,3/2/2011 14:58,3/2/2011 14:58,283,1,4,4,128,374,374,NULL,NULL,0,0,0,0,0
12875,12/10/2011,12/12/2010 12:03,7/19/2011 15:30,144,2,2,1,2019,343.23,171.615,NULL,NULL,0,0,0,0,0
12876,12/10/2011,5/27/2011 13:34,10/13/2011 12:26,58,2,83,66,1930,2053.02,1026.51,NULL,NULL,0,0,0,0,0
12877,12/10/2011,12/16/2010 12:23,12/6/2011 10:30,4,12,154,100,1178,1535.77,127.9808,NULL,NULL,0,0,0,0,0
12878,12/10/2011,3/18/2011 14:02,4/17/2011 13:07,237,2,47,38,547,854.99,427.495,11/21/2011 14:30,11/21/2011 14:30,1,2,2,11,13.35
12879,12/10/2011,9/9/2011 12:11,10/26/2011 12:24,45,3,10,7,370,573.22,191.0733,9/22/2011 15:17,9/22/2011 15:17,1,2,2,7,20.65
12881,12/10/2011,3/9/2011 11:44,3/9/2011 11:44,276,1,7,7,21,298,298,NULL,NULL,0,0,0,0,0
12882,12/10/2011,11/6/2011 11:22,11/30/2011 16:18,10,2,13,12,246,1463.04,731.52,NULL,NULL,0,0,0,0,0
12883,12/10/2011,9/11/2011 15:18,11/15/2011 9:32,25,4,42,39,196,703.47,175.8675,NULL,NULL,0,0,0,0,0
12884,12/10/2011,9/12/2011 13:10,9/12/2011 13:10,89,1,7,7,43,309.05,309.05,NULL,NULL,0,0,0,0,0
12885,12/10/2011,8/8/2011 11:45,10/7/2011 13:40,64,3,71,66,655,1175.22,391.74,8/11/2011 11:48,8/11/2011 11:48,1,1,1,1,16.95
12886,12/10/2011,5/4/2011 11:21,10/3/2011 10:09,68,2,82,75,770,1378.4,689.2,5/10/2011 16:27,5/10/2011 16:27,1,4,4,9,27.31
12888,12/10/2011,3/29/2011 14:31,5/9/2011 16:02,215,2,5,4,76,354.12,177.06,4/1/2011 13:17,5/3/2011 11:58,2,2,2,8,40.35
12890,12/10/2011,11/15/2011 17:26,11/15/2011 17:26,25,1,82,78,259,380.47,380.47,NULL,NULL,0,0,0,0,0
12891,12/10/2011,2/20/2011 11:28,6/7/2011 12:31,186,3,3,2,950,331,110.3333,NULL,NULL,0,0,0,0,0
12893,12/10/2011,11/9/2011 12:34,11/9/2011 12:34,31,1,34,27,96,188.14,188.14,NULL,NULL,0,0,0,0,0
12895,12/10/2011,9/14/2011 8:35,10/28/2011 13:51,43,2,22,22,210,372.8,186.4,9/23/2011 8:54,9/23/2011 8:54,1,2,2,6,25.5
12897,12/10/2011,2/11/2011 11:40,5/19/2011 12:13,205,2,4,3,110,216.5,108.25,NULL,NULL,0,0,0,0,0
12901,12/10/2011,3/14/2011 10:41,12/1/2011 10:07,9,28,116,30,23075,17654.54,630.5193,5/10/2011 12:04,10/16/2011 10:52,7,8,7,2016,1345.6
12902,12/10/2011,3/20/2011 12:06,3/20/2011 12:06,265,1,10,10,66,138.68,138.68,NULL,NULL,0,0,0,0,0
12904,12/10/2011,6/20/2011 13:18,11/21/2011 14:34,19,2,72,59,302,509.58,254.79,NULL,NULL,0,0,0,0,0
12906,12/10/2011,9/22/2011 15:03,11/28/2011 9:55,12,5,63,55,1749,2919.81,583.962,NULL,NULL,0,0,0,0,0
12908,12/10/2011,1/31/2011 12:37,6/16/2011 15:39,177,2,2,1,1200,750,375,1/31/2011 12:36,1/31/2011 12:36,1,1,1,600,390
12909,12/10/2011,3/31/2011 12:51,10/31/2011 12:43,40,5,91,78,1280,2178.67,435.734,5/26/2011 19:56,9/23/2011 7:58,3,5,4,10,49.84
12910,12/10/2011,4/12/2011 10:01,11/16/2011 14:28,24,8,75,48,1692,3075.04,384.38,NULL,NULL,0,0,0,0,0
12912,12/10/2011,10/30/2011 11:35,12/7/2011 8:55,3,5,24,17,670,1662.3,332.46,NULL,NULL,0,0,0,0,0
12913,12/10/2011,12/6/2010 16:36,12/5/2011 12:11,5,5,48,36,1417,2453.63,490.726,NULL,NULL,0,0,0,0,0
12915,12/10/2011,12/2/2010 12:33,7/14/2011 11:34,149,2,22,19,93,363.65,181.825,NULL,NULL,0,0,0,0,0
12916,12/10/2011,1/23/2011 10:43,7/24/2011 10:35,139,4,107,53,1119,3006.15,751.5375,3/27/2011 10:47,3/27/2011 10:47,1,2,2,8,23.8
12917,12/10/2011,8/3/2011 16:42,8/3/2011 16:42,129,1,2,2,120,594,594,NULL,NULL,0,0,0,0,0
12919,12/10/2011,6/23/2011 9:22,12/1/2011 13:47,9,6,50,34,673,1335.19,222.5317,6/27/2011 11:18,9/15/2011 17:37,2,2,2,5,33.75
12920,12/10/2011,11/22/2011 15:05,11/22/2011 15:05,18,1,28,27,129,164.23,164.23,NULL,NULL,0,0,0,0,0
12921,12/10/2011,12/1/2010 15:06,11/30/2011 16:22,10,37,720,233,9526,16587.09,448.2997,2/14/2011 13:42,12/6/2011 9:56,13,21,16,72,197.35
12922,12/10/2011,7/1/2011 15:35,7/1/2011 15:35,162,1,28,28,370,405.38,405.38,NULL,NULL,0,0,0,0,0
12923,12/10/2011,10/6/2011 16:20,10/6/2011 16:20,65,1,28,27,68,175.72,175.72,NULL,NULL,0,0,0,0,0
12924,12/10/2011,1/16/2011 11:49,9/12/2011 13:55,89,4,29,21,480,925.75,231.4375,3/17/2011 9:32,3/17/2011 9:32,1,1,1,1,3.75
12925,12/10/2011,9/26/2011 11:05,12/5/2011 11:11,5,2,44,41,540,679.05,339.525,NULL,NULL,0,0,0,0,0
12928,12/10/2011,12/15/2010 15:45,11/4/2011 14:24,36,5,84,59,1472,2062.7,412.54,NULL,NULL,0,0,0,0,0
12929,12/10/2011,2/1/2011 12:08,2/1/2011 12:08,312,1,8,8,37,117.85,117.85,8/9/2011 14:30,8/9/2011 14:30,1,1,1,1,12.75
12930,12/10/2011,6/21/2011 13:25,9/22/2011 15:18,79,2,25,20,252,415.8,207.9,7/18/2011 13:20,7/18/2011 13:21,2,2,1,2,5.9
12931,12/10/2011,12/17/2010 9:45,11/18/2011 12:39,22,15,82,28,28004,42055.96,2803.7307,8/31/2011 13:10,11/11/2011 17:01,4,19,15,4427,8511.15
12933,12/10/2011,3/1/2011 11:30,11/15/2011 16:38,25,3,106,102,499,607.53,202.51,3/1/2011 11:31,3/1/2011 11:31,1,1,1,1,1.25
12935,12/10/2011,1/24/2011 13:58,12/7/2011 17:25,3,7,129,80,1853,2160.7,308.6714,5/25/2011 16:57,5/25/2011 16:57,1,1,1,1,4.25
12936,12/10/2011,9/22/2011 13:51,11/22/2011 17:32,18,4,62,56,559,1063.9,265.975,11/22/2011 16:18,11/22/2011 16:18,1,1,1,20,51
12937,12/10/2011,3/17/2011 14:19,11/24/2011 15:05,16,4,120,81,1007,1504.27,376.0675,NULL,NULL,0,0,0,0,0
12938,12/10/2011,11/14/2011 11:21,11/14/2011 11:21,26,1,9,9,140,114.14,114.14,NULL,NULL,0,0,0,0,0
12939,12/10/2011,1/9/2011 11:20,10/6/2011 14:33,65,8,47,21,4876,11581.8,1447.725,NULL,NULL,0,0,0,0,0
12940,12/10/2011,9/13/2011 10:16,10/16/2011 12:09,55,2,99,87,411,913.54,456.77,9/30/2011 10:46,10/24/2011 14:04,2,4,4,5,37.25
12942,12/10/2011,12/9/2010 9:34,7/31/2011 14:39,132,3,75,68,203,683.9,227.9667,NULL,NULL,0,0,0,0,0
12944,12/10/2011,12/20/2010 10:41,11/4/2011 11:04,36,2,30,29,289,604.51,302.255,NULL,NULL,0,0,0,0,0
12945,12/10/2011,2/24/2011 14:15,2/24/2011 14:15,289,1,23,23,165,462.95,462.95,NULL,NULL,0,0,0,0,0
12947,12/10/2011,12/1/2010 16:21,7/19/2011 10:06,144,6,97,83,1165,1603.99,267.3317,12/15/2010 16:57,6/21/2011 18:03,5,6,6,8,196.7
12948,12/10/2011,3/20/2011 10:17,11/23/2011 17:10,17,7,116,82,1080,2064.95,294.9929,8/31/2011 11:34,8/31/2011 11:34,1,2,2,3,11.25
12949,12/10/2011,4/1/2011 13:20,11/9/2011 11:25,31,8,215,166,2381,4167.22,520.9025,4/7/2011 10:59,4/8/2011 9:51,2,4,4,18,24.2
12950,12/10/2011,11/15/2011 13:48,12/7/2011 13:17,3,3,23,13,1380,1843,614.3333,NULL,NULL,0,0,0,0,0
12951,12/10/2011,1/13/2011 10:33,12/1/2011 12:14,9,6,63,53,503,1064.07,177.345,2/14/2011 13:40,6/29/2011 15:20,2,2,2,3,22
12952,12/10/2011,9/22/2011 16:37,12/4/2011 10:35,6,4,79,64,653,1387.79,346.9475,11/10/2011 14:53,11/10/2011 14:53,1,1,1,1,4.95
12953,12/10/2011,11/30/2011 9:24,11/30/2011 9:24,10,1,17,17,84,329.85,329.85,NULL,NULL,0,0,0,0,0
12955,12/10/2011,3/17/2011 9:03,12/8/2011 16:29,2,11,180,81,3664,4757.16,432.4691,6/27/2011 17:06,8/25/2011 11:10,3,3,2,22,22.9
12956,12/10/2011,2/6/2011 16:08,2/6/2011 16:08,307,1,19,19,34,108.07,108.07,NULL,NULL,0,0,0,0,0
12957,12/10/2011,1/4/2011 12:18,11/30/2011 9:53,10,8,238,208,2549,4017.54,502.1925,1/6/2011 17:38,12/5/2011 16:32,4,6,6,18,38.5
12962,12/10/2011,8/18/2011 13:38,12/2/2011 15:55,8,2,16,15,129,266.39,133.195,NULL,NULL,0,0,0,0,0
12963,12/10/2011,12/9/2010 9:14,12/1/2011 12:55,9,8,95,75,881,1856.63,232.0788,NULL,NULL,0,0,0,0,0
12965,12/10/2011,9/11/2011 15:31,9/11/2011 15:31,90,1,109,108,283,771.91,771.91,NULL,NULL,0,0,0,0,0
12966,12/10/2011,11/30/2011 12:38,11/30/2011 12:38,10,1,10,10,75,160.18,160.18,NULL,NULL,0,0,0,0,0
12967,12/10/2011,12/3/2010 9:49,12/16/2010 19:10,359,2,19,19,438,1660.9,830.45,2/10/2011 17:06,12/6/2011 14:19,2,14,14,195,466.15
12968,12/10/2011,8/19/2011 15:44,8/19/2011 15:44,113,1,5,5,73,135.95,135.95,NULL,NULL,0,0,0,0,0
12970,12/10/2011,1/21/2011 14:04,12/2/2011 14:30,8,4,151,116,310,452.24,113.06,NULL,NULL,0,0,0,0,0
12971,12/10/2011,12/2/2010 16:42,12/6/2011 12:20,4,86,305,94,9289,11189.91,130.1152,12/21/2010 10:16,7/19/2011 12:47,2,2,2,85,256.15
12974,12/10/2011,5/26/2011 9:33,5/26/2011 9:33,198,1,8,8,24,144.8,144.8,NULL,NULL,0,0,0,0,0
12976,12/10/2011,5/12/2011 9:55,5/12/2011 9:55,212,1,22,22,561,738.6,738.6,NULL,NULL,0,0,0,0,0
12977,12/10/2011,7/6/2011 16:40,7/6/2011 16:40,157,1,9,9,12,39.24,39.24,NULL,NULL,0,0,0,0,0
12980,12/10/2011,12/16/2010 11:36,7/5/2011 9:34,158,9,20,6,886,7374.9,819.4333,12/23/2010 12:55,7/7/2011 11:42,3,4,3,22,282.84
12981,12/10/2011,7/29/2011 14:14,11/10/2011 12:00,30,2,20,12,242,372.22,186.11,NULL,NULL,0,0,0,0,0
12982,12/10/2011,4/11/2011 11:51,4/11/2011 11:51,243,1,28,28,288,390.54,390.54,4/14/2011 10:49,4/14/2011 10:49,1,6,6,10,13.34
12984,12/10/2011,11/21/2011 12:37,11/21/2011 12:37,19,1,4,4,26,97.5,97.5,NULL,NULL,0,0,0,0,0
12985,12/10/2011,11/11/2011 12:44,12/9/2011 10:46,1,2,76,73,1533,1239.38,619.69,12/8/2011 18:51,12/8/2011 18:51,1,2,2,120,23.76
12987,12/10/2011,5/26/2011 12:00,9/27/2011 12:03,74,2,28,27,219,558.7,279.35,6/1/2011 15:13,6/1/2011 15:13,1,2,2,2,13.7
12988,12/10/2011,2/20/2011 14:31,2/20/2011 14:31,293,1,92,75,136,535.32,535.32,NULL,NULL,0,0,0,0,0
12989,12/10/2011,12/10/2010 13:24,12/6/2011 15:28,4,15,64,41,2943,6924.11,461.6073,2/17/2011 15:02,12/6/2011 13:37,4,4,2,28,69.6
12990,12/10/2011,2/2/2011 15:39,11/8/2011 13:01,32,3,13,8,200,409.5,136.5,NULL,NULL,0,0,0,0,0
12991,12/10/2011,8/19/2011 14:39,11/16/2011 15:34,24,2,31,31,405,503.76,251.88,NULL,NULL,0,0,0,0,0
12993,12/10/2011,2/14/2011 14:29,11/16/2011 15:49,24,4,27,26,240,414.76,103.69,NULL,NULL,0,0,0,0,0
12994,12/10/2011,3/16/2011 8:31,12/5/2011 15:43,5,3,61,52,459,974.42,324.8067,3/21/2011 16:15,8/24/2011 9:24,2,12,10,19,72.2
12995,12/10/2011,9/15/2011 15:44,9/15/2011 15:44,86,1,3,3,108,211.32,211.32,9/23/2011 9:20,9/23/2011 9:20,1,2,2,10,10.6
12997,12/10/2011,1/26/2011 15:49,11/17/2011 15:47,23,4,59,45,664,1226.89,306.7225,1/28/2011 15:57,9/15/2011 10:08,3,8,6,16,28.95
12999,12/10/2011,4/8/2011 10:26,5/27/2011 13:24,197,3,28,25,342,455.88,151.96,NULL,NULL,0,0,0,0,0
13000,12/10/2011,12/10/2010 10:26,8/25/2011 10:43,107,3,31,30,379,534.85,178.2833,NULL,NULL,0,0,0,0,0
13001,12/10/2011,1/17/2011 12:45,12/5/2011 14:51,5,13,339,166,5505,9818.82,755.2938,2/16/2011 14:13,2/16/2011 14:13,2,3,3,8,20.9
13002,12/10/2011,1/25/2011 15:18,1/25/2011 15:18,319,1,7,7,73,120.95,120.95,NULL,NULL,0,0,0,0,0
13003,12/10/2011,5/9/2011 8:23,8/26/2011 10:50,106,3,6,4,103,149.05,49.6833,NULL,NULL,0,0,0,0,0
13004,12/10/2011,12/17/2010 8:20,11/28/2011 11:27,12,18,404,277,4822,5655.91,314.2172,5/23/2011 10:34,10/27/2011 13:35,4,5,4,26,42.48
13005,12/10/2011,4/7/2011 13:32,6/19/2011 10:53,174,2,26,21,172,513.7,256.85,4/8/2011 12:37,4/8/2011 12:37,1,3,3,5,44.75
13006,12/10/2011,10/14/2011 13:49,10/14/2011 13:49,57,1,4,4,55,81.57,81.57,NULL,NULL,0,0,0,0,0
13008,12/10/2011,1/20/2011 14:24,1/20/2011 14:24,324,1,14,14,175,229.47,229.47,12/14/2010 10:28,12/14/2010 10:28,1,1,1,60,51
13011,12/10/2011,12/2/2010 17:22,12/2/2010 17:22,373,1,3,3,13,50.55,50.55,NULL,NULL,0,0,0,0,0
13012,12/10/2011,2/18/2011 9:43,11/30/2011 13:05,10,8,89,67,824,1661.84,207.73,6/13/2011 16:14,11/18/2011 16:12,2,17,17,152,345.12
13013,12/10/2011,12/3/2010 12:28,12/8/2011 15:01,2,13,219,155,2224,4810.94,370.0723,7/12/2011 11:10,7/15/2011 13:58,2,3,2,7,23.95
13014,12/10/2011,3/3/2011 18:28,11/29/2011 12:27,11,10,109,67,905,3466.28,346.628,3/10/2011 11:15,12/7/2011 9:24,6,14,12,21,100.85
13015,12/10/2011,4/4/2011 14:28,10/17/2011 13:19,54,5,176,156,1617,3346.28,669.256,NULL,NULL,0,0,0,0,0
13016,12/10/2011,8/8/2011 15:00,9/27/2011 14:08,74,3,47,39,527,789.89,263.2967,NULL,NULL,0,0,0,0,0
13017,12/10/2011,12/2/2011 15:53,12/2/2011 15:53,8,1,1,1,48,204,204,NULL,NULL,0,0,0,0,0
13018,12/10/2011,2/17/2011 11:05,11/23/2011 13:28,17,28,458,313,5435,7277.7,259.9179,3/2/2011 17:19,3/2/2011 17:19,1,1,1,1,4.95
13021,12/10/2011,12/16/2010 10:12,12/5/2011 16:37,5,9,131,101,1352,2616.38,290.7089,12/9/2010 14:12,7/5/2011 13:18,3,3,3,16,31.98
13023,12/10/2011,8/2/2011 9:34,10/6/2011 16:27,65,2,38,35,280,599.9,299.95,NULL,NULL,0,0,0,0,0
13026,12/10/2011,3/9/2011 11:35,12/8/2011 16:58,2,5,40,32,1620,975.36,195.072,9/15/2011 16:42,11/15/2011 10:52,2,2,2,33,31.59
13027,12/10/2011,12/20/2010 12:45,8/18/2011 9:39,114,6,26,6,17280,6912,1152,NULL,NULL,0,0,0,0,0
13028,12/10/2011,10/25/2011 14:09,11/17/2011 11:10,23,2,45,40,798,661.32,330.66,11/1/2011 9:41,11/1/2011 9:41,1,2,2,2,1.64
13029,12/10/2011,12/21/2010 13:53,11/9/2011 9:13,31,3,10,8,134,1247.5,415.8333,NULL,NULL,0,0,0,0,0
13030,12/10/2011,12/6/2010 14:31,11/28/2011 14:30,12,2,99,76,394,799.48,399.74,NULL,NULL,0,0,0,0,0
13032,12/10/2011,9/13/2011 16:40,10/18/2011 15:54,53,2,71,55,375,1010.18,505.09,11/1/2011 9:56,11/1/2011 9:56,1,4,4,8,13.66
13033,12/10/2011,12/17/2010 14:23,12/17/2010 14:23,358,1,11,11,83,190.55,190.55,NULL,NULL,0,0,0,0,0
13034,12/10/2011,12/5/2010 14:52,10/16/2011 12:21,55,2,37,37,369,642.77,321.385,NULL,NULL,0,0,0,0,0
13035,12/10/2011,3/24/2011 9:21,9/27/2011 8:57,74,2,27,23,644,921.88,460.94,10/13/2011 12:23,10/13/2011 12:23,1,3,3,17,35.25
13037,12/10/2011,3/28/2011 15:42,7/24/2011 15:46,139,3,48,44,431,881.07,293.69,NULL,NULL,0,0,0,0,0
13038,12/10/2011,2/22/2011 11:43,9/20/2011 14:37,81,3,28,24,360,908.46,302.82,NULL,NULL,0,0,0,0,0
13040,12/10/2011,11/6/2011 13:53,12/1/2011 10:38,9,2,43,38,355,676.99,338.495,NULL,NULL,0,0,0,0,0
13043,12/10/2011,3/11/2011 14:52,3/11/2011 14:52,274,1,13,13,254,516.42,516.42,3/31/2011 12:14,3/31/2011 12:14,1,1,1,3,44.85
13044,12/10/2011,2/21/2011 15:20,2/21/2011 15:20,292,1,33,33,429,560.47,560.47,NULL,NULL,0,0,0,0,0
13045,12/10/2011,9/1/2011 15:04,9/1/2011 15:04,100,1,18,18,221,305.28,305.28,NULL,NULL,0,0,0,0,0
13046,12/10/2011,3/18/2011 15:43,11/9/2011 8:36,31,2,35,33,264,629.31,314.655,NULL,NULL,0,0,0,0,0
13047,12/10/2011,12/1/2010 8:34,10/14/2011 11:15,57,9,171,105,1390,3232.59,359.1767,1/6/2011 18:02,10/24/2011 14:02,7,23,20,35,143.49
13048,12/10/2011,1/16/2011 14:36,11/25/2011 13:23,15,4,136,77,1238,1835.91,458.9775,8/19/2011 11:18,8/19/2011 11:18,1,1,1,8,30
13049,12/10/2011,1/25/2011 16:33,10/6/2011 15:31,65,2,14,14,268,656.68,328.34,NULL,NULL,0,0,0,0,0
13050,12/10/2011,12/8/2010 9:30,11/25/2011 9:18,15,17,402,245,3747,5833.11,343.1241,12/14/2010 10:02,11/30/2011 17:28,11,19,19,41,152.25
13052,12/10/2011,5/11/2011 14:12,5/11/2011 14:12,213,1,18,18,222,348.15,348.15,NULL,NULL,0,0,0,0,0
13055,12/10/2011,5/10/2011 8:58,9/22/2011 14:26,79,3,76,74,894,1214.41,404.8033,10/6/2011 18:57,10/6/2011 18:57,1,2,2,3,12.45
13058,12/10/2011,7/11/2011 12:01,11/15/2011 12:43,25,3,8,5,52,271.4,90.4667,NULL,NULL,0,0,0,0,0
13059,12/10/2011,4/4/2011 10:40,4/4/2011 10:40,250,1,8,8,35,183.4,183.4,NULL,NULL,0,0,0,0,0
13060,12/10/2011,3/31/2011 11:37,3/31/2011 11:37,254,1,15,15,123,307.53,307.53,NULL,NULL,0,0,0,0,0
13061,12/10/2011,9/28/2011 16:04,9/28/2011 16:04,73,1,10,10,107,248.61,248.61,NULL,NULL,0,0,0,0,0
13062,12/10/2011,6/1/2011 15:12,6/1/2011 15:12,192,1,10,10,342,331.98,331.98,NULL,NULL,0,0,0,0,0
13064,12/10/2011,1/16/2011 13:41,11/27/2011 12:31,13,4,69,51,516,1119.49,279.8725,NULL,NULL,0,0,0,0,0
13065,12/10/2011,12/1/2010 16:52,12/1/2010 16:52,374,1,14,14,74,205.86,205.86,NULL,NULL,0,0,0,0,0
13066,12/10/2011,11/7/2011 17:06,11/15/2011 12:57,25,2,48,48,322,470.8,235.4,11/15/2011 13:39,11/15/2011 13:39,1,1,1,2,39.9
13067,12/10/2011,9/18/2011 13:38,9/18/2011 13:38,83,1,15,14,32,115.46,115.46,NULL,NULL,0,0,0,0,0
13068,12/10/2011,1/24/2011 8:20,11/29/2011 15:00,11,2,2,1,200,344,172,NULL,NULL,0,0,0,0,0
13069,12/10/2011,12/5/2010 11:02,12/9/2011 8:39,1,24,425,281,5885,4436.12,184.8383,4/14/2011 17:43,11/25/2011 15:18,3,45,43,419,718.3
13070,12/10/2011,5/31/2011 13:45,5/31/2011 13:45,193,1,9,9,110,228.8,228.8,NULL,NULL,0,0,0,0,0
13072,12/10/2011,3/18/2011 8:12,3/18/2011 8:12,267,1,7,7,69,177.15,177.15,NULL,NULL,0,0,0,0,0
13075,12/10/2011,8/2/2011 10:19,8/2/2011 10:19,130,1,22,22,485,919.61,919.61,NULL,NULL,0,0,0,0,0
13077,12/10/2011,12/8/2010 14:59,12/8/2011 19:24,2,4,112,99,863,729.27,182.3175,NULL,NULL,0,0,0,0,0
13078,12/10/2011,12/8/2010 9:07,12/6/2011 15:36,4,26,358,95,5630,12627.94,485.69,12/14/2010 11:18,12/8/2011 18:48,17,22,16,73,195.66
13079,12/10/2011,7/22/2011 14:41,12/5/2011 16:53,5,5,6,2,62,220.1,44.02,NULL,NULL,0,0,0,0,0
13080,12/10/2011,6/13/2011 14:59,6/13/2011 14:59,180,1,6,6,120,58.08,58.08,NULL,NULL,0,0,0,0,0
13081,12/10/2011,12/3/2010 17:20,11/28/2011 10:54,12,11,1024,503,19068,28337.38,2576.1255,1/5/2011 15:43,12/8/2011 13:13,9,32,31,138,365.3
13082,12/10/2011,1/5/2011 15:42,8/5/2011 16:16,127,9,73,63,4324,3613.63,401.5144,4/19/2011 10:52,4/19/2011 10:52,1,2,2,11,18.15
13083,12/10/2011,9/25/2011 10:46,12/5/2011 15:01,5,2,18,15,187,303.75,151.875,NULL,NULL,0,0,0,0,0
13085,12/10/2011,2/17/2011 13:57,7/5/2011 12:11,158,2,22,17,216,416.08,208.04,4/28/2011 16:15,4/28/2011 16:15,1,7,7,108,143.7
13089,12/10/2011,12/5/2010 10:27,12/7/2011 9:02,3,97,1818,636,31070,58825.83,606.4519,12/20/2010 12:23,10/17/2011 10:57,21,39,17,283,1439.95
13090,12/10/2011,12/2/2010 7:48,12/1/2011 12:39,9,13,154,97,2262,8895.82,684.2938,1/20/2011 16:16,10/7/2011 15:52,4,6,6,69,221.43
13091,12/10/2011,11/11/2011 15:54,11/11/2011 15:54,29,1,21,21,466,345.82,345.82,11/18/2011 16:48,11/18/2011 16:48,1,3,3,16,26
13092,12/10/2011,12/15/2010 12:27,9/30/2011 11:18,71,5,25,19,279,477.83,95.566,3/23/2011 8:59,3/23/2011 8:59,1,1,1,8,18
13093,12/10/2011,12/1/2010 15:00,3/9/2011 12:14,276,8,159,97,3961,7832.47,979.0588,1/12/2011 12:47,3/17/2011 17:16,5,11,10,18,91
13094,12/10/2011,12/6/2010 10:34,11/18/2011 14:07,22,12,24,4,1716,1927.32,160.61,3/10/2011 10:38,6/10/2011 9:30,4,6,3,174,218.46
13095,12/10/2011,9/30/2011 12:03,9/30/2011 12:03,71,1,6,6,144,74.4,74.4,NULL,NULL,0,0,0,0,0
13097,12/10/2011,12/14/2010 15:13,11/7/2011 10:43,33,10,423,214,2363,6010.42,601.042,2/20/2011 12:31,9/23/2011 11:31,4,13,12,21,102.15
13098,12/10/2011,1/26/2011 13:46,12/8/2011 14:14,2,28,572,156,15968,28882.44,1031.5157,1/26/2011 15:04,12/6/2011 11:32,13,33,28,57,223.56
13099,12/10/2011,9/1/2011 17:40,9/1/2011 17:40,100,1,1,1,288,207.36,207.36,NULL,NULL,0,0,0,0,0
13101,12/10/2011,4/19/2011 14:37,4/19/2011 14:37,235,1,8,8,113,101.19,101.19,NULL,NULL,0,0,0,0,0
13102,12/10/2011,12/9/2010 13:38,12/8/2011 12:52,2,24,304,140,4204,6424.09,267.6704,1/21/2011 11:50,4/28/2011 18:16,3,6,6,44,87.8
13103,12/10/2011,10/31/2011 9:38,10/31/2011 9:38,40,1,8,8,82,243.94,243.94,NULL,NULL,0,0,0,0,0
13104,12/10/2011,12/20/2010 11:58,12/6/2011 13:10,4,6,20,14,504,1098.48,183.08,NULL,NULL,0,0,0,0,0
13106,12/10/2011,7/29/2011 15:12,7/29/2011 15:12,134,1,1,1,18,76.5,76.5,8/3/2011 11:50,8/3/2011 11:50,1,1,1,4,17
13107,12/10/2011,1/10/2011 12:28,10/26/2011 14:52,45,4,58,54,1293,1531.62,382.905,1/14/2011 17:00,1/14/2011 17:00,1,2,2,5,7.55
13108,12/10/2011,12/2/2010 10:35,12/2/2010 10:35,373,1,10,10,298,350.06,350.06,NULL,NULL,0,0,0,0,0
13109,12/10/2011,7/5/2011 14:56,10/11/2011 10:16,60,2,47,41,520,786.54,393.27,7/28/2011 11:27,12/7/2011 12:38,3,3,2,6,19.7
13110,12/10/2011,2/1/2011 15:24,11/8/2011 14:30,32,7,145,109,388,1488.67,212.6671,2/10/2011 14:11,2/10/2011 14:11,1,1,1,4,35.8
13113,12/10/2011,12/8/2010 13:21,12/9/2011 12:49,1,24,200,95,3045,12245.96,510.2483,12/8/2010 13:07,10/10/2011 10:52,15,78,47,449,1722.31
13115,12/10/2011,6/8/2011 16:15,11/28/2011 12:38,12,4,120,88,1567,2294.78,573.695,12/8/2010 15:01,12/1/2011 9:39,10,12,12,33,89.15
13116,12/10/2011,7/24/2011 14:33,7/24/2011 14:33,139,1,30,30,291,501.14,501.14,8/14/2011 14:36,8/14/2011 14:36,1,1,1,1,15.95
13117,12/10/2011,12/2/2010 13:11,11/18/2011 12:02,22,8,76,66,945,984.91,123.1138,NULL,NULL,0,0,0,0,0
13118,12/10/2011,2/24/2011 12:32,11/20/2011 12:46,20,5,79,68,410,1197.81,239.562,2/24/2011 9:59,11/20/2011 12:46,2,3,3,21,72.81
13120,12/10/2011,4/15/2011 10:19,4/15/2011 10:19,239,1,1,1,12,30.6,30.6,NULL,NULL,0,0,0,0,0
13121,12/10/2011,3/15/2011 16:47,3/15/2011 16:47,270,1,50,50,252,283.73,283.73,3/15/2011 16:51,3/15/2011 16:51,1,3,3,25,29
13122,12/10/2011,4/13/2011 14:12,9/6/2011 15:53,95,2,55,54,585,922.39,461.195,NULL,NULL,0,0,0,0,0
13124,12/10/2011,12/15/2010 15:00,9/11/2011 12:45,90,3,235,185,2147,3866.33,1288.7767,NULL,NULL,0,0,0,0,0
13126,12/10/2011,12/8/2010 11:42,12/5/2011 10:00,5,8,140,124,2143,2099.64,262.455,1/11/2011 11:39,11/1/2011 9:39,2,2,2,13,43.35
13127,12/10/2011,9/23/2011 10:26,9/23/2011 10:26,78,1,15,15,127,259.17,259.17,NULL,NULL,0,0,0,0,0
13130,12/10/2011,9/6/2011 15:30,9/6/2011 15:30,95,1,2,2,32,64,64,NULL,NULL,0,0,0,0,0
13131,12/10/2011,6/5/2011 10:54,11/16/2011 13:21,24,3,44,30,447,1073.3,357.7667,10/6/2011 18:45,10/6/2011 18:45,1,2,2,4,34
13132,12/10/2011,3/23/2011 12:44,3/23/2011 12:44,262,1,3,3,20,77.3,77.3,NULL,NULL,0,0,0,0,0
13133,12/10/2011,2/8/2011 15:48,3/11/2011 10:31,274,2,7,7,32,109.8,54.9,NULL,NULL,0,0,0,0,0
13134,12/10/2011,4/13/2011 12:57,9/15/2011 10:35,86,4,98,94,1059,1793.58,448.395,4/19/2011 16:33,9/28/2011 9:22,3,7,7,15,52.95
13135,12/10/2011,5/27/2011 10:52,5/27/2011 10:52,197,1,1,1,4300,3096,3096,NULL,NULL,0,0,0,0,0
13136,12/10/2011,5/11/2011 12:47,10/14/2011 13:41,57,5,127,94,1328,2607.61,521.522,12/9/2010 15:34,10/20/2011 19:13,6,12,12,16,62.23
13137,12/10/2011,2/4/2011 11:54,11/29/2011 12:09,11,8,704,345,2226,3650.41,456.3013,9/9/2011 9:38,9/9/2011 9:38,1,1,1,1,45.33
13138,12/10/2011,12/2/2010 15:03,11/17/2011 16:51,23,6,63,31,473,962.39,160.3983,NULL,NULL,0,0,0,0,0
13139,12/10/2011,3/25/2011 11:57,11/23/2011 13:54,17,7,170,132,2425,5064.94,723.5629,11/14/2011 13:42,11/14/2011 13:42,1,4,4,7,9.15
13140,12/10/2011,12/8/2010 15:12,8/23/2011 15:33,109,3,46,40,186,423.72,141.24,NULL,NULL,0,0,0,0,0
13141,12/10/2011,1/28/2011 13:04,9/16/2011 9:54,85,5,135,113,1548,2388.75,477.75,2/1/2011 15:49,2/1/2011 15:49,1,1,1,1,2.95
13142,12/10/2011,11/20/2011 16:07,11/20/2011 16:07,20,1,23,23,258,307.09,307.09,NULL,NULL,0,0,0,0,0
13144,12/10/2011,1/11/2011 11:15,1/11/2011 11:15,333,1,3,3,21,110.95,110.95,NULL,NULL,0,0,0,0,0
13145,12/10/2011,12/2/2010 18:06,10/31/2011 12:45,40,4,6,5,145,618.52,154.63,9/14/2011 11:39,9/14/2011 11:39,1,1,1,3,3.75
13146,12/10/2011,11/13/2011 15:29,11/13/2011 15:29,27,1,17,16,154,228.91,228.91,NULL,NULL,0,0,0,0,0
13147,12/10/2011,9/1/2011 12:28,11/29/2011 13:59,11,4,4,1,144,712.8,178.2,NULL,NULL,0,0,0,0,0
13148,12/10/2011,12/10/2010 13:06,11/10/2011 15:23,30,12,319,231,1975,3707.12,308.9267,12/21/2010 10:47,8/24/2011 16:20,5,28,27,147,358.64
13149,12/10/2011,2/23/2011 13:57,11/25/2011 13:09,15,4,86,76,1280,1676.06,419.015,NULL,NULL,0,0,0,0,0
13151,12/10/2011,2/17/2011 12:29,2/17/2011 12:29,296,1,74,73,363,1257.87,1257.87,5/20/2011 12:55,5/20/2011 12:55,1,1,1,2,7.5
13153,12/10/2011,12/4/2011 12:14,12/4/2011 12:14,6,1,15,15,418,486.22,486.22,NULL,NULL,0,0,0,0,0
13155,12/10/2011,12/6/2010 12:44,11/6/2011 15:41,34,4,85,67,497,971.76,242.94,NULL,NULL,0,0,0,0,0
13157,12/10/2011,2/14/2011 14:03,10/21/2011 13:50,50,4,87,69,1439,1741.22,435.305,4/18/2011 13:28,4/18/2011 13:28,1,2,2,9,19.65
13158,12/10/2011,1/25/2011 9:58,9/6/2011 11:58,95,4,79,59,784,1201.06,300.265,NULL,NULL,0,0,0,0,0
13159,12/10/2011,8/16/2011 11:44,12/1/2011 11:20,9,4,121,114,1059,1437.85,359.4625,8/26/2011 14:35,8/26/2011 14:35,1,1,1,14,58.1
13160,12/10/2011,11/17/2011 13:07,11/17/2011 13:07,23,1,4,4,56,91.8,91.8,NULL,NULL,0,0,0,0,0
13161,12/10/2011,1/30/2011 14:03,1/30/2011 14:03,314,1,8,8,29,112.75,112.75,NULL,NULL,0,0,0,0,0
13162,12/10/2011,1/9/2011 10:43,8/9/2011 15:59,123,4,79,74,1713,1688.29,422.0725,1/11/2011 16:59,1/11/2011 16:59,1,3,3,50,43.3
13165,12/10/2011,12/23/2010 14:06,10/24/2011 15:05,47,2,42,40,1376,1021.48,510.74,NULL,NULL,0,0,0,0,0
13166,12/10/2011,3/1/2011 15:16,3/1/2011 15:16,284,1,41,39,216,417.2,417.2,3/2/2011 14:28,3/2/2011 14:28,1,1,1,2,2.5
13167,12/10/2011,7/19/2011 12:13,11/21/2011 12:24,19,4,64,50,773,779.33,194.8325,NULL,NULL,0,0,0,0,0
13168,12/10/2011,1/25/2011 13:55,11/3/2011 12:56,37,4,131,102,682,1319.19,329.7975,5/24/2011 13:25,5/24/2011 13:25,1,2,2,2,9.05
13169,12/10/2011,4/1/2011 14:24,10/7/2011 12:11,64,2,13,11,272,712.88,356.44,NULL,NULL,0,0,0,0,0
13170,12/10/2011,11/13/2011 12:19,11/13/2011 12:19,27,1,32,29,147,116.01,116.01,NULL,NULL,0,0,0,0,0
13171,12/10/2011,2/13/2011 14:16,11/18/2011 10:27,22,3,46,37,229,468.41,156.1367,11/23/2011 10:49,12/1/2011 15:06,2,2,1,2,41.6
13173,12/10/2011,12/7/2010 14:30,12/5/2011 15:51,5,2,43,41,277,353.65,176.825,NULL,NULL,0,0,0,0,0
13174,12/10/2011,12/5/2010 16:24,11/23/2011 14:35,17,3,313,227,1394,2813.03,937.6767,NULL,NULL,0,0,0,0,0
13176,12/10/2011,10/24/2011 15:43,10/24/2011 15:43,47,1,72,66,453,492.84,492.84,NULL,NULL,0,0,0,0,0
13177,12/10/2011,10/6/2011 9:56,10/6/2011 9:56,65,1,17,17,91,282.45,282.45,NULL,NULL,0,0,0,0,0
13178,12/10/2011,12/14/2010 12:22,11/13/2011 16:14,27,11,265,95,3570,5725.47,520.4973,NULL,NULL,0,0,0,0,0
13182,12/10/2011,10/25/2011 13:46,10/25/2011 13:46,46,1,11,11,201,121.18,121.18,NULL,NULL,0,0,0,0,0
13183,12/10/2011,1/9/2011 10:50,12/2/2011 10:30,8,9,94,51,2208,3957.78,439.7533,NULL,NULL,0,0,0,0,0
13184,12/10/2011,2/22/2011 17:25,11/25/2011 12:02,15,10,180,137,1691,1700.29,170.029,4/1/2011 12:19,7/11/2011 12:43,2,2,2,30,52.5
13185,12/10/2011,3/17/2011 11:56,3/17/2011 11:56,268,1,1,1,12,71.4,71.4,NULL,NULL,0,0,0,0,0
13186,12/10/2011,8/3/2011 9:09,10/31/2011 11:40,40,3,79,69,820,1575.89,525.2967,8/8/2011 12:32,8/11/2011 10:14,2,5,3,16,36.2
13187,12/10/2011,1/6/2011 18:57,1/6/2011 18:57,338,1,37,37,95,236.02,236.02,NULL,NULL,0,0,0,0,0
13188,12/10/2011,11/28/2011 15:28,11/28/2011 15:28,12,1,1,1,24,99.6,99.6,NULL,NULL,0,0,0,0,0
13189,12/10/2011,8/16/2011 13:12,11/21/2011 10:39,19,2,29,29,842,260.68,130.34,NULL,NULL,0,0,0,0,0
13192,12/10/2011,5/18/2011 14:57,9/5/2011 14:13,96,2,63,57,595,911.94,455.97,NULL,NULL,0,0,0,0,0
13193,12/10/2011,10/9/2011 14:30,10/9/2011 14:30,62,1,29,22,50,117.88,117.88,NULL,NULL,0,0,0,0,0
13194,12/10/2011,7/27/2011 9:01,7/27/2011 9:01,136,1,3,3,26,60.7,60.7,NULL,NULL,0,0,0,0,0
13196,12/10/2011,3/22/2011 14:24,11/28/2011 13:54,12,4,110,97,1224,1797.78,449.445,NULL,NULL,0,0,0,0,0
13198,12/10/2011,12/13/2010 9:29,11/29/2011 15:17,11,6,226,199,2648,3401.24,566.8733,12/14/2010 16:19,10/7/2011 9:21,2,3,3,3,17.15
13199,12/10/2011,12/8/2010 10:51,12/6/2011 12:30,4,37,118,47,6175,9802.12,264.9222,6/15/2011 11:46,6/15/2011 11:46,1,1,1,4,13.16
13200,12/10/2011,8/5/2011 14:50,11/20/2011 15:35,20,4,46,42,516,870.09,217.5225,NULL,NULL,0,0,0,0,0
13203,12/10/2011,4/11/2011 14:40,11/30/2011 10:45,10,4,57,56,800,869.46,217.365,NULL,NULL,0,0,0,0,0
13207,12/10/2011,7/12/2011 11:35,11/24/2011 14:52,16,2,8,7,130,250.26,125.13,NULL,NULL,0,0,0,0,0
13208,12/10/2011,2/3/2011 19:32,10/11/2011 16:25,60,5,147,123,768,1199.42,239.884,NULL,NULL,0,0,0,0,0
13209,12/10/2011,12/13/2010 10:31,11/9/2011 13:54,31,8,321,255,4253,5891.61,736.4513,12/16/2010 15:30,8/24/2011 9:13,3,8,8,21,71.45
13210,12/10/2011,9/7/2011 8:18,9/7/2011 8:18,94,1,22,22,316,353.48,353.48,NULL,NULL,0,0,0,0,0
13211,12/10/2011,12/13/2010 16:17,11/29/2011 14:43,11,3,56,45,874,1197.42,399.14,NULL,NULL,0,0,0,0,0
13212,12/10/2011,10/9/2011 14:48,11/20/2011 12:40,20,3,142,128,310,788.08,262.6933,11/30/2011 15:12,11/30/2011 15:12,1,1,1,1,7.5
13213,12/10/2011,5/24/2011 12:22,10/14/2011 11:42,57,5,90,82,1360,1520.58,304.116,6/16/2011 14:56,6/16/2011 14:56,1,2,2,3,2.15
13216,12/10/2011,3/17/2011 12:18,3/17/2011 12:18,268,1,5,5,297,333.74,333.74,NULL,NULL,0,0,0,0,0
13217,12/10/2011,7/6/2011 12:08,8/9/2011 15:32,123,3,4,3,262,533.98,177.9933,7/20/2011 12:32,8/9/2011 15:30,2,3,3,148,400.36
13218,12/10/2011,8/4/2011 16:59,8/4/2011 16:59,128,1,5,5,88,62.64,62.64,NULL,NULL,0,0,0,0,0
13220,12/10/2011,4/17/2011 10:59,9/22/2011 13:38,79,4,21,18,196,819.29,204.8225,NULL,NULL,0,0,0,0,0
13221,12/10/2011,12/15/2010 13:24,4/13/2011 16:58,241,2,65,61,243,844.86,422.43,NULL,NULL,0,0,0,0,0
13223,12/10/2011,4/21/2011 15:16,5/23/2011 13:03,201,2,5,5,88,163.2,81.6,NULL,NULL,0,0,0,0,0
13224,12/10/2011,7/11/2011 14:10,10/10/2011 14:55,61,2,107,100,1515,2152.95,1076.475,10/10/2011 15:00,10/10/2011 15:00,1,1,1,6,5.1
13225,12/10/2011,12/13/2010 9:49,12/6/2011 13:29,4,7,32,23,3416,6463.84,923.4057,3/31/2011 12:11,3/31/2011 12:11,1,2,1,64,380.8
13226,12/10/2011,3/11/2011 14:35,3/11/2011 14:35,274,1,16,16,80,108.21,108.21,NULL,NULL,0,0,0,0,0
13227,12/10/2011,5/22/2011 11:47,5/22/2011 11:47,202,1,9,9,99,257.7,257.7,NULL,NULL,0,0,0,0,0
13228,12/10/2011,9/19/2011 14:28,9/19/2011 14:28,82,1,2,2,200,358,358,NULL,NULL,0,0,0,0,0
13229,12/10/2011,4/28/2011 12:07,4/28/2011 12:07,226,1,10,10,63,160.95,160.95,NULL,NULL,0,0,0,0,0
13230,12/10/2011,12/9/2010 19:28,12/5/2011 16:03,5,14,611,393,1665,2806.97,200.4979,7/24/2011 16:20,7/24/2011 16:20,1,1,1,121,43.56
13232,12/10/2011,4/10/2011 13:48,11/27/2011 10:39,13,7,206,146,776,1357,193.8571,NULL,NULL,0,0,0,0,0
13233,12/10/2011,1/7/2011 14:49,9/26/2011 13:25,75,2,43,43,1004,605.12,302.56,NULL,NULL,0,0,0,0,0
13235,12/10/2011,5/11/2011 17:13,5/11/2011 17:13,213,1,58,53,441,1031.07,1031.07,NULL,NULL,0,0,0,0,0
13236,12/10/2011,8/25/2011 8:58,11/15/2011 12:50,25,2,36,34,416,744.85,372.425,9/12/2011 17:17,9/12/2011 17:17,1,3,3,5,17.58
13238,12/10/2011,12/14/2010 14:37,11/22/2011 15:37,18,4,31,20,298,700.73,175.1825,11/28/2011 15:30,11/28/2011 15:30,1,1,1,2,19.9
13239,12/10/2011,3/23/2011 10:25,3/23/2011 10:25,262,1,21,21,327,329.56,329.56,NULL,NULL,0,0,0,0,0
13240,12/10/2011,12/9/2010 12:49,9/4/2011 14:08,97,4,66,58,297,648.7,162.175,NULL,NULL,0,0,0,0,0
13242,12/10/2011,5/10/2011 12:26,8/19/2011 12:53,113,3,13,12,130,270.4,90.1333,NULL,NULL,0,0,0,0,0
13243,12/10/2011,5/20/2011 13:14,5/20/2011 13:14,204,1,58,56,233,600.07,600.07,NULL,NULL,0,0,0,0,0
13244,12/10/2011,9/8/2011 11:46,9/8/2011 11:46,93,1,27,27,38,121.74,121.74,NULL,NULL,0,0,0,0,0
13245,12/10/2011,10/20/2011 11:40,10/20/2011 11:40,51,1,16,16,125,430.5,430.5,NULL,NULL,0,0,0,0,0
13246,12/10/2011,1/13/2011 13:36,11/21/2011 16:50,19,6,141,110,1602,1987.3,331.2167,11/21/2011 16:27,11/21/2011 16:27,1,2,2,50,65.2
13247,12/10/2011,9/18/2011 11:31,11/22/2011 10:59,18,4,25,18,328,501.12,125.28,NULL,NULL,0,0,0,0,0
13248,12/10/2011,6/3/2011 13:05,8/7/2011 12:40,125,2,26,25,305,465.68,232.84,NULL,NULL,0,0,0,0,0
13249,12/10/2011,3/23/2011 15:26,9/8/2011 13:26,93,3,23,21,546,711.41,237.1367,NULL,NULL,0,0,0,0,0
13253,12/10/2011,1/4/2011 15:43,7/6/2011 10:09,157,2,36,35,1572,1030.4,515.2,NULL,NULL,0,0,0,0,0
13255,12/10/2011,12/1/2010 11:58,11/30/2011 13:14,10,2,13,13,177,399.51,199.755,12/6/2011 10:56,12/6/2011 10:56,1,1,1,3,8.85
13258,12/10/2011,5/18/2011 13:11,11/28/2011 9:31,12,3,38,28,287,698.58,232.86,NULL,NULL,0,0,0,0,0
13259,12/10/2011,10/9/2011 10:48,10/9/2011 10:48,62,1,87,77,132,292.32,292.32,NULL,NULL,0,0,0,0,0
13260,12/10/2011,10/9/2011 13:21,10/9/2011 13:21,62,1,8,8,142,557.62,557.62,NULL,NULL,0,0,0,0,0
13261,12/10/2011,2/27/2011 10:41,3/16/2011 12:22,269,2,9,8,210,944.1,472.05,NULL,NULL,0,0,0,0,0
13262,12/10/2011,3/21/2011 15:06,3/21/2011 15:06,264,1,11,11,125,200.29,200.29,NULL,NULL,0,0,0,0,0
13263,12/10/2011,1/18/2011 16:31,12/8/2011 13:59,2,34,1672,448,4773,7428.85,218.4956,NULL,NULL,0,0,0,0,0
13265,12/10/2011,3/11/2011 9:54,10/17/2011 15:02,54,5,91,66,1752,2107.66,421.532,NULL,NULL,0,0,0,0,0
13266,12/10/2011,3/28/2011 10:14,11/28/2011 14:39,12,12,187,82,4428,3834.26,319.5217,12/15/2010 16:56,11/18/2011 9:54,7,15,12,129,116.59
13267,12/10/2011,12/8/2010 9:20,12/7/2011 11:12,3,19,211,88,1969,4521.49,237.9732,12/8/2010 14:54,12/1/2011 8:56,8,13,12,30,117.05
13268,12/10/2011,3/17/2011 13:20,11/22/2011 11:34,18,10,439,256,3582,3192.65,319.265,3/30/2011 15:40,11/14/2011 13:10,4,7,7,23,47.05
13269,12/10/2011,12/5/2010 11:51,12/8/2011 14:53,2,15,316,177,3514,5346.23,356.4153,5/10/2011 9:59,10/24/2011 15:57,2,4,4,5,30.31
13270,12/10/2011,12/8/2010 14:53,12/8/2010 14:53,367,1,1,1,200,590,590,NULL,NULL,0,0,0,0,0
13271,12/10/2011,11/2/2011 14:31,11/2/2011 14:31,38,1,96,79,253,217.38,217.38,11/2/2011 14:43,11/2/2011 14:43,1,5,5,72,39.12
13272,12/10/2011,9/11/2011 12:06,11/8/2011 14:00,32,2,15,15,96,276.56,138.28,NULL,NULL,0,0,0,0,0
13273,12/10/2011,8/18/2011 14:02,8/18/2011 14:02,114,1,16,16,153,138.98,138.98,NULL,NULL,0,0,0,0,0
13276,12/10/2011,9/1/2011 10:03,10/7/2011 12:44,64,2,30,30,161,590.93,295.465,NULL,NULL,0,0,0,0,0
13277,12/10/2011,7/29/2011 10:06,11/24/2011 9:21,16,4,8,5,176,258.4,64.6,NULL,NULL,0,0,0,0,0
13278,12/10/2011,10/30/2011 11:49,10/30/2011 11:49,41,1,46,46,537,542.73,542.73,NULL,NULL,0,0,0,0,0
13279,12/10/2011,9/22/2011 17:24,9/22/2011 17:24,79,1,9,9,73,137.75,137.75,10/6/2011 18:51,10/6/2011 18:51,1,2,2,3,11.45
13280,12/10/2011,1/6/2011 17:10,8/9/2011 13:14,123,3,85,67,522,814.86,271.62,NULL,NULL,0,0,0,0,0
13282,12/10/2011,5/3/2011 12:03,11/21/2011 15:33,19,3,37,29,307,1132.14,377.38,5/12/2011 11:23,9/22/2011 10:08,3,3,3,18,84.3
13283,12/10/2011,6/7/2011 12:39,10/11/2011 9:50,60,2,7,7,90,93.66,46.83,NULL,NULL,0,0,0,0,0
13284,12/10/2011,1/13/2011 9:23,1/13/2011 9:23,331,1,13,13,91,201.19,201.19,1/21/2011 10:25,1/21/2011 10:25,1,1,1,12,5.04
13285,12/10/2011,2/22/2011 17:13,11/16/2011 13:19,24,4,187,157,2051,2709.12,677.28,NULL,NULL,0,0,0,0,0
13291,12/10/2011,7/7/2011 10:36,7/7/2011 10:36,156,1,42,41,233,361.11,361.11,NULL,NULL,0,0,0,0,0
13292,12/10/2011,2/28/2011 15:00,11/1/2011 10:04,39,2,31,29,347,578.94,289.47,NULL,NULL,0,0,0,0,0
13294,12/10/2011,4/4/2011 12:37,6/3/2011 8:54,190,2,54,48,453,873.74,436.87,NULL,NULL,0,0,0,0,0
13295,12/10/2011,12/15/2010 11:21,12/15/2010 11:21,360,1,10,10,82,201.2,201.2,12/2/2010 17:36,12/2/2010 17:36,1,1,1,1,3.25
13296,12/10/2011,7/25/2011 13:46,7/25/2011 13:46,138,1,5,5,78,87.4,87.4,NULL,NULL,0,0,0,0,0
13297,12/10/2011,10/3/2011 15:08,12/2/2011 9:32,8,4,59,52,963,2089.85,522.4625,NULL,NULL,0,0,0,0,0
13298,12/10/2011,12/8/2011 13:11,12/8/2011 13:11,2,1,2,2,96,360,360,NULL,NULL,0,0,0,0,0
13299,12/10/2011,3/16/2011 12:55,3/16/2011 12:55,269,1,5,5,30,142.5,142.5,NULL,NULL,0,0,0,0,0
13300,12/10/2011,6/23/2011 13:09,6/23/2011 13:09,170,1,20,20,203,371.89,371.89,6/28/2011 11:59,6/28/2011 11:59,1,2,2,2,6.6
13301,12/10/2011,2/20/2011 13:13,8/28/2011 11:25,104,4,80,74,343,600.19,150.0475,NULL,NULL,0,0,0,0,0
13302,12/10/2011,7/7/2011 17:56,7/7/2011 17:56,156,1,1,1,5,63.75,63.75,NULL,NULL,0,0,0,0,0
13304,12/10/2011,12/23/2010 14:35,12/23/2010 14:35,352,1,21,21,238,300.42,300.42,NULL,NULL,0,0,0,0,0
13305,12/10/2011,12/2/2010 12:10,12/5/2011 15:15,5,10,81,50,1232,2000.86,200.086,NULL,NULL,0,0,0,0,0
13307,12/10/2011,8/11/2011 17:14,8/11/2011 17:14,121,1,1,1,4,15,15,NULL,NULL,0,0,0,0,0
13308,12/10/2011,5/20/2011 13:13,11/17/2011 9:31,23,3,54,49,843,1385.51,461.8367,6/2/2011 14:12,6/2/2011 14:12,1,3,3,3,17.9
13309,12/10/2011,2/4/2011 12:29,12/2/2011 16:34,8,5,107,82,1544,1456.79,291.358,NULL,NULL,0,0,0,0,0
13310,12/10/2011,1/19/2011 14:50,11/11/2011 17:23,29,3,72,65,587,1132.03,377.3433,1/25/2011 12:47,12/1/2011 8:23,3,5,5,12,48.4
13311,12/10/2011,7/12/2011 14:26,12/5/2011 12:55,5,2,26,25,305,598.57,299.285,NULL,NULL,0,0,0,0,0
13313,12/10/2011,1/4/2011 10:00,11/17/2011 16:48,23,5,78,47,851,1555.32,311.064,NULL,NULL,0,0,0,0,0
13314,12/10/2011,9/27/2011 10:20,12/8/2011 12:29,2,3,62,55,560,775.94,258.6467,10/19/2011 14:13,10/19/2011 14:13,1,13,12,76,197.28
13316,12/10/2011,3/30/2011 13:01,11/2/2011 13:40,38,4,87,66,6948,5977.73,1494.4325,3/31/2011 10:36,3/31/2011 10:36,1,1,1,1,162.24
13317,12/10/2011,12/16/2010 9:22,10/4/2011 13:35,67,6,124,100,1035,2273.68,378.9467,4/18/2011 14:15,10/6/2011 19:21,3,11,11,32,133.61
13318,12/10/2011,11/2/2011 13:26,12/8/2011 18:51,2,3,20,14,304,640.76,213.5867,NULL,NULL,0,0,0,0,0
13319,12/10/2011,12/9/2010 10:04,12/4/2011 13:34,6,26,476,209,4724,10845.55,417.1365,12/7/2010 11:47,9/15/2011 17:04,10,24,20,38,181.21
13320,12/10/2011,5/10/2011 10:29,9/22/2011 18:07,79,4,106,77,1096,1548.7,387.175,5/12/2011 19:44,9/30/2011 12:52,2,4,4,30,57
13321,12/10/2011,9/14/2011 15:18,9/28/2011 15:24,73,2,11,10,372,567.36,283.68,NULL,NULL,0,0,0,0,0
13322,12/10/2011,11/22/2011 14:21,11/22/2011 14:21,18,1,25,25,117,199.48,199.48,NULL,NULL,0,0,0,0,0
13323,12/10/2011,9/16/2011 13:23,12/6/2011 17:12,4,5,21,6,175,787.85,157.57,NULL,NULL,0,0,0,0,0
13324,12/10/2011,12/14/2010 9:50,11/3/2011 16:28,37,10,75,25,5205,7121.95,712.195,4/12/2011 16:39,11/7/2011 15:51,2,2,2,5,49.15
13325,12/10/2011,9/19/2011 10:36,9/19/2011 10:36,82,1,12,12,240,675.3,675.3,NULL,NULL,0,0,0,0,0
13327,12/10/2011,12/9/2010 15:32,11/1/2011 10:21,39,8,108,74,1600,3627.77,453.4713,7/26/2011 10:25,7/26/2011 10:25,1,1,1,12,10.2
13328,12/10/2011,1/27/2011 15:22,1/27/2011 15:22,317,1,17,17,680,1308.48,1308.48,NULL,NULL,0,0,0,0,0
13329,12/10/2011,12/8/2010 10:11,11/8/2011 10:29,32,2,17,16,463,789,394.5,12/14/2010 10:21,12/20/2010 13:57,2,2,2,36,48.6
13330,12/10/2011,1/28/2011 10:08,9/8/2011 12:27,93,3,53,37,751,1140.93,380.31,NULL,NULL,0,0,0,0,0
13332,12/10/2011,11/25/2011 13:30,11/25/2011 13:30,15,1,21,21,179,350.9,350.9,NULL,NULL,0,0,0,0,0
13334,12/10/2011,2/7/2011 11:42,9/18/2011 15:21,83,3,268,207,1774,3536.82,1178.94,NULL,NULL,0,0,0,0,0
13336,12/10/2011,9/23/2011 14:05,9/23/2011 14:05,78,1,51,51,559,795.12,795.12,NULL,NULL,0,0,0,0,0
13338,12/10/2011,7/5/2011 9:06,7/5/2011 9:06,158,1,17,17,254,422.02,422.02,7/8/2011 14:53,7/8/2011 14:53,1,4,4,8,40.2
13339,12/10/2011,5/23/2011 8:31,5/23/2011 8:31,201,1,54,54,326,860.12,860.12,NULL,NULL,0,0,0,0,0
13340,12/10/2011,3/8/2011 11:39,10/25/2011 13:15,46,7,134,128,5770,10736.48,1533.7829,NULL,NULL,0,0,0,0,0
13341,12/10/2011,3/24/2011 9:50,3/24/2011 9:50,261,1,42,42,301,775.85,775.85,NULL,NULL,0,0,0,0,0
13343,12/10/2011,6/15/2011 12:24,6/15/2011 12:24,178,1,18,18,134,303.43,303.43,6/20/2011 11:37,6/20/2011 11:37,1,3,3,9,49.5
13344,12/10/2011,3/7/2011 10:28,10/3/2011 9:45,68,3,119,115,971,2543.72,847.9067,NULL,NULL,0,0,0,0,0
13345,12/10/2011,2/25/2011 9:01,2/25/2011 9:01,288,1,19,19,140,339.5,339.5,3/8/2011 8:34,3/8/2011 8:34,1,2,2,2,11.9
13347,12/10/2011,9/30/2011 13:28,9/30/2011 13:28,71,1,7,7,204,291.36,291.36,NULL,NULL,0,0,0,0,0
13348,12/10/2011,10/6/2011 17:28,10/6/2011 17:28,65,1,14,14,136,233.76,233.76,NULL,NULL,0,0,0,0,0
13349,12/10/2011,11/29/2011 8:07,11/29/2011 8:07,11,1,15,15,224,197.32,197.32,NULL,NULL,0,0,0,0,0
13350,12/10/2011,9/21/2011 13:33,11/23/2011 16:33,17,2,38,35,285,879.12,439.56,10/20/2011 18:24,10/20/2011 18:24,1,3,3,3,68.4
13351,12/10/2011,10/4/2011 12:55,10/4/2011 12:55,67,1,15,15,116,323.94,323.94,NULL,NULL,0,0,0,0,0
13352,12/10/2011,10/10/2011 13:55,10/10/2011 13:55,61,1,23,23,320,347.98,347.98,12/2/2011 11:58,12/2/2011 11:58,1,3,3,6,8.7
13354,12/10/2011,9/29/2011 13:17,9/29/2011 13:17,72,1,51,51,604,743.53,743.53,NULL,NULL,0,0,0,0,0
13355,12/10/2011,8/9/2011 14:48,8/9/2011 14:48,123,1,32,32,314,674.7,674.7,NULL,NULL,0,0,0,0,0
13356,12/10/2011,9/20/2011 14:33,9/20/2011 14:33,81,1,42,42,325,768.24,768.24,NULL,NULL,0,0,0,0,0
13357,12/10/2011,3/27/2011 13:56,3/27/2011 13:56,258,1,90,85,322,609.95,609.95,NULL,NULL,0,0,0,0,0
13358,12/10/2011,3/16/2011 11:52,3/16/2011 11:52,269,1,28,28,284,389.03,389.03,NULL,NULL,0,0,0,0,0
13359,12/10/2011,10/7/2011 9:30,10/7/2011 9:30,64,1,22,22,160,389.56,389.56,10/11/2011 16:48,10/11/2011 16:48,1,1,1,2,8.3
13362,12/10/2011,2/25/2011 11:33,11/30/2011 14:41,10,4,166,128,1382,3090.74,772.685,12/6/2011 13:57,12/6/2011 13:57,1,3,3,3,5.25
13363,12/10/2011,10/27/2011 10:46,11/22/2011 12:40,18,2,58,46,708,892.5,446.25,NULL,NULL,0,0,0,0,0
13364,12/10/2011,9/29/2011 18:13,9/29/2011 18:13,72,1,9,9,70,127.46,127.46,10/4/2011 9:48,10/4/2011 9:48,1,9,9,70,127.46
13365,12/10/2011,5/6/2011 12:00,11/6/2011 12:36,34,2,128,122,1247,2225.37,1112.685,12/1/2011 8:39,12/1/2011 8:39,1,4,4,9,34.15
13366,12/10/2011,10/20/2011 13:37,10/20/2011 13:37,51,1,1,1,144,56.16,56.16,NULL,NULL,0,0,0,0,0
13368,12/10/2011,1/6/2011 12:32,3/28/2011 9:59,257,2,28,28,326,573.4,286.7,NULL,NULL,0,0,0,0,0
13369,12/10/2011,12/9/2010 11:30,12/9/2010 11:30,366,1,13,13,148,258.28,258.28,12/20/2010 14:02,12/20/2010 14:02,1,5,5,22,44.53
13370,12/10/2011,12/3/2010 10:26,12/3/2010 10:26,372,1,39,39,343,754.87,754.87,12/8/2010 15:57,12/8/2010 15:57,1,5,5,7,33.55
13372,12/10/2011,9/11/2011 12:46,9/11/2011 12:46,90,1,22,22,158,328.64,328.64,NULL,NULL,0,0,0,0,0
13373,12/10/2011,3/8/2011 14:35,10/10/2011 10:51,61,3,158,135,1651,3312.25,1104.0833,NULL,NULL,0,0,0,0,0
13375,12/10/2011,9/12/2011 10:19,9/12/2011 10:19,89,1,37,37,442,778.65,778.65,9/19/2011 16:01,9/19/2011 16:01,1,1,1,1,5.75
13376,12/10/2011,4/19/2011 13:03,9/1/2011 16:16,100,3,50,44,490,869.76,289.92,NULL,NULL,0,0,0,0,0
13379,12/10/2011,7/26/2011 12:26,11/13/2011 13:45,27,3,97,85,601,572.56,190.8533,NULL,NULL,0,0,0,0,0
13381,12/10/2011,2/14/2011 10:10,11/8/2011 11:58,32,6,172,77,2029,3639.31,606.5517,11/18/2011 16:59,11/18/2011 16:59,1,1,1,2,12.5
13382,12/10/2011,3/4/2011 10:03,3/4/2011 10:03,281,1,15,15,131,222.99,222.99,NULL,NULL,0,0,0,0,0
13384,12/10/2011,6/14/2011 12:47,11/9/2011 11:04,31,7,152,123,2422,4151.93,593.1329,6/21/2011 18:02,8/10/2011 13:06,2,3,3,7,29.65
13385,12/10/2011,1/14/2011 9:52,1/14/2011 9:52,330,1,35,35,281,534.57,534.57,NULL,NULL,0,0,0,0,0
13388,12/10/2011,7/31/2011 12:52,7/31/2011 12:52,132,2,35,35,282,677.1,338.55,8/10/2011 13:35,8/10/2011 13:35,1,1,1,1,49.95
13389,12/10/2011,4/21/2011 12:12,11/28/2011 14:01,12,3,50,49,428,782.96,260.9867,NULL,NULL,0,0,0,0,0
13390,12/10/2011,9/26/2011 8:38,9/26/2011 8:38,75,1,13,13,224,544.08,544.08,NULL,NULL,0,0,0,0,0
13391,12/10/2011,5/20/2011 10:50,5/20/2011 10:50,204,1,1,1,4,59.8,59.8,NULL,NULL,0,0,0,0,0
13394,12/10/2011,2/3/2011 10:39,12/8/2011 11:36,2,8,155,124,2392,2520.02,315.0025,11/2/2011 12:32,11/2/2011 12:32,1,8,8,176,201.72
13395,12/10/2011,6/7/2011 15:04,6/7/2011 15:04,186,1,21,21,336,307.72,307.72,NULL,NULL,0,0,0,0,0
13396,12/10/2011,1/24/2011 13:37,11/10/2011 16:59,30,2,43,42,600,1360.99,680.495,1/31/2011 11:15,11/18/2011 9:42,2,4,4,8,35.7
13397,12/10/2011,1/4/2011 13:50,9/28/2011 10:56,73,5,38,28,430,1544.13,308.826,6/13/2011 17:18,6/13/2011 17:18,1,1,1,1,4.95
13398,12/10/2011,5/31/2011 13:17,5/31/2011 13:17,193,1,26,26,281,457.34,457.34,NULL,NULL,0,0,0,0,0
13402,12/10/2011,12/2/2010 17:12,8/4/2011 15:51,128,2,39,32,479,621.23,310.615,NULL,NULL,0,0,0,0,0
13403,12/10/2011,11/22/2011 8:28,11/22/2011 8:28,18,1,3,3,44,75,75,NULL,NULL,0,0,0,0,0
13404,12/10/2011,5/11/2011 11:57,12/8/2011 15:37,2,2,11,11,111,252.49,126.245,NULL,NULL,0,0,0,0,0
13405,12/10/2011,1/26/2011 9:27,5/19/2011 16:31,205,2,25,24,163,557.45,278.725,NULL,NULL,0,0,0,0,0
13408,12/10/2011,12/1/2010 10:39,12/8/2011 9:05,2,62,478,234,16232,28117.04,453.5006,12/2/2010 17:31,12/1/2011 11:21,17,21,12,111,574.05
13410,12/10/2011,2/21/2011 14:38,11/15/2011 15:33,25,5,28,15,518,1003.06,200.612,3/2/2011 15:24,12/1/2011 8:58,2,2,2,5,14.15
13411,12/10/2011,8/24/2011 13:57,8/24/2011 13:57,108,1,18,17,72,213.55,213.55,NULL,NULL,0,0,0,0,0
13414,12/10/2011,2/16/2011 12:13,7/29/2011 11:45,134,3,24,23,1574,1390.5,463.5,NULL,NULL,0,0,0,0,0
13416,12/10/2011,9/19/2011 14:43,10/27/2011 8:56,44,2,19,11,142,712.5,356.25,NULL,NULL,0,0,0,0,0
13417,12/10/2011,5/18/2011 16:26,12/5/2011 8:49,5,2,28,26,162,640.83,320.415,NULL,NULL,0,0,0,0,0
13418,12/10/2011,12/2/2010 10:45,11/28/2011 10:23,12,18,304,223,3918,6127.43,340.4128,4/4/2011 15:34,10/11/2011 16:27,5,10,10,79,281.99
13419,12/10/2011,10/7/2011 12:49,10/7/2011 12:49,64,1,16,16,275,221.06,221.06,NULL,NULL,0,0,0,0,0
13420,12/10/2011,6/22/2011 11:35,7/13/2011 8:48,150,2,8,8,101,159.85,79.925,7/6/2011 13:42,7/28/2011 12:10,2,2,2,13,19.5
13421,12/10/2011,2/22/2011 15:46,10/30/2011 14:21,41,2,103,87,1156,1840.58,920.29,2/22/2011 15:48,2/22/2011 15:48,1,1,1,1,2.1
13422,12/10/2011,10/6/2011 13:42,10/6/2011 13:42,65,1,127,127,1326,2626.3,2626.3,10/19/2011 13:45,10/19/2011 13:45,1,1,1,5,24.75
13425,12/10/2011,2/18/2011 8:34,8/23/2011 17:13,109,3,77,65,1122,1609.21,536.4033,NULL,NULL,0,0,0,0,0
13426,12/10/2011,12/15/2010 12:43,12/9/2011 8:59,1,10,157,103,2245,3641.32,364.132,9/30/2011 12:50,9/30/2011 12:50,1,1,1,20,83
13427,12/10/2011,5/8/2011 15:58,11/20/2011 13:02,20,3,29,25,545,582.6,194.2,NULL,NULL,0,0,0,0,0
13428,12/10/2011,11/29/2011 14:20,11/29/2011 14:20,11,1,74,70,156,218.47,218.47,NULL,NULL,0,0,0,0,0
13429,12/10/2011,9/25/2011 15:59,11/29/2011 9:10,11,4,67,55,1390,1006.8,251.7,NULL,NULL,0,0,0,0,0
13430,12/10/2011,9/14/2011 14:26,11/21/2011 8:19,19,2,49,48,751,679.45,339.725,9/23/2011 9:16,9/28/2011 11:45,2,4,4,12,27.38
13431,12/10/2011,9/12/2011 11:25,10/3/2011 13:49,68,2,46,44,672,1269.1,634.55,NULL,NULL,0,0,0,0,0
13434,12/10/2011,9/4/2011 10:35,9/26/2011 14:30,75,2,10,9,300,534.24,267.12,NULL,NULL,0,0,0,0,0
13435,12/10/2011,6/3/2011 17:07,12/4/2011 14:45,6,7,101,68,2129,3809.89,544.27,9/23/2011 8:22,12/4/2011 14:59,2,2,2,4,15.4
13436,12/10/2011,12/8/2011 10:33,12/8/2011 10:33,2,1,12,12,76,196.89,196.89,NULL,NULL,0,0,0,0,0
13437,12/10/2011,6/2/2011 14:30,11/25/2011 14:00,15,7,167,143,1283,3408.06,486.8657,NULL,NULL,0,0,0,0,0
13439,12/10/2011,3/29/2011 14:20,3/29/2011 14:20,256,1,54,54,242,283.71,283.71,NULL,NULL,0,0,0,0,0
13441,12/10/2011,9/9/2011 9:38,9/9/2011 9:38,92,1,13,13,204,296.64,296.64,NULL,NULL,0,0,0,0,0
13447,12/10/2011,11/4/2011 10:10,11/16/2011 13:38,24,3,59,55,584,1129.14,376.38,11/14/2011 13:35,11/14/2011 13:35,1,3,3,7,24.91
13448,12/10/2011,12/1/2010 10:52,11/23/2011 12:33,17,6,195,137,1660,3539.37,589.895,12/10/2010 14:32,9/21/2011 12:50,4,4,4,22,73.7
13449,12/10/2011,11/16/2011 8:28,11/16/2011 8:28,24,1,19,19,222,291.88,291.88,NULL,NULL,0,0,0,0,0
13450,12/10/2011,5/5/2011 19:48,11/13/2011 11:54,27,6,71,32,1982,2043.72,340.62,NULL,NULL,0,0,0,0,0
13451,12/10/2011,1/9/2011 15:35,11/13/2011 15:58,27,5,443,315,2149,2976.15,595.23,3/15/2011 13:01,3/15/2011 13:01,1,1,1,6,59.7
13452,12/10/2011,3/14/2011 11:38,3/25/2011 14:19,260,2,2,1,2,590,295,NULL,NULL,0,0,0,0,0
13453,12/10/2011,2/23/2011 9:44,6/27/2011 9:34,166,2,17,16,134,356.98,178.49,NULL,NULL,0,0,0,0,0
13455,12/10/2011,12/8/2010 13:11,11/15/2011 11:21,25,2,46,42,354,1058.34,529.17,1/14/2011 16:55,5/23/2011 14:33,2,7,7,9,50.99
13456,12/10/2011,5/16/2011 15:34,11/22/2011 9:18,18,6,62,42,764,1751.72,291.9533,6/9/2011 19:36,6/9/2011 19:36,1,2,2,9,28.9
13458,12/10/2011,12/15/2010 12:05,12/2/2011 15:29,8,14,382,242,5508,9646.57,689.0407,12/22/2010 13:59,11/21/2011 16:55,8,12,11,48,108.65
13460,12/10/2011,10/21/2011 9:50,11/10/2011 17:17,30,2,17,16,286,183.44,91.72,NULL,NULL,0,0,0,0,0
13461,12/10/2011,6/29/2011 10:23,11/1/2011 9:01,39,3,27,14,1170,1445,481.6667,NULL,NULL,0,0,0,0,0
13462,12/10/2011,4/1/2011 11:20,4/1/2011 11:20,253,1,9,9,62,151.5,151.5,6/9/2011 19:53,6/9/2011 19:53,1,1,1,1,8.25
13464,12/10/2011,10/12/2011 15:01,10/12/2011 15:01,59,1,41,41,403,674.68,674.68,NULL,NULL,0,0,0,0,0
13466,12/10/2011,6/8/2011 16:39,6/8/2011 16:39,185,1,17,17,259,307.9,307.9,8/31/2011 15:29,8/31/2011 15:29,1,1,1,1,9.95
13467,12/10/2011,11/3/2011 16:56,11/29/2011 10:01,11,2,99,89,584,1083.71,541.855,NULL,NULL,0,0,0,0,0
13468,12/10/2011,12/1/2010 15:08,12/8/2011 10:39,2,37,302,184,2589,5704.97,154.1884,5/27/2011 10:34,12/1/2011 8:25,4,4,4,8,48.22
13470,12/10/2011,8/16/2011 17:06,9/1/2011 14:57,100,2,10,7,100,165,82.5,NULL,NULL,0,0,0,0,0
13471,12/10/2011,10/23/2011 13:10,12/8/2011 15:44,2,4,260,214,1590,2531.58,632.895,NULL,NULL,0,0,0,0,0
13473,12/10/2011,1/11/2011 8:45,10/10/2011 11:20,61,2,21,21,266,422.64,211.32,1/13/2011 12:56,1/13/2011 12:56,1,1,1,6,5.1
13474,12/10/2011,4/17/2011 13:53,4/17/2011 13:53,237,1,64,59,132,229.59,229.59,NULL,NULL,0,0,0,0,0
13475,12/10/2011,2/14/2011 12:36,6/1/2011 13:52,192,4,86,64,1012,1431.78,357.945,NULL,NULL,0,0,0,0,0
13476,12/10/2011,3/3/2011 14:43,6/14/2011 12:00,179,2,58,56,417,1238.47,619.235,3/10/2011 15:06,6/7/2011 16:01,2,3,3,3,145.7
13477,12/10/2011,2/21/2011 12:29,11/2/2011 12:04,38,6,79,57,1021,1454.58,242.43,3/2/2011 16:53,3/29/2011 9:19,2,2,2,3,13.05
13479,12/10/2011,4/19/2011 11:27,5/23/2011 10:45,201,2,15,14,134,300.95,150.475,5/25/2011 16:49,5/25/2011 16:49,1,1,1,1,9.95
13481,12/10/2011,3/28/2011 9:07,10/25/2011 9:07,46,5,109,98,1142,1804.56,360.912,12/6/2010 15:12,9/26/2011 11:59,3,3,2,15,27.75
13482,12/10/2011,4/21/2011 17:03,4/21/2011 17:03,233,1,11,11,116,184.64,184.64,NULL,NULL,0,0,0,0,0
13483,12/10/2011,10/5/2011 11:53,10/5/2011 11:53,66,1,10,10,160,140.34,140.34,NULL,NULL,0,0,0,0,0
13484,12/10/2011,4/12/2011 16:30,4/12/2011 16:30,242,1,8,8,44,313.8,313.8,NULL,NULL,0,0,0,0,0
13485,12/10/2011,4/20/2011 13:58,4/20/2011 13:58,234,1,23,23,277,454.24,454.24,NULL,NULL,0,0,0,0,0
13486,12/10/2011,7/7/2011 17:19,9/22/2011 13:13,79,3,69,69,669,1122.41,374.1367,NULL,NULL,0,0,0,0,0
13487,12/10/2011,12/21/2010 14:54,10/13/2011 12:07,58,3,34,26,265,575.4,191.8,NULL,NULL,0,0,0,0,0
13488,12/10/2011,12/7/2010 13:01,11/22/2011 14:41,18,13,422,271,4518,8968.31,689.87,1/6/2011 17:27,7/21/2011 12:07,4,5,5,6,57.7
13489,12/10/2011,2/18/2011 10:42,8/26/2011 13:16,106,4,14,11,560,449.52,112.38,NULL,NULL,0,0,0,0,0
13491,12/10/2011,12/2/2010 14:30,10/19/2011 8:32,52,10,86,73,903,1215.82,121.582,NULL,NULL,0,0,0,0,0
13492,12/10/2011,5/9/2011 10:06,7/26/2011 14:25,137,3,50,38,408,1269.84,423.28,NULL,NULL,0,0,0,0,0
13493,12/10/2011,2/25/2011 16:42,3/9/2011 15:35,276,2,6,5,377,498.63,249.315,NULL,NULL,0,0,0,0,0
13494,12/10/2011,2/1/2011 11:58,2/1/2011 11:58,312,1,18,18,162,316.26,316.26,NULL,NULL,0,0,0,0,0
13495,12/10/2011,12/6/2010 15:14,12/2/2011 11:21,8,5,48,34,829,2044.87,408.974,12/8/2010 13:23,12/8/2010 13:23,1,4,4,15,54.75
13496,12/10/2011,12/15/2010 10:17,11/29/2011 10:58,11,2,35,28,341,653.33,326.665,12/16/2010 17:33,12/16/2010 17:33,1,1,1,12,35.4
13497,12/10/2011,12/6/2010 11:37,3/2/2011 9:04,283,2,19,19,163,348.05,174.025,12/6/2010 11:42,12/6/2010 11:42,1,1,1,4,27
13499,12/10/2011,3/15/2011 8:52,11/22/2011 11:21,18,5,42,31,1365,1159.11,231.822,5/6/2011 15:10,10/6/2011 18:28,2,3,3,7,12.15
13500,12/10/2011,8/9/2011 12:20,11/16/2011 15:35,24,3,65,60,609,1166.77,388.9233,11/11/2011 10:40,11/11/2011 10:40,1,2,2,24,30
13501,12/10/2011,2/24/2011 18:59,2/24/2011 18:59,289,1,52,52,560,1340.32,1340.32,4/11/2011 9:35,4/11/2011 9:35,1,1,1,3,29.85
13502,12/10/2011,1/20/2011 9:03,11/23/2011 10:39,17,3,18,17,264,292,97.3333,NULL,NULL,0,0,0,0,0
13503,12/10/2011,9/29/2011 13:23,9/29/2011 13:23,72,1,17,17,248,216.85,216.85,NULL,NULL,0,0,0,0,0
13504,12/10/2011,10/6/2011 13:20,10/6/2011 13:20,65,1,22,22,178,295.93,295.93,NULL,NULL,0,0,0,0,0
13505,12/10/2011,4/21/2011 12:07,9/28/2011 11:56,73,4,211,181,2467,3633.63,908.4075,5/3/2011 11:27,10/3/2011 12:14,4,12,11,25,110.75
13506,12/10/2011,12/5/2010 12:15,1/27/2011 13:53,317,2,26,26,324,458.52,229.26,1/31/2011 15:27,1/31/2011 15:27,1,3,3,3,5.7
13507,12/10/2011,7/17/2011 11:50,12/6/2011 13:13,4,4,162,146,1597,2479.16,619.79,NULL,NULL,0,0,0,0,0
13508,12/10/2011,4/10/2011 11:58,4/10/2011 11:58,244,1,12,12,24,110.97,110.97,NULL,NULL,0,0,0,0,0
13509,12/10/2011,2/28/2011 13:27,12/1/2011 10:10,9,6,43,26,1105,964.72,160.7867,NULL,NULL,0,0,0,0,0
13510,12/10/2011,6/9/2011 9:32,12/8/2011 13:46,2,4,115,86,1386,1791.56,447.89,7/7/2011 12:49,7/7/2011 12:49,1,2,2,4,6.4
13512,12/10/2011,3/24/2011 10:03,3/24/2011 10:03,261,1,15,15,143,251.21,251.21,NULL,NULL,0,0,0,0,0
13513,12/10/2011,8/5/2011 11:50,8/5/2011 11:50,127,1,10,10,109,205.1,205.1,NULL,NULL,0,0,0,0,0
13514,12/10/2011,9/27/2011 9:39,9/27/2011 9:39,74,1,4,4,40,152.2,152.2,NULL,NULL,0,0,0,0,0
13515,12/10/2011,4/6/2011 10:33,9/28/2011 11:26,73,4,59,50,681,891.12,222.78,NULL,NULL,0,0,0,0,0
13516,12/10/2011,4/15/2011 11:06,11/18/2011 13:15,22,3,43,42,984,1374.41,458.1367,NULL,NULL,0,0,0,0,0
13517,12/10/2011,6/13/2011 8:44,10/11/2011 11:43,60,3,141,125,1369,2128.42,709.4733,6/20/2011 13:33,8/24/2011 10:25,2,2,2,9,19.35
13518,12/10/2011,9/15/2011 10:29,9/15/2011 10:29,86,1,38,36,392,659.44,659.44,NULL,NULL,0,0,0,0,0
13519,12/10/2011,9/22/2011 18:24,9/22/2011 18:24,79,1,8,8,23,122.75,122.75,10/20/2011 15:56,10/20/2011 15:56,1,1,1,1,11.95
13520,12/10/2011,12/3/2010 10:36,10/12/2011 10:20,59,6,87,48,1633,2984.35,497.3917,8/3/2011 11:23,8/3/2011 11:23,1,1,1,4,16.6
13521,12/10/2011,11/29/2011 15:09,12/8/2011 13:50,2,3,435,312,733,1092.39,364.13,NULL,NULL,0,0,0,0,0
13522,12/10/2011,11/9/2011 15:11,11/9/2011 15:11,31,1,5,5,44,125.8,125.8,NULL,NULL,0,0,0,0,0
13523,12/10/2011,12/8/2010 14:22,11/6/2011 15:11,34,5,172,157,1752,3964.88,792.976,6/16/2011 9:55,6/16/2011 9:55,1,5,5,7,209.5
13524,12/10/2011,5/4/2011 12:26,10/30/2011 12:34,41,5,25,16,322,650.18,130.036,NULL,NULL,0,0,0,0,0
13525,12/10/2011,4/5/2011 15:36,11/25/2011 12:01,15,2,6,5,394,628.78,314.39,NULL,NULL,0,0,0,0,0
13527,12/10/2011,1/17/2011 11:17,11/6/2011 12:04,34,7,223,153,1692,2287.51,326.7871,9/11/2011 12:14,9/11/2011 12:14,1,1,1,19,23.75
13529,12/10/2011,5/19/2011 11:50,9/22/2011 9:15,79,2,15,15,74,307.76,153.88,NULL,NULL,0,0,0,0,0
13531,12/10/2011,12/8/2010 15:03,5/18/2011 16:56,206,2,22,17,174,483.8,241.9,NULL,NULL,0,0,0,0,0
13532,12/10/2011,11/6/2011 12:25,11/6/2011 12:25,34,1,66,66,129,210.31,210.31,NULL,NULL,0,0,0,0,0
13533,12/10/2011,3/17/2011 12:47,6/10/2011 11:54,183,3,76,61,204,270.79,90.2633,NULL,NULL,0,0,0,0,0
13534,12/10/2011,12/16/2010 15:23,12/7/2011 14:52,3,25,296,119,2961,5870.08,234.8032,12/23/2010 11:50,11/4/2011 13:22,18,46,32,85,257
13536,12/10/2011,9/25/2011 13:30,12/8/2011 16:38,2,7,179,91,2136,3448.29,492.6129,NULL,NULL,0,0,0,0,0
13538,12/10/2011,1/28/2011 10:40,10/27/2011 16:34,44,7,25,10,175,1280.85,182.9786,NULL,NULL,0,0,0,0,0
13539,12/10/2011,2/3/2011 15:23,9/15/2011 10:18,86,3,37,35,320,631.34,210.4467,4/14/2011 11:27,4/14/2011 11:27,1,1,1,6,25.5
13544,12/10/2011,4/13/2011 12:09,10/31/2011 11:57,40,2,87,76,127,291.41,145.705,NULL,NULL,0,0,0,0,0
13546,12/10/2011,5/23/2011 12:14,11/27/2011 14:50,13,3,98,72,359,626.99,208.9967,NULL,NULL,0,0,0,0,0
13548,12/10/2011,4/10/2011 11:35,9/4/2011 14:50,97,2,124,114,441,682.41,341.205,NULL,NULL,0,0,0,0,0
13549,12/10/2011,4/11/2011 13:42,11/14/2011 9:20,26,7,51,37,458,918.2,131.1714,5/24/2011 16:59,5/24/2011 16:59,1,1,1,1,2.08
13551,12/10/2011,1/24/2011 14:46,1/24/2011 14:46,320,1,4,4,12,91.8,91.8,NULL,NULL,0,0,0,0,0
13552,12/10/2011,1/28/2011 10:10,10/4/2011 15:19,67,12,109,82,1417,3740.07,311.6725,5/5/2011 17:29,9/19/2011 14:46,4,12,11,31,200.54
13555,12/10/2011,5/22/2011 11:06,9/27/2011 12:36,74,4,136,128,2660,4149.28,1037.32,NULL,NULL,0,0,0,0,0
13557,12/10/2011,3/4/2011 12:14,11/11/2011 15:24,29,2,34,31,546,584.06,292.03,NULL,NULL,0,0,0,0,0
13558,12/10/2011,10/2/2011 13:01,12/4/2011 11:24,6,4,175,123,344,605.06,151.265,NULL,NULL,0,0,0,0,0
13560,12/10/2011,12/2/2011 13:11,12/2/2011 13:11,8,1,33,32,64,174.37,174.37,NULL,NULL,0,0,0,0,0
13561,12/10/2011,5/8/2011 12:39,5/8/2011 12:39,216,1,14,14,83,141.86,141.86,NULL,NULL,0,0,0,0,0
13562,12/10/2011,4/8/2011 12:42,9/19/2011 10:51,82,3,82,50,757,1799.33,599.7767,NULL,NULL,0,0,0,0,0
13563,12/10/2011,7/22/2011 17:21,9/16/2011 14:45,85,2,49,49,209,777.53,388.765,NULL,NULL,0,0,0,0,0
13564,12/10/2011,12/6/2010 17:26,12/20/2010 16:50,355,2,82,67,660,1198.38,599.19,NULL,NULL,0,0,0,0,0
13565,12/10/2011,1/9/2011 14:28,11/20/2011 14:33,20,2,38,35,172,240.22,120.11,NULL,NULL,0,0,0,0,0
13566,12/10/2011,9/18/2011 12:40,10/30/2011 11:59,41,2,176,134,575,874.71,437.355,NULL,NULL,0,0,0,0,0
13568,12/10/2011,6/19/2011 14:42,6/19/2011 14:42,174,1,44,41,70,192.85,192.85,NULL,NULL,0,0,0,0,0
13569,12/10/2011,12/7/2010 12:29,11/22/2011 13:07,18,2,84,72,163,372.25,186.125,NULL,NULL,0,0,0,0,0
13570,12/10/2011,4/10/2011 13:36,4/10/2011 13:36,244,1,27,27,161,239.49,239.49,NULL,NULL,0,0,0,0,0
13571,12/10/2011,3/31/2011 12:43,11/27/2011 10:47,13,12,341,157,1759,2092.32,174.36,NULL,NULL,0,0,0,0,0
13572,12/10/2011,5/18/2011 11:59,5/18/2011 11:59,206,1,33,32,534,1384.25,1384.25,NULL,NULL,0,0,0,0,0
13573,12/10/2011,3/31/2011 14:47,10/20/2011 14:33,51,2,26,24,303,294.4,147.2,NULL,NULL,0,0,0,0,0
13575,12/10/2011,6/16/2011 14:24,11/16/2011 13:14,24,5,46,41,449,732.07,146.414,NULL,NULL,0,0,0,0,0
13576,12/10/2011,12/1/2010 17:24,11/29/2011 15:34,11,18,126,78,2646,6717.34,373.1856,1/11/2011 11:46,8/24/2011 8:55,2,4,4,6,14.04
13577,12/10/2011,4/12/2011 10:33,11/14/2011 15:19,26,4,83,61,791,1687.6,421.9,9/12/2011 9:43,9/12/2011 9:43,1,2,2,20,29.3
13579,12/10/2011,12/5/2010 16:10,11/25/2011 8:41,15,2,23,19,176,467.04,233.52,NULL,NULL,0,0,0,0,0
13581,12/10/2011,2/3/2011 14:41,2/3/2011 14:41,310,1,10,10,30,118,118,NULL,NULL,0,0,0,0,0
13583,12/10/2011,7/7/2011 10:40,7/7/2011 10:40,156,1,53,53,725,781.03,781.03,NULL,NULL,0,0,0,0,0
13584,12/10/2011,2/6/2011 12:49,2/6/2011 12:49,307,1,24,24,37,142.4,142.4,NULL,NULL,0,0,0,0,0
13587,12/10/2011,10/7/2011 12:31,10/7/2011 12:31,64,1,8,8,180,712.4,712.4,10/27/2011 14:24,11/8/2011 11:17,2,3,3,20,365.4
13588,12/10/2011,3/29/2011 15:53,11/24/2011 10:42,16,9,174,131,2606,2478.95,275.4389,8/8/2011 13:40,11/11/2011 13:30,3,5,4,32,29.42
13589,12/10/2011,6/13/2011 12:44,11/25/2011 12:10,15,2,21,21,114,379.65,189.825,NULL,NULL,0,0,0,0,0
13590,12/10/2011,2/9/2011 13:25,11/28/2011 12:54,12,6,87,70,1848,1981.92,330.32,7/21/2011 17:56,7/21/2011 17:56,1,2,2,2,5.8
13591,12/10/2011,3/18/2011 12:18,10/6/2011 12:26,65,3,58,56,485,1117.13,372.3767,NULL,NULL,0,0,0,0,0
13592,12/10/2011,3/20/2011 14:01,11/4/2011 9:49,36,4,16,15,84,247.96,61.99,NULL,NULL,0,0,0,0,0
13593,12/10/2011,1/7/2011 16:32,8/23/2011 13:35,109,5,128,77,731,2037.08,407.416,3/21/2011 12:10,3/21/2011 12:10,1,1,1,24,46.8
13594,12/10/2011,10/18/2011 10:19,10/18/2011 10:19,53,1,26,26,359,396.97,396.97,NULL,NULL,0,0,0,0,0
13596,12/10/2011,11/27/2011 11:57,12/4/2011 12:01,6,2,166,133,406,697.04,348.52,NULL,NULL,0,0,0,0,0
13598,12/10/2011,10/23/2011 14:28,10/23/2011 14:28,48,1,40,33,58,180.17,180.17,10/23/2011 14:35,10/23/2011 14:35,1,1,1,1,12.75
13599,12/10/2011,12/8/2010 10:11,12/8/2011 16:10,2,21,247,171,3294,5153.67,245.4129,12/14/2010 9:58,12/8/2011 19:26,12,16,14,124,121.35
13600,12/10/2011,1/31/2011 15:27,1/31/2011 15:27,313,1,19,19,324,219.52,219.52,NULL,NULL,0,0,0,0,0
13601,12/10/2011,5/12/2011 16:52,10/25/2011 17:31,46,2,99,90,548,693.32,346.66,NULL,NULL,0,0,0,0,0
13602,12/10/2011,10/6/2011 11:47,10/6/2011 11:47,65,1,23,23,267,428.89,428.89,NULL,NULL,0,0,0,0,0
13603,12/10/2011,11/13/2011 15:57,11/13/2011 15:57,27,1,27,27,164,164.34,164.34,NULL,NULL,0,0,0,0,0
13606,12/10/2011,2/1/2011 11:42,11/10/2011 17:46,30,3,43,40,279,280.54,93.5133,NULL,NULL,0,0,0,0,0
13607,12/10/2011,10/30/2011 16:17,10/30/2011 16:17,41,1,98,93,290,678.01,678.01,NULL,NULL,0,0,0,0,0
13610,12/10/2011,2/27/2011 14:44,11/27/2011 15:38,13,7,226,165,516,1131.88,161.6971,4/10/2011 14:26,10/16/2011 15:03,2,2,2,2,16.45
13611,12/10/2011,12/15/2010 10:31,9/11/2011 14:51,90,3,74,67,766,1171.8,390.6,6/27/2011 17:04,6/27/2011 17:04,1,2,2,4,13.6
13614,12/10/2011,1/13/2011 12:37,11/15/2011 14:47,25,4,201,171,570,1610.46,402.615,NULL,NULL,0,0,0,0,0
13615,12/10/2011,1/25/2011 8:21,1/25/2011 8:21,319,1,23,23,189,417.69,417.69,1/31/2011 11:29,1/31/2011 11:29,1,1,1,6,17.7
13617,12/10/2011,6/12/2011 12:55,10/30/2011 13:50,41,3,44,31,300,544.18,181.3933,NULL,NULL,0,0,0,0,0
13618,12/10/2011,6/19/2011 11:09,6/19/2011 11:09,174,1,13,13,246,177.34,177.34,NULL,NULL,0,0,0,0,0
13621,12/10/2011,8/15/2011 8:26,8/15/2011 8:26,117,1,19,19,343,213.85,213.85,NULL,NULL,0,0,0,0,0
13623,12/10/2011,2/15/2011 13:08,11/9/2011 12:00,31,5,81,75,294,747.78,149.556,2/15/2011 12:55,11/9/2011 11:59,2,4,4,4,31.54
13626,12/10/2011,4/1/2011 10:05,4/1/2011 10:05,253,1,19,19,209,257.23,257.23,NULL,NULL,0,0,0,0,0
13627,12/10/2011,12/17/2010 9:52,10/11/2011 14:20,60,5,92,84,1269,1638.47,327.694,7/11/2011 11:09,9/22/2011 15:08,2,2,2,3,14.45
13629,12/10/2011,1/5/2011 12:09,11/16/2011 13:21,24,11,59,28,4372,7792.36,708.3964,NULL,NULL,0,0,0,0,0
13630,12/10/2011,2/27/2011 12:49,12/4/2011 15:16,6,7,71,51,1391,2031.78,290.2543,3/3/2011 11:35,9/5/2011 10:58,4,9,6,14,36.1
13631,12/10/2011,3/17/2011 17:13,9/1/2011 9:57,100,11,11,6,467,3070.42,279.1291,7/28/2011 19:27,7/28/2011 19:27,1,1,1,7,48.65
13632,12/10/2011,4/10/2011 15:07,11/15/2011 10:51,25,5,146,121,1037,2121.27,424.254,6/19/2011 12:25,6/19/2011 12:25,1,1,1,1,4.25
13634,12/10/2011,1/16/2011 15:30,11/6/2011 13:40,34,5,188,156,704,1575.16,315.032,NULL,NULL,0,0,0,0,0
13635,12/10/2011,10/3/2011 10:55,10/3/2011 10:55,68,1,62,62,677,1071.03,1071.03,NULL,NULL,0,0,0,0,0
13636,12/10/2011,2/27/2011 14:29,11/3/2011 10:30,37,5,63,57,592,949.12,189.824,4/5/2011 8:24,4/5/2011 8:24,1,1,1,6,7.5
13637,12/10/2011,4/27/2011 13:06,10/18/2011 13:32,53,3,100,78,408,809.25,269.75,NULL,NULL,0,0,0,0,0
13638,12/10/2011,11/24/2011 10:38,11/24/2011 10:38,16,1,8,8,93,122.64,122.64,NULL,NULL,0,0,0,0,0
13639,12/10/2011,9/26/2011 13:36,9/26/2011 13:36,75,1,40,39,800,1033.34,1033.34,NULL,NULL,0,0,0,0,0
13642,12/10/2011,5/8/2011 12:34,5/8/2011 12:34,216,1,66,57,173,354.8,354.8,NULL,NULL,0,0,0,0,0
13643,12/10/2011,6/7/2011 11:40,11/8/2011 15:37,32,3,28,24,273,519.44,173.1467,NULL,NULL,0,0,0,0,0
13644,12/10/2011,8/26/2011 11:53,11/23/2011 14:07,17,4,146,144,2067,2624.26,656.065,12/1/2011 8:18,12/1/2011 8:18,1,2,2,7,26.74
13645,12/10/2011,8/11/2011 16:11,8/11/2011 16:11,121,1,5,5,158,252.1,252.1,NULL,NULL,0,0,0,0,0
13647,12/10/2011,4/19/2011 9:49,11/30/2011 12:00,10,4,79,65,895,1678.12,419.53,10/6/2011 16:20,10/6/2011 16:20,1,1,1,1,7.9
13649,12/10/2011,12/8/2010 14:46,3/28/2011 11:51,257,2,23,23,139,346.6,173.3,NULL,NULL,0,0,0,0,0
13650,12/10/2011,3/17/2011 12:37,11/23/2011 12:22,17,6,96,79,922,1836.34,306.0567,5/18/2011 9:20,5/18/2011 9:20,1,2,2,4,27
13651,12/10/2011,10/31/2011 12:11,10/31/2011 12:11,40,1,5,5,32,79.2,79.2,NULL,NULL,0,0,0,0,0
13652,12/10/2011,12/6/2010 9:21,10/25/2011 8:51,46,3,63,48,578,1095.08,365.0267,NULL,NULL,0,0,0,0,0
13654,12/10/2011,3/11/2011 12:54,10/27/2011 16:24,44,6,166,157,2182,2707.33,451.2217,NULL,NULL,0,0,0,0,0
13655,12/10/2011,4/12/2011 9:53,8/17/2011 14:25,115,2,56,52,605,932.97,466.485,NULL,NULL,0,0,0,0,0
13656,12/10/2011,1/6/2011 15:42,6/28/2011 10:31,165,2,49,49,490,379.65,189.825,NULL,NULL,0,0,0,0,0
13657,12/10/2011,5/22/2011 12:35,11/29/2011 12:32,11,2,15,15,208,367.14,183.57,NULL,NULL,0,0,0,0,0
13658,12/10/2011,5/19/2011 17:15,11/30/2011 10:13,10,5,108,91,1019,2639.17,527.834,5/26/2011 11:02,6/13/2011 17:21,2,4,4,10,217.7
13659,12/10/2011,1/23/2011 12:08,5/18/2011 12:37,206,2,104,92,894,1573.2,786.6,5/26/2011 19:56,5/26/2011 19:56,1,4,4,15,22.35
13662,12/10/2011,3/25/2011 13:23,9/15/2011 12:04,86,3,53,50,543,897.76,299.2533,3/29/2011 14:17,6/10/2011 9:37,4,5,5,5,18.68
13663,12/10/2011,6/13/2011 15:44,6/13/2011 15:44,180,1,13,13,91,189.47,189.47,NULL,NULL,0,0,0,0,0
13666,12/10/2011,2/25/2011 13:05,10/10/2011 15:39,61,3,12,12,41,84.65,28.2167,NULL,NULL,0,0,0,0,0
13667,12/10/2011,7/13/2011 15:42,7/13/2011 15:42,150,1,87,82,154,305.02,305.02,NULL,NULL,0,0,0,0,0
13668,12/10/2011,12/12/2010 12:35,12/7/2011 12:11,3,21,470,284,3742,6363.59,303.0281,1/9/2011 10:59,12/7/2011 12:14,8,31,24,105,147.52
13669,12/10/2011,7/13/2011 11:44,10/20/2011 9:32,51,2,9,9,237,218.55,109.275,NULL,NULL,0,0,0,0,0
13670,12/10/2011,9/25/2011 15:25,9/25/2011 15:25,76,1,25,25,282,349.7,349.7,NULL,NULL,0,0,0,0,0
13672,12/10/2011,1/11/2011 13:54,2/11/2011 13:53,302,2,6,4,57,186.39,93.195,1/10/2011 12:02,2/11/2011 13:46,3,9,4,57,186.39
13673,12/10/2011,11/7/2011 15:40,11/21/2011 12:11,19,2,65,47,119,396.92,198.46,NULL,NULL,0,0,0,0,0
13675,12/10/2011,2/28/2011 12:14,7/11/2011 12:57,152,2,25,25,330,486.82,243.41,NULL,NULL,0,0,0,0,0
13678,12/10/2011,7/11/2011 10:14,7/11/2011 10:14,152,1,16,16,924,232.6,232.6,NULL,NULL,0,0,0,0,0
13680,12/10/2011,1/4/2011 14:12,12/8/2011 13:47,2,4,195,164,1936,3722.42,930.605,1/7/2011 10:56,1/7/2011 10:56,1,21,21,669,1520.11
13681,12/10/2011,7/7/2011 15:21,11/22/2011 11:13,18,4,57,37,360,827.83,206.9575,NULL,NULL,0,0,0,0,0
13682,12/10/2011,6/5/2011 14:06,6/5/2011 14:06,188,1,3,3,10,59.5,59.5,NULL,NULL,0,0,0,0,0
13684,12/10/2011,2/27/2011 10:13,2/27/2011 10:13,286,1,30,29,39,67.23,67.23,2/27/2011 10:25,2/27/2011 10:25,1,1,1,1,3
13685,12/10/2011,10/10/2011 12:59,12/7/2011 11:41,3,7,39,29,5056,3119.44,445.6343,NULL,NULL,0,0,0,0,0
13686,12/10/2011,6/10/2011 9:10,6/10/2011 9:10,183,1,8,8,70,72,72,NULL,NULL,0,0,0,0,0
13689,12/10/2011,10/7/2011 13:21,10/7/2011 13:21,64,1,6,6,512,910,910,NULL,NULL,0,0,0,0,0
13690,12/10/2011,10/11/2011 15:03,10/11/2011 15:03,60,1,9,9,67,172.25,172.25,NULL,NULL,0,0,0,0,0
13692,12/10/2011,4/17/2011 12:57,11/15/2011 11:17,25,3,53,48,1226,1488.32,496.1067,5/3/2011 8:49,5/3/2011 8:49,1,1,1,1,14.95
13694,12/10/2011,12/1/2010 12:12,12/6/2011 9:32,4,50,568,366,63312,65039.62,1300.7924,12/20/2010 13:51,11/14/2011 12:57,9,16,14,1506,2362.52
13695,12/10/2011,3/25/2011 11:31,11/8/2011 14:26,32,15,86,45,1599,2444.13,162.942,NULL,NULL,0,0,0,0,0
13697,12/10/2011,11/1/2011 9:14,11/1/2011 9:14,39,1,12,12,177,151.3,151.3,NULL,NULL,0,0,0,0,0
13699,12/10/2011,7/7/2011 16:51,7/7/2011 16:51,156,1,14,14,66,308.58,308.58,NULL,NULL,0,0,0,0,0
13700,12/10/2011,1/16/2011 13:18,11/13/2011 13:00,27,10,197,139,2304,2265.12,226.512,NULL,NULL,0,0,0,0,0
13703,12/10/2011,1/25/2011 13:10,1/25/2011 13:10,319,1,1,1,10,99.5,99.5,NULL,NULL,0,0,0,0,0
13704,12/10/2011,9/12/2011 14:40,12/4/2011 15:13,6,9,134,111,1531,2308.06,256.4511,10/6/2011 18:44,10/6/2011 18:44,1,1,1,3,12.75
13705,12/10/2011,12/1/2010 10:29,12/2/2011 12:32,8,3,28,25,363,711.86,237.2867,NULL,NULL,0,0,0,0,0
13706,12/10/2011,2/10/2011 9:21,2/10/2011 9:21,303,1,20,20,189,330.79,330.79,NULL,NULL,0,0,0,0,0
13707,12/10/2011,1/28/2011 13:27,3/17/2011 18:03,268,2,48,48,351,806.41,403.205,NULL,NULL,0,0,0,0,0
13708,12/10/2011,3/13/2011 13:46,3/13/2011 13:46,272,1,50,48,305,294.88,294.88,NULL,NULL,0,0,0,0,0
13709,12/10/2011,1/28/2011 14:57,12/6/2011 10:28,4,13,336,244,3516,6328.05,486.7731,8/9/2011 14:23,11/8/2011 16:17,4,10,10,15,78.94
13710,12/10/2011,11/8/2011 8:16,11/8/2011 8:16,32,1,8,8,176,180.48,180.48,NULL,NULL,0,0,0,0,0
13711,12/10/2011,5/5/2011 10:29,5/5/2011 10:31,219,2,13,11,140,252.06,126.03,NULL,NULL,0,0,0,0,0
13712,12/10/2011,4/7/2011 12:33,4/7/2011 12:33,247,1,10,10,352,228.84,228.84,NULL,NULL,0,0,0,0,0
13715,12/10/2011,12/2/2010 8:52,3/3/2011 19:21,282,5,105,89,563,1079.34,215.868,12/12/2010 12:51,1/6/2011 17:32,3,3,3,8,25.4
13716,12/10/2011,3/15/2011 13:49,3/15/2011 13:49,270,1,21,21,138,138.28,138.28,NULL,NULL,0,0,0,0,0
13717,12/10/2011,2/14/2011 13:21,11/7/2011 14:13,33,6,102,92,1959,1445.01,240.835,4/20/2011 15:56,4/20/2011 15:56,1,1,1,1,12.75
13718,12/10/2011,2/17/2011 11:58,4/7/2011 13:24,247,2,12,9,173,306.55,153.275,NULL,NULL,0,0,0,0,0
13719,12/10/2011,4/19/2011 13:56,11/24/2011 15:26,16,5,60,56,609,1041.68,208.336,NULL,NULL,0,0,0,0,0
13720,12/10/2011,3/30/2011 9:17,8/15/2011 12:46,117,4,42,41,500,784.9,196.225,NULL,NULL,0,0,0,0,0
13721,12/10/2011,11/3/2011 14:05,11/3/2011 14:05,37,1,28,28,316,524.14,524.14,NULL,NULL,0,0,0,0,0
13722,12/10/2011,3/2/2011 11:43,7/31/2011 12:44,132,3,85,75,1401,2375.41,791.8033,8/11/2011 15:26,8/11/2011 15:26,1,1,1,1,6.25
13723,12/10/2011,5/6/2011 17:04,5/6/2011 17:04,218,1,6,6,43,199.85,199.85,NULL,NULL,0,0,0,0,0
13725,12/10/2011,2/4/2011 12:18,10/21/2011 10:03,50,8,104,95,806,1980.56,247.57,2/11/2011 17:14,9/29/2011 11:34,3,14,14,147,170.75
13726,12/10/2011,8/31/2011 11:06,11/1/2011 10:49,39,2,42,39,1054,1079.66,539.83,NULL,NULL,0,0,0,0,0
13727,12/10/2011,11/6/2011 12:16,11/11/2011 9:46,29,2,20,19,162,333.48,166.74,NULL,NULL,0,0,0,0,0
13728,12/10/2011,2/2/2011 12:09,11/3/2011 10:49,37,6,63,38,458,1016.14,169.3567,NULL,NULL,0,0,0,0,0
13730,12/10/2011,7/1/2011 12:47,7/27/2011 8:35,136,2,43,38,488,752.6,376.3,NULL,NULL,0,0,0,0,0
13731,12/10/2011,4/7/2011 10:10,5/4/2011 14:33,220,2,38,36,278,610.59,305.295,NULL,NULL,0,0,0,0,0
13732,12/10/2011,11/11/2011 15:49,11/11/2011 15:49,29,1,33,33,498,491.86,491.86,NULL,NULL,0,0,0,0,0
13735,12/10/2011,4/19/2011 13:49,11/15/2011 11:14,25,4,196,158,1130,2885.24,721.31,4/19/2011 12:40,11/15/2011 10:34,4,12,12,47,119.06
13736,12/10/2011,3/24/2011 13:04,12/4/2011 15:19,6,2,191,166,497,731.9,365.95,3/24/2011 13:09,3/24/2011 13:09,1,3,3,4,7.9
13737,12/10/2011,5/23/2011 16:32,5/23/2011 16:32,201,1,30,29,125,339.6,339.6,NULL,NULL,0,0,0,0,0
13739,12/10/2011,11/21/2011 13:35,11/21/2011 13:35,19,1,3,3,54,216.9,216.9,NULL,NULL,0,0,0,0,0
13740,12/10/2011,4/13/2011 10:32,4/13/2011 10:32,241,1,23,23,425,350.75,350.75,NULL,NULL,0,0,0,0,0
13741,12/10/2011,5/6/2011 13:43,9/29/2011 9:19,72,3,34,34,218,668.43,222.81,5/12/2011 19:38,5/12/2011 19:38,1,1,1,1,2.1
13742,12/10/2011,1/23/2011 14:59,11/23/2011 11:07,17,12,321,200,1124,3131.02,260.9183,1/23/2011 15:48,6/27/2011 11:14,2,2,2,8,28.6
13743,12/10/2011,3/25/2011 14:46,12/7/2011 10:09,3,7,41,8,1776,1341.6,191.6571,7/12/2011 14:49,7/12/2011 14:49,1,1,1,1,1.45
13744,12/10/2011,2/20/2011 14:08,9/5/2011 15:19,96,2,72,54,1249,1156.36,578.18,NULL,NULL,0,0,0,0,0
13745,12/10/2011,6/30/2011 16:43,6/30/2011 16:43,163,1,25,25,496,300.04,300.04,7/11/2011 14:21,7/11/2011 14:21,1,1,1,10,8.5
13747,12/10/2011,12/1/2010 10:37,12/1/2010 10:37,374,1,1,1,8,79.6,79.6,NULL,NULL,0,0,0,0,0
13748,12/10/2011,12/1/2010 9:00,9/5/2011 9:45,96,5,28,24,439,948.25,189.65,NULL,NULL,0,0,0,0,0
13750,12/10/2011,1/7/2011 11:49,10/17/2011 12:16,54,5,24,20,516,1647.26,329.452,NULL,NULL,0,0,0,0,0
13751,12/10/2011,2/24/2011 15:56,2/24/2011 15:56,289,1,9,9,152,296.25,296.25,NULL,NULL,0,0,0,0,0
13752,12/10/2011,4/7/2011 12:04,8/7/2011 14:16,125,6,75,63,875,1156.28,192.7133,NULL,NULL,0,0,0,0,0
13753,12/10/2011,2/25/2011 12:48,2/25/2011 12:48,288,1,35,35,512,741.26,741.26,NULL,NULL,0,0,0,0,0
13754,12/10/2011,1/26/2011 14:58,7/11/2011 11:51,152,2,12,11,214,282.6,141.3,NULL,NULL,0,0,0,0,0
13755,12/10/2011,10/7/2011 15:45,12/6/2011 12:26,4,9,342,232,1264,2161.35,240.15,11/14/2011 12:08,11/14/2011 12:08,1,1,1,23,6.67
13756,12/10/2011,12/7/2010 11:41,12/7/2011 16:44,3,14,142,66,3188,5189.52,370.68,11/21/2011 14:40,11/21/2011 14:40,1,1,1,24,44.4
13758,12/10/2011,12/1/2010 12:08,11/28/2011 11:11,12,7,117,104,1844,3190.55,455.7929,NULL,NULL,0,0,0,0,0
13759,12/10/2011,9/29/2011 15:40,11/6/2011 14:47,34,2,25,24,287,659.41,329.705,NULL,NULL,0,0,0,0,0
13760,12/10/2011,3/28/2011 12:52,10/16/2011 16:13,55,2,57,50,197,286.79,143.395,NULL,NULL,0,0,0,0,0
13761,12/10/2011,6/13/2011 8:43,10/20/2011 14:01,51,2,70,68,642,1070.65,535.325,NULL,NULL,0,0,0,0,0
13762,12/10/2011,5/5/2011 9:15,5/5/2011 9:15,219,1,7,7,272,306.72,306.72,5/19/2011 15:23,5/19/2011 15:23,1,7,7,272,306.72
13763,12/10/2011,10/7/2011 15:13,10/7/2011 15:13,64,1,15,15,728,1714.96,1714.96,6/21/2011 17:40,7/4/2011 14:53,2,2,2,3,25.5
13764,12/10/2011,1/6/2011 14:53,9/30/2011 12:03,71,3,207,182,929,1518.76,506.2533,NULL,NULL,0,0,0,0,0
13767,12/10/2011,12/1/2010 10:47,12/7/2011 15:00,3,37,368,55,7322,17220.36,465.4151,12/2/2010 14:25,11/10/2011 14:48,15,31,14,64,274.65
13769,12/10/2011,12/7/2010 13:28,12/7/2011 15:08,3,10,135,73,1163,2796.51,279.651,12/14/2010 11:56,11/10/2011 14:52,6,8,6,11,24.64
13771,12/10/2011,4/6/2011 15:47,10/6/2011 14:18,65,4,119,114,1477,2634.45,658.6125,6/13/2011 16:08,6/13/2011 16:08,1,1,1,1,2.75
13772,12/10/2011,4/14/2011 12:31,11/6/2011 11:43,34,3,177,141,546,1132.13,377.3767,NULL,NULL,0,0,0,0,0
13774,12/10/2011,9/19/2011 12:06,9/19/2011 12:06,82,1,22,22,192,345,345,NULL,NULL,0,0,0,0,0
13777,12/10/2011,12/1/2010 16:01,12/9/2011 12:25,1,33,197,36,12897,25977.16,787.1867,12/9/2010 14:30,11/30/2011 14:46,7,20,16,90,219.06
13778,12/10/2011,8/28/2011 15:25,8/28/2011 15:25,104,1,9,9,70,178.7,178.7,NULL,NULL,0,0,0,0,0
13780,12/10/2011,6/22/2011 11:43,12/2/2011 13:49,8,2,57,56,318,360.01,180.005,NULL,NULL,0,0,0,0,0
13781,12/10/2011,4/3/2011 12:08,4/3/2011 12:08,251,1,17,17,30,127.84,127.84,NULL,NULL,0,0,0,0,0
13782,12/10/2011,1/16/2011 11:08,11/27/2011 11:54,13,6,115,96,371,912,152,NULL,NULL,0,0,0,0,0
13784,12/10/2011,1/11/2011 14:38,11/30/2011 9:33,10,11,31,9,2493,2462.79,223.89,NULL,NULL,0,0,0,0,0
13786,12/10/2011,12/7/2010 13:53,12/7/2010 13:53,368,1,7,7,136,230.4,230.4,NULL,NULL,0,0,0,0,0
13787,12/10/2011,12/10/2010 14:45,9/25/2011 12:06,76,2,31,24,337,309.04,154.52,NULL,NULL,0,0,0,0,0
13790,12/10/2011,12/5/2011 15:48,12/5/2011 15:48,5,1,45,45,748,348.8,348.8,NULL,NULL,0,0,0,0,0
13791,12/10/2011,6/24/2011 16:38,8/4/2011 11:44,128,2,11,7,1200,1516,758,10/27/2011 14:38,10/27/2011 14:38,1,6,6,372,468.32
13792,12/10/2011,2/25/2011 14:03,10/4/2011 14:31,67,2,13,13,92,195.55,97.775,NULL,NULL,0,0,0,0,0
13798,12/10/2011,12/2/2010 17:24,12/8/2011 15:51,2,57,349,113,23948,37153.85,651.8219,12/10/2010 15:01,10/7/2011 12:11,6,90,35,434,802.43
13799,12/10/2011,2/18/2011 14:18,8/15/2011 12:07,117,2,39,32,402,688.86,344.43,NULL,NULL,0,0,0,0,0
13800,12/10/2011,2/3/2011 12:27,2/3/2011 12:27,310,1,33,33,331,558.32,558.32,NULL,NULL,0,0,0,0,0
13801,12/10/2011,10/4/2011 10:15,10/4/2011 10:15,67,1,23,23,168,324.8,324.8,NULL,NULL,0,0,0,0,0
13802,12/10/2011,2/1/2011 12:03,7/24/2011 10:54,139,3,60,55,2572,4599.42,1533.14,12/14/2010 9:54,7/24/2011 13:26,3,6,6,291,693.15
13803,12/10/2011,3/29/2011 12:57,3/29/2011 12:57,256,1,17,17,121,277.07,277.07,NULL,NULL,0,0,0,0,0
13804,12/10/2011,2/23/2011 9:09,11/9/2011 12:32,31,7,137,124,1498,2635.79,376.5414,NULL,NULL,0,0,0,0,0
13805,12/10/2011,8/2/2011 15:29,10/18/2011 14:50,53,2,13,10,1900,924.6,462.3,NULL,NULL,0,0,0,0,0
13806,12/10/2011,10/7/2011 11:43,10/7/2011 11:43,64,1,10,10,56,256.38,256.38,NULL,NULL,0,0,0,0,0
13807,12/10/2011,12/7/2010 15:48,12/7/2010 15:48,368,1,7,7,36,112.6,112.6,NULL,NULL,0,0,0,0,0
13808,12/10/2011,9/4/2011 12:07,12/4/2011 12:18,6,5,76,70,782,1747.66,349.532,NULL,NULL,0,0,0,0,0
13809,12/10/2011,2/7/2011 13:15,2/7/2011 13:15,306,1,12,11,29,155.05,155.05,NULL,NULL,0,0,0,0,0
13810,12/10/2011,10/14/2011 12:57,11/11/2011 8:33,29,2,32,30,307,827.51,413.755,NULL,NULL,0,0,0,0,0
13811,12/10/2011,4/14/2011 18:40,6/9/2011 9:54,184,2,10,5,63,519.75,259.875,NULL,NULL,0,0,0,0,0
13812,12/10/2011,8/26/2011 12:54,10/28/2011 14:27,43,3,33,32,330,485,161.6667,NULL,NULL,0,0,0,0,0
13813,12/10/2011,7/28/2011 10:33,10/31/2011 10:38,40,4,65,53,541,1168.86,292.215,8/5/2011 12:49,8/5/2011 12:49,1,2,2,2,13.45
13814,12/10/2011,7/25/2011 13:54,9/8/2011 13:48,93,2,57,37,864,1579.12,789.56,10/14/2011 16:57,10/14/2011 16:57,1,1,1,2,17
13815,12/10/2011,1/25/2011 12:16,11/17/2011 14:19,23,4,173,131,2540,3667.36,916.84,7/14/2011 11:00,7/14/2011 11:00,1,1,1,3,12.45
13816,12/10/2011,10/6/2011 14:37,11/16/2011 8:38,24,2,26,24,265,499.67,249.835,10/13/2011 11:49,11/14/2011 13:13,2,5,5,9,16.63
13817,12/10/2011,12/23/2010 11:46,11/10/2011 17:49,30,2,22,19,208,328.98,164.49,NULL,NULL,0,0,0,0,0
13819,12/10/2011,1/24/2011 10:38,2/11/2011 10:38,302,3,36,26,1109,1140.35,380.1167,NULL,NULL,0,0,0,0,0
13821,12/10/2011,3/23/2011 11:30,7/18/2011 9:49,145,2,59,51,153,385.64,192.82,NULL,NULL,0,0,0,0,0
13822,12/10/2011,10/30/2011 15:55,12/4/2011 12:13,6,2,96,90,611,632,316,NULL,NULL,0,0,0,0,0
13823,12/10/2011,9/9/2011 10:42,11/21/2011 10:22,19,2,40,39,439,957.66,478.83,NULL,NULL,0,0,0,0,0
13824,12/10/2011,2/2/2011 13:07,11/7/2011 12:41,33,5,46,34,768,1698.94,339.788,NULL,NULL,0,0,0,0,0
13826,12/10/2011,6/16/2011 13:48,6/16/2011 13:48,177,1,10,10,82,189.5,189.5,7/4/2011 16:27,7/4/2011 16:27,1,1,1,1,9.95
13827,12/10/2011,7/19/2011 15:38,10/13/2011 12:38,58,3,93,83,141,412.05,137.35,NULL,NULL,0,0,0,0,0
13828,12/10/2011,11/17/2011 16:02,11/17/2011 16:02,23,1,15,15,311,209.49,209.49,NULL,NULL,0,0,0,0,0
13831,12/10/2011,12/5/2010 12:13,11/23/2011 15:41,17,6,74,58,745,2202.99,367.165,NULL,NULL,0,0,0,0,0
13832,12/10/2011,11/20/2011 15:36,11/20/2011 15:36,20,1,3,3,28,52.2,52.2,11/22/2011 12:31,11/22/2011 12:31,1,1,1,3,11.25
13833,12/10/2011,7/3/2011 13:27,7/3/2011 13:27,160,1,29,28,118,384.8,384.8,NULL,NULL,0,0,0,0,0
13835,12/10/2011,5/8/2011 15:22,11/14/2011 15:37,26,4,55,48,442,834.57,208.6425,NULL,NULL,0,0,0,0,0
13837,12/10/2011,1/26/2011 12:15,5/12/2011 12:10,212,2,19,17,183,271.24,135.62,NULL,NULL,0,0,0,0,0
13838,12/10/2011,12/5/2010 10:45,12/4/2011 11:00,6,4,174,144,263,691.73,172.9325,NULL,NULL,0,0,0,0,0
13841,12/10/2011,4/1/2011 12:10,4/1/2011 12:10,253,1,1,1,100,85,85,NULL,NULL,0,0,0,0,0
13842,12/10/2011,12/8/2010 10:39,10/12/2011 10:51,59,9,206,155,1768,3385.62,376.18,NULL,NULL,0,0,0,0,0
13844,12/10/2011,11/28/2011 13:21,11/28/2011 13:21,12,1,20,20,196,361.62,361.62,NULL,NULL,0,0,0,0,0
13845,12/10/2011,10/6/2011 8:25,10/6/2011 8:25,65,1,9,9,182,312.98,312.98,NULL,NULL,0,0,0,0,0
13846,12/10/2011,12/14/2010 16:07,11/15/2011 12:07,25,3,55,55,388,865.06,288.3533,4/8/2011 12:09,4/8/2011 12:09,1,3,3,5,17.45
13848,12/10/2011,12/8/2010 15:10,9/8/2011 12:58,93,3,5,3,3700,1255,418.3333,NULL,NULL,0,0,0,0,0
13849,12/10/2011,6/22/2011 10:11,10/19/2011 10:59,52,2,101,97,1016,1537.95,768.975,NULL,NULL,0,0,0,0,0
13850,12/10/2011,8/2/2011 14:04,8/2/2011 14:04,130,1,93,93,944,1595.48,1595.48,9/12/2011 18:00,9/12/2011 18:00,1,1,1,3,8.67
13851,12/10/2011,2/24/2011 17:18,9/5/2011 12:36,96,3,81,77,1705,2651.46,883.82,NULL,NULL,0,0,0,0,0
13853,12/10/2011,10/13/2011 14:18,10/13/2011 14:18,58,1,23,23,312,1090.14,1090.14,12/1/2011 8:12,12/1/2011 8:12,1,1,1,8,33.2
13854,12/10/2011,12/9/2010 10:48,12/1/2011 9:06,9,25,110,39,2296,8109.52,324.3808,12/23/2010 11:47,6/3/2011 9:18,4,4,3,18,84.5
13856,12/10/2011,5/20/2011 13:13,6/24/2011 10:03,169,3,14,10,494,388.5,129.5,6/13/2011 11:53,6/13/2011 15:37,2,3,2,10,25.1
13858,12/10/2011,10/13/2011 16:17,10/13/2011 16:17,58,1,11,11,75,216.17,216.17,NULL,NULL,0,0,0,0,0
13859,12/10/2011,1/17/2011 16:14,1/17/2011 16:14,327,1,28,27,129,201.16,201.16,NULL,NULL,0,0,0,0,0
13860,12/10/2011,9/14/2011 9:27,12/8/2011 12:57,2,5,76,58,591,1245.9,249.18,9/19/2011 16:37,9/19/2011 16:37,1,1,1,2,5.9
13862,12/10/2011,1/11/2011 15:13,11/21/2011 16:24,19,8,139,97,1688,2209.36,276.17,1/14/2011 17:11,6/7/2011 15:42,2,3,3,6,22.05
13863,12/10/2011,4/6/2011 10:20,4/6/2011 10:20,248,1,20,20,224,305.78,305.78,4/8/2011 17:03,4/8/2011 17:03,1,2,2,5,6.22
13865,12/10/2011,2/23/2011 12:04,10/12/2011 13:31,59,4,30,26,204,501.56,125.39,NULL,NULL,0,0,0,0,0
13866,12/10/2011,9/26/2011 14:54,9/26/2011 14:54,75,1,7,7,57,145.67,145.67,NULL,NULL,0,0,0,0,0
13867,12/10/2011,5/5/2011 17:28,11/8/2011 15:48,32,3,61,51,513,1015.29,338.43,NULL,NULL,0,0,0,0,0
13868,12/10/2011,11/1/2011 12:45,12/2/2011 16:32,8,2,33,32,1964,3192.54,1596.27,NULL,NULL,0,0,0,0,0
13869,12/10/2011,12/17/2010 15:14,8/8/2011 13:53,124,4,307,234,1721,3104.95,776.2375,NULL,NULL,0,0,0,0,0
13870,12/10/2011,2/25/2011 9:09,12/7/2011 13:23,3,8,115,91,1325,2770.94,346.3675,6/28/2011 11:31,11/2/2011 12:35,2,3,3,5,19.69
13871,12/10/2011,2/4/2011 9:30,11/17/2011 10:49,23,13,336,155,2806,6403.25,492.5577,9/15/2011 16:28,9/15/2011 16:28,1,2,2,5,13.45
13873,12/10/2011,2/3/2011 9:37,8/12/2011 10:08,120,3,23,21,140,389.6,129.8667,2/8/2011 14:32,2/8/2011 14:32,1,1,1,2,7.9
13874,12/10/2011,12/16/2010 18:20,12/16/2010 18:20,359,1,18,18,180,540.45,540.45,NULL,NULL,0,0,0,0,0
13875,12/10/2011,2/11/2011 15:39,10/17/2011 9:36,54,5,104,79,1316,1786.79,357.358,NULL,NULL,0,0,0,0,0
13876,12/10/2011,10/7/2011 10:22,10/7/2011 10:22,64,1,7,7,36,122.7,122.7,NULL,NULL,0,0,0,0,0
13877,12/10/2011,9/14/2011 15:49,9/14/2011 15:49,87,1,3,3,108,117.24,117.24,NULL,NULL,0,0,0,0,0
13878,12/10/2011,10/16/2011 12:19,10/16/2011 12:19,55,1,36,35,475,1281.53,1281.53,NULL,NULL,0,0,0,0,0
13880,12/10/2011,12/7/2010 14:00,11/18/2011 13:44,22,13,165,125,1842,3219.77,247.6746,NULL,NULL,0,0,0,0,0
13881,12/10/2011,2/1/2011 10:14,12/6/2011 12:50,4,20,178,72,10118,17159.52,857.976,6/29/2011 10:30,11/11/2011 11:15,2,2,2,56,170
13882,12/10/2011,10/6/2011 15:28,12/7/2011 11:16,3,5,65,54,953,1191.13,238.226,11/1/2011 10:01,11/1/2011 10:01,1,1,1,3,59.85
13883,12/10/2011,3/31/2011 17:17,11/29/2011 10:45,11,5,142,108,1436,2674.48,534.896,1/17/2011 16:45,12/8/2011 19:20,4,12,11,67,132.23
13884,12/10/2011,3/1/2011 13:40,12/2/2011 16:30,8,5,59,45,300,787.6,157.52,3/7/2011 12:54,3/7/2011 12:54,1,1,1,3,6.3
13885,12/10/2011,5/23/2011 8:52,6/3/2011 15:07,190,2,28,28,182,506.8,253.4,NULL,NULL,0,0,0,0,0
13886,12/10/2011,9/29/2011 13:17,9/29/2011 13:17,72,1,16,16,126,243.56,243.56,NULL,NULL,0,0,0,0,0
13887,12/10/2011,5/19/2011 17:22,5/19/2011 17:22,205,1,19,19,147,349.55,349.55,NULL,NULL,0,0,0,0,0
13888,12/10/2011,5/5/2011 14:41,8/12/2011 10:13,120,2,40,38,258,605.63,302.815,NULL,NULL,0,0,0,0,0
13889,12/10/2011,9/8/2011 9:13,9/8/2011 9:13,93,1,15,15,146,416.9,416.9,NULL,NULL,0,0,0,0,0
13890,12/10/2011,12/16/2010 9:31,12/8/2011 15:36,2,10,110,74,831,1883.81,188.381,1/26/2011 17:11,11/21/2011 11:29,4,4,3,5,22.95
13892,12/10/2011,4/7/2011 12:04,11/13/2011 11:50,27,4,27,26,983,632.97,158.2425,NULL,NULL,0,0,0,0,0
13893,12/10/2011,2/15/2011 11:30,2/15/2011 11:30,298,1,21,21,190,821.1,821.1,NULL,NULL,0,0,0,0,0
13894,12/10/2011,2/2/2011 12:54,11/16/2011 9:44,24,3,27,25,354,564.62,188.2067,2/10/2011 16:33,11/17/2011 13:35,2,3,3,15,28.65
13895,12/10/2011,6/28/2011 10:17,11/11/2011 16:57,29,4,118,97,1365,2593.07,648.2675,11/18/2011 17:15,11/18/2011 17:15,1,1,1,1,4.95
13897,12/10/2011,10/20/2011 14:30,10/20/2011 14:30,51,1,17,17,200,311.16,311.16,NULL,NULL,0,0,0,0,0
13898,12/10/2011,1/18/2011 10:28,1/18/2011 10:28,326,1,12,12,133,155.93,155.93,NULL,NULL,0,0,0,0,0
13899,12/10/2011,3/10/2011 9:30,11/23/2011 13:40,17,2,19,19,156,388.52,194.26,NULL,NULL,0,0,0,0,0
13900,12/10/2011,3/22/2011 10:13,6/9/2011 19:26,184,3,43,42,430,740.95,246.9833,NULL,NULL,0,0,0,0,0
13901,12/10/2011,1/25/2011 9:01,9/28/2011 14:48,73,5,149,144,1739,2867.2,573.44,NULL,NULL,0,0,0,0,0
13904,12/10/2011,2/18/2011 11:18,11/2/2011 13:41,38,2,26,24,332,332.64,166.32,NULL,NULL,0,0,0,0,0
13908,12/10/2011,3/8/2011 12:04,9/21/2011 11:49,80,4,121,103,1477,2319.55,579.8875,5/12/2011 19:43,5/12/2011 19:43,1,4,4,8,22.5
13911,12/10/2011,2/4/2011 14:46,10/13/2011 15:43,58,9,148,120,2731,2580.91,286.7678,NULL,NULL,0,0,0,0,0
13914,12/10/2011,11/3/2011 16:28,11/28/2011 10:35,12,2,33,28,380,626.45,313.225,12/6/2011 10:54,12/6/2011 10:54,1,1,1,1,12.5
13917,12/10/2011,6/1/2011 12:46,10/21/2011 9:56,50,2,18,16,228,272.04,136.02,NULL,NULL,0,0,0,0,0
13918,12/10/2011,3/31/2011 18:05,10/21/2011 12:25,50,2,30,30,1140,1212.84,606.42,NULL,NULL,0,0,0,0,0
13919,12/10/2011,8/10/2011 10:15,10/11/2011 14:24,60,2,26,23,472,348.81,174.405,10/17/2011 15:24,10/17/2011 15:24,1,5,5,37,34.65
13922,12/10/2011,12/23/2010 10:38,12/23/2010 10:38,352,1,7,7,93,172.25,172.25,NULL,NULL,0,0,0,0,0
13923,12/10/2011,10/17/2011 12:33,10/17/2011 12:33,54,1,20,20,185,351.13,351.13,NULL,NULL,0,0,0,0,0
13924,12/10/2011,9/28/2011 15:07,12/8/2011 9:39,2,6,117,90,1575,1838.85,306.475,10/6/2011 15:46,11/30/2011 11:05,5,20,13,43,156.77
13925,12/10/2011,7/28/2011 12:09,9/8/2011 12:47,93,4,41,28,331,678.25,169.5625,8/18/2011 6:30,11/3/2011 13:00,2,4,4,4,61.6
13926,12/10/2011,11/16/2011 13:16,11/16/2011 13:16,24,1,11,11,104,223.85,223.85,NULL,NULL,0,0,0,0,0
13927,12/10/2011,9/26/2011 12:00,9/26/2011 12:00,75,1,21,21,214,348.99,348.99,NULL,NULL,0,0,0,0,0
13928,12/10/2011,7/29/2011 15:59,11/29/2011 10:33,11,4,27,23,129,464.57,116.1425,NULL,NULL,0,0,0,0,0
13929,12/10/2011,1/17/2011 15:11,6/23/2011 15:26,170,2,9,8,143,842.65,421.325,1/21/2011 16:11,1/21/2011 16:11,1,1,1,4,39.8
13930,12/10/2011,7/26/2011 11:00,10/13/2011 9:45,58,2,17,15,274,337.34,168.67,NULL,NULL,0,0,0,0,0
13931,12/10/2011,3/4/2011 8:43,9/5/2011 10:12,96,2,58,56,725,1237.53,618.765,9/15/2011 10:03,9/15/2011 10:03,1,1,1,4,6.6
13932,12/10/2011,2/18/2011 12:02,2/18/2011 12:02,295,1,16,16,72,307.4,307.4,NULL,NULL,0,0,0,0,0
13933,12/10/2011,7/14/2011 13:35,8/22/2011 14:03,110,2,23,23,205,608.79,304.395,NULL,NULL,0,0,0,0,0
13934,12/10/2011,3/21/2011 8:39,3/21/2011 8:39,264,1,31,31,390,922.1,922.1,NULL,NULL,0,0,0,0,0
13936,12/10/2011,6/13/2011 8:47,6/13/2011 8:47,180,1,26,26,330,376.58,376.58,6/21/2011 17:44,6/21/2011 17:44,1,1,1,6,15.3
13937,12/10/2011,6/23/2011 16:35,6/23/2011 16:35,170,1,9,9,123,158.85,158.85,NULL,NULL,0,0,0,0,0
13938,12/10/2011,11/4/2011 14:37,11/4/2011 14:37,36,1,7,7,70,71.66,71.66,NULL,NULL,0,0,0,0,0
13939,12/10/2011,2/1/2011 11:30,11/16/2011 13:33,24,3,45,43,847,568.55,189.5167,2/2/2011 12:40,2/2/2011 12:40,1,1,1,4,11.8
13940,12/10/2011,7/18/2011 16:05,11/22/2011 15:15,18,4,49,39,516,839.14,209.785,NULL,NULL,0,0,0,0,0
13941,12/10/2011,12/2/2010 10:17,11/18/2011 9:43,22,5,45,24,2364,5112.96,1022.592,12/3/2010 16:21,7/19/2011 15:47,2,2,2,57,200.55
13946,12/10/2011,3/17/2011 10:02,9/21/2011 13:33,80,3,11,11,443,561.57,187.19,NULL,NULL,0,0,0,0,0
13947,12/10/2011,10/5/2011 14:42,10/5/2011 14:42,66,1,5,5,44,90.6,90.6,NULL,NULL,0,0,0,0,0
13948,12/10/2011,12/14/2010 10:18,12/14/2010 10:18,361,1,3,3,40,102,102,NULL,NULL,0,0,0,0,0
13949,12/10/2011,9/6/2011 11:55,12/7/2011 9:35,3,6,160,124,2474,2427.32,404.5533,NULL,NULL,0,0,0,0,0
13950,12/10/2011,4/7/2011 11:29,11/28/2011 14:44,12,4,34,32,322,730.06,182.515,11/15/2011 12:16,11/15/2011 12:16,1,1,1,2,16.5
13951,12/10/2011,2/18/2011 15:21,6/16/2011 16:43,177,3,39,38,459,674.45,224.8167,NULL,NULL,0,0,0,0,0
13952,12/10/2011,4/15/2011 9:27,5/6/2011 9:00,218,2,136,119,1430,3251.07,1625.535,5/12/2011 19:27,5/12/2011 19:27,1,1,1,6,4.98
13953,12/10/2011,12/22/2010 10:29,12/2/2011 16:04,8,7,20,8,2724,3515.68,502.24,NULL,NULL,0,0,0,0,0
13954,12/10/2011,9/30/2011 10:52,12/8/2011 12:50,2,2,25,24,150,439.92,219.96,10/13/2011 10:49,10/13/2011 10:49,1,5,5,9,61.33
13955,12/10/2011,2/7/2011 12:24,7/8/2011 17:19,155,2,33,33,154,322.96,161.48,NULL,NULL,0,0,0,0,0
13956,12/10/2011,3/13/2011 12:51,12/4/2011 13:20,6,5,152,123,491,1026.42,205.284,NULL,NULL,0,0,0,0,0
13959,12/10/2011,12/12/2010 13:56,9/21/2011 15:06,80,3,92,79,357,598.2,199.4,NULL,NULL,0,0,0,0,0
13960,12/10/2011,9/29/2011 12:39,11/18/2011 15:27,22,2,12,11,142,230.22,115.11,NULL,NULL,0,0,0,0,0
13962,12/10/2011,4/8/2011 11:21,11/18/2011 8:47,22,2,11,11,87,169.55,84.775,NULL,NULL,0,0,0,0,0
13963,12/10/2011,12/7/2010 9:21,2/4/2011 14:43,309,4,35,35,460,664.54,166.135,NULL,NULL,0,0,0,0,0
13967,12/10/2011,7/17/2011 12:02,7/17/2011 12:02,146,1,2,2,42,80.7,80.7,NULL,NULL,0,0,0,0,0
13969,12/10/2011,12/9/2010 19:32,12/2/2011 15:11,8,18,626,334,4542,9053.94,502.9967,10/27/2011 15:04,12/2/2011 15:09,2,7,7,59,67.25
13971,12/10/2011,2/27/2011 12:27,11/21/2011 12:06,19,8,149,118,1844,2758.26,344.7825,3/17/2011 18:16,12/1/2011 8:27,3,9,8,26,56.04
13972,12/10/2011,5/22/2011 11:34,9/30/2011 11:54,71,2,15,15,187,190.25,95.125,NULL,NULL,0,0,0,0,0
13973,12/10/2011,2/25/2011 15:21,2/25/2011 15:21,288,1,11,11,109,264.7,264.7,NULL,NULL,0,0,0,0,0
13974,12/10/2011,10/21/2011 14:41,10/21/2011 14:41,50,1,28,28,249,413.59,413.59,NULL,NULL,0,0,0,0,0
13975,12/10/2011,3/8/2011 12:19,11/8/2011 13:19,32,6,338,240,1732,2526.28,421.0467,3/11/2011 9:48,3/11/2011 9:48,1,2,2,7,23.05
13976,12/10/2011,5/17/2011 9:13,5/17/2011 9:13,207,1,10,10,154,357.98,357.98,NULL,NULL,0,0,0,0,0
13978,12/10/2011,10/25/2011 15:04,11/25/2011 11:36,15,2,15,14,315,196.79,98.395,NULL,NULL,0,0,0,0,0
13979,12/10/2011,9/27/2011 13:32,9/27/2011 13:32,74,1,54,54,639,869.87,869.87,NULL,NULL,0,0,0,0,0
13980,12/10/2011,10/10/2011 13:34,10/10/2011 13:34,61,1,11,11,172,200.14,200.14,NULL,NULL,0,0,0,0,0
13982,12/10/2011,12/9/2010 13:57,10/31/2011 16:24,40,4,111,72,1136,1871.81,467.9525,6/29/2011 15:14,6/29/2011 15:14,1,4,4,4,10.7
13983,12/10/2011,12/8/2010 10:38,11/10/2011 11:06,30,12,107,91,1183,2603.43,216.9525,10/6/2011 18:39,10/6/2011 18:39,1,5,5,13,12.97
13984,12/10/2011,12/8/2010 15:58,11/13/2011 12:38,27,5,16,14,679,920.51,184.102,7/7/2011 17:16,7/7/2011 17:16,1,1,1,408,432.48
13985,12/10/2011,3/20/2011 13:48,12/5/2011 17:06,5,15,349,108,3445,7060.13,470.6753,6/10/2011 12:14,6/10/2011 12:14,1,2,2,8,35.6
13986,12/10/2011,11/22/2011 15:00,11/22/2011 15:00,18,1,13,12,430,320.46,320.46,NULL,NULL,0,0,0,0,0
13988,12/10/2011,3/30/2011 11:48,11/20/2011 10:15,20,6,234,188,3044,4147.96,691.3267,5/27/2011 11:00,11/10/2011 14:28,3,5,5,19,49.16
13989,12/10/2011,4/14/2011 15:39,10/5/2011 9:47,66,2,41,33,1313,1266.08,633.04,NULL,NULL,0,0,0,0,0
13990,12/10/2011,5/10/2011 15:19,5/10/2011 15:19,214,1,16,16,190,311.3,311.3,NULL,NULL,0,0,0,0,0
13991,12/10/2011,7/19/2011 12:58,11/27/2011 16:18,13,6,83,57,997,854.97,142.495,10/27/2011 14:27,10/27/2011 14:27,1,2,2,2,5.34
13992,12/10/2011,11/9/2011 15:23,11/9/2011 15:23,31,1,5,5,64,76.8,76.8,NULL,NULL,0,0,0,0,0
13993,12/10/2011,1/13/2011 10:43,10/28/2011 9:06,43,9,120,65,899,3451.36,383.4844,4/27/2011 16:53,11/7/2011 13:00,3,4,3,8,56.7
13994,12/10/2011,7/14/2011 18:28,12/6/2011 11:05,4,6,155,122,940,2313.14,385.5233,NULL,NULL,0,0,0,0,0
13995,12/10/2011,4/8/2011 8:20,11/24/2011 14:22,16,5,86,55,879,1393.69,278.738,4/11/2011 16:05,4/11/2011 16:05,1,1,1,12,10.2
13999,12/10/2011,12/13/2010 11:23,11/29/2011 13:40,11,12,208,102,2243,3901.81,325.1508,6/21/2011 17:43,9/14/2011 15:38,3,4,3,12,36.55
14000,12/10/2011,5/12/2011 16:50,5/12/2011 16:50,212,1,15,15,710,635.66,635.66,5/17/2011 13:44,5/17/2011 13:44,1,1,1,3,1.95
14001,12/10/2011,12/1/2010 12:58,10/25/2011 10:31,46,3,39,34,962,2043.08,681.0267,NULL,NULL,0,0,0,0,0
14002,12/10/2011,7/6/2011 14:59,7/28/2011 15:55,135,2,47,47,877,529.73,264.865,NULL,NULL,0,0,0,0,0
14004,12/10/2011,2/24/2011 9:28,10/27/2011 14:40,44,7,171,102,2668,4582.64,654.6629,NULL,NULL,0,0,0,0,0
14005,12/10/2011,5/8/2011 10:33,11/30/2011 12:41,10,5,84,53,2478,2874.72,574.944,NULL,NULL,0,0,0,0,0
14006,12/10/2011,1/31/2011 15:11,8/16/2011 9:39,116,3,30,22,641,962.19,320.73,NULL,NULL,0,0,0,0,0
14009,12/10/2011,5/18/2011 13:00,5/25/2011 15:47,199,2,42,42,365,695.61,347.805,5/23/2011 17:14,5/23/2011 17:14,1,2,2,4,9.68
14012,12/10/2011,3/7/2011 12:26,3/7/2011 12:26,278,1,11,11,160,328.8,328.8,NULL,NULL,0,0,0,0,0
14013,12/10/2011,3/9/2011 8:59,8/21/2011 15:01,111,3,34,30,462,473.02,157.6733,NULL,NULL,0,0,0,0,0
14014,12/10/2011,9/23/2011 13:18,9/23/2011 13:18,78,1,39,39,1076,505.18,505.18,NULL,NULL,0,0,0,0,0
14015,12/10/2011,10/18/2011 10:02,10/18/2011 10:02,53,1,20,20,378,917.34,917.34,NULL,NULL,0,0,0,0,0
14016,12/10/2011,12/17/2010 14:21,7/1/2011 11:29,162,4,160,153,2124,4291.21,1072.8025,7/8/2011 14:27,7/8/2011 14:27,1,1,1,1,12.75
14019,12/10/2011,7/24/2011 15:39,10/24/2011 10:13,47,3,66,37,1037,1421.61,473.87,9/15/2011 16:45,9/15/2011 16:45,1,2,2,3,22.65
14020,12/10/2011,9/12/2011 15:32,11/23/2011 9:22,17,2,39,37,441,642.8,321.4,NULL,NULL,0,0,0,0,0
14021,12/10/2011,3/28/2011 15:10,7/7/2011 15:46,156,3,22,22,192,631.9,210.6333,NULL,NULL,0,0,0,0,0
14022,12/10/2011,4/28/2011 14:39,4/28/2011 14:39,226,1,28,28,487,440,440,NULL,NULL,0,0,0,0,0
14023,12/10/2011,4/3/2011 15:50,12/2/2011 13:58,8,2,31,30,345,584.07,292.035,NULL,NULL,0,0,0,0,0
14024,12/10/2011,8/7/2011 13:31,8/10/2011 11:30,122,2,16,16,150,327.7,163.85,NULL,NULL,0,0,0,0,0
14027,12/10/2011,10/10/2011 9:01,10/10/2011 9:01,61,1,6,6,62,104.82,104.82,NULL,NULL,0,0,0,0,0
14029,12/10/2011,7/18/2011 16:57,10/7/2011 14:46,64,2,15,15,198,467.66,233.83,NULL,NULL,0,0,0,0,0
14030,12/10/2011,12/8/2010 16:11,11/21/2011 16:48,19,8,243,210,1479,2360.09,295.0113,NULL,NULL,0,0,0,0,0
14031,12/10/2011,12/2/2010 16:34,12/2/2011 17:13,8,19,250,119,5788,17286.86,909.8347,12/9/2010 17:32,10/3/2011 16:49,4,8,8,418,2652.22
14032,12/10/2011,12/8/2010 10:53,12/7/2011 15:23,3,11,143,53,2032,2975.59,270.5082,12/14/2010 10:01,11/23/2011 11:34,7,9,8,24,45.75
14034,12/10/2011,7/5/2011 13:06,11/17/2011 14:02,23,3,89,82,423,651.82,217.2733,7/5/2011 13:10,7/5/2011 13:10,1,3,3,108,139.8
14035,12/10/2011,2/15/2011 12:48,11/11/2011 10:03,29,5,65,40,738,1413.02,282.604,NULL,NULL,0,0,0,0,0
14036,12/10/2011,2/28/2011 9:26,2/28/2011 9:26,285,1,38,38,268,626.65,626.65,NULL,NULL,0,0,0,0,0
14037,12/10/2011,12/10/2010 11:39,6/16/2011 13:57,177,2,28,27,46,147.2,73.6,NULL,NULL,0,0,0,0,0
14038,12/10/2011,5/16/2011 14:05,9/22/2011 13:37,79,3,92,64,965,1560.38,520.1267,5/23/2011 17:29,5/23/2011 17:29,1,1,1,2,5.9
14039,12/10/2011,11/6/2011 13:48,11/6/2011 13:48,34,1,6,6,92,152.2,152.2,NULL,NULL,0,0,0,0,0
14040,12/10/2011,1/12/2011 14:57,10/30/2011 12:42,41,12,235,146,1554,3614.92,301.2433,6/21/2011 17:25,9/6/2011 14:05,2,5,5,29,68.68
14041,12/10/2011,3/18/2011 13:25,3/18/2011 13:25,267,1,21,21,94,141.41,141.41,NULL,NULL,0,0,0,0,0
14044,12/10/2011,2/3/2011 11:39,11/13/2011 12:05,27,4,209,165,308,652.82,163.205,NULL,NULL,0,0,0,0,0
14045,12/10/2011,12/1/2010 11:32,8/22/2011 15:27,110,4,6,4,535,1659.75,414.9375,NULL,NULL,0,0,0,0,0
14046,12/10/2011,2/28/2011 14:48,2/28/2011 14:48,285,1,13,13,443,151.59,151.59,NULL,NULL,0,0,0,0,0
14047,12/10/2011,12/2/2010 10:09,12/1/2011 11:43,9,5,32,22,381,1308.61,261.722,12/9/2010 15:01,1/7/2011 9:21,2,2,1,4,18.6
14048,12/10/2011,2/7/2011 14:53,2/7/2011 14:53,306,1,85,83,288,409.93,409.93,3/7/2011 13:49,3/7/2011 13:49,1,3,3,14,34.8
14049,12/10/2011,1/26/2011 11:27,11/23/2011 12:20,17,4,488,348,3870,5681.72,1420.43,1/26/2011 10:30,11/23/2011 10:30,2,17,15,24,42.57
14050,12/10/2011,8/25/2011 13:46,11/8/2011 10:00,32,2,54,49,689,746.36,373.18,NULL,NULL,0,0,0,0,0
14051,12/10/2011,12/8/2010 12:49,12/9/2011 10:20,1,23,209,51,3755,15595.39,678.0604,3/7/2011 11:18,5/17/2011 15:24,3,5,5,15,133.05
14052,12/10/2011,11/20/2011 12:30,11/20/2011 12:30,20,1,56,56,89,225.36,225.36,NULL,NULL,0,0,0,0,0
14053,12/10/2011,7/3/2011 12:21,8/7/2011 14:27,125,2,4,2,215,260.25,130.125,NULL,NULL,0,0,0,0,0
14054,12/10/2011,10/5/2011 15:49,10/5/2011 15:49,66,1,6,6,62,92.46,92.46,NULL,NULL,0,0,0,0,0
14055,12/10/2011,8/25/2011 15:04,8/25/2011 15:04,107,1,10,10,216,725.64,725.64,NULL,NULL,0,0,0,0,0
14056,12/10/2011,2/28/2011 15:19,12/8/2011 13:36,2,23,1106,320,4273,8214.65,357.1587,5/6/2011 16:44,10/18/2011 15:33,6,21,20,39,89.41
14057,12/10/2011,12/14/2010 12:11,11/16/2011 10:32,24,17,284,179,4876,6217.96,365.7624,3/10/2011 12:04,3/10/2011 12:04,1,7,7,168,70.56
14059,12/10/2011,3/18/2011 10:06,3/18/2011 10:06,267,1,8,8,128,183.6,183.6,NULL,NULL,0,0,0,0,0
14060,12/10/2011,12/2/2010 12:11,12/5/2011 12:29,5,19,202,86,5386,6140.42,323.18,9/15/2011 9:51,9/15/2011 9:51,1,1,1,12,5.04
14062,12/10/2011,12/10/2010 15:56,11/30/2011 10:04,10,12,111,60,5593,10464.85,872.0708,NULL,NULL,0,0,0,0,0
14064,12/10/2011,3/10/2011 12:59,11/10/2011 13:14,30,5,80,59,1788,1353.74,270.748,4/13/2011 14:24,11/10/2011 12:04,2,2,2,438,165.42
14066,12/10/2011,3/18/2011 12:21,3/18/2011 12:21,267,1,7,7,45,152.55,152.55,NULL,NULL,0,0,0,0,0
14067,12/10/2011,9/4/2011 12:00,10/7/2011 10:21,64,2,52,51,361,374.7,187.35,NULL,NULL,0,0,0,0,0
14068,12/10/2011,1/23/2011 16:02,1/23/2011 16:02,321,1,24,22,73,265.85,265.85,NULL,NULL,0,0,0,0,0
14071,12/10/2011,3/20/2011 11:33,12/6/2011 12:27,4,8,322,270,957,1424,178,4/12/2011 11:58,4/12/2011 11:58,1,9,9,95,131.41
14073,12/10/2011,11/7/2011 15:49,11/7/2011 15:49,33,1,13,13,130,151.04,151.04,11/18/2011 16:14,11/18/2011 16:14,1,1,1,2,11.5
14075,12/10/2011,3/23/2011 16:35,12/5/2011 8:38,5,3,43,33,754,942.26,314.0867,NULL,NULL,0,0,0,0,0
14076,12/10/2011,8/2/2011 15:19,8/2/2011 15:19,130,1,46,43,81,122.47,122.47,NULL,NULL,0,0,0,0,0
14077,12/10/2011,3/10/2011 15:52,10/30/2011 12:35,41,5,42,33,268,499.42,99.884,NULL,NULL,0,0,0,0,0
14078,12/10/2011,12/1/2010 12:54,8/30/2011 12:16,102,6,65,46,310,1049.37,174.895,NULL,NULL,0,0,0,0,0
14079,12/10/2011,8/7/2011 12:10,8/7/2011 12:10,125,1,12,12,301,375.1,375.1,NULL,NULL,0,0,0,0,0
14080,12/10/2011,11/7/2011 11:09,11/7/2011 11:09,33,1,4,4,48,45.6,45.6,NULL,NULL,0,0,0,0,0
14081,12/10/2011,12/5/2010 15:47,2/10/2011 16:17,303,2,153,126,596,934.52,467.26,2/10/2011 14:52,3/17/2011 14:24,2,3,3,3,29.85
14082,12/10/2011,12/10/2010 11:02,12/10/2010 11:02,365,1,29,28,110,182.25,182.25,NULL,NULL,0,0,0,0,0
14083,12/10/2011,12/3/2010 12:24,12/5/2011 13:14,5,9,181,162,732,1018.43,113.1589,NULL,NULL,0,0,0,0,0
14085,12/10/2011,12/6/2010 12:39,12/7/2011 13:46,3,18,450,272,3184,4448.54,247.1411,12/13/2010 13:28,12/13/2010 13:28,1,1,1,1,12.75
14087,12/10/2011,12/7/2011 12:41,12/7/2011 12:41,3,1,69,61,251,194.42,194.42,12/7/2011 12:28,12/7/2011 12:28,1,1,1,1,12.75
14088,12/10/2011,1/21/2011 13:07,11/29/2011 16:16,11,13,589,379,12665,50491.81,3883.9854,7/13/2011 13:56,7/13/2011 13:56,1,1,1,72,76.32
14089,12/10/2011,10/14/2011 10:38,10/14/2011 10:38,57,1,14,13,134,161,161,NULL,NULL,0,0,0,0,0
14090,12/10/2011,1/19/2011 10:51,1/19/2011 10:51,325,1,1,1,72,76.32,76.32,NULL,NULL,0,0,0,0,0
14092,12/10/2011,12/16/2010 15:47,12/2/2011 12:13,8,14,214,117,2066,4076.91,291.2079,12/2/2010 9:10,10/6/2011 19:24,3,3,3,5,13.81
14093,12/10/2011,11/27/2011 16:27,11/27/2011 16:27,13,1,105,95,406,442.85,442.85,NULL,NULL,0,0,0,0,0
14096,12/10/2011,8/30/2011 10:49,12/5/2011 17:17,5,17,5095,1118,16336,53258.43,3132.8488,8/30/2011 10:49,12/5/2011 17:17,16,16,1,16,7933.43
14098,12/10/2011,11/3/2011 10:13,11/3/2011 10:13,37,1,21,21,104,147.35,147.35,NULL,NULL,0,0,0,0,0
14099,12/10/2011,12/20/2010 11:14,11/23/2011 13:53,17,11,250,167,2179,3104.17,282.1973,6/22/2011 16:36,6/22/2011 16:36,1,2,2,2,11.2
14100,12/10/2011,7/25/2011 11:01,7/25/2011 11:01,138,1,26,24,64,194.9,194.9,NULL,NULL,0,0,0,0,0
14101,12/10/2011,1/17/2011 13:09,9/27/2011 12:28,74,6,35,15,6942,5976.79,996.1317,NULL,NULL,0,0,0,0,0
14102,12/10/2011,10/26/2011 12:46,12/4/2011 15:38,6,5,79,35,961,1360.28,272.056,11/2/2011 14:10,11/17/2011 10:54,3,5,5,23,45.55
14104,12/10/2011,6/27/2011 12:49,7/8/2011 12:50,155,2,21,21,72,216.21,108.105,NULL,NULL,0,0,0,0,0
14105,12/10/2011,4/14/2011 17:58,4/14/2011 17:58,240,1,74,74,800,1266.23,1266.23,9/15/2011 16:13,9/15/2011 16:13,1,2,2,2,5.9
14107,12/10/2011,12/10/2010 13:29,10/19/2011 12:12,52,7,123,61,1793,2703.23,386.1757,12/20/2010 12:19,12/20/2010 12:19,1,1,1,5,14.75
14108,12/10/2011,8/30/2011 11:32,11/9/2011 10:41,31,2,34,33,381,597.91,298.955,9/9/2011 12:38,9/9/2011 12:38,1,1,1,1,3.75
14109,12/10/2011,9/28/2011 10:18,9/28/2011 10:18,73,1,9,9,88,144.2,144.2,11/16/2011 13:51,11/16/2011 13:51,1,5,5,32,64
14110,12/10/2011,3/18/2011 9:59,12/6/2011 12:26,4,12,155,94,2445,5683.15,473.5958,4/8/2011 17:14,4/8/2011 17:14,1,1,1,2,13.5
14111,12/10/2011,4/12/2011 11:36,11/25/2011 13:44,15,4,9,9,457,677.85,169.4625,9/15/2011 16:11,9/15/2011 16:11,1,1,1,1,4.25
14112,12/10/2011,3/9/2011 11:28,11/17/2011 12:30,23,7,160,117,1651,2915.15,416.45,3/17/2011 18:29,11/4/2011 12:57,5,13,13,43,140.98
14113,12/10/2011,12/20/2010 12:14,12/6/2011 12:18,4,4,34,26,745,1840.42,460.105,12/20/2010 11:56,10/20/2011 19:13,4,6,4,110,462.5
14114,12/10/2011,1/13/2011 11:05,3/11/2011 9:42,274,2,15,15,101,386.53,193.265,NULL,NULL,0,0,0,0,0
14116,12/10/2011,8/10/2011 12:44,11/20/2011 10:29,20,5,72,61,707,1382.74,276.548,NULL,NULL,0,0,0,0,0
14117,12/10/2011,7/19/2011 9:49,7/19/2011 9:49,144,1,3,3,72,90,90,NULL,NULL,0,0,0,0,0
14121,12/10/2011,10/11/2011 10:39,12/6/2011 12:19,4,4,159,148,2082,2780.15,695.0375,10/24/2011 16:10,12/1/2011 9:29,2,2,2,4,39.85
14124,12/10/2011,9/16/2011 13:32,9/16/2011 13:32,85,1,5,4,1618,419.58,419.58,NULL,NULL,0,0,0,0,0
14125,12/10/2011,9/22/2011 15:40,11/29/2011 12:47,11,3,167,159,1640,2740.43,913.4767,NULL,NULL,0,0,0,0,0
14126,12/10/2011,11/29/2011 12:21,12/2/2011 11:45,8,3,14,13,507,691.13,230.3767,12/2/2011 11:45,12/2/2011 11:45,1,1,1,50,62.5
14127,12/10/2011,2/2/2011 12:26,8/9/2011 10:49,123,3,44,39,321,709.71,236.57,NULL,NULL,0,0,0,0,0
14128,12/10/2011,3/29/2011 10:49,10/10/2011 12:00,61,2,46,40,564,637.5,318.75,NULL,NULL,0,0,0,0,0
14129,12/10/2011,3/24/2011 8:44,12/8/2011 11:02,2,5,52,31,592,1123.86,224.772,NULL,NULL,0,0,0,0,0
14130,12/10/2011,1/24/2011 16:05,1/24/2011 16:05,320,1,67,66,258,483.86,483.86,NULL,NULL,0,0,0,0,0
14132,12/10/2011,6/9/2011 12:04,12/7/2011 13:35,3,11,200,100,3368,3586.03,326.0027,11/18/2011 16:20,11/18/2011 16:20,1,1,1,2,5.9
14133,12/10/2011,1/28/2011 11:27,8/2/2011 11:34,130,3,28,25,348,605.64,201.88,2/3/2011 12:59,2/11/2011 16:12,2,2,2,6,15.3
14135,12/10/2011,12/2/2010 10:27,12/8/2011 11:38,2,15,134,95,3850,4690.31,312.6873,NULL,NULL,0,0,0,0,0
14138,12/10/2011,10/7/2011 9:38,12/8/2011 12:44,2,2,47,40,610,982.38,491.19,NULL,NULL,0,0,0,0,0
14139,12/10/2011,10/24/2011 13:34,10/24/2011 13:34,47,1,26,26,510,415.82,415.82,NULL,NULL,0,0,0,0,0
14140,12/10/2011,11/8/2011 11:20,12/6/2011 9:05,4,2,66,60,811,935.05,467.525,11/18/2011 16:18,11/18/2011 16:18,1,1,1,2,15
14141,12/10/2011,8/26/2011 14:40,12/7/2011 9:53,3,4,40,27,355,915.13,228.7825,9/23/2011 9:19,10/6/2011 18:14,2,6,6,18,36.1
14142,12/10/2011,12/1/2010 16:33,12/1/2010 16:33,374,1,22,22,313,311.81,311.81,NULL,NULL,0,0,0,0,0
14143,12/10/2011,7/29/2011 9:48,7/29/2011 9:48,134,1,7,7,30,115.8,115.8,NULL,NULL,0,0,0,0,0
14145,12/10/2011,5/6/2011 13:01,10/24/2011 12:10,47,4,11,6,756,3742.2,935.55,7/29/2011 15:12,7/29/2011 15:12,1,1,1,120,594
14146,12/10/2011,12/17/2010 15:52,12/1/2011 10:18,9,5,210,183,2437,4191,838.2,1/28/2011 9:32,1/28/2011 9:32,1,35,35,551,1241.43
14147,12/10/2011,2/27/2011 11:42,9/22/2011 18:10,79,2,5,4,108,483.4,241.7,10/21/2011 13:36,10/21/2011 13:36,1,1,1,12,15
14148,12/10/2011,4/20/2011 12:02,4/20/2011 12:02,234,1,3,3,16,157.2,157.2,NULL,NULL,0,0,0,0,0
14149,12/10/2011,5/3/2011 9:44,5/3/2011 9:44,221,1,28,28,218,446.62,446.62,5/5/2011 11:22,5/11/2011 12:34,2,12,12,89,187.19
14150,12/10/2011,12/15/2010 10:04,11/4/2011 10:05,36,2,26,23,496,658.64,329.32,NULL,NULL,0,0,0,0,0
14152,12/10/2011,4/19/2011 15:46,9/25/2011 12:54,76,2,49,47,711,621.29,310.645,4/21/2011 17:00,4/21/2011 17:00,1,1,1,12,10.2
14154,12/10/2011,4/14/2011 15:58,4/14/2011 16:26,240,2,52,52,465,1345.62,672.81,NULL,NULL,0,0,0,0,0
14155,12/10/2011,3/18/2011 14:13,3/18/2011 14:13,267,1,6,6,25,118.75,118.75,NULL,NULL,0,0,0,0,0
14156,12/10/2011,12/3/2010 11:48,11/30/2011 10:54,10,54,1387,713,57872,116729.63,2161.6598,12/2/2010 17:08,11/23/2011 10:57,10,19,16,859,2874.31
14157,12/10/2011,2/27/2011 13:04,11/20/2011 11:32,20,2,48,45,284,432.88,216.44,2/27/2011 15:07,2/27/2011 15:07,1,1,1,11,32.45
14158,12/10/2011,10/30/2011 15:08,10/30/2011 15:08,41,1,41,41,781,507.66,507.66,NULL,NULL,0,0,0,0,0
14159,12/10/2011,12/12/2010 11:17,11/20/2011 12:36,20,11,1203,500,4405,4690.64,426.4218,6/23/2011 10:42,9/19/2011 10:11,3,8,8,13,14.71
14161,12/10/2011,12/5/2010 13:18,5/8/2011 11:41,216,3,108,87,455,1110.52,370.1733,NULL,NULL,0,0,0,0,0
14162,12/10/2011,2/20/2011 12:32,6/19/2011 11:36,174,2,25,25,142,289.36,144.68,NULL,NULL,0,0,0,0,0
14163,12/10/2011,4/14/2011 17:33,9/13/2011 15:18,88,4,52,36,893,2445.91,611.4775,NULL,NULL,0,0,0,0,0
14164,12/10/2011,9/20/2011 12:18,9/30/2011 12:24,71,2,29,28,1033,1631.77,815.885,NULL,NULL,0,0,0,0,0
14165,12/10/2011,3/9/2011 12:39,3/9/2011 12:39,276,1,25,23,54,122.54,122.54,NULL,NULL,0,0,0,0,0
14167,12/10/2011,1/12/2011 15:44,10/31/2011 14:29,40,4,52,27,150,574.84,143.71,NULL,NULL,0,0,0,0,0
14171,12/10/2011,9/2/2011 16:43,9/2/2011 16:43,99,1,58,57,167,363.79,363.79,NULL,NULL,0,0,0,0,0
14173,12/10/2011,5/4/2011 14:03,11/29/2011 11:54,11,4,29,28,150,450.84,112.71,NULL,NULL,0,0,0,0,0
14174,12/10/2011,11/6/2011 13:17,11/6/2011 13:17,34,1,26,26,94,134.46,134.46,NULL,NULL,0,0,0,0,0
14175,12/10/2011,1/14/2011 12:22,10/11/2011 11:55,60,3,149,139,1515,3222.3,1074.1,1/21/2011 13:07,10/19/2011 13:42,4,15,15,54,114.24
14176,12/10/2011,12/7/2010 11:45,2/15/2011 13:12,298,4,31,28,209,576.9,144.225,12/14/2010 9:56,12/14/2010 9:56,1,1,1,2,2.9
14177,12/10/2011,6/13/2011 11:10,9/14/2011 15:11,87,4,42,37,205,559.41,139.8525,9/16/2011 9:52,9/16/2011 9:52,1,1,1,1,4.95
14178,12/10/2011,6/10/2011 12:51,12/1/2011 12:01,9,7,325,190,1503,1600.93,228.7043,NULL,NULL,0,0,0,0,0
14179,12/10/2011,10/18/2011 14:00,10/30/2011 12:07,41,2,165,135,330,719.78,359.89,NULL,NULL,0,0,0,0,0
14180,12/10/2011,12/2/2010 13:08,11/29/2011 10:56,11,25,240,112,719,4748.52,189.9408,1/28/2011 9:34,5/11/2011 15:46,6,8,8,9,107.75
14184,12/10/2011,10/4/2011 12:43,10/4/2011 12:43,67,1,24,24,127,452.89,452.89,NULL,NULL,0,0,0,0,0
14185,12/10/2011,1/12/2011 13:52,1/12/2011 13:52,332,1,3,3,6,197.65,197.65,NULL,NULL,0,0,0,0,0
14188,12/10/2011,2/2/2011 13:46,11/9/2011 12:45,31,6,65,34,1162,2054.36,342.3933,8/25/2011 16:08,12/1/2011 9:46,4,6,4,17,35.45
14189,12/10/2011,12/6/2010 11:42,12/7/2011 15:55,3,15,265,176,3937,4654.08,310.272,2/14/2011 16:39,12/1/2011 11:13,9,12,9,18,49.77
14191,12/10/2011,5/3/2011 10:30,12/8/2011 9:23,2,13,259,145,3662,4684.76,360.3662,5/27/2011 11:17,5/27/2011 11:17,1,4,4,5,24.75
14193,12/10/2011,3/15/2011 11:38,10/3/2011 9:34,68,2,42,35,445,853.39,426.695,NULL,NULL,0,0,0,0,0
14194,12/10/2011,2/4/2011 14:51,12/5/2011 10:38,5,21,579,269,5840,11349.52,540.4533,3/25/2011 11:31,11/30/2011 17:32,11,25,24,57,132.77
14195,12/10/2011,4/1/2011 16:50,5/22/2011 10:29,202,2,7,7,760,1012,506,4/14/2011 11:26,4/14/2011 11:26,1,1,1,58,49.3
14196,12/10/2011,8/25/2011 10:25,8/25/2011 10:25,107,1,6,6,142,335.52,335.52,NULL,NULL,0,0,0,0,0
14198,12/10/2011,4/14/2011 14:54,11/21/2011 16:35,19,4,39,35,290,701.4,175.35,4/27/2011 16:44,12/5/2011 16:34,3,5,5,10,37.9
14199,12/10/2011,5/5/2011 13:44,5/5/2011 13:44,219,1,2,2,28,185.4,185.4,NULL,NULL,0,0,0,0,0
14201,12/10/2011,12/15/2010 13:25,10/10/2011 13:27,61,7,37,32,590,747.44,106.7771,5/12/2011 19:41,5/16/2011 11:09,2,2,1,12,59.4
14204,12/10/2011,12/7/2011 13:38,12/7/2011 13:38,3,1,44,36,82,161.03,161.03,NULL,NULL,0,0,0,0,0
14205,12/10/2011,3/20/2011 15:07,11/23/2011 10:55,17,2,24,23,204,466.7,233.35,12/9/2010 13:38,12/9/2010 13:38,1,14,14,104,238.2
14206,12/10/2011,4/14/2011 16:38,4/14/2011 16:38,240,1,20,20,276,328.16,328.16,12/14/2010 10:31,12/14/2010 10:31,1,1,1,2,19.9
14208,12/10/2011,9/6/2011 12:48,9/6/2011 12:48,95,1,10,10,114,151.74,151.74,NULL,NULL,0,0,0,0,0
14209,12/10/2011,1/11/2011 12:56,11/29/2011 10:18,11,6,87,55,691,2073.43,345.5717,5/17/2011 14:09,5/17/2011 14:09,1,1,1,3,6.3
14210,12/10/2011,12/3/2010 12:43,8/26/2011 12:36,106,6,102,66,760,1905.84,317.64,9/9/2011 12:55,9/9/2011 12:55,1,1,1,1,4.95
14211,12/10/2011,2/17/2011 15:50,10/17/2011 13:23,54,9,112,87,1242,2241.1,249.0111,2/23/2011 11:35,10/6/2011 17:55,4,6,6,10,32.8
14212,12/10/2011,9/11/2011 12:45,9/11/2011 12:45,90,1,9,9,1152,1070.48,1070.48,NULL,NULL,0,0,0,0,0
14214,12/10/2011,3/7/2011 12:26,11/9/2011 10:31,31,5,67,64,751,1004.38,200.876,3/10/2011 15:27,3/11/2011 14:29,2,3,2,3,4.15
14215,12/10/2011,12/6/2010 15:34,11/28/2011 12:19,12,6,108,98,1358,1789.72,298.2867,1/25/2011 12:52,1/25/2011 12:52,1,1,1,4,11.8
14216,12/10/2011,11/2/2011 10:51,12/6/2011 14:56,4,4,58,46,593,1824.3,456.075,NULL,NULL,0,0,0,0,0
14217,12/10/2011,12/8/2010 13:28,12/8/2011 11:53,2,17,100,78,689,2004.98,117.94,12/9/2010 15:29,11/30/2011 15:18,7,7,5,12,79.62
14218,12/10/2011,10/28/2011 10:00,10/28/2011 10:00,43,1,12,12,160,169.48,169.48,NULL,NULL,0,0,0,0,0
14219,12/10/2011,12/5/2011 16:23,12/5/2011 16:23,5,1,7,7,78,89.94,89.94,NULL,NULL,0,0,0,0,0
14220,12/10/2011,12/16/2010 18:18,4/6/2011 13:23,248,2,21,21,272,632.4,316.2,NULL,NULL,0,0,0,0,0
14221,12/10/2011,1/4/2011 15:33,10/28/2011 13:42,43,9,193,123,2191,3432.8,381.4222,6/8/2011 13:50,6/8/2011 13:50,1,1,1,1,4.95
14222,12/10/2011,6/15/2011 16:42,6/15/2011 16:42,178,1,41,41,607,683.17,683.17,NULL,NULL,0,0,0,0,0
14223,12/10/2011,3/20/2011 16:02,9/8/2011 13:38,93,3,60,50,585,991.13,330.3767,3/24/2011 10:13,3/24/2011 10:13,1,1,1,2,15.9
14224,12/10/2011,1/23/2011 13:58,8/21/2011 13:24,111,4,118,105,514,1050.12,262.53,NULL,NULL,0,0,0,0,0
14226,12/10/2011,3/15/2011 15:36,11/11/2011 11:34,29,5,67,64,1308,2232.19,446.438,3/17/2011 15:46,5/24/2011 17:27,2,6,6,7,30.55
14227,12/10/2011,2/28/2011 12:27,11/13/2011 15:48,27,10,175,117,1820,3350.96,335.096,3/10/2011 10:34,10/27/2011 13:41,5,8,7,9,35.25
14229,12/10/2011,1/10/2011 12:03,10/19/2011 10:03,52,3,40,29,610,1547.2,515.7333,1/13/2011 12:41,1/28/2011 14:07,2,3,3,20,96.6
14231,12/10/2011,2/24/2011 11:55,6/9/2011 11:05,184,3,50,47,409,925.71,308.57,3/2/2011 15:54,6/13/2011 15:35,2,4,4,7,103.65
14232,12/10/2011,3/20/2011 12:44,10/28/2011 11:09,43,5,115,81,1941,2048.07,409.614,3/27/2011 12:04,11/8/2011 12:17,3,3,3,4,4.14
14233,12/10/2011,1/26/2011 12:43,10/21/2011 15:54,50,4,35,30,680,1462.72,365.68,10/27/2011 9:25,10/27/2011 9:25,1,1,1,9,15.21
14234,12/10/2011,10/13/2011 13:58,11/17/2011 17:53,23,4,159,122,963,775.46,193.865,NULL,NULL,0,0,0,0,0
14235,12/10/2011,3/24/2011 13:23,9/25/2011 14:37,76,5,79,65,1959,3144.86,628.972,11/29/2011 13:26,11/29/2011 13:26,1,1,1,12,51
14236,12/10/2011,12/2/2010 18:49,9/20/2011 9:13,81,2,15,15,310,490.86,245.43,NULL,NULL,0,0,0,0,0
14237,12/10/2011,12/1/2010 13:20,12/1/2010 13:20,374,1,9,9,38,161,161,NULL,NULL,0,0,0,0,0
14238,12/10/2011,1/17/2011 14:40,1/17/2011 14:40,327,1,8,8,111,146.85,146.85,NULL,NULL,0,0,0,0,0
14239,12/10/2011,1/27/2011 14:45,10/27/2011 14:40,44,11,112,83,993,2380.85,216.4409,3/3/2011 16:25,5/23/2011 10:02,2,4,4,7,57.35
14240,12/10/2011,4/28/2011 11:40,11/9/2011 13:45,31,2,42,37,418,890.34,445.17,NULL,NULL,0,0,0,0,0
14241,12/10/2011,6/9/2011 11:46,6/9/2011 11:46,184,1,10,10,146,213.7,213.7,NULL,NULL,0,0,0,0,0
14242,12/10/2011,1/18/2011 8:53,4/19/2011 11:46,235,2,16,13,123,280.55,140.275,NULL,NULL,0,0,0,0,0
14243,12/10/2011,12/9/2010 8:34,12/1/2011 11:12,9,10,141,99,1221,2588.77,258.877,3/2/2011 15:58,9/9/2011 12:53,4,7,7,17,52.89
14245,12/10/2011,3/21/2011 10:41,5/4/2011 8:40,220,2,108,107,976,1693.45,846.725,3/29/2011 10:55,6/16/2011 14:33,3,4,4,5,15.97
14246,12/10/2011,4/8/2011 8:25,8/21/2011 11:50,111,3,75,57,804,1474.06,491.3533,NULL,NULL,0,0,0,0,0
14247,12/10/2011,3/6/2011 15:21,3/6/2011 15:21,279,1,20,19,47,136.77,136.77,NULL,NULL,0,0,0,0,0
14248,12/10/2011,1/25/2011 14:45,1/25/2011 14:45,319,1,8,8,102,302.58,302.58,NULL,NULL,0,0,0,0,0
14250,12/10/2011,9/11/2011 13:44,12/2/2011 14:30,8,3,111,94,1200,1904.05,634.6833,NULL,NULL,0,0,0,0,0
14251,12/10/2011,10/13/2011 12:46,12/8/2011 8:32,2,5,78,37,1674,2879.7,575.94,NULL,NULL,0,0,0,0,0
14256,12/10/2011,12/10/2010 11:44,3/24/2011 13:17,261,2,53,51,414,969.06,484.53,3/30/2011 16:39,3/30/2011 16:39,1,1,1,4,34
14257,12/10/2011,1/25/2011 10:49,10/6/2011 16:54,65,5,106,88,1682,3099.72,619.944,10/19/2011 13:38,10/19/2011 13:38,1,1,1,5,12.45
14258,12/10/2011,1/6/2011 12:18,11/30/2011 15:27,10,9,111,58,7100,12669.98,1407.7756,7/14/2011 14:47,7/14/2011 14:47,1,1,1,2,19.9
14259,12/10/2011,7/21/2011 10:44,7/21/2011 10:44,142,1,5,5,68,120,120,NULL,NULL,0,0,0,0,0
14261,12/10/2011,9/22/2011 10:47,10/20/2011 10:04,51,2,52,52,406,1163.45,581.725,NULL,NULL,0,0,0,0,0
14262,12/10/2011,4/13/2011 12:23,12/1/2011 14:17,9,8,143,87,1645,2618.23,327.2788,NULL,NULL,0,0,0,0,0
14264,12/10/2011,4/8/2011 12:20,7/8/2011 10:20,155,2,17,15,70,333.97,166.985,12/2/2010 17:35,12/2/2010 17:35,1,2,2,4,14.5
14265,12/10/2011,7/14/2011 9:10,8/22/2011 13:32,110,2,31,31,330,530.18,265.09,NULL,NULL,0,0,0,0,0
14267,12/10/2011,3/24/2011 11:38,6/30/2011 10:09,163,3,55,25,530,1516.24,505.4133,3/31/2011 12:38,7/12/2011 11:11,4,11,11,69,237.15
14270,12/10/2011,1/12/2011 9:33,1/12/2011 9:33,332,1,29,29,197,492.65,492.65,NULL,NULL,0,0,0,0,0
14271,12/10/2011,4/28/2011 12:47,4/28/2011 12:47,226,1,10,10,88,112.32,112.32,NULL,NULL,0,0,0,0,0
14272,12/10/2011,3/30/2011 13:57,9/27/2011 10:08,74,2,33,33,599,437.96,218.98,NULL,NULL,0,0,0,0,0
14273,12/10/2011,4/11/2011 13:24,10/19/2011 13:20,52,4,29,22,264,559.97,139.9925,NULL,NULL,0,0,0,0,0
14276,12/10/2011,2/23/2011 9:38,9/2/2011 9:45,99,3,64,52,744,1119.74,373.2467,3/3/2011 12:11,9/12/2011 17:49,2,11,11,21,100.35
14277,12/10/2011,5/11/2011 13:20,11/24/2011 15:01,16,3,224,194,1982,4180.2,1393.4,11/24/2011 11:44,11/24/2011 11:44,1,3,3,360,259.2
14280,12/10/2011,5/27/2011 10:37,5/27/2011 10:37,197,1,8,8,52,134.04,134.04,NULL,NULL,0,0,0,0,0
14282,12/10/2011,12/7/2010 12:21,12/6/2011 17:04,4,15,156,70,2668,3729.34,248.6227,NULL,NULL,0,0,0,0,0
14284,12/10/2011,9/14/2011 13:04,11/9/2011 8:11,31,2,32,24,161,595.25,297.625,9/21/2011 9:52,9/21/2011 9:52,1,2,2,4,16.8
14285,12/10/2011,6/16/2011 12:36,11/18/2011 14:50,22,4,27,18,541,1910.01,477.5025,NULL,NULL,0,0,0,0,0
14286,12/10/2011,4/11/2011 8:16,11/16/2011 10:34,24,3,280,220,4338,4628.75,1542.9167,9/12/2011 15:35,10/31/2011 10:58,2,5,5,32,32.94
14287,12/10/2011,5/25/2011 11:41,12/1/2011 13:25,9,3,9,9,261,176.63,58.8767,6/10/2011 11:15,6/10/2011 11:15,1,1,1,24,20.4
14288,12/10/2011,5/10/2011 13:22,5/10/2011 13:22,214,1,16,16,188,426.6,426.6,5/11/2011 15:17,5/11/2011 15:17,1,1,1,1,12.75
14289,12/10/2011,2/23/2011 12:33,12/1/2011 11:44,9,6,47,33,292,911.26,151.8767,NULL,NULL,0,0,0,0,0
14290,12/10/2011,12/13/2010 10:24,11/28/2011 14:02,12,5,101,89,915,2314.65,462.93,1/27/2011 14:32,1/27/2011 14:32,1,2,2,2,7.2
14291,12/10/2011,3/9/2011 15:20,12/8/2011 10:26,2,11,237,145,2749,3883.25,353.0227,8/18/2011 6:26,8/18/2011 6:26,1,1,1,1,9.95
14292,12/10/2011,3/2/2011 8:26,12/2/2011 11:50,8,9,100,64,1663,4871.93,541.3256,1/17/2011 16:20,11/4/2011 13:51,5,8,8,20,52.6
14293,12/10/2011,12/6/2010 10:18,12/6/2011 15:17,4,4,61,51,709,1046.56,261.64,NULL,NULL,0,0,0,0,0
14295,12/10/2011,10/30/2011 15:50,10/30/2011 15:50,41,1,5,5,84,166.2,166.2,1/11/2011 11:53,1/11/2011 11:53,1,1,1,1,8.5
14297,12/10/2011,3/10/2011 8:31,11/22/2011 9:06,18,4,62,48,865,1305.33,326.3325,10/19/2011 14:55,10/19/2011 14:55,1,1,1,3,14.85
14298,12/10/2011,12/14/2010 12:59,12/1/2011 13:12,9,44,1637,884,58343,51527.3,1171.075,12/6/2011 15:04,12/6/2011 15:04,1,3,3,322,664.86
14299,12/10/2011,12/9/2010 10:30,12/1/2011 16:05,9,9,143,94,2149,3965.62,440.6244,12/8/2010 13:33,12/1/2011 8:32,9,19,13,136,1110.27
14300,12/10/2011,11/21/2011 8:57,11/21/2011 8:57,19,1,3,3,32,43.2,43.2,NULL,NULL,0,0,0,0,0
14301,12/10/2011,8/14/2011 15:33,8/14/2011 15:33,118,1,13,13,606,640.14,640.14,8/24/2011 9:04,8/24/2011 9:04,1,3,3,6,8.1
14304,12/10/2011,5/1/2011 11:50,5/1/2011 11:50,223,1,17,17,139,383.45,383.45,2/11/2011 14:48,2/11/2011 14:48,1,10,10,85,186.35
14305,12/10/2011,7/27/2011 14:14,9/29/2011 15:29,72,3,104,95,1088,1843.96,614.6533,8/11/2011 10:24,8/18/2011 6:21,2,5,5,20,55.2
14306,12/10/2011,9/15/2011 10:31,10/19/2011 13:23,52,2,33,33,1075,2093.32,1046.66,9/21/2011 12:32,9/21/2011 12:32,1,2,2,2,9.9
14307,12/10/2011,12/1/2010 11:41,9/12/2011 9:38,89,6,180,150,2058,2995.72,499.2867,NULL,NULL,0,0,0,0,0
14309,12/10/2011,12/16/2010 13:05,12/1/2011 13:33,9,9,117,74,1633,2352.53,261.3922,1/20/2011 17:02,1/20/2011 17:02,1,6,6,14,32.85
14311,12/10/2011,4/11/2011 10:14,4/11/2011 10:14,243,1,20,20,146,310.26,310.26,4/28/2011 19:49,4/28/2011 19:49,1,7,7,21,80.55
14312,12/10/2011,1/6/2011 16:35,10/24/2011 9:46,47,6,87,74,1012,1611.59,268.5983,NULL,NULL,0,0,0,0,0
14314,12/10/2011,8/25/2011 10:39,8/25/2011 10:39,107,1,8,8,296,120,120,NULL,NULL,0,0,0,0,0
14315,12/10/2011,3/18/2011 12:59,10/26/2011 12:06,45,6,101,64,1021,2481.13,413.5217,11/18/2011 15:35,11/18/2011 15:35,1,3,3,11,24.15
14317,12/10/2011,10/6/2011 10:44,10/6/2011 10:44,65,1,24,24,255,508.58,508.58,NULL,NULL,0,0,0,0,0
14320,12/10/2011,1/11/2011 9:12,5/17/2011 9:24,207,2,31,29,325,477.79,238.895,1/21/2011 11:17,1/21/2011 11:17,1,11,11,86,134.68
14321,12/10/2011,1/10/2011 11:35,11/29/2011 9:47,11,5,123,111,2406,1530.75,306.15,NULL,NULL,0,0,0,0,0
14323,12/10/2011,4/15/2011 11:44,8/17/2011 11:37,115,2,36,32,350,605.06,302.53,4/20/2011 15:57,6/2/2011 11:22,2,5,5,10,30.8
14326,12/10/2011,4/11/2011 15:04,4/11/2011 15:04,243,1,8,8,103,183.85,183.85,4/19/2011 11:08,4/19/2011 11:08,1,1,1,4,17
14327,12/10/2011,6/29/2011 13:58,6/29/2011 13:58,164,1,12,12,139,311.65,311.65,NULL,NULL,0,0,0,0,0
14329,12/10/2011,1/14/2011 13:42,11/22/2011 15:50,18,7,259,218,3095,5014.84,716.4057,2/21/2011 12:38,12/1/2011 8:27,7,10,10,20,86.1
14331,12/10/2011,7/27/2011 15:14,8/7/2011 13:17,125,2,28,27,252,462.66,231.33,NULL,NULL,0,0,0,0,0
14332,12/10/2011,7/15/2011 10:33,11/17/2011 11:54,23,3,26,22,481,866.31,288.77,NULL,NULL,0,0,0,0,0
14333,12/10/2011,10/3/2011 10:38,10/3/2011 10:38,68,1,15,15,58,415.2,415.2,10/6/2011 19:25,10/6/2011 19:25,1,4,4,6,63.75
14334,12/10/2011,12/16/2010 17:37,11/23/2011 10:01,17,8,162,98,1731,2552.21,319.0263,3/17/2011 18:21,3/17/2011 18:21,1,1,1,1,12.75
14335,12/10/2011,9/4/2011 13:07,11/23/2011 13:41,17,2,63,55,379,468.26,234.13,NULL,NULL,0,0,0,0,0
14336,12/10/2011,3/8/2011 16:48,11/23/2011 11:40,17,4,90,77,1759,1614.91,403.7275,NULL,NULL,0,0,0,0,0
14338,12/10/2011,5/27/2011 13:30,7/1/2011 14:08,162,2,31,30,335,588.22,294.11,6/1/2011 16:26,7/4/2011 16:00,2,3,3,6,34
14339,12/10/2011,4/11/2011 11:06,4/11/2011 11:06,243,1,14,14,168,309.52,309.52,4/14/2011 11:22,4/19/2011 11:31,3,3,2,17,15.79
14340,12/10/2011,5/5/2011 9:44,5/5/2011 9:44,219,1,6,6,58,134.7,134.7,NULL,NULL,0,0,0,0,0
14341,12/10/2011,1/25/2011 13:55,10/25/2011 15:48,46,8,129,109,1403,2182.28,272.785,1/26/2011 17:06,1/26/2011 17:06,1,1,1,2,15.9
14342,12/10/2011,5/13/2011 13:50,11/18/2011 13:21,22,4,21,18,347,668.56,167.14,5/17/2011 13:46,5/17/2011 17:39,2,2,1,9,59.85
14344,12/10/2011,12/6/2010 11:58,8/4/2011 13:51,128,8,71,56,477,889.93,111.2413,NULL,NULL,0,0,0,0,0
14345,12/10/2011,11/1/2011 9:51,11/1/2011 9:51,39,1,6,6,50,108.98,108.98,NULL,NULL,0,0,0,0,0
14346,12/10/2011,2/15/2011 13:52,8/11/2011 9:47,121,2,60,55,605,1021.58,510.79,NULL,NULL,0,0,0,0,0
14348,12/10/2011,3/24/2011 16:23,3/24/2011 16:23,261,1,18,18,183,409.57,409.57,NULL,NULL,0,0,0,0,0
14349,12/10/2011,11/29/2011 15:39,11/29/2011 15:39,11,1,31,31,86,133.5,133.5,NULL,NULL,0,0,0,0,0
14350,12/10/2011,3/10/2011 14:14,3/10/2011 14:14,275,1,18,18,183,282.93,282.93,3/14/2011 12:27,3/14/2011 12:27,1,3,3,17,24.23
14351,12/10/2011,6/28/2011 11:56,6/28/2011 11:56,165,1,1,1,12,51,51,NULL,NULL,0,0,0,0,0
14352,12/10/2011,3/11/2011 14:58,7/5/2011 15:41,158,4,47,44,538,1078.96,269.74,NULL,NULL,0,0,0,0,0
14353,12/10/2011,5/8/2011 16:06,5/8/2011 16:06,216,1,6,6,64,90.6,90.6,NULL,NULL,0,0,0,0,0
14354,12/10/2011,11/9/2011 15:36,12/4/2011 11:32,6,2,9,9,210,163.62,81.81,NULL,NULL,0,0,0,0,0
14355,12/10/2011,12/9/2010 12:16,12/9/2010 12:16,366,1,11,11,92,174.4,174.4,NULL,NULL,0,0,0,0,0
14356,12/10/2011,9/19/2011 14:43,9/21/2011 9:18,80,2,33,33,277,701.23,350.615,9/27/2011 13:54,10/10/2011 17:16,2,5,5,11,34.29
14357,12/10/2011,10/27/2011 16:23,10/27/2011 16:23,44,1,41,39,148,225.77,225.77,NULL,NULL,0,0,0,0,0
14359,12/10/2011,9/13/2011 9:03,11/20/2011 13:17,20,3,55,44,371,912.18,304.06,11/3/2011 14:22,11/17/2011 15:02,3,3,3,8,29.6
14360,12/10/2011,9/6/2011 11:58,11/8/2011 9:12,32,4,118,104,1151,2128.23,532.0575,NULL,NULL,0,0,0,0,0
14362,12/10/2011,11/17/2011 15:08,11/17/2011 15:08,23,1,41,37,100,161.2,161.2,NULL,NULL,0,0,0,0,0
14364,12/10/2011,5/12/2011 12:56,8/23/2011 11:01,109,8,69,61,1967,3717.35,464.6688,NULL,NULL,0,0,0,0,0
14367,12/10/2011,3/8/2011 14:12,12/1/2011 13:19,9,16,524,270,4438,9261.52,578.845,4/13/2011 16:06,9/25/2011 12:18,3,9,9,28,93.7
14368,12/10/2011,1/24/2011 9:52,1/24/2011 9:52,320,1,8,8,36,155,155,NULL,NULL,0,0,0,0,0
14371,12/10/2011,2/17/2011 16:35,2/17/2011 16:35,296,1,4,4,34,100.5,100.5,NULL,NULL,0,0,0,0,0
14373,12/10/2011,12/16/2010 15:40,12/16/2010 15:40,359,1,4,4,17,76.55,76.55,NULL,NULL,0,0,0,0,0
14375,12/10/2011,6/7/2011 13:44,6/7/2011 13:44,186,1,75,57,194,257.68,257.68,NULL,NULL,0,0,0,0,0
14377,12/10/2011,3/22/2011 13:38,6/1/2011 13:32,192,2,11,11,219,617.05,308.525,NULL,NULL,0,0,0,0,0
14379,12/10/2011,2/17/2011 15:03,10/26/2011 16:43,45,2,46,39,292,348.1,174.05,NULL,NULL,0,0,0,0,0
14381,12/10/2011,10/18/2011 17:10,10/18/2011 17:10,53,1,56,56,146,202.68,202.68,NULL,NULL,0,0,0,0,0
14382,12/10/2011,11/13/2011 16:18,11/13/2011 16:18,27,1,131,121,1237,626.07,626.07,NULL,NULL,0,0,0,0,0
14383,12/10/2011,6/29/2011 10:18,11/1/2011 15:53,39,3,59,49,817,1247.69,415.8967,NULL,NULL,0,0,0,0,0
14385,12/10/2011,11/16/2011 11:55,11/30/2011 15:36,10,3,14,13,159,202.11,67.37,NULL,NULL,0,0,0,0,0
14386,12/10/2011,2/16/2011 9:45,2/16/2011 9:45,297,1,7,7,54,142.4,142.4,NULL,NULL,0,0,0,0,0
14387,12/10/2011,8/22/2011 14:13,11/7/2011 12:29,33,3,140,125,819,1770.56,590.1867,NULL,NULL,0,0,0,0,0
14388,12/10/2011,12/2/2010 11:02,11/29/2011 13:32,11,8,186,124,1941,3212.84,401.605,12/8/2010 15:59,12/1/2011 11:13,2,5,5,8,40.8
14389,12/10/2011,6/2/2011 12:04,10/5/2011 15:17,66,2,45,33,729,1043.46,521.73,1/25/2011 12:45,12/1/2011 9:19,3,17,14,27,43.74
14390,12/10/2011,12/2/2010 11:57,11/29/2011 13:49,11,9,286,135,2136,4652.82,516.98,12/2/2010 11:56,11/2/2011 11:44,4,5,5,11,60.35
14393,12/10/2011,5/5/2011 18:16,5/5/2011 18:16,219,1,5,5,13,67.95,67.95,NULL,NULL,0,0,0,0,0
14395,12/10/2011,12/2/2010 18:15,12/7/2011 14:34,3,9,350,181,1693,3507.71,389.7456,4/7/2011 18:10,10/25/2011 17:07,3,3,3,4,35.8
14396,12/10/2011,12/3/2010 15:19,10/5/2011 16:09,66,2,73,71,225,487.99,243.995,NULL,NULL,0,0,0,0,0
14397,12/10/2011,5/10/2011 12:25,12/7/2011 9:22,3,19,87,18,1890,2612.96,137.5242,9/14/2011 15:46,12/9/2011 9:57,4,8,6,38,56.28
14400,12/10/2011,7/13/2011 15:50,7/13/2011 15:50,150,1,25,25,454,574.7,574.7,7/21/2011 18:05,7/21/2011 18:05,1,1,1,4,15
14401,12/10/2011,12/15/2010 9:07,12/5/2011 13:30,5,13,182,113,4507,4051.48,311.6523,11/10/2011 11:22,11/10/2011 11:22,1,1,1,2,11.5
14403,12/10/2011,4/6/2011 14:23,8/1/2011 12:57,131,4,20,17,519,1475.81,368.9525,4/18/2011 12:06,4/18/2011 12:06,1,6,6,6,49.5
14404,12/10/2011,12/5/2010 16:00,11/6/2011 12:30,34,6,103,70,839,1474.32,245.72,1/16/2011 15:48,1/16/2011 15:48,1,1,1,8,39.6
14406,12/10/2011,8/12/2011 16:54,8/12/2011 16:54,120,1,8,8,77,156.75,156.75,NULL,NULL,0,0,0,0,0
14407,12/10/2011,3/8/2011 11:59,8/24/2011 14:02,108,5,72,66,1414,2142.73,428.546,4/6/2011 9:25,8/23/2011 10:55,3,3,3,3,46.65
14408,12/10/2011,3/20/2011 14:41,11/29/2011 11:41,11,7,107,60,1616,2606.53,372.3614,NULL,NULL,0,0,0,0,0
14409,12/10/2011,12/6/2010 15:03,9/29/2011 18:18,72,6,54,40,1230,2059.45,343.2417,12/6/2010 15:07,12/6/2010 15:07,1,1,1,72,151.2
14410,12/10/2011,2/7/2011 9:36,9/8/2011 15:08,93,9,192,152,569,1104.07,122.6744,3/28/2011 10:02,11/24/2011 11:16,6,92,83,268,513.77
14411,12/10/2011,2/2/2011 10:56,2/2/2011 10:56,311,1,14,14,196,1063,1063,NULL,NULL,0,0,0,0,0
14412,12/10/2011,9/28/2011 8:48,10/28/2011 10:45,43,2,43,43,786,770.03,385.015,11/4/2011 13:14,11/4/2011 13:14,1,2,2,2,8.7
14413,12/10/2011,12/12/2010 13:37,12/12/2010 13:37,363,1,23,22,68,122.7,122.7,NULL,NULL,0,0,0,0,0
14414,12/10/2011,12/16/2010 11:11,9/9/2011 12:09,92,7,97,79,2512,1496.98,213.8543,7/29/2011 13:08,7/29/2011 13:08,1,1,1,3,11.85
14415,12/10/2011,12/14/2010 13:31,12/8/2011 14:38,2,13,590,283,3011,5900.28,453.8677,12/14/2010 13:06,10/28/2011 11:49,5,22,21,38,88.72
14416,12/10/2011,10/28/2011 15:10,11/17/2011 15:22,23,2,14,13,326,490.22,245.11,NULL,NULL,0,0,0,0,0
14418,12/10/2011,8/23/2011 17:18,12/6/2011 11:39,4,3,124,114,1711,1937.25,645.75,NULL,NULL,0,0,0,0,0
14419,12/10/2011,12/10/2010 10:56,11/29/2011 11:22,11,6,206,112,487,1058.06,176.3433,NULL,NULL,0,0,0,0,0
14420,12/10/2011,9/1/2011 18:07,9/1/2011 18:07,100,1,29,29,334,387.52,387.52,9/15/2011 16:57,9/15/2011 16:57,1,1,1,1,1.65
14421,12/10/2011,5/12/2011 10:49,10/13/2011 13:24,58,2,27,25,365,813.11,406.555,NULL,NULL,0,0,0,0,0
14422,12/10/2011,3/17/2011 17:26,12/9/2011 11:26,1,6,222,189,2906,4263.64,710.6067,NULL,NULL,0,0,0,0,0
14423,12/10/2011,5/5/2011 15:12,5/5/2011 15:12,219,1,3,3,120,265.2,265.2,NULL,NULL,0,0,0,0,0
14424,12/10/2011,11/22/2011 11:48,11/22/2011 11:48,18,1,1,1,48,322.08,322.08,NULL,NULL,0,0,0,0,0
14426,12/10/2011,1/31/2011 9:51,11/16/2011 12:25,24,10,224,183,2699,4481.67,448.167,12/15/2010 12:06,11/21/2011 11:47,6,40,40,360,562.77
14427,12/10/2011,10/7/2011 9:10,10/20/2011 14:23,51,2,17,16,228,363.34,181.67,NULL,NULL,0,0,0,0,0
14428,12/10/2011,1/18/2011 16:39,12/2/2011 13:17,8,5,144,108,436,1244.83,248.966,4/21/2011 16:40,10/24/2011 12:34,2,4,4,8,14.69
14431,12/10/2011,2/10/2011 10:40,2/10/2011 10:40,303,1,17,17,130,470.36,470.36,2/14/2011 10:56,2/14/2011 10:56,1,5,4,8,72.6
14432,12/10/2011,9/11/2011 14:09,11/30/2011 8:04,10,6,382,256,2070,2255.51,375.9183,NULL,NULL,0,0,0,0,0
14434,12/10/2011,9/28/2011 15:31,11/18/2011 8:56,22,6,12,3,368,1372.8,228.8,NULL,NULL,0,0,0,0,0
14436,12/10/2011,9/2/2011 10:13,9/2/2011 10:13,99,1,9,9,129,89.06,89.06,NULL,NULL,0,0,0,0,0
14437,12/10/2011,12/9/2010 9:27,12/9/2010 9:27,366,1,5,5,60,63,63,NULL,NULL,0,0,0,0,0
14438,12/10/2011,2/6/2011 14:56,2/6/2011 14:56,307,1,9,9,82,131.9,131.9,NULL,NULL,0,0,0,0,0
14439,12/10/2011,1/24/2011 11:39,1/24/2011 11:39,320,1,32,32,526,2661.24,2661.24,NULL,NULL,0,0,0,0,0
14440,12/10/2011,12/9/2010 12:49,12/1/2011 15:42,9,5,55,33,588,2357.68,471.536,NULL,NULL,0,0,0,0,0
14441,12/10/2011,3/29/2011 12:01,12/9/2011 9:07,1,4,51,43,446,1712.89,428.2225,12/9/2010 14:57,11/18/2011 16:21,6,8,5,16,167.75
14442,12/10/2011,1/27/2011 9:33,5/19/2011 11:36,205,2,63,58,482,1589.82,794.91,1/31/2011 15:36,12/8/2011 11:53,3,5,5,7,45.2
14443,12/10/2011,12/6/2010 11:03,10/17/2011 10:10,54,4,93,84,938,1420.2,355.05,12/2/2010 17:05,2/7/2011 13:52,3,5,5,7,19.32
14446,12/10/2011,4/7/2011 12:10,12/9/2011 11:34,1,4,292,232,873,1034.78,258.695,NULL,NULL,0,0,0,0,0
14447,12/10/2011,3/4/2011 10:49,11/21/2011 8:28,19,5,70,54,571,1163.23,232.646,NULL,NULL,0,0,0,0,0
14448,12/10/2011,12/10/2010 17:26,11/30/2011 13:50,10,2,20,20,104,375.35,187.675,NULL,NULL,0,0,0,0,0
14449,12/10/2011,12/2/2010 14:09,11/21/2011 12:06,19,4,258,201,757,907.1,226.775,NULL,NULL,0,0,0,0,0
14450,12/10/2011,1/23/2011 11:53,6/12/2011 10:46,181,3,40,32,241,483.25,161.0833,NULL,NULL,0,0,0,0,0
14451,12/10/2011,5/29/2011 12:35,10/10/2011 13:38,61,2,109,86,389,662.59,331.295,NULL,NULL,0,0,0,0,0
14452,12/10/2011,9/7/2011 11:32,11/29/2011 12:06,11,2,62,55,119,264.44,132.22,NULL,NULL,0,0,0,0,0
14453,12/10/2011,6/2/2011 14:15,6/2/2011 14:15,191,1,22,22,49,119.93,119.93,NULL,NULL,0,0,0,0,0
14456,12/10/2011,7/20/2011 13:06,12/4/2011 13:59,6,9,968,579,2871,3059.44,339.9378,9/27/2011 10:54,11/17/2011 15:08,4,6,6,6,13.52
14457,12/10/2011,2/2/2011 9:39,2/2/2011 9:39,311,1,4,4,88,113.64,113.64,NULL,NULL,0,0,0,0,0
14459,12/10/2011,7/7/2011 13:35,7/7/2011 13:35,156,1,37,37,760,1837.92,1837.92,NULL,NULL,0,0,0,0,0
14460,12/10/2011,2/2/2011 11:55,8/21/2011 14:19,111,3,16,14,881,434.34,144.78,2/2/2011 11:54,2/2/2011 11:54,1,1,1,12,51
14461,12/10/2011,3/23/2011 12:15,7/14/2011 17:11,149,3,179,172,765,2102.67,700.89,NULL,NULL,0,0,0,0,0
14462,12/10/2011,1/4/2011 12:45,10/4/2011 15:55,67,11,239,149,962,1999.02,181.7291,2/4/2011 13:47,10/7/2011 9:22,3,5,5,30,33.12
14463,12/10/2011,5/18/2011 14:42,9/2/2011 15:20,99,3,5,5,178,514.62,171.54,NULL,NULL,0,0,0,0,0
14465,12/10/2011,2/10/2011 12:13,4/7/2011 12:38,247,3,130,107,405,1058.62,352.8733,NULL,NULL,0,0,0,0,0
14466,12/10/2011,12/2/2010 13:36,11/10/2011 14:07,30,7,72,35,1006,2272.4,324.6286,NULL,NULL,0,0,0,0,0
14467,12/10/2011,1/31/2011 12:35,11/22/2011 12:48,18,4,90,67,278,598.76,149.69,NULL,NULL,0,0,0,0,0
14470,12/10/2011,2/25/2011 11:56,11/28/2011 10:31,12,2,43,43,193,461.19,230.595,NULL,NULL,0,0,0,0,0
14472,12/10/2011,12/19/2010 14:03,8/28/2011 11:01,104,8,281,153,1160,1936.84,242.105,NULL,NULL,0,0,0,0,0
14473,12/10/2011,3/2/2011 13:56,9/26/2011 15:10,75,2,7,7,88,234.34,117.17,NULL,NULL,0,0,0,0,0
14474,12/10/2011,10/24/2011 13:26,10/24/2011 13:26,47,1,29,29,140,547.66,547.66,10/27/2011 12:57,10/27/2011 12:57,1,1,1,1,9.95
14475,12/10/2011,2/8/2011 10:12,9/29/2011 10:46,72,3,42,35,447,925.85,308.6167,2/10/2011 14:59,6/26/2011 12:08,3,5,4,19,126.03
14476,12/10/2011,3/27/2011 15:39,3/27/2011 15:39,258,1,19,17,132,215.7,215.7,NULL,NULL,0,0,0,0,0
14477,12/10/2011,2/15/2011 15:44,11/20/2011 11:11,20,4,10,7,720,1309.6,327.4,10/19/2011 11:45,10/19/2011 11:45,1,1,1,1,1.79
14479,12/10/2011,12/9/2010 12:59,3/31/2011 9:07,254,2,18,18,117,316.25,158.125,NULL,NULL,0,0,0,0,0
14480,12/10/2011,11/28/2011 16:35,11/28/2011 16:35,12,1,13,13,143,279.05,279.05,NULL,NULL,0,0,0,0,0
14481,12/10/2011,2/25/2011 13:53,6/28/2011 10:38,165,2,30,25,489,636.51,318.255,NULL,NULL,0,0,0,0,0
14482,12/10/2011,4/14/2011 16:41,11/21/2011 13:14,19,6,144,110,1646,2068.15,344.6917,NULL,NULL,0,0,0,0,0
14483,12/10/2011,3/3/2011 10:26,3/3/2011 10:26,282,1,9,9,97,137.1,137.1,7/13/2011 9:45,7/13/2011 9:45,1,1,1,2,7.9
14484,12/10/2011,10/20/2011 14:11,10/20/2011 14:11,51,1,14,14,210,321.92,321.92,NULL,NULL,0,0,0,0,0
14485,12/10/2011,11/1/2011 12:25,11/1/2011 12:25,39,1,47,44,71,165.75,165.75,NULL,NULL,0,0,0,0,0
14487,12/10/2011,12/6/2010 13:22,11/13/2011 12:17,27,6,144,112,735,1196.33,199.3883,12/6/2010 12:55,12/6/2010 12:55,1,1,1,1,12.75
14488,12/10/2011,10/3/2011 9:30,10/3/2011 9:30,68,1,46,46,799,1064.28,1064.28,10/19/2011 14:39,10/19/2011 14:39,1,3,3,6,16.85
14489,12/10/2011,5/16/2011 14:51,5/16/2011 14:51,208,1,30,30,299,463.38,463.38,NULL,NULL,0,0,0,0,0
14491,12/10/2011,12/2/2010 12:10,6/17/2011 15:22,176,2,17,17,139,340.93,170.465,NULL,NULL,0,0,0,0,0
14493,12/10/2011,7/7/2011 16:59,12/2/2011 16:14,8,5,120,95,1285,2383.24,476.648,11/2/2011 12:33,11/21/2011 10:51,2,3,2,6,20.4
14494,12/10/2011,11/14/2011 9:21,11/14/2011 9:21,26,1,7,7,92,139.56,139.56,NULL,NULL,0,0,0,0,0
14495,12/10/2011,8/10/2011 14:13,10/20/2011 12:28,51,2,6,6,62,123.8,61.9,NULL,NULL,0,0,0,0,0
14496,12/10/2011,12/1/2010 15:35,2/1/2011 9:01,312,2,19,16,159,538.81,269.405,NULL,NULL,0,0,0,0,0
14497,12/10/2011,2/3/2011 17:01,2/3/2011 17:01,310,1,29,29,235,475.37,475.37,2/11/2011 15:20,2/11/2011 15:20,1,2,2,2,17.9
14498,12/10/2011,12/13/2010 11:29,10/28/2011 12:09,43,5,193,162,1098,1957.32,391.464,NULL,NULL,0,0,0,0,0
14499,12/10/2011,3/6/2011 11:55,11/13/2011 13:01,27,3,194,146,501,815.32,271.7733,NULL,NULL,0,0,0,0,0
14500,12/10/2011,6/3/2011 10:08,9/12/2011 16:45,89,3,7,6,117,356.85,118.95,NULL,NULL,0,0,0,0,0
14501,12/10/2011,1/24/2011 10:43,6/9/2011 12:02,184,2,10,9,161,251.21,125.605,10/6/2011 20:15,10/6/2011 20:15,1,2,2,42,60.9
14502,12/10/2011,1/30/2011 15:52,11/20/2011 11:50,20,11,623,367,1482,2467.63,224.33,1/31/2011 14:37,11/6/2011 14:25,3,7,7,15,119.65
14503,12/10/2011,6/14/2011 10:00,12/6/2011 13:30,4,6,164,113,2004,3543.26,590.5433,NULL,NULL,0,0,0,0,0
14504,12/10/2011,3/6/2011 14:38,10/23/2011 16:00,48,4,107,85,308,673.26,168.315,NULL,NULL,0,0,0,0,0
14505,12/10/2011,12/12/2010 16:14,11/22/2011 15:45,18,8,799,540,2759,5905.64,738.205,1/7/2011 14:09,11/3/2011 11:21,3,4,4,16,86.94
14506,12/10/2011,12/5/2010 14:25,11/22/2011 13:02,18,5,316,204,730,2012.17,402.434,NULL,NULL,0,0,0,0,0
14507,12/10/2011,3/8/2011 17:23,11/16/2011 12:21,24,6,96,79,600,1383.18,230.53,3/8/2011 17:28,3/8/2011 17:28,1,2,2,12,15
14508,12/10/2011,9/11/2011 11:29,11/17/2011 19:48,23,2,57,52,131,276.42,138.21,NULL,NULL,0,0,0,0,0
14511,12/10/2011,7/29/2011 12:13,11/28/2011 17:05,12,5,68,53,784,1314.81,262.962,11/2/2011 10:47,11/2/2011 10:47,1,3,3,12,47.4
14512,12/10/2011,4/21/2011 19:05,6/5/2011 12:39,188,2,23,19,122,275.28,137.64,NULL,NULL,0,0,0,0,0
14513,12/10/2011,2/24/2011 9:36,8/31/2011 11:25,101,3,12,11,361,455.59,151.8633,3/23/2011 12:42,3/23/2011 12:42,1,6,6,6,17.1
14514,12/10/2011,1/12/2011 15:22,10/9/2011 16:05,62,3,73,65,589,1055.35,351.7833,NULL,NULL,0,0,0,0,0
14515,12/10/2011,5/5/2011 12:13,11/22/2011 11:37,18,6,101,68,1134,2102.09,350.3483,NULL,NULL,0,0,0,0,0
14517,12/10/2011,7/21/2011 11:42,11/6/2011 14:20,34,2,18,17,91,330.45,165.225,NULL,NULL,0,0,0,0,0
14518,12/10/2011,10/6/2011 14:43,10/6/2011 14:43,65,1,16,16,278,174.37,174.37,NULL,NULL,0,0,0,0,0
14520,12/10/2011,2/22/2011 9:15,12/8/2011 9:46,2,2,4,3,146,270.6,135.3,NULL,NULL,0,0,0,0,0
14522,12/10/2011,5/25/2011 16:01,11/15/2011 13:24,25,4,17,15,525,974.54,243.635,NULL,NULL,0,0,0,0,0
14523,12/10/2011,8/23/2011 13:13,8/23/2011 13:13,109,1,12,12,251,241.09,241.09,NULL,NULL,0,0,0,0,0
14524,12/10/2011,12/14/2010 11:01,11/8/2011 12:29,32,9,203,161,676,1867.68,207.52,NULL,NULL,0,0,0,0,0
14525,12/10/2011,12/13/2010 17:40,11/20/2011 11:37,20,9,291,217,2696,4332.2,481.3556,3/31/2011 18:44,12/1/2011 8:53,4,6,6,22,65.83
14527,12/10/2011,12/5/2010 13:17,12/7/2011 12:19,3,55,971,329,2087,8507.82,154.6876,12/1/2010 9:41,12/1/2011 8:49,30,38,4,39,717.44
14528,12/10/2011,11/2/2011 17:09,11/2/2011 17:09,38,1,18,18,278,364.22,364.22,NULL,NULL,0,0,0,0,0
14529,12/10/2011,8/21/2011 14:10,10/10/2011 15:27,61,3,229,177,348,620.04,206.68,NULL,NULL,0,0,0,0,0
14530,12/10/2011,2/16/2011 10:47,11/14/2011 10:38,26,6,216,140,1410,2925.91,487.6517,NULL,NULL,0,0,0,0,0
14532,12/10/2011,12/22/2010 13:48,4/17/2011 13:05,237,4,64,45,284,932.85,233.2125,NULL,NULL,0,0,0,0,0
14533,12/10/2011,12/22/2010 11:07,11/15/2011 12:05,25,7,62,53,4019,1949.72,278.5314,10/4/2011 17:44,10/10/2011 17:11,2,3,3,1242,137.1
14534,12/10/2011,1/25/2011 12:33,12/7/2011 12:19,3,18,518,330,2046,4445.4,246.9667,1/25/2011 11:47,12/7/2011 11:44,7,39,36,122,371.7
14535,12/10/2011,4/5/2011 12:50,10/10/2011 15:39,61,3,330,280,1831,2864.19,954.73,10/11/2011 16:24,10/11/2011 16:24,1,3,3,6,23.1
14536,12/10/2011,3/25/2011 12:21,3/25/2011 12:21,260,1,19,18,40,171.8,171.8,NULL,NULL,0,0,0,0,0
14537,12/10/2011,10/13/2011 10:54,10/13/2011 10:54,58,1,10,10,120,355.56,355.56,NULL,NULL,0,0,0,0,0
14538,12/10/2011,3/28/2011 14:57,10/6/2011 10:31,65,2,19,19,155,388.25,194.125,NULL,NULL,0,0,0,0,0
14539,12/10/2011,10/26/2011 12:03,11/24/2011 9:50,16,2,32,31,428,537.48,268.74,NULL,NULL,0,0,0,0,0
14540,12/10/2011,2/3/2011 15:02,11/30/2011 10:15,10,3,76,64,421,996.26,332.0867,NULL,NULL,0,0,0,0,0
14541,12/10/2011,1/24/2011 14:16,10/12/2011 10:08,59,8,111,71,647,1461.65,182.7063,NULL,NULL,0,0,0,0,0
14542,12/10/2011,6/7/2011 8:19,6/7/2011 8:19,186,1,5,5,19,103.25,103.25,NULL,NULL,0,0,0,0,0
14543,12/10/2011,12/10/2010 11:51,11/11/2011 12:45,29,16,69,41,675,3590.68,224.4175,3/6/2011 10:48,12/6/2011 10:32,5,31,17,73,645.46
14544,12/10/2011,12/13/2010 12:50,11/15/2011 15:06,25,2,114,97,1543,2024.45,1012.225,NULL,NULL,0,0,0,0,0
14546,12/10/2011,4/5/2011 12:37,12/4/2011 13:00,6,5,399,250,1317,2578.09,515.618,4/5/2011 10:45,12/5/2011 16:33,4,18,17,30,91.07
14547,12/10/2011,10/16/2011 14:35,12/6/2011 11:06,4,8,366,198,2668,4007.54,500.9425,11/13/2011 12:30,11/13/2011 12:30,1,1,1,10,20.8
14548,12/10/2011,1/26/2011 8:38,7/12/2011 12:19,151,2,4,2,256,652.8,326.4,NULL,NULL,0,0,0,0,0
14549,12/10/2011,2/1/2011 13:47,2/1/2011 13:47,312,1,56,56,136,289.24,289.24,NULL,NULL,0,0,0,0,0
14550,12/10/2011,10/26/2011 12:14,11/29/2011 12:12,11,2,48,38,394,765.62,382.81,NULL,NULL,0,0,0,0,0
14551,12/10/2011,5/19/2011 18:21,11/21/2011 13:36,19,2,10,9,106,186.23,93.115,NULL,NULL,0,0,0,0,0
14552,12/10/2011,7/11/2011 12:49,7/11/2011 12:49,152,1,58,57,91,165.07,165.07,NULL,NULL,0,0,0,0,0
14553,12/10/2011,1/4/2011 15:40,11/20/2011 13:20,20,5,113,103,493,859.27,171.854,NULL,NULL,0,0,0,0,0
14554,12/10/2011,10/18/2011 13:04,11/29/2011 16:44,11,4,216,147,1478,2381.04,595.26,NULL,NULL,0,0,0,0,0
14555,12/10/2011,2/10/2011 17:19,10/13/2011 16:24,58,2,21,18,130,324.14,162.07,NULL,NULL,0,0,0,0,0
14557,12/10/2011,9/15/2011 15:48,9/15/2011 15:48,86,1,16,16,510,788.38,788.38,10/6/2011 20:36,10/6/2011 20:36,1,16,16,510,788.38
14560,12/10/2011,12/17/2010 9:22,12/2/2011 15:22,8,22,74,39,1260,2237.77,101.7168,12/23/2010 11:38,10/31/2011 10:18,2,2,2,37,63.59
14561,12/10/2011,6/8/2011 13:26,9/25/2011 12:39,76,3,69,67,1014,1080.76,360.2533,NULL,NULL,0,0,0,0,0
14562,12/10/2011,2/8/2011 14:45,12/6/2011 11:05,4,18,423,187,1834,5074.77,281.9317,7/14/2011 10:47,12/6/2011 10:46,4,22,19,161,359.25
14565,12/10/2011,12/13/2010 13:25,9/5/2011 9:07,96,4,124,110,1537,2949.12,737.28,5/20/2011 13:34,9/5/2011 12:37,2,2,2,8,25.35
14566,12/10/2011,8/21/2011 11:05,8/21/2011 11:05,111,1,4,4,800,1432,1432,NULL,NULL,0,0,0,0,0
14567,12/10/2011,8/1/2011 13:48,10/14/2011 10:21,57,2,33,33,412,1530.36,765.18,11/4/2011 13:57,11/4/2011 13:57,1,1,1,2,5.9
14569,12/10/2011,12/8/2011 14:58,12/8/2011 14:58,2,1,12,10,79,227.39,227.39,NULL,NULL,0,0,0,0,0
14570,12/10/2011,3/4/2011 10:39,3/4/2011 10:58,281,2,28,28,94,217.21,108.605,NULL,NULL,0,0,0,0,0
14572,12/10/2011,1/19/2011 17:23,12/6/2011 14:40,4,7,270,190,1428,2832.84,404.6914,1/19/2011 17:21,8/21/2011 13:47,3,3,3,3,29.15
14573,12/10/2011,12/2/2010 19:59,6/13/2011 11:15,180,9,235,127,544,1653.42,183.7133,5/23/2011 11:07,5/23/2011 12:16,4,6,5,6,49.7
14576,12/10/2011,12/2/2010 17:51,12/2/2010 17:51,373,1,1,1,12,35.4,35.4,NULL,NULL,0,0,0,0,0
14577,12/10/2011,12/12/2010 11:26,11/27/2011 12:47,13,4,123,86,353,859.71,214.9275,NULL,NULL,0,0,0,0,0
14578,12/10/2011,12/6/2011 17:18,12/6/2011 17:18,4,1,24,24,240,168.63,168.63,NULL,NULL,0,0,0,0,0
14581,12/10/2011,11/23/2011 12:39,11/23/2011 12:39,17,1,17,16,217,138.6,138.6,NULL,NULL,0,0,0,0,0
14582,12/10/2011,10/30/2011 11:56,10/30/2011 11:56,41,1,6,6,73,114.11,114.11,NULL,NULL,0,0,0,0,0
14583,12/10/2011,5/18/2011 11:28,12/4/2011 12:32,6,5,330,243,792,1052.55,210.51,NULL,NULL,0,0,0,0,0
14584,12/10/2011,5/25/2011 17:31,6/23/2011 18:33,170,4,100,68,383,1042.26,260.565,6/20/2011 13:03,6/20/2011 13:03,1,1,1,4,13
14585,12/10/2011,10/20/2011 14:33,10/20/2011 14:33,51,1,29,29,91,157.05,157.05,NULL,NULL,0,0,0,0,0
14586,12/10/2011,3/8/2011 10:04,3/8/2011 10:04,277,1,19,19,444,237.36,237.36,3/27/2011 12:12,4/26/2011 17:32,2,8,8,208,103.2
14587,12/10/2011,1/12/2011 13:16,11/21/2011 11:34,19,9,383,170,761,1601.14,177.9044,5/10/2011 15:56,5/10/2011 15:56,1,1,1,2,2.9
14589,12/10/2011,12/3/2010 11:42,12/3/2010 11:42,372,1,3,3,5,39.75,39.75,NULL,NULL,0,0,0,0,0
14591,12/10/2011,5/10/2011 14:09,11/24/2011 13:57,16,4,197,138,1297,1447.14,361.785,NULL,NULL,0,0,0,0,0
14592,12/10/2011,10/6/2011 18:08,11/4/2011 16:35,36,3,164,132,415,570.46,190.1533,NULL,NULL,0,0,0,0,0
14593,12/10/2011,5/25/2011 11:14,11/18/2011 12:48,22,3,152,127,332,617.99,205.9967,NULL,NULL,0,0,0,0,0
14594,12/10/2011,12/1/2010 13:54,12/2/2011 13:28,8,2,53,48,185,379.83,189.915,NULL,NULL,0,0,0,0,0
14595,12/10/2011,1/30/2011 13:36,11/20/2011 12:12,20,6,102,94,978,1740.6,290.1,NULL,NULL,0,0,0,0,0
14597,12/10/2011,6/1/2011 12:33,11/28/2011 13:13,12,2,55,45,577,883.15,441.575,NULL,NULL,0,0,0,0,0
14598,12/10/2011,10/26/2011 13:19,10/26/2011 13:19,45,1,50,49,189,221.97,221.97,NULL,NULL,0,0,0,0,0
14600,12/10/2011,2/7/2011 9:48,2/7/2011 9:48,306,1,25,25,125,393.33,393.33,NULL,NULL,0,0,0,0,0
14601,12/10/2011,11/29/2011 9:48,11/29/2011 9:48,11,1,7,7,168,213.96,213.96,NULL,NULL,0,0,0,0,0
14603,12/10/2011,3/10/2011 10:27,3/10/2011 10:27,275,1,2,2,400,660,660,NULL,NULL,0,0,0,0,0
14606,12/10/2011,12/1/2010 16:57,12/8/2011 19:28,2,90,2697,816,6214,12006.65,133.4072,12/5/2010 14:44,11/14/2011 12:03,35,81,72,245,439.55
14607,12/10/2011,3/23/2011 15:22,11/24/2011 10:35,16,12,78,37,10734,15021.5,1251.7917,10/24/2011 10:25,11/21/2011 12:35,3,28,27,3768,5228.4
14608,12/10/2011,12/12/2010 14:49,12/5/2011 16:52,5,4,20,8,437,1785.15,446.2875,NULL,NULL,0,0,0,0,0
14609,12/10/2011,2/16/2011 12:10,9/28/2011 12:54,73,4,4,2,7026,601.56,150.39,NULL,NULL,0,0,0,0,0
14616,12/10/2011,1/26/2011 12:42,4/11/2011 9:54,243,3,3,2,104,406.08,135.36,NULL,NULL,0,0,0,0,0
14618,12/10/2011,1/6/2011 11:59,11/30/2011 13:45,10,3,14,9,262,523.44,174.48,12/8/2010 14:57,12/8/2010 14:57,1,1,1,3,14.85
14619,12/10/2011,4/8/2011 7:37,4/8/2011 7:37,246,1,20,20,152,394.44,394.44,4/14/2011 17:13,4/14/2011 17:13,1,2,2,7,14.93
14620,12/10/2011,3/1/2011 8:30,5/18/2011 11:58,206,2,26,26,214,412.78,206.39,5/19/2011 14:14,5/19/2011 14:14,1,4,4,26,19.5
14621,12/10/2011,12/16/2010 13:00,12/8/2011 16:22,2,5,92,80,993,1788.36,357.672,8/4/2011 17:58,8/4/2011 17:58,1,4,4,6,22.6
14622,12/10/2011,6/8/2011 12:42,6/8/2011 12:42,185,1,21,21,146,320.58,320.58,NULL,NULL,0,0,0,0,0
14623,12/10/2011,4/18/2011 13:54,11/7/2011 13:56,33,5,133,107,407,884.57,176.914,10/28/2011 12:08,10/28/2011 12:08,1,1,1,2,19.9
14624,12/10/2011,10/11/2011 14:39,10/13/2011 13:44,58,2,13,13,162,225.85,112.925,NULL,NULL,0,0,0,0,0
14625,12/10/2011,12/13/2010 15:36,5/27/2011 15:32,197,2,53,51,335,899.63,449.815,12/2/2010 17:19,6/7/2011 15:40,3,4,3,5,51.15
14626,12/10/2011,4/20/2011 13:18,11/16/2011 10:37,24,4,122,108,1403,2791.27,697.8175,4/27/2011 16:13,12/1/2011 8:55,3,4,4,16,34.2
14628,12/10/2011,4/11/2011 14:43,9/9/2011 14:58,92,2,24,22,272,671.96,335.98,NULL,NULL,0,0,0,0,0
14629,12/10/2011,10/23/2011 16:13,12/5/2011 16:55,5,2,152,133,380,959.01,479.505,11/4/2011 10:07,11/4/2011 10:07,1,1,1,4,19.8
14631,12/10/2011,2/14/2011 9:31,10/20/2011 11:17,51,3,41,38,622,1006.98,335.66,NULL,NULL,0,0,0,0,0
14632,12/10/2011,3/22/2011 8:49,3/22/2011 8:49,263,1,8,8,96,114.56,114.56,NULL,NULL,0,0,0,0,0
14633,12/10/2011,3/18/2011 17:07,3/18/2011 17:07,267,1,20,20,96,344.9,344.9,NULL,NULL,0,0,0,0,0
14636,12/10/2011,3/16/2011 9:52,11/3/2011 16:12,37,2,28,27,241,609.85,304.925,NULL,NULL,0,0,0,0,0
14638,12/10/2011,10/20/2011 10:10,10/20/2011 10:10,51,1,16,16,166,443.6,443.6,NULL,NULL,0,0,0,0,0
14639,12/10/2011,12/13/2010 13:50,10/18/2011 15:06,53,6,172,138,1431,2984.49,497.415,12/16/2010 15:28,3/2/2011 16:57,2,3,3,3,32.15
14640,12/10/2011,4/26/2011 12:31,11/15/2011 13:07,25,6,106,87,886,2125.08,354.18,4/28/2011 16:17,11/24/2011 11:00,2,7,7,57,82.93
14641,12/10/2011,11/18/2011 10:42,11/18/2011 10:42,22,1,7,7,90,110.46,110.46,NULL,NULL,0,0,0,0,0
14642,12/10/2011,10/12/2011 11:08,10/12/2011 11:08,59,1,2,2,76,96.12,96.12,NULL,NULL,0,0,0,0,0
14643,12/10/2011,12/16/2010 17:53,6/22/2011 14:41,171,2,31,30,815,693.81,346.905,12/21/2010 13:15,12/21/2010 13:15,1,3,3,60,25.2
14644,12/10/2011,2/14/2011 14:14,10/3/2011 8:30,68,2,26,26,258,830.76,415.38,10/10/2011 16:55,11/30/2011 14:58,2,3,2,6,50.3
14645,12/10/2011,3/9/2011 9:52,7/6/2011 9:15,157,2,30,28,381,597.09,298.545,NULL,NULL,0,0,0,0,0
14646,12/10/2011,12/20/2010 10:09,12/8/2011 12:12,2,72,2060,699,196844,279138.02,3876.9169,8/18/2011 6:13,8/31/2011 11:31,2,3,3,289,566.4
14647,12/10/2011,5/22/2011 13:40,5/22/2011 13:40,202,1,30,24,95,243.22,243.22,NULL,NULL,0,0,0,0,0
14649,12/10/2011,5/11/2011 14:37,12/5/2011 12:30,5,4,199,148,1018,1417.29,354.3225,NULL,NULL,0,0,0,0,0
14651,12/10/2011,5/12/2011 16:29,10/3/2011 15:52,68,2,102,95,344,654.6,327.3,NULL,NULL,0,0,0,0,0
14652,12/10/2011,9/23/2011 14:21,9/23/2011 14:21,78,1,29,29,53,114.18,114.18,NULL,NULL,0,0,0,0,0
14653,12/10/2011,1/5/2011 13:40,12/8/2011 13:45,2,7,236,153,949,1937.6,276.8,NULL,NULL,0,0,0,0,0
14655,12/10/2011,5/1/2011 14:59,12/1/2011 16:28,9,4,49,35,1089,1932.23,483.0575,12/6/2011 10:52,12/6/2011 10:52,1,1,1,1,2.08
14656,12/10/2011,3/1/2011 13:19,6/23/2011 13:51,170,2,80,73,120,291.05,145.525,NULL,NULL,0,0,0,0,0
14657,12/10/2011,1/17/2011 15:19,11/22/2011 12:47,18,4,126,103,466,848.22,212.055,3/2/2011 15:15,3/2/2011 15:15,1,1,1,1,9.95
14658,12/10/2011,8/14/2011 15:42,12/4/2011 15:35,6,2,29,27,47,247.15,123.575,NULL,NULL,0,0,0,0,0
14659,12/10/2011,1/28/2011 12:43,12/1/2011 12:17,9,9,253,147,1195,2529.93,281.1033,2/15/2011 11:32,7/17/2011 12:04,3,6,5,12,73.4
14660,12/10/2011,8/31/2011 10:40,9/14/2011 11:34,87,2,30,24,228,285.74,142.87,NULL,NULL,0,0,0,0,0
14661,12/10/2011,11/13/2011 11:51,11/13/2011 11:51,27,1,4,4,35,107.95,107.95,NULL,NULL,0,0,0,0,0
14662,12/10/2011,1/27/2011 17:41,11/11/2011 12:13,29,4,168,143,602,771.17,192.7925,NULL,NULL,0,0,0,0,0
14664,12/10/2011,11/6/2011 14:56,11/20/2011 10:59,20,2,99,78,466,637.89,318.945,NULL,NULL,0,0,0,0,0
14665,12/10/2011,2/2/2011 9:08,10/10/2011 9:14,61,5,90,63,740,1835.7,367.14,2/10/2011 14:13,10/10/2011 11:54,2,27,26,240,577.32
14666,12/10/2011,11/15/2011 12:57,11/15/2011 12:57,25,1,13,13,155,179.95,179.95,NULL,NULL,0,0,0,0,0
14667,12/10/2011,12/6/2010 13:13,11/29/2011 11:30,11,25,572,353,5384,9236.95,369.478,2/20/2011 13:48,5/9/2011 12:04,2,3,3,3,10
14669,12/10/2011,1/11/2011 12:30,4/12/2011 11:43,242,3,170,158,775,1269.99,423.33,NULL,NULL,0,0,0,0,0
14670,12/10/2011,3/4/2011 13:58,3/4/2011 14:13,281,2,132,107,337,411.53,205.765,NULL,NULL,0,0,0,0,0
14672,12/10/2011,1/7/2011 15:48,4/19/2011 10:19,235,2,61,58,454,765.55,382.775,NULL,NULL,0,0,0,0,0
14673,12/10/2011,12/7/2010 12:49,12/6/2011 14:31,4,5,74,39,1004,1736.4,347.28,NULL,NULL,0,0,0,0,0
14675,12/10/2011,11/23/2011 12:58,11/23/2011 12:58,17,1,102,93,341,604.75,604.75,NULL,NULL,0,0,0,0,0
14676,12/10/2011,3/1/2011 14:26,11/8/2011 13:29,32,6,42,29,2500,2548.24,424.7067,2/11/2011 13:38,5/6/2011 17:38,2,2,2,2,5
14680,12/10/2011,12/3/2010 12:05,11/14/2011 16:59,26,16,257,72,13475,28739.11,1796.1944,12/14/2010 13:05,9/29/2011 12:49,7,62,44,1002,1821.77
14681,12/10/2011,5/12/2011 10:45,9/29/2011 15:52,72,3,7,6,76,498.95,166.3167,NULL,NULL,0,0,0,0,0
14682,12/10/2011,5/22/2011 12:51,6/5/2011 12:12,188,2,2,1,80,52,26,NULL,NULL,0,0,0,0,0
14684,12/10/2011,12/12/2010 12:44,11/14/2011 11:33,26,5,421,231,853,1236.28,247.256,NULL,NULL,0,0,0,0,0
14687,12/10/2011,8/25/2011 11:59,8/25/2011 11:59,107,1,15,15,470,628.38,628.38,NULL,NULL,0,0,0,0,0
14688,12/10/2011,12/1/2010 9:37,12/2/2011 12:26,8,21,327,148,3621,5630.87,268.1367,1/31/2011 10:43,12/2/2011 12:00,6,32,28,399,523.49
14689,12/10/2011,5/15/2011 11:22,5/15/2011 11:22,209,1,13,13,76,112.8,112.8,NULL,NULL,0,0,0,0,0
14690,12/10/2011,7/11/2011 11:58,10/26/2011 15:39,45,2,50,40,170,371.7,185.85,7/11/2011 11:44,7/11/2011 11:44,1,4,4,7,13.09
14691,12/10/2011,5/11/2011 9:55,11/9/2011 12:30,31,5,71,50,707,2114.33,422.866,NULL,NULL,0,0,0,0,0
14692,12/10/2011,1/21/2011 13:47,7/25/2011 15:08,138,4,68,53,265,591.55,147.8875,1/24/2011 12:35,1/24/2011 12:35,1,1,1,10,9.5
14693,12/10/2011,3/20/2011 12:50,3/20/2011 12:50,265,1,8,8,34,172.9,172.9,NULL,NULL,0,0,0,0,0
14696,12/10/2011,12/1/2010 15:37,12/5/2011 13:43,5,7,130,117,1630,2078.95,296.9929,12/9/2010 15:38,6/9/2011 19:48,2,3,3,4,7.98
14697,12/10/2011,5/5/2011 15:29,5/5/2011 15:39,219,2,22,22,181,188.61,94.305,NULL,NULL,0,0,0,0,0
14698,12/10/2011,10/19/2011 12:54,12/8/2011 12:26,2,5,210,148,615,1250.76,250.152,NULL,NULL,0,0,0,0,0
14699,12/10/2011,5/9/2011 14:54,5/9/2011 14:54,215,1,8,8,77,109.13,109.13,NULL,NULL,0,0,0,0,0
14700,12/10/2011,4/15/2011 13:16,11/7/2011 14:40,33,3,115,80,1342,2235.3,745.1,NULL,NULL,0,0,0,0,0
14701,12/10/2011,1/27/2011 12:40,11/29/2011 12:38,11,9,335,268,932,2549.37,283.2633,2/15/2011 11:28,6/20/2011 11:39,3,15,13,23,63.15
14702,12/10/2011,12/9/2010 19:23,12/8/2011 19:29,2,17,347,196,1454,3292.14,193.6553,11/7/2011 12:03,11/7/2011 12:03,1,1,1,10,41.5
14703,12/10/2011,11/25/2011 9:23,11/25/2011 9:23,15,1,22,22,183,318.17,318.17,NULL,NULL,0,0,0,0,0
14704,12/10/2011,6/12/2011 13:59,11/20/2011 12:20,20,7,412,286,1074,1514.57,216.3671,NULL,NULL,0,0,0,0,0
14705,12/10/2011,5/25/2011 12:39,5/25/2011 12:39,199,1,1,1,100,179,179,NULL,NULL,0,0,0,0,0
14708,12/10/2011,12/6/2010 12:23,12/7/2011 8:21,3,3,28,25,621,1126.37,375.4567,12/14/2010 11:57,12/14/2010 11:57,1,1,1,6,29.7
14709,12/10/2011,12/16/2010 13:43,11/24/2011 15:41,16,13,196,71,2484,4921.04,378.5415,1/28/2011 15:58,1/28/2011 15:58,1,1,1,2,9.9
14710,12/10/2011,10/11/2011 13:49,11/25/2011 14:53,15,4,139,124,378,606.13,151.5325,NULL,NULL,0,0,0,0,0
14711,12/10/2011,3/22/2011 13:32,11/29/2011 14:58,11,11,357,221,978,2868.8,260.8,4/4/2011 11:22,4/4/2011 11:22,1,2,2,12,30.6
14712,12/10/2011,8/19/2011 13:33,11/10/2011 12:59,30,3,25,21,315,917.07,305.69,NULL,NULL,0,0,0,0,0
14713,12/10/2011,12/9/2010 18:58,11/30/2011 16:26,10,11,339,146,1615,2666.36,242.3964,3/10/2011 11:31,3/10/2011 11:31,1,2,2,2,2.1
14714,12/10/2011,11/15/2011 13:07,11/15/2011 13:07,25,1,10,10,229,160.19,160.19,NULL,NULL,0,0,0,0,0
14715,12/10/2011,1/12/2011 13:27,11/15/2011 12:10,25,4,71,60,521,867.38,216.845,NULL,NULL,0,0,0,0,0
14716,12/10/2011,7/14/2011 12:42,10/27/2011 17:29,44,2,55,46,604,329.68,164.84,NULL,NULL,0,0,0,0,0
14719,12/10/2011,4/4/2011 14:17,12/8/2011 12:43,2,5,237,177,1032,1602.13,320.426,10/10/2011 16:55,10/10/2011 16:55,1,1,1,1,9.95
14720,12/10/2011,8/5/2011 12:06,12/4/2011 12:02,6,3,37,34,219,663.81,221.27,NULL,NULL,0,0,0,0,0
14722,12/10/2011,7/15/2011 14:58,7/15/2011 14:58,148,1,29,28,120,187.92,187.92,NULL,NULL,0,0,0,0,0
14723,12/10/2011,12/3/2010 14:18,11/29/2011 15:23,11,6,277,192,693,1156.6,192.7667,NULL,NULL,0,0,0,0,0
14725,12/10/2011,11/15/2011 12:42,11/15/2011 12:42,25,1,52,45,593,718.08,718.08,NULL,NULL,0,0,0,0,0
14727,12/10/2011,3/10/2011 14:45,3/10/2011 14:45,275,1,10,10,62,268.58,268.58,NULL,NULL,0,0,0,0,0
14729,12/10/2011,12/1/2010 12:43,12/1/2010 12:43,374,1,71,69,197,313.49,313.49,NULL,NULL,0,0,0,0,0
14730,12/10/2011,3/8/2011 12:49,12/8/2011 14:39,2,8,501,317,1132,2005.06,250.6325,NULL,NULL,0,0,0,0,0
14731,12/10/2011,5/11/2011 13:06,10/23/2011 15:54,48,3,45,38,256,380.02,126.6733,NULL,NULL,0,0,0,0,0
14732,12/10/2011,1/4/2011 14:40,12/1/2011 14:34,9,8,147,105,1405,2702.49,337.8113,8/25/2011 13:12,11/18/2011 15:50,2,2,2,3,16.15
14733,12/10/2011,12/7/2010 11:30,11/23/2011 15:39,17,12,202,102,3764,9585.91,798.8258,1/11/2011 15:02,11/30/2011 14:54,3,14,13,39,134.37
14735,12/10/2011,12/16/2010 16:05,12/6/2011 12:09,4,31,193,98,2263,6050.69,195.1835,2/23/2011 9:41,5/3/2011 8:47,2,11,11,104,258
14737,12/10/2011,12/21/2010 13:49,12/6/2011 10:16,4,3,17,15,345,1164.55,388.1833,NULL,NULL,0,0,0,0,0
14738,12/10/2011,1/27/2011 14:10,10/28/2011 8:56,43,7,54,39,601,1314.45,187.7786,8/1/2011 14:12,10/31/2011 12:57,2,2,2,25,24.51
14739,12/10/2011,12/7/2010 14:58,12/5/2011 16:54,5,7,60,47,3820,3902.28,557.4686,12/7/2011 14:32,12/7/2011 14:32,1,1,1,3,3.18
14740,12/10/2011,3/1/2011 8:35,5/26/2011 18:17,198,3,89,85,735,1448.21,482.7367,6/1/2011 15:17,6/1/2011 15:17,1,4,4,6,25
14741,12/10/2011,12/2/2010 8:43,11/28/2011 8:48,12,6,59,35,841,1400.34,233.39,NULL,NULL,0,0,0,0,0
14744,12/10/2011,12/8/2010 10:21,11/23/2011 12:51,17,7,25,20,626,1084.98,154.9971,2/21/2011 15:12,3/3/2011 12:30,2,2,2,2,11.45
14745,12/10/2011,2/27/2011 15:25,8/19/2011 10:05,113,5,69,46,1038,1220.26,244.052,3/6/2011 10:14,3/6/2011 10:14,1,1,1,18,53.1
14747,12/10/2011,4/4/2011 14:09,4/4/2011 14:09,250,1,18,18,84,328.2,328.2,4/6/2011 10:17,4/6/2011 10:17,1,1,1,2,33.9
14748,12/10/2011,12/6/2010 10:19,11/10/2011 18:33,30,5,89,87,1223,1415.75,283.15,1/12/2011 12:09,1/12/2011 12:09,1,2,2,30,96.9
14752,12/10/2011,10/27/2011 11:55,10/27/2011 11:55,44,1,5,5,260,389.64,389.64,NULL,NULL,0,0,0,0,0
14753,12/10/2011,9/13/2011 14:50,9/13/2011 14:50,88,1,30,30,211,563.15,563.15,NULL,NULL,0,0,0,0,0
14754,12/10/2011,2/17/2011 12:21,10/26/2011 12:01,45,2,41,38,486,638.05,319.025,NULL,NULL,0,0,0,0,0
14755,12/10/2011,1/9/2011 14:02,11/30/2011 11:24,10,11,235,128,2219,5010.28,455.48,5/18/2011 12:21,5/18/2011 12:21,1,2,2,2,44.9
14756,12/10/2011,11/24/2011 18:13,11/24/2011 18:13,16,1,38,38,416,738.96,738.96,NULL,NULL,0,0,0,0,0
14757,12/10/2011,9/25/2011 14:36,9/25/2011 14:36,76,1,19,19,160,420.5,420.5,NULL,NULL,0,0,0,0,0
14758,12/10/2011,3/25/2011 12:10,7/18/2011 8:21,145,4,71,54,419,1484.06,371.015,NULL,NULL,0,0,0,0,0
14759,12/10/2011,4/21/2011 10:55,12/5/2011 12:03,5,3,102,92,569,1625.97,541.99,NULL,NULL,0,0,0,0,0
14760,12/10/2011,2/15/2011 16:27,2/15/2011 16:27,298,1,5,5,40,89.2,89.2,2/18/2011 14:36,2/18/2011 14:36,1,2,2,12,35.4
14761,12/10/2011,1/9/2011 12:03,10/12/2011 12:10,59,2,11,11,118,255.9,127.95,NULL,NULL,0,0,0,0,0
14762,12/10/2011,3/21/2011 8:20,3/21/2011 8:20,264,1,21,21,341,300.52,300.52,NULL,NULL,0,0,0,0,0
14764,12/10/2011,10/24/2011 11:54,10/24/2011 11:54,47,1,6,6,190,278.3,278.3,10/27/2011 10:46,10/27/2011 10:46,1,1,1,15,27.75
14765,12/10/2011,6/16/2011 19:49,11/10/2011 19:53,30,3,39,38,135,254.11,84.7033,NULL,NULL,0,0,0,0,0
14766,12/10/2011,12/8/2010 15:33,12/1/2011 16:05,9,6,135,111,1349,2473.37,412.2283,12/2/2010 10:46,12/9/2010 14:45,2,2,2,26,50.3
14768,12/10/2011,8/4/2011 13:25,11/22/2011 12:54,18,2,5,4,52,192.6,96.3,9/22/2011 9:43,9/22/2011 9:43,1,1,1,18,53.1
14769,12/10/2011,12/17/2010 11:40,12/7/2011 10:24,3,8,1089,717,7435,10673.1,1334.1375,12/21/2010 12:35,9/23/2011 8:21,2,4,4,30,33.15
14770,12/10/2011,1/20/2011 15:00,4/21/2011 14:21,233,2,52,49,490,876.42,438.21,NULL,NULL,0,0,0,0,0
14772,12/10/2011,8/19/2011 15:04,8/19/2011 15:04,113,1,9,9,82,139.26,139.26,NULL,NULL,0,0,0,0,0
14775,12/10/2011,12/2/2010 16:38,10/12/2011 15:27,59,3,60,57,1174,1011.9,337.3,NULL,NULL,0,0,0,0,0
14776,12/10/2011,1/31/2011 13:17,10/19/2011 15:34,52,11,117,44,3134,2538.3,230.7545,6/21/2011 14:52,10/18/2011 14:46,2,17,17,446,342.72
14778,12/10/2011,2/4/2011 11:43,8/4/2011 15:23,128,2,35,34,306,730.86,365.43,NULL,NULL,0,0,0,0,0
14779,12/10/2011,1/20/2011 12:04,3/4/2011 12:42,281,3,41,40,84,386.15,128.7167,NULL,NULL,0,0,0,0,0
14780,12/10/2011,9/21/2011 15:15,10/16/2011 12:46,55,2,27,26,310,447.68,223.84,NULL,NULL,0,0,0,0,0
14782,12/10/2011,1/24/2011 11:12,1/24/2011 11:12,320,1,6,6,114,200.1,200.1,NULL,NULL,0,0,0,0,0
14784,12/10/2011,1/20/2011 9:25,11/13/2011 13:30,27,2,15,15,237,289.99,144.995,NULL,NULL,0,0,0,0,0
14785,12/10/2011,11/24/2011 13:40,11/29/2011 13:21,11,2,3,2,84,77.4,38.7,NULL,NULL,0,0,0,0,0
14788,12/10/2011,11/13/2011 15:52,12/2/2011 17:06,8,2,30,26,421,679.44,339.72,NULL,NULL,0,0,0,0,0
14789,12/10/2011,11/11/2011 8:59,11/11/2011 8:59,29,1,6,6,116,197.64,197.64,NULL,NULL,0,0,0,0,0
14790,12/10/2011,3/31/2011 11:49,11/23/2011 9:28,17,4,46,30,699,745.06,186.265,NULL,NULL,0,0,0,0,0
14792,12/10/2011,10/7/2011 9:19,10/7/2011 9:19,64,1,2,2,2,6.2,6.2,10/6/2011 18:34,10/6/2011 18:34,1,2,2,2,6.2
14793,12/10/2011,11/18/2011 14:50,11/18/2011 14:50,22,1,14,14,91,228.99,228.99,12/5/2011 16:25,12/5/2011 16:25,1,1,1,3,14.85
14794,12/10/2011,1/9/2011 16:11,12/7/2011 10:11,3,7,80,68,673,1319.91,188.5586,3/30/2011 16:49,11/14/2011 17:23,2,2,2,4,47.8
14795,12/10/2011,6/26/2011 13:04,6/26/2011 13:04,167,1,6,6,17,131.45,131.45,NULL,NULL,0,0,0,0,0
14796,12/10/2011,12/8/2010 10:40,12/8/2011 15:31,2,17,1140,402,6021,8020.93,471.8194,12/8/2010 9:55,9/6/2011 9:30,10,24,18,83,182.98
14798,12/10/2011,2/2/2011 15:26,10/18/2011 10:58,53,3,12,11,150,173.74,57.9133,NULL,NULL,0,0,0,0,0
14799,12/10/2011,10/19/2011 16:16,10/19/2011 16:16,52,1,13,13,146,157.7,157.7,NULL,NULL,0,0,0,0,0
14800,12/10/2011,12/5/2010 11:10,10/23/2011 12:46,48,12,385,246,3655,4339.74,361.645,3/13/2011 10:48,10/11/2011 11:01,4,7,7,21,103.4
14801,12/10/2011,10/9/2011 15:24,10/9/2011 15:24,62,1,59,56,175,193.14,193.14,NULL,NULL,0,0,0,0,0
14803,12/10/2011,2/20/2011 13:21,6/30/2011 13:58,163,3,44,35,370,845.55,281.85,NULL,NULL,0,0,0,0,0
14804,12/10/2011,12/1/2011 11:20,12/1/2011 11:20,9,1,12,12,121,353.27,353.27,NULL,NULL,0,0,0,0,0
14805,12/10/2011,1/30/2011 10:43,11/24/2011 16:20,16,4,47,30,115,554.65,138.6625,NULL,NULL,0,0,0,0,0
14806,12/10/2011,9/25/2011 15:32,9/25/2011 15:32,76,1,11,11,330,193.39,193.39,NULL,NULL,0,0,0,0,0
14808,12/10/2011,6/20/2011 12:53,10/31/2011 12:21,40,8,235,176,2147,2741.17,342.6463,6/26/2011 12:52,10/31/2011 12:02,6,20,19,92,440.8
14810,12/10/2011,12/5/2010 12:08,10/30/2011 11:19,41,11,255,106,1016,2087.88,189.8073,NULL,NULL,0,0,0,0,0
14813,12/10/2011,12/5/2010 11:54,12/5/2010 11:57,370,2,30,25,67,155.43,77.715,NULL,NULL,0,0,0,0,0
14815,12/10/2011,10/3/2011 11:36,11/3/2011 11:36,37,2,53,53,744,778.5,389.25,NULL,NULL,0,0,0,0,0
14816,12/10/2011,5/26/2011 13:16,5/26/2011 13:16,198,1,4,4,5,271.85,271.85,NULL,NULL,0,0,0,0,0
14817,12/10/2011,3/7/2011 13:51,5/23/2011 13:35,201,2,61,51,653,1010.34,505.17,NULL,NULL,0,0,0,0,0
14818,12/10/2011,3/31/2011 12:28,9/27/2011 11:01,74,3,48,41,324,657.8,219.2667,NULL,NULL,0,0,0,0,0
14819,12/10/2011,5/31/2011 13:50,10/6/2011 13:41,65,2,13,13,109,272.07,136.035,NULL,NULL,0,0,0,0,0
14820,12/10/2011,6/19/2011 14:56,11/18/2011 15:41,22,4,29,24,253,507.29,126.8225,NULL,NULL,0,0,0,0,0
14821,12/10/2011,12/8/2010 8:43,12/8/2010 8:43,367,1,2,2,20,48.8,48.8,NULL,NULL,0,0,0,0,0
14823,12/10/2011,5/29/2011 12:48,6/12/2011 13:12,181,3,70,56,88,321.43,107.1433,NULL,NULL,0,0,0,0,0
14824,12/10/2011,9/9/2011 14:12,11/29/2011 14:20,11,4,29,19,525,1127.71,281.9275,NULL,NULL,0,0,0,0,0
14825,12/10/2011,12/6/2010 12:30,12/6/2011 11:38,4,12,121,82,991,2226.91,185.5758,NULL,NULL,0,0,0,0,0
14828,12/10/2011,1/7/2011 9:50,5/27/2011 10:16,197,3,17,17,2172,2139.76,713.2533,NULL,NULL,0,0,0,0,0
14829,12/10/2011,12/2/2010 16:12,11/10/2011 16:16,30,4,42,39,452,697.55,174.3875,12/14/2010 11:34,12/15/2010 16:43,2,3,3,38,52.9
14830,12/10/2011,10/17/2011 14:29,10/17/2011 14:29,54,1,39,38,168,196.28,196.28,NULL,NULL,0,0,0,0,0
14834,12/10/2011,4/13/2011 15:00,11/22/2011 10:30,18,6,67,43,734,1720.3,286.7167,4/21/2011 16:42,10/4/2011 17:22,2,3,3,3,21.95
14836,12/10/2011,11/9/2011 13:26,11/29/2011 16:45,11,3,6,5,45,102.45,34.15,NULL,NULL,0,0,0,0,0
14837,12/10/2011,5/22/2011 12:49,9/11/2011 10:58,90,4,108,96,1436,1649.5,412.375,9/9/2011 12:59,9/9/2011 12:59,1,2,2,6,8.3
14840,12/10/2011,3/17/2011 12:00,3/17/2011 12:00,268,1,4,4,31,62.85,62.85,NULL,NULL,0,0,0,0,0
14841,12/10/2011,12/16/2010 10:28,10/17/2011 15:03,54,6,138,103,1778,3295.76,549.2933,NULL,NULL,0,0,0,0,0
14842,12/10/2011,2/4/2011 15:32,10/27/2011 12:37,44,4,145,128,1166,2824.69,706.1725,2/10/2011 16:22,11/4/2011 13:09,4,13,13,20,367.89
14844,12/10/2011,4/12/2011 13:10,10/7/2011 10:41,64,4,130,87,1833,3189.81,797.4525,NULL,NULL,0,0,0,0,0
14847,12/10/2011,7/14/2011 10:52,7/14/2011 10:52,149,1,13,13,120,309.4,309.4,NULL,NULL,0,0,0,0,0
14849,12/10/2011,12/1/2010 12:22,11/18/2011 10:58,22,25,388,159,5694,7930.54,317.2216,1/26/2011 17:16,10/13/2011 12:02,3,4,4,38,26.26
14850,12/10/2011,2/1/2011 11:21,2/1/2011 11:21,312,1,21,21,293,325.75,325.75,12/7/2010 8:42,12/7/2010 8:42,1,1,1,8,47.6
14851,12/10/2011,3/28/2011 14:59,11/16/2011 14:20,24,2,28,28,325,511.35,255.675,NULL,NULL,0,0,0,0,0
14852,12/10/2011,4/1/2011 13:22,10/12/2011 13:20,59,6,143,96,1747,2836.69,472.7817,NULL,NULL,0,0,0,0,0
14853,12/10/2011,5/12/2011 15:17,11/15/2011 16:56,25,2,9,8,82,475.8,237.9,12/1/2011 9:44,12/1/2011 9:44,1,1,1,1,12.75
14854,12/10/2011,3/10/2011 12:22,9/22/2011 17:00,79,7,127,110,1832,2759.83,394.2614,6/28/2011 14:57,6/28/2011 14:57,1,4,4,10,9.94
14855,12/10/2011,7/28/2011 12:06,8/12/2011 14:02,120,2,20,13,267,645.65,322.825,NULL,NULL,0,0,0,0,0
14856,12/10/2011,10/14/2011 9:35,11/3/2011 14:53,37,3,66,65,714,1311.38,437.1267,NULL,NULL,0,0,0,0,0
14857,12/10/2011,7/14/2011 15:03,10/11/2011 9:23,60,2,60,58,464,1173.12,586.56,8/2/2011 17:18,8/2/2011 17:18,1,1,1,9,7.47
14859,12/10/2011,5/19/2011 14:42,11/27/2011 11:18,13,4,58,47,671,1353.74,338.435,5/23/2011 17:43,5/23/2011 17:43,1,1,1,2,1.7
14860,12/10/2011,11/20/2011 14:17,11/20/2011 14:17,20,1,11,11,232,170.32,170.32,12/1/2011 9:44,12/1/2011 9:44,1,1,1,2,1.7
14861,12/10/2011,10/18/2011 12:54,10/18/2011 12:54,53,1,6,6,117,125.79,125.79,NULL,NULL,0,0,0,0,0
14862,12/10/2011,7/14/2011 11:20,11/14/2011 10:01,26,2,48,47,772,841.2,420.6,NULL,NULL,0,0,0,0,0
14863,12/10/2011,11/10/2011 15:04,11/10/2011 15:04,30,1,11,11,132,266.76,266.76,NULL,NULL,0,0,0,0,0
14865,12/10/2011,12/2/2010 18:23,12/2/2011 16:25,8,2,4,4,108,52.2,26.1,NULL,NULL,0,0,0,0,0
14866,12/10/2011,12/8/2010 14:58,11/29/2011 11:45,11,11,98,29,6751,14353.4,1304.8545,9/27/2011 11:08,9/27/2011 11:08,1,4,4,183,192.45
14867,12/10/2011,1/7/2011 16:34,6/7/2011 11:39,186,3,36,31,328,710.28,236.76,12/6/2010 11:47,12/6/2010 11:47,1,1,1,1,8.95
14868,12/10/2011,4/20/2011 13:36,12/6/2011 14:49,4,8,144,96,1405,2953.59,369.1988,11/14/2011 13:24,11/14/2011 13:24,1,3,3,6,13.95
14869,12/10/2011,8/28/2011 16:09,12/1/2011 12:36,9,2,71,66,550,725.7,362.85,12/6/2011 10:55,12/6/2011 10:55,1,1,1,1,3.75
14870,12/10/2011,3/23/2011 10:51,3/23/2011 10:51,262,1,13,13,119,327.25,327.25,NULL,NULL,0,0,0,0,0
14871,12/10/2011,12/14/2010 12:18,12/6/2011 13:42,4,4,98,68,185,522.38,130.595,NULL,NULL,0,0,0,0,0
14873,12/10/2011,5/13/2011 13:52,5/13/2011 13:52,211,1,28,28,168,519.68,519.68,NULL,NULL,0,0,0,0,0
14875,12/10/2011,3/22/2011 11:53,8/24/2011 12:20,108,2,47,46,558,1465.32,732.66,3/24/2011 19:27,11/30/2011 14:41,2,2,2,3,7.65
14878,12/10/2011,12/16/2010 12:11,11/27/2011 11:15,13,9,124,62,802,1485.54,165.06,NULL,NULL,0,0,0,0,0
14880,12/10/2011,2/24/2011 12:27,9/23/2011 13:42,78,3,46,44,372,691.19,230.3967,NULL,NULL,0,0,0,0,0
14881,12/10/2011,11/20/2011 11:06,11/20/2011 11:06,20,1,17,17,316,255.4,255.4,NULL,NULL,0,0,0,0,0
14882,12/10/2011,11/6/2011 10:15,11/13/2011 12:47,27,2,11,6,158,589.7,294.85,NULL,NULL,0,0,0,0,0
14883,12/10/2011,5/12/2011 9:49,11/21/2011 10:23,19,6,53,39,790,761.59,126.9317,10/6/2011 17:57,10/6/2011 17:57,1,1,1,1,4.95
14885,12/10/2011,7/31/2011 12:05,7/31/2011 12:05,132,1,15,15,724,765.32,765.32,NULL,NULL,0,0,0,0,0
14886,12/10/2011,4/1/2011 8:56,4/1/2011 8:56,253,1,18,18,160,364.8,364.8,NULL,NULL,0,0,0,0,0
14887,12/10/2011,9/21/2011 15:32,9/21/2011 15:32,80,1,6,6,1100,1862,1862,NULL,NULL,0,0,0,0,0
14888,12/10/2011,5/16/2011 14:58,5/16/2011 14:58,208,1,20,20,184,369.2,369.2,NULL,NULL,0,0,0,0,0
14889,12/10/2011,1/7/2011 15:19,1/7/2011 15:19,337,1,10,10,90,135.9,135.9,NULL,NULL,0,0,0,0,0
14890,12/10/2011,3/31/2011 11:57,3/31/2011 11:57,254,1,7,7,51,125.65,125.65,NULL,NULL,0,0,0,0,0
14891,12/10/2011,6/5/2011 10:58,7/14/2011 18:08,149,2,33,30,505,554.38,277.19,NULL,NULL,0,0,0,0,0
14893,12/10/2011,11/28/2011 10:49,11/30/2011 12:31,10,2,73,72,799,1237.85,618.925,NULL,NULL,0,0,0,0,0
14894,12/10/2011,9/15/2011 13:51,9/15/2011 13:51,86,1,23,23,265,655.75,655.75,NULL,NULL,0,0,0,0,0
14895,12/10/2011,2/22/2011 13:08,12/2/2011 9:23,8,20,498,273,4851,11138.71,556.9355,1/21/2011 9:26,10/26/2011 11:37,4,8,8,28,118.45
14896,12/10/2011,12/9/2010 12:24,5/19/2011 10:20,205,2,43,43,279,468.77,234.385,NULL,NULL,0,0,0,0,0
14897,12/10/2011,2/16/2011 8:37,12/2/2011 10:32,8,4,55,43,468,1366.38,341.595,NULL,NULL,0,0,0,0,0
14898,12/10/2011,12/3/2010 15:25,11/16/2011 14:54,24,6,116,86,1020,1303.52,217.2533,12/9/2010 15:28,12/15/2010 16:52,2,3,3,12,75.2
14901,12/10/2011,12/2/2010 11:20,11/28/2011 17:09,12,9,96,73,661,1421.29,157.9211,12/8/2010 10:18,12/8/2010 10:18,1,2,2,2,6.3
14902,12/10/2011,11/14/2011 10:34,11/14/2011 10:34,26,1,20,20,218,332.66,332.66,11/18/2011 17:09,11/18/2011 17:09,1,4,4,9,18.55
14903,12/10/2011,3/6/2011 11:50,11/18/2011 16:07,22,5,355,227,1536,2810.63,562.126,3/7/2011 12:05,8/10/2011 9:21,5,9,5,45,66.15
14904,12/10/2011,11/14/2011 9:13,12/7/2011 12:55,3,2,69,66,1985,1025.44,512.72,NULL,NULL,0,0,0,0,0
14905,12/10/2011,4/20/2011 10:48,7/5/2011 12:41,158,2,17,14,287,616.15,308.075,7/8/2011 13:36,7/8/2011 13:36,1,1,1,13,16.25
14907,12/10/2011,12/7/2010 10:14,12/6/2011 14:14,4,7,165,125,1691,3501.1,500.1571,12/14/2010 11:41,11/16/2011 16:21,3,3,3,5,22.25
14908,12/10/2011,9/26/2011 12:56,9/26/2011 12:56,75,1,9,9,132,277.8,277.8,NULL,NULL,0,0,0,0,0
14910,12/10/2011,10/16/2011 11:06,12/7/2011 10:06,3,4,30,25,238,434.35,108.5875,10/20/2011 19:11,11/14/2011 17:10,3,5,5,17,44.49
14911,12/10/2011,12/1/2010 14:05,12/8/2011 15:54,2,198,5588,1784,80178,136268.22,688.2233,12/16/2010 12:56,12/1/2011 13:12,44,222,184,3331,7820.6
14912,12/10/2011,4/7/2011 11:06,11/23/2011 9:20,17,2,27,21,971,867.85,433.925,11/23/2011 12:29,11/23/2011 12:29,1,1,1,1,26.33
14913,12/10/2011,12/15/2010 14:35,11/4/2011 8:29,36,4,87,76,1743,1227.43,306.8575,NULL,NULL,0,0,0,0,0
14915,12/10/2011,3/7/2011 9:39,9/9/2011 13:34,92,2,12,12,112,307.48,153.74,9/15/2011 10:27,9/15/2011 10:27,1,1,1,7,48.65
14916,12/10/2011,1/19/2011 15:30,9/30/2011 9:20,71,4,77,72,1136,1268.98,317.245,7/22/2011 16:50,7/22/2011 16:50,1,2,2,4,4.14
14918,12/10/2011,7/8/2011 12:50,8/16/2011 11:50,116,2,45,39,675,1610.15,805.075,NULL,NULL,0,0,0,0,0
14920,12/10/2011,5/11/2011 10:31,5/11/2011 10:32,213,2,57,57,509,977.77,488.885,NULL,NULL,0,0,0,0,0
14921,12/10/2011,5/22/2011 12:51,11/9/2011 13:17,31,2,78,78,953,1316.07,658.035,NULL,NULL,0,0,0,0,0
14923,12/10/2011,10/20/2011 11:51,10/20/2011 11:51,51,1,44,44,418,749.1,749.1,NULL,NULL,0,0,0,0,0
14924,12/10/2011,4/8/2011 9:25,4/8/2011 9:25,246,1,10,10,64,310.05,310.05,NULL,NULL,0,0,0,0,0
14929,12/10/2011,11/7/2011 17:21,11/7/2011 17:21,33,1,11,11,136,223.88,223.88,NULL,NULL,0,0,0,0,0
14930,12/10/2011,3/10/2011 14:42,8/23/2011 10:31,109,3,128,116,1166,2372.86,790.9533,NULL,NULL,0,0,0,0,0
14931,12/10/2011,4/13/2011 9:32,12/5/2011 10:19,5,4,38,28,414,864.68,216.17,NULL,NULL,0,0,0,0,0
14932,12/10/2011,12/9/2010 11:48,12/9/2010 11:48,366,1,16,16,79,313.53,313.53,NULL,NULL,0,0,0,0,0
14934,12/10/2011,3/2/2011 11:48,9/19/2011 10:10,82,2,87,68,1042,1890.94,945.47,9/28/2011 9:45,9/28/2011 9:45,1,1,1,1,2.1
14935,12/10/2011,2/15/2011 14:44,2/15/2011 14:44,298,1,10,10,935,1784.71,1784.71,NULL,NULL,0,0,0,0,0
14936,12/10/2011,3/9/2011 11:53,11/6/2011 10:30,34,8,364,210,4085,8137.02,1017.1275,11/30/2011 15:07,11/30/2011 15:07,1,2,2,2,19.6
14937,12/10/2011,8/1/2011 14:16,10/14/2011 12:29,57,3,34,33,484,1621.88,540.6267,8/18/2011 6:36,8/18/2011 6:36,1,1,1,1,4.25
14944,12/10/2011,2/16/2011 12:47,11/10/2011 9:10,30,12,170,101,2815,5900.25,491.6875,12/22/2010 13:13,10/6/2011 18:36,2,2,2,14,57.3
14946,12/10/2011,11/25/2011 13:33,11/25/2011 13:33,15,1,3,3,22,100.9,100.9,NULL,NULL,0,0,0,0,0
14947,12/10/2011,8/1/2011 9:31,9/28/2011 15:48,73,2,13,13,178,275.82,137.91,NULL,NULL,0,0,0,0,0
14948,12/10/2011,5/4/2011 14:52,11/16/2011 17:16,24,6,63,56,673,1101.97,183.6617,11/8/2011 12:07,11/8/2011 12:07,1,1,1,12,35.4
14950,12/10/2011,11/20/2011 13:48,11/20/2011 13:48,20,1,19,19,136,371.2,371.2,12/1/2011 9:42,12/1/2011 9:42,1,1,1,1,9.95
14951,12/10/2011,9/21/2011 15:15,9/21/2011 15:15,80,1,20,20,311,311.69,311.69,NULL,NULL,0,0,0,0,0
14952,12/10/2011,12/10/2010 12:48,10/11/2011 10:33,60,11,138,117,3355,8099.49,736.3173,12/8/2010 11:33,10/24/2011 13:50,4,11,8,60,186.7
14953,12/10/2011,11/14/2011 14:59,11/14/2011 14:59,26,1,55,54,225,289.82,289.82,NULL,NULL,0,0,0,0,0
14954,12/10/2011,11/27/2011 14:30,11/27/2011 14:30,13,1,85,75,127,336.17,336.17,NULL,NULL,0,0,0,0,0
14957,12/10/2011,3/31/2011 17:59,3/31/2011 17:59,254,1,12,12,34,58.49,58.49,NULL,NULL,0,0,0,0,0
14958,12/10/2011,4/8/2011 11:28,7/15/2011 14:20,148,3,42,33,129,499.68,166.56,NULL,NULL,0,0,0,0,0
14959,12/10/2011,2/16/2011 13:00,10/6/2011 18:23,65,4,59,37,494,695.42,173.855,10/11/2011 16:28,10/11/2011 16:28,1,2,2,3,10.45
14960,12/10/2011,6/21/2011 13:38,12/1/2011 12:54,9,2,27,23,221,221.27,110.635,NULL,NULL,0,0,0,0,0
14961,12/10/2011,12/14/2010 11:38,11/29/2011 9:42,11,9,312,193,3708,7044.68,782.7422,1/6/2011 17:48,5/5/2011 18:01,3,5,5,16,38.1
14962,12/10/2011,3/14/2011 9:42,3/14/2011 9:42,271,1,5,5,44,126.7,126.7,NULL,NULL,0,0,0,0,0
14963,12/10/2011,6/9/2011 12:30,11/30/2011 12:16,10,5,198,149,1176,1487.8,297.56,NULL,NULL,0,0,0,0,0
14964,12/10/2011,4/6/2011 14:13,4/6/2011 14:13,248,1,13,13,143,206.21,206.21,NULL,NULL,0,0,0,0,0
14965,12/10/2011,9/4/2011 13:15,9/4/2011 13:20,97,2,83,80,365,599,299.5,NULL,NULL,0,0,0,0,0
14966,12/10/2011,11/25/2011 12:20,11/25/2011 12:20,15,1,38,35,187,191.32,191.32,NULL,NULL,0,0,0,0,0
14967,12/10/2011,10/21/2011 11:06,10/21/2011 11:06,50,1,6,6,140,463.8,463.8,NULL,NULL,0,0,0,0,0
14968,12/10/2011,11/9/2011 13:58,11/9/2011 13:58,31,1,37,37,127,147.59,147.59,NULL,NULL,0,0,0,0,0
14970,12/10/2011,1/27/2011 12:23,10/2/2011 13:44,69,4,34,24,250,1592.06,398.015,NULL,NULL,0,0,0,0,0
14971,12/10/2011,10/27/2011 13:33,11/4/2011 17:07,36,3,160,144,644,1116.57,372.19,NULL,NULL,0,0,0,0,0
14972,12/10/2011,8/3/2011 14:54,8/3/2011 14:54,129,1,18,18,28,114.77,114.77,NULL,NULL,0,0,0,0,0
14973,12/10/2011,4/28/2011 12:22,8/24/2011 15:51,108,3,32,29,369,1314.45,438.15,NULL,NULL,0,0,0,0,0
14974,12/10/2011,11/2/2011 13:01,11/2/2011 13:01,38,1,21,17,44,114.39,114.39,NULL,NULL,0,0,0,0,0
14975,12/10/2011,10/13/2011 14:08,10/13/2011 14:08,58,1,11,11,380,279.94,279.94,NULL,NULL,0,0,0,0,0
14976,12/10/2011,1/17/2011 11:09,10/13/2011 16:33,58,6,70,45,232,774.86,129.1433,5/27/2011 16:48,5/27/2011 16:48,1,1,1,4,25
14978,12/10/2011,1/13/2011 12:03,9/28/2011 13:07,73,5,216,136,525,1931.42,386.284,NULL,NULL,0,0,0,0,0
14981,12/10/2011,4/7/2011 13:45,4/7/2011 13:45,247,1,8,8,97,102.12,102.12,NULL,NULL,0,0,0,0,0
14984,12/10/2011,6/12/2011 11:04,11/20/2011 14:28,20,2,41,37,60,213.27,106.635,NULL,NULL,0,0,0,0,0
14985,12/10/2011,12/16/2010 19:51,5/25/2011 14:29,199,2,87,78,260,296.75,148.375,NULL,NULL,0,0,0,0,0
14987,12/10/2011,12/9/2010 12:13,11/24/2011 9:59,16,2,4,2,128,326.4,163.2,NULL,NULL,0,0,0,0,0
14988,12/10/2011,5/12/2011 12:05,5/12/2011 12:05,212,1,40,40,141,334.54,334.54,NULL,NULL,0,0,0,0,0
14995,12/10/2011,3/4/2011 13:14,11/1/2011 11:39,39,2,61,53,103,233.23,116.615,NULL,NULL,0,0,0,0,0
14997,12/10/2011,6/14/2011 16:52,10/24/2011 13:28,47,3,26,25,1120,546.2,182.0667,10/11/2011 11:25,10/11/2011 11:25,1,1,1,18,5.22
14998,12/10/2011,4/12/2011 16:28,6/22/2011 17:30,171,2,75,70,270,429.87,214.935,NULL,NULL,0,0,0,0,0
15000,12/10/2011,10/23/2011 11:42,10/23/2011 11:42,48,1,77,76,218,490.52,490.52,NULL,NULL,0,0,0,0,0
15002,12/10/2011,12/7/2010 13:16,8/16/2011 10:44,116,4,115,93,862,1641.76,410.44,NULL,NULL,0,0,0,0,0
15004,12/10/2011,7/15/2011 14:05,7/15/2011 14:05,148,1,157,153,629,1245.93,1245.93,NULL,NULL,0,0,0,0,0
15005,12/10/2011,12/8/2010 14:36,11/24/2011 12:25,16,28,1118,359,4245,6314.87,225.5311,1/9/2011 14:17,11/8/2011 11:38,7,41,33,43,136.08
15006,12/10/2011,10/19/2011 15:08,10/19/2011 15:08,52,1,143,120,301,497.14,497.14,NULL,NULL,0,0,0,0,0
15007,12/10/2011,7/3/2011 16:00,7/3/2011 16:00,160,1,12,12,69,156.91,156.91,NULL,NULL,0,0,0,0,0
15009,12/10/2011,11/14/2011 17:40,11/27/2011 13:35,13,3,182,148,642,1261.78,420.5933,NULL,NULL,0,0,0,0,0
15010,12/10/2011,11/4/2011 12:42,11/4/2011 12:42,36,1,20,20,184,308.94,308.94,NULL,NULL,0,0,0,0,0
15012,12/10/2011,12/1/2010 12:49,10/17/2011 12:22,54,2,128,110,231,423.04,211.52,NULL,NULL,0,0,0,0,0
15014,12/10/2011,6/16/2011 19:40,10/27/2011 20:07,44,2,35,29,151,260.17,130.085,NULL,NULL,0,0,0,0,0
15016,12/10/2011,6/20/2011 12:06,6/20/2011 12:06,173,1,20,20,76,170.04,170.04,NULL,NULL,0,0,0,0,0
15017,12/10/2011,11/6/2011 10:33,11/6/2011 10:33,34,1,20,20,63,125.58,125.58,NULL,NULL,0,0,0,0,0
15018,12/10/2011,12/7/2010 10:47,11/1/2011 12:47,39,3,31,30,189,496.21,165.4033,4/5/2011 12:27,4/5/2011 12:27,1,1,1,1,39.95
15019,12/10/2011,3/18/2011 12:35,3/18/2011 12:35,267,1,70,64,159,266,266,NULL,NULL,0,0,0,0,0
15021,12/10/2011,12/8/2010 12:17,12/1/2011 11:53,9,9,472,287,847,1914.82,212.7578,12/7/2010 8:57,12/1/2011 10:38,4,7,7,18,42.54
15022,12/10/2011,10/23/2011 15:47,11/28/2011 12:35,12,4,135,96,543,905.04,226.26,NULL,NULL,0,0,0,0,0
15023,12/10/2011,12/5/2010 13:49,12/6/2011 17:23,4,11,560,346,2862,6783.86,616.7145,7/3/2011 13:08,7/3/2011 13:08,1,1,1,8,39.6
15024,12/10/2011,12/7/2010 13:20,11/30/2011 12:06,10,10,155,105,920,1661.33,166.133,NULL,NULL,0,0,0,0,0
15025,12/10/2011,11/6/2011 15:20,11/6/2011 15:20,34,1,72,66,189,377.01,377.01,NULL,NULL,0,0,0,0,0
15026,12/10/2011,3/7/2011 13:45,9/20/2011 13:52,81,3,60,56,225,464.2,154.7333,NULL,NULL,0,0,0,0,0
15027,12/10/2011,4/15/2011 14:14,11/9/2011 10:16,31,4,35,30,565,1066.15,266.5375,4/19/2011 16:09,5/25/2011 16:51,2,2,2,2,14.2
15028,12/10/2011,12/6/2010 12:47,12/1/2011 14:06,9,4,48,35,459,627.13,156.7825,NULL,NULL,0,0,0,0,0
15030,12/10/2011,3/16/2011 15:34,9/29/2011 10:50,72,2,7,7,372,518.28,259.14,NULL,NULL,0,0,0,0,0
15031,12/10/2011,3/2/2011 14:46,12/5/2011 14:19,5,4,111,74,401,668.14,167.035,NULL,NULL,0,0,0,0,0
15032,12/10/2011,12/8/2010 12:57,3/28/2011 15:03,257,3,52,29,2968,4959.1,1653.0333,3/28/2011 15:18,3/28/2011 15:30,2,3,3,300,495
15033,12/10/2011,1/14/2011 13:28,12/5/2011 12:40,5,10,509,314,1693,2583.37,258.337,7/3/2011 11:54,7/3/2011 11:54,1,3,3,3,15.65
15034,12/10/2011,12/21/2010 9:47,11/24/2011 12:11,16,8,394,299,2422,4308.61,538.5763,3/10/2011 10:29,11/11/2011 10:55,3,6,5,11,30.95
15035,12/10/2011,9/11/2011 11:08,9/11/2011 11:08,90,1,27,26,245,252.73,252.73,NULL,NULL,0,0,0,0,0
15036,12/10/2011,6/13/2011 12:19,9/28/2011 15:42,73,3,127,107,327,465.55,155.1833,NULL,NULL,0,0,0,0,0
15038,12/10/2011,12/5/2010 10:54,10/12/2011 11:33,59,6,130,105,217,705.49,117.5817,10/27/2011 14:42,10/27/2011 14:42,1,3,3,30,39.9
15039,12/10/2011,12/6/2010 11:26,11/30/2011 11:31,10,47,1502,408,9209,19914.44,423.7115,1/24/2011 11:30,6/30/2011 11:31,5,6,6,18,128
15041,12/10/2011,6/22/2011 16:16,6/22/2011 16:16,171,1,67,66,104,180.35,180.35,NULL,NULL,0,0,0,0,0
15042,12/10/2011,5/24/2011 16:25,5/24/2011 16:25,200,1,5,5,30,135.93,135.93,NULL,NULL,0,0,0,0,0
15043,12/10/2011,11/8/2011 14:26,11/8/2011 14:26,32,1,3,3,300,537,537,NULL,NULL,0,0,0,0,0
15044,12/10/2011,12/12/2010 14:27,11/20/2011 13:20,20,17,453,233,2795,7700.23,452.9547,12/19/2010 12:46,10/4/2011 14:51,5,8,7,9,70.85
15045,12/10/2011,3/27/2011 11:44,7/11/2011 11:33,152,2,12,11,114,735.66,367.83,4/1/2011 10:45,4/1/2011 10:45,1,1,1,8,102
15046,12/10/2011,1/5/2011 15:30,11/30/2011 15:50,10,15,205,146,3450,5194.82,346.3213,6/26/2011 13:13,6/26/2011 13:13,1,1,1,144,149.76
15047,12/10/2011,3/15/2011 10:49,3/15/2011 10:49,270,1,22,22,222,343.62,343.62,NULL,NULL,0,0,0,0,0
15048,12/10/2011,12/6/2010 12:15,10/5/2011 14:55,66,4,97,86,195,384.05,96.0125,8/15/2011 10:06,8/15/2011 10:06,1,1,1,12,3.48
15049,12/10/2011,3/11/2011 12:13,3/11/2011 12:13,274,1,3,3,63,121.17,121.17,NULL,NULL,0,0,0,0,0
15050,12/10/2011,9/29/2011 13:22,11/14/2011 16:17,26,3,78,68,1224,1782.09,594.03,9/29/2011 13:44,11/14/2011 15:13,2,2,2,40,54.92
15051,12/10/2011,7/12/2011 15:29,11/16/2011 15:38,24,3,143,130,1011,1391.61,463.87,NULL,NULL,0,0,0,0,0
15052,12/10/2011,1/24/2011 15:52,1/24/2011 15:52,320,1,30,27,82,215.78,215.78,NULL,NULL,0,0,0,0,0
15053,12/10/2011,3/3/2011 12:06,12/5/2011 12:08,5,3,71,49,986,697.79,232.5967,NULL,NULL,0,0,0,0,0
15054,12/10/2011,10/30/2011 14:33,11/27/2011 15:02,13,2,114,105,198,302.1,151.05,NULL,NULL,0,0,0,0,0
15057,12/10/2011,1/28/2011 9:09,3/9/2011 15:17,276,2,25,25,668,1489.5,744.75,NULL,NULL,0,0,0,0,0
15058,12/10/2011,1/31/2011 15:35,11/14/2011 14:57,26,11,276,199,1069,2124.99,193.1809,NULL,NULL,0,0,0,0,0
15059,12/10/2011,1/9/2011 11:54,10/30/2011 11:35,41,9,237,161,604,1337.72,148.6356,2/16/2011 10:17,6/22/2011 14:55,2,2,2,2,11.9
15060,12/10/2011,11/30/2011 14:03,12/1/2011 13:47,9,4,120,80,262,301.84,75.46,NULL,NULL,0,0,0,0,0
15061,12/10/2011,12/2/2010 15:19,12/6/2011 12:06,4,48,403,70,28920,54534.14,1136.1279,1/6/2011 16:14,9/30/2011 10:40,6,6,4,282,283.8
15062,12/10/2011,12/15/2010 15:37,9/29/2011 16:51,72,4,57,47,763,987.86,246.965,NULL,NULL,0,0,0,0,0
15063,12/10/2011,5/10/2011 13:25,5/10/2011 13:25,214,1,5,5,56,370.8,370.8,NULL,NULL,0,0,0,0,0
15065,12/10/2011,2/21/2011 12:54,11/2/2011 9:45,38,4,155,148,1383,3158.13,789.5325,3/18/2011 16:36,3/27/2011 12:11,2,3,3,28,22.15
15066,12/10/2011,10/17/2011 13:25,10/17/2011 13:25,54,1,42,42,317,893.59,893.59,11/8/2011 9:56,11/8/2011 9:56,1,11,11,38,133
15067,12/10/2011,3/2/2011 12:10,9/22/2011 13:20,79,3,82,82,954,1744.76,581.5867,NULL,NULL,0,0,0,0,0
15068,12/10/2011,3/28/2011 14:27,10/24/2011 14:47,47,2,104,96,364,553.36,276.68,NULL,NULL,0,0,0,0,0
15069,12/10/2011,6/13/2011 14:16,6/13/2011 14:16,180,1,70,70,520,1109.53,1109.53,NULL,NULL,0,0,0,0,0
15070,12/10/2011,12/2/2010 11:23,12/2/2010 11:23,373,1,1,1,36,106.2,106.2,NULL,NULL,0,0,0,0,0
15071,12/10/2011,3/9/2011 10:19,9/7/2011 11:43,94,2,26,25,269,982.07,491.035,NULL,NULL,0,0,0,0,0
15073,12/10/2011,6/6/2011 9:59,11/30/2011 10:44,10,3,54,31,491,1043.41,347.8033,6/6/2011 12:33,6/6/2011 12:33,1,22,22,214,430.98
15074,12/10/2011,8/26/2011 14:45,8/26/2011 14:45,106,1,42,41,455,748.87,748.87,NULL,NULL,0,0,0,0,0
15075,12/10/2011,9/23/2011 12:27,9/23/2011 12:27,78,1,27,27,447,773.03,773.03,NULL,NULL,0,0,0,0,0
15076,12/10/2011,6/20/2011 8:23,6/20/2011 8:23,173,1,49,49,571,880.85,880.85,NULL,NULL,0,0,0,0,0
15078,12/10/2011,12/6/2010 12:38,12/2/2011 15:41,8,32,440,97,5105,9743.11,304.4722,12/15/2010 9:20,7/8/2011 14:06,6,11,11,36,119.76
15079,12/10/2011,12/9/2010 9:25,5/11/2011 12:45,213,4,47,46,389,895.61,223.9025,2/21/2011 16:58,2/21/2011 16:58,1,1,1,1,1.95
15081,12/10/2011,12/7/2010 16:20,11/17/2011 17:08,23,5,33,26,190,504.8,100.96,5/19/2011 10:39,5/19/2011 10:39,1,2,2,2,17.45
15083,12/10/2011,3/28/2011 12:18,3/28/2011 12:18,257,1,5,5,38,88.2,88.2,NULL,NULL,0,0,0,0,0
15087,12/10/2011,3/3/2011 10:34,3/3/2011 10:34,282,1,15,15,470,306.94,306.94,NULL,NULL,0,0,0,0,0
15088,12/10/2011,10/3/2011 14:05,11/18/2011 13:14,22,2,57,53,460,1160.07,580.035,10/27/2011 14:45,10/27/2011 14:45,1,3,3,3,19.8
15089,12/10/2011,8/3/2011 14:14,11/29/2011 16:31,11,6,145,139,1359,2420.84,403.4733,NULL,NULL,0,0,0,0,0
15090,12/10/2011,2/4/2011 14:03,2/4/2011 14:03,309,1,23,23,208,381.32,381.32,NULL,NULL,0,0,0,0,0
15091,12/10/2011,10/3/2011 12:47,10/3/2011 12:47,68,1,30,30,346,480.71,480.71,10/17/2011 10:47,10/17/2011 10:47,1,1,1,3,3.75
15092,12/10/2011,3/1/2011 12:24,5/8/2011 14:10,216,2,26,23,135,457.81,228.905,NULL,NULL,0,0,0,0,0
15093,12/10/2011,12/2/2010 18:25,11/21/2011 13:09,19,6,108,52,3760,4597.02,766.17,12/14/2010 10:33,5/24/2011 17:19,3,4,3,27,186.88
15095,12/10/2011,5/20/2011 14:27,8/28/2011 12:01,104,4,47,30,1079,1370.6,342.65,6/6/2011 10:57,6/6/2011 10:57,1,2,2,2,5.9
15096,12/10/2011,10/28/2011 10:27,10/28/2011 10:27,43,1,11,11,120,219.39,219.39,NULL,NULL,0,0,0,0,0
15097,12/10/2011,12/5/2011 14:03,12/5/2011 14:03,5,1,25,25,170,248.08,248.08,NULL,NULL,0,0,0,0,0
15098,12/10/2011,6/10/2011 15:22,6/10/2011 15:33,183,3,3,1,121,39916.5,13305.5,6/10/2011 15:39,6/10/2011 15:39,1,1,1,60,297
15099,12/10/2011,9/16/2011 13:13,9/16/2011 13:13,85,1,23,23,343,410.48,410.48,NULL,NULL,0,0,0,0,0
15100,12/10/2011,12/1/2010 9:09,1/10/2011 10:35,334,3,3,1,80,876,292,12/7/2010 16:21,1/13/2011 17:09,3,3,1,22,240.9
15101,12/10/2011,12/15/2010 12:54,12/1/2011 10:18,9,2,8,8,241,317.53,158.765,1/6/2011 17:34,1/6/2011 17:34,1,1,1,2,7.5
15103,12/10/2011,9/14/2011 13:54,11/8/2011 14:53,32,2,35,35,329,703.36,351.68,NULL,NULL,0,0,0,0,0
15104,12/10/2011,3/2/2011 14:16,5/27/2011 12:29,197,2,69,66,637,1027.44,513.72,6/26/2011 11:35,6/26/2011 11:35,1,2,2,2,24.9
15105,12/10/2011,7/28/2011 10:09,11/21/2011 16:54,19,7,101,90,1211,2298.93,328.4186,NULL,NULL,0,0,0,0,0
15106,12/10/2011,3/15/2011 12:52,11/22/2011 9:16,18,5,100,90,1181,1422.52,284.504,7/26/2011 12:43,10/18/2011 14:51,2,2,2,37,14.79
15107,12/10/2011,12/2/2010 13:45,2/1/2011 14:46,312,6,16,12,169,319.5,53.25,12/15/2010 16:50,1/11/2011 12:03,2,2,2,7,59.5
15108,12/10/2011,4/26/2011 10:54,7/21/2011 10:24,142,3,57,49,490,1159.25,386.4167,6/10/2011 9:34,6/10/2011 9:34,1,1,1,2,8.5
15109,12/10/2011,4/8/2011 9:58,4/8/2011 9:58,246,1,28,28,131,484.95,484.95,4/13/2011 9:53,4/13/2011 9:53,1,3,3,4,21.2
15110,12/10/2011,1/25/2011 11:41,11/16/2011 11:16,24,4,35,17,246,996.1,249.025,3/7/2011 13:33,11/4/2011 13:25,3,5,3,6,25.85
15111,12/10/2011,12/2/2010 11:45,11/10/2011 16:58,30,3,84,70,710,1567.48,522.4933,NULL,NULL,0,0,0,0,0
15113,12/10/2011,10/16/2011 15:27,11/30/2011 8:23,10,3,99,76,2385,3608.94,1202.98,11/14/2011 10:32,11/14/2011 10:32,1,1,1,24,169.92
15114,12/10/2011,2/11/2011 8:45,11/9/2011 15:05,31,10,197,136,3096,2760.56,276.056,NULL,NULL,0,0,0,0,0
15115,12/10/2011,11/21/2011 14:59,11/21/2011 14:59,19,1,21,21,157,340.11,340.11,NULL,NULL,0,0,0,0,0
15116,12/10/2011,5/19/2011 8:50,11/22/2011 12:25,18,4,45,37,648,1352.75,338.1875,NULL,NULL,0,0,0,0,0
15117,12/10/2011,5/8/2011 12:38,11/25/2011 8:12,15,5,79,63,1948,1551.78,310.356,11/23/2011 11:11,11/23/2011 11:11,1,1,1,1,1.65
15118,12/10/2011,7/28/2011 14:54,7/28/2011 14:54,135,1,1,1,1440,244.8,244.8,NULL,NULL,0,0,0,0,0
15119,12/10/2011,4/8/2011 9:08,4/8/2011 9:08,246,1,14,14,88,266.4,266.4,NULL,NULL,0,0,0,0,0
15120,12/10/2011,7/29/2011 9:48,7/29/2011 9:48,134,1,21,21,296,358.82,358.82,8/2/2011 10:05,8/2/2011 10:05,1,1,1,4,15
15121,12/10/2011,2/24/2011 12:41,10/20/2011 14:51,51,2,28,28,199,457.72,228.86,NULL,NULL,0,0,0,0,0
15122,12/10/2011,2/15/2011 9:59,8/17/2011 16:48,115,3,82,65,800,1633.78,544.5933,2/18/2011 16:32,9/15/2011 16:27,3,5,3,12,21.65
15123,12/10/2011,5/17/2011 14:57,12/2/2011 13:12,8,2,106,93,1195,2199.31,1099.655,NULL,NULL,0,0,0,0,0
15124,12/10/2011,6/1/2011 9:06,11/17/2011 10:09,23,2,15,14,233,184.19,92.095,NULL,NULL,0,0,0,0,0
15125,12/10/2011,3/14/2011 9:59,11/14/2011 13:57,26,15,127,102,6193,11528.48,768.5653,5/5/2011 17:57,10/27/2011 19:00,8,13,13,202,411.43
15127,12/10/2011,10/5/2011 10:30,10/5/2011 10:30,66,1,16,16,251,406.53,406.53,NULL,NULL,0,0,0,0,0
15128,12/10/2011,5/4/2011 12:32,10/10/2011 13:54,61,4,102,74,1343,1471,367.75,5/23/2011 17:39,6/28/2011 15:13,3,8,8,16,47.75
15129,12/10/2011,2/21/2011 9:09,10/20/2011 14:40,51,11,84,54,1794,3447.4,313.4,NULL,NULL,0,0,0,0,0
15130,12/10/2011,6/23/2011 10:15,6/23/2011 10:15,170,1,22,22,197,330.11,330.11,NULL,NULL,0,0,0,0,0
15132,12/10/2011,3/22/2011 12:02,11/21/2011 17:10,19,5,52,49,679,977.93,195.586,NULL,NULL,0,0,0,0,0
15133,12/10/2011,2/11/2011 10:38,8/4/2011 10:44,128,3,29,27,680,982.42,327.4733,NULL,NULL,0,0,0,0,0
15134,12/10/2011,4/13/2011 11:05,11/25/2011 8:55,15,8,73,44,887,1387.99,173.4988,NULL,NULL,0,0,0,0,0
15135,12/10/2011,4/14/2011 19:16,4/14/2011 19:16,240,1,9,9,43,139.05,139.05,4/20/2011 15:58,4/20/2011 15:58,1,1,1,2,11.9
15136,12/10/2011,9/4/2011 16:05,12/7/2011 12:26,3,4,68,61,776,1286.7,321.675,9/12/2011 18:26,9/12/2011 18:26,1,1,1,1,4.25
15139,12/10/2011,1/7/2011 12:44,4/14/2011 11:39,240,2,13,13,208,178.96,89.48,NULL,NULL,0,0,0,0,0
15140,12/10/2011,3/20/2011 14:37,10/18/2011 14:07,53,7,80,74,1572,2354.25,336.3214,6/1/2011 16:21,6/1/2011 16:21,1,1,1,5,4.25
15142,12/10/2011,10/24/2011 12:51,10/24/2011 12:51,47,1,26,26,365,498.74,498.74,NULL,NULL,0,0,0,0,0
15143,12/10/2011,4/28/2011 12:03,4/28/2011 12:03,226,1,14,14,150,259.45,259.45,NULL,NULL,0,0,0,0,0
15144,12/10/2011,1/31/2011 13:17,12/1/2011 15:12,9,17,217,132,3050,6580.44,387.0847,5/6/2011 13:06,5/6/2011 13:06,1,1,1,24,50.4
15145,12/10/2011,4/5/2011 15:20,12/5/2011 17:21,5,4,67,54,756,1194.73,298.6825,NULL,NULL,0,0,0,0,0
15146,12/10/2011,2/21/2011 13:07,6/28/2011 12:09,165,2,91,90,1473,1327.16,663.58,2/24/2011 10:01,2/24/2011 10:01,1,4,4,14,13.5
15147,12/10/2011,4/13/2011 15:57,4/13/2011 15:57,241,1,28,28,366,623.5,623.5,5/5/2011 11:20,5/5/2011 11:20,1,1,1,3,14.85
15148,12/10/2011,11/29/2011 8:21,11/29/2011 8:21,11,1,20,20,187,301.29,301.29,NULL,NULL,0,0,0,0,0
15149,12/10/2011,7/29/2011 10:58,7/29/2011 10:58,134,1,23,23,128,520.8,520.8,NULL,NULL,0,0,0,0,0
15150,12/10/2011,3/15/2011 14:21,11/22/2011 12:52,18,10,343,282,3658,5314.47,531.447,9/30/2011 12:40,9/30/2011 12:40,1,1,1,25,10.5
15152,12/10/2011,6/5/2011 15:36,11/30/2011 12:32,10,13,271,196,2704,4745.69,365.0531,6/21/2011 17:17,8/18/2011 6:22,3,7,7,10,61.45
15153,12/10/2011,11/8/2011 17:09,11/8/2011 17:09,32,1,22,22,198,329.25,329.25,NULL,NULL,0,0,0,0,0
15154,12/10/2011,9/25/2011 16:05,9/25/2011 16:05,76,1,85,66,104,296.42,296.42,9/26/2011 16:43,9/26/2011 16:43,1,7,4,7,56.15
15156,12/10/2011,11/6/2011 12:41,12/8/2011 18:22,2,3,55,51,597,961.49,320.4967,NULL,NULL,0,0,0,0,0
15157,12/10/2011,12/16/2010 13:44,12/6/2011 11:28,4,3,125,125,2392,1936.07,645.3567,12/17/2010 16:25,8/8/2011 13:53,2,7,7,149,56.23
15158,12/10/2011,10/25/2011 13:53,10/25/2011 13:53,46,1,7,7,198,401.4,401.4,NULL,NULL,0,0,0,0,0
15159,12/10/2011,12/13/2010 15:44,12/8/2011 12:05,2,30,710,363,11441,18641.01,621.367,3/17/2011 17:17,11/4/2011 13:38,4,10,10,47,67.33
15160,12/10/2011,12/17/2010 14:15,12/17/2010 14:15,358,1,4,4,84,158.16,158.16,NULL,NULL,0,0,0,0,0
15163,12/10/2011,5/31/2011 15:22,11/21/2011 13:10,19,2,29,29,186,304.47,152.235,NULL,NULL,0,0,0,0,0
15164,12/10/2011,1/4/2011 14:21,10/2/2011 12:05,69,3,103,79,360,843.05,281.0167,NULL,NULL,0,0,0,0,0
15165,12/10/2011,12/1/2010 14:03,12/1/2010 14:03,374,1,27,27,160,487.75,487.75,NULL,NULL,0,0,0,0,0
15167,12/10/2011,1/23/2011 12:41,1/23/2011 12:41,321,1,41,39,67,163,163,NULL,NULL,0,0,0,0,0
15168,12/10/2011,11/14/2011 11:26,11/14/2011 11:26,26,1,5,5,52,106.56,106.56,NULL,NULL,0,0,0,0,0
15171,12/10/2011,1/12/2011 15:36,1/12/2011 15:36,332,1,5,5,290,1289.5,1289.5,1/19/2011 12:39,1/19/2011 12:39,1,2,2,100,255
15172,12/10/2011,4/17/2011 11:56,12/1/2011 11:51,9,5,109,105,1610,1609.05,321.81,NULL,NULL,0,0,0,0,0
15174,12/10/2011,1/21/2011 9:06,1/21/2011 9:06,323,1,11,11,145,135.75,135.75,NULL,NULL,0,0,0,0,0
15175,12/10/2011,9/29/2011 11:31,9/29/2011 11:31,72,1,23,23,454,224.14,224.14,NULL,NULL,0,0,0,0,0
15178,12/10/2011,3/24/2011 15:12,3/24/2011 15:12,261,1,3,3,30,40.5,40.5,NULL,NULL,0,0,0,0,0
15179,12/10/2011,1/24/2011 13:48,11/21/2011 12:53,19,5,93,91,1938,2206.95,441.39,12/10/2010 17:05,10/20/2011 19:14,2,2,2,31,20.75
15180,12/10/2011,12/7/2010 14:57,12/7/2010 14:57,368,1,6,6,36,87.5,87.5,NULL,NULL,0,0,0,0,0
15181,12/10/2011,3/15/2011 12:03,10/4/2011 13:58,67,3,16,11,544,689.48,229.8267,12/9/2010 13:28,12/9/2010 13:28,1,1,1,1,4.95
15182,12/10/2011,3/16/2011 12:42,7/8/2011 13:37,155,2,29,24,253,622.85,311.425,NULL,NULL,0,0,0,0,0
15184,12/10/2011,6/2/2011 12:06,11/10/2011 13:41,30,2,63,59,223,406.76,203.38,NULL,NULL,0,0,0,0,0
15185,12/10/2011,9/30/2011 14:06,9/30/2011 14:06,71,1,21,21,666,310.62,310.62,NULL,NULL,0,0,0,0,0
15186,12/10/2011,6/24/2011 14:54,11/25/2011 14:58,15,2,19,17,215,411.41,205.705,NULL,NULL,0,0,0,0,0
15187,12/10/2011,5/11/2011 13:49,12/8/2011 11:56,2,15,90,60,1886,4762.18,317.4787,7/22/2011 16:52,11/4/2011 15:48,2,2,2,18,107.1
15189,12/10/2011,1/11/2011 12:29,12/8/2011 13:22,2,41,212,80,6149,16225.39,395.7412,1/27/2011 15:49,8/3/2011 10:37,12,20,13,114,423.25
15192,12/10/2011,12/9/2010 14:56,8/12/2011 11:41,120,3,51,36,918,1044.32,348.1067,NULL,NULL,0,0,0,0,0
15193,12/10/2011,10/10/2011 8:23,10/10/2011 8:23,61,1,19,19,144,499.32,499.32,NULL,NULL,0,0,0,0,0
15194,12/10/2011,12/6/2010 15:00,12/6/2011 15:10,4,15,310,209,5703,7616.53,507.7687,12/15/2010 16:55,9/28/2011 9:06,7,16,11,55,95.36
15195,12/10/2011,12/7/2011 12:20,12/7/2011 12:20,3,1,1,1,1404,3861,3861,NULL,NULL,0,0,0,0,0
15197,12/10/2011,12/16/2010 18:01,11/29/2011 10:00,11,3,32,30,469,1079.61,359.87,1/12/2011 9:48,12/1/2011 8:14,2,4,4,16,423.17
15198,12/10/2011,8/7/2011 15:16,9/8/2011 14:42,93,2,10,10,120,193.64,96.82,NULL,NULL,0,0,0,0,0
15199,12/10/2011,2/4/2011 14:04,10/11/2011 15:12,60,4,13,5,396,1268.7,317.175,NULL,NULL,0,0,0,0,0
15201,12/10/2011,4/6/2011 14:02,9/13/2011 14:53,88,5,69,35,1210,1236.54,247.308,4/13/2011 9:50,9/22/2011 9:53,6,28,23,248,308.7
15203,12/10/2011,2/1/2011 12:29,11/14/2011 8:16,26,6,142,82,1753,1827.8,304.6333,NULL,NULL,0,0,0,0,0
15204,12/10/2011,12/17/2010 13:49,12/17/2010 13:49,358,1,9,9,258,316.58,316.58,NULL,NULL,0,0,0,0,0
15205,12/10/2011,8/4/2011 16:07,9/15/2011 19:36,86,2,37,37,378,653.24,326.62,NULL,NULL,0,0,0,0,0
15206,12/10/2011,3/9/2011 8:59,11/29/2011 13:41,11,4,9,3,162,420.3,105.075,NULL,NULL,0,0,0,0,0
15208,12/10/2011,12/21/2010 13:03,12/8/2011 17:24,2,5,42,25,316,870.12,174.024,10/11/2011 14:03,10/11/2011 14:03,1,1,1,2,2.5
15210,12/10/2011,4/28/2011 16:11,4/28/2011 16:11,226,1,20,20,228,331.18,331.18,NULL,NULL,0,0,0,0,0
15211,12/10/2011,12/9/2010 16:08,10/10/2011 13:31,61,2,52,52,240,894.41,447.205,NULL,NULL,0,0,0,0,0
15212,12/10/2011,4/12/2011 13:45,4/12/2011 13:45,242,1,5,5,36,101.8,101.8,4/14/2011 13:12,4/14/2011 13:12,1,2,2,3,12.85
15213,12/10/2011,1/14/2011 11:05,1/25/2011 12:21,319,2,24,22,272,328.35,164.175,1/25/2011 12:25,1/25/2011 12:25,1,1,1,2,3.3
15214,12/10/2011,4/11/2011 9:46,12/8/2011 12:07,2,8,110,109,1254,1661.44,207.68,NULL,NULL,0,0,0,0,0
15215,12/10/2011,9/4/2011 12:24,10/24/2011 11:41,47,3,35,33,225,734.94,244.98,1/26/2011 17:25,10/26/2011 12:28,3,8,7,14,118.95
15216,12/10/2011,9/13/2011 11:41,9/13/2011 11:41,88,1,2,2,28,96.6,96.6,NULL,NULL,0,0,0,0,0
15218,12/10/2011,1/25/2011 11:20,11/29/2011 11:48,11,11,166,77,3329,5756.89,523.3536,NULL,NULL,0,0,0,0,0
15219,12/10/2011,6/16/2011 16:57,6/16/2011 16:57,177,1,9,9,45,305.75,305.75,NULL,NULL,0,0,0,0,0
15220,12/10/2011,3/4/2011 10:24,10/19/2011 12:39,52,6,117,110,1393,1778.96,296.4933,4/27/2011 15:12,4/27/2011 15:12,1,2,2,16,20.04
15221,12/10/2011,12/8/2010 13:08,12/8/2010 13:08,367,1,5,5,43,403.25,403.25,12/5/2010 12:29,12/5/2010 12:29,1,6,6,18,289.15
15222,12/10/2011,1/25/2011 8:03,1/25/2011 8:03,319,1,5,5,440,585,585,NULL,NULL,0,0,0,0,0
15223,12/10/2011,4/4/2011 12:17,4/28/2011 11:31,226,2,20,14,213,755.75,377.875,4/4/2011 12:28,4/4/2011 12:28,1,12,12,115,300.85
15224,12/10/2011,12/12/2010 12:34,12/16/2010 15:02,359,2,14,13,152,322.08,161.04,12/12/2010 11:23,12/12/2010 11:23,1,2,2,2,11.6
15225,12/10/2011,4/19/2011 14:51,4/19/2011 14:51,235,1,23,23,226,409.4,409.4,NULL,NULL,0,0,0,0,0
15226,12/10/2011,2/2/2011 11:41,2/2/2011 11:41,311,1,8,8,71,154.41,154.41,NULL,NULL,0,0,0,0,0
15227,12/10/2011,1/26/2011 15:31,11/3/2011 11:59,37,5,58,43,750,1219.4,243.88,NULL,NULL,0,0,0,0,0
15228,12/10/2011,2/18/2011 9:04,10/4/2011 13:56,67,4,125,110,2255,3386.71,846.6775,8/8/2011 12:11,8/8/2011 12:11,1,1,1,3,9.75
15230,12/10/2011,4/13/2011 11:04,4/14/2011 14:39,240,2,23,23,351,429.6,214.8,NULL,NULL,0,0,0,0,0
15232,12/10/2011,7/22/2011 12:21,8/18/2011 16:27,114,2,31,26,686,612.06,306.03,NULL,NULL,0,0,0,0,0
15234,12/10/2011,3/8/2011 8:53,3/8/2011 8:53,277,1,14,14,196,197,197,NULL,NULL,0,0,0,0,0
15235,12/10/2011,12/1/2010 17:22,5/6/2011 9:44,218,12,143,132,1324,2247.51,187.2925,NULL,NULL,0,0,0,0,0
15236,12/10/2011,2/14/2011 10:52,2/14/2011 10:52,299,1,15,15,269,321.05,321.05,NULL,NULL,0,0,0,0,0
15237,12/10/2011,4/26/2011 15:04,12/8/2011 9:46,2,4,99,94,1071,1412.32,353.08,NULL,NULL,0,0,0,0,0
15238,12/10/2011,6/8/2011 16:00,11/10/2011 14:28,30,3,50,49,692,1071.99,357.33,6/13/2011 16:15,6/17/2011 11:10,2,2,2,3,15.45
15239,12/10/2011,9/22/2011 9:53,11/29/2011 14:14,11,2,49,48,594,780.59,390.295,10/13/2011 12:18,10/13/2011 12:18,1,3,3,3,16.25
15240,12/10/2011,2/1/2011 8:23,10/26/2011 9:50,45,5,78,58,1369,1706.57,341.314,12/3/2010 10:09,2/11/2011 16:32,2,5,5,8,21
15241,12/10/2011,3/1/2011 11:02,10/4/2011 9:05,67,8,109,81,1817,1741.44,217.68,3/7/2011 13:00,3/7/2011 13:00,1,1,1,3,17.85
15243,12/10/2011,9/26/2011 14:12,9/26/2011 14:12,75,1,22,22,185,316.68,316.68,NULL,NULL,0,0,0,0,0
15244,12/10/2011,4/5/2011 15:12,10/5/2011 13:19,66,2,34,31,405,631.57,315.785,NULL,NULL,0,0,0,0,0
15245,12/10/2011,3/23/2011 13:42,7/28/2011 18:56,135,3,89,55,1784,2515.84,838.6133,NULL,NULL,0,0,0,0,0
15246,12/10/2011,12/16/2010 9:46,4/15/2011 14:45,239,2,33,32,247,514.15,257.075,NULL,NULL,0,0,0,0,0
15247,12/10/2011,8/9/2011 12:52,8/9/2011 12:52,123,1,6,6,160,356,356,NULL,NULL,0,0,0,0,0
15249,12/10/2011,3/28/2011 12:49,11/8/2011 11:45,32,13,350,211,3577,6688.46,514.4969,5/12/2011 19:35,7/19/2011 15:50,2,8,7,20,31.1
15251,12/10/2011,4/12/2011 10:38,11/30/2011 15:02,10,11,111,97,6171,10484.99,953.1809,5/24/2011 17:25,11/8/2011 16:20,4,10,10,87,157.88
15252,12/10/2011,6/9/2011 14:15,11/3/2011 13:30,37,2,44,44,522,740.78,370.39,NULL,NULL,0,0,0,0,0
15253,12/10/2011,6/23/2011 12:19,11/23/2011 16:22,17,5,53,52,866,918.2,183.64,9/21/2011 9:50,9/21/2011 9:50,1,2,2,2,2.9
15254,12/10/2011,8/4/2011 15:04,8/4/2011 15:04,128,1,18,18,275,300.36,300.36,NULL,NULL,0,0,0,0,0
15255,12/10/2011,10/4/2011 12:43,10/4/2011 12:43,67,1,47,47,489,890.85,890.85,NULL,NULL,0,0,0,0,0
15256,12/10/2011,7/14/2011 11:47,7/14/2011 11:47,149,1,6,6,55,98.45,98.45,NULL,NULL,0,0,0,0,0
15257,12/10/2011,3/1/2011 12:58,3/1/2011 12:58,284,1,7,7,46,317.15,317.15,3/3/2011 13:57,3/3/2011 13:57,1,1,1,1,85
15258,12/10/2011,5/6/2011 14:16,6/24/2011 12:30,169,2,34,32,142,623.16,311.58,NULL,NULL,0,0,0,0,0
15260,12/10/2011,12/2/2010 12:09,8/31/2011 13:55,101,7,77,62,885,1810.77,258.6814,7/21/2011 17:32,7/21/2011 17:32,1,1,1,24,30
15261,12/10/2011,7/27/2011 15:20,7/27/2011 15:20,136,1,19,19,270,254.82,254.82,NULL,NULL,0,0,0,0,0
15262,12/10/2011,1/20/2011 12:16,1/20/2011 12:16,324,1,10,10,73,178.95,178.95,NULL,NULL,0,0,0,0,0
15263,12/10/2011,8/25/2011 10:26,8/25/2011 10:26,107,1,12,12,89,156.51,156.51,NULL,NULL,0,0,0,0,0
15264,12/10/2011,10/6/2011 13:49,10/6/2011 13:49,65,1,23,23,265,393.74,393.74,NULL,NULL,0,0,0,0,0
15265,12/10/2011,4/18/2011 12:16,7/11/2011 14:46,152,2,82,76,612,1506.12,753.06,NULL,NULL,0,0,0,0,0
15266,12/10/2011,1/5/2011 13:40,1/5/2011 13:40,339,1,6,6,18,119.3,119.3,NULL,NULL,0,0,0,0,0
15267,12/10/2011,6/10/2011 10:24,11/17/2011 15:59,23,5,11,8,944,1717.36,343.472,NULL,NULL,0,0,0,0,0
15269,12/10/2011,11/16/2011 9:32,11/16/2011 9:32,24,1,2,2,26,408.8,408.8,NULL,NULL,0,0,0,0,0
15270,12/10/2011,2/2/2011 13:25,11/24/2011 9:24,16,7,41,22,1521,2379.49,339.9271,2/11/2011 17:13,8/24/2011 9:06,2,7,6,62,81.29
15271,12/10/2011,12/9/2010 13:47,12/2/2011 14:11,8,15,274,184,1262,2507.07,167.138,11/8/2011 16:25,11/8/2011 16:25,1,1,1,5,21.25
15272,12/10/2011,9/14/2011 16:36,10/13/2011 12:59,58,2,63,63,310,721.94,360.97,NULL,NULL,0,0,0,0,0
15274,12/10/2011,11/21/2011 14:17,12/5/2011 16:57,5,2,47,44,619,716.57,358.285,NULL,NULL,0,0,0,0,0
15275,12/10/2011,11/2/2011 11:20,11/2/2011 11:20,38,1,41,41,498,615.14,615.14,11/8/2011 17:54,11/8/2011 17:54,1,1,1,1,5.95
15276,12/10/2011,10/4/2011 16:39,10/4/2011 16:39,67,1,52,49,64,135.31,135.31,NULL,NULL,0,0,0,0,0
15277,12/10/2011,10/24/2011 10:08,10/24/2011 10:08,47,1,12,12,205,255.9,255.9,NULL,NULL,0,0,0,0,0
15279,12/10/2011,12/20/2010 10:48,12/20/2010 10:48,355,1,19,19,189,290.51,290.51,12/9/2010 14:58,12/9/2010 14:58,1,2,2,4,13.1
15280,12/10/2011,6/20/2011 17:14,6/20/2011 17:14,173,1,16,16,154,113.12,113.12,NULL,NULL,0,0,0,0,0
15281,12/10/2011,1/10/2011 15:51,10/12/2011 9:10,59,9,139,121,1211,2332.15,259.1278,1/21/2011 16:41,6/6/2011 11:38,3,11,11,18,92.2
15286,12/10/2011,10/21/2011 11:08,10/21/2011 11:08,50,1,3,3,55,240.55,240.55,NULL,NULL,0,0,0,0,0
15287,12/10/2011,9/30/2011 12:30,11/17/2011 15:34,23,2,20,17,433,486.69,243.345,10/28/2011 12:27,10/28/2011 12:27,1,1,1,1,1.45
15288,12/10/2011,12/9/2010 13:59,10/27/2011 16:58,44,5,88,80,775,2306.52,461.304,NULL,NULL,0,0,0,0,0
15289,12/10/2011,4/4/2011 12:44,11/10/2011 13:49,30,3,58,43,1008,939.78,313.26,7/27/2011 13:13,7/27/2011 13:13,1,1,1,12,4.68
15290,12/10/2011,12/15/2010 16:03,12/5/2011 11:39,5,18,203,92,4500,7928.22,440.4567,2/22/2011 10:00,11/3/2011 15:19,3,8,8,70,139.45
15291,12/10/2011,12/1/2010 9:32,11/14/2011 11:02,26,14,102,61,2102,4623.3,330.2357,1/18/2011 15:31,6/20/2011 17:18,5,6,6,29,71.79
15292,12/10/2011,5/22/2011 15:00,5/22/2011 15:00,202,1,25,24,56,180.94,180.94,NULL,NULL,0,0,0,0,0
15296,12/10/2011,1/17/2011 11:57,10/20/2011 11:47,51,6,194,137,1766,3672.86,612.1433,6/17/2011 11:07,10/26/2011 16:33,4,6,3,9,62.55
15297,12/10/2011,10/7/2011 9:42,11/29/2011 16:32,11,3,39,30,292,641.94,213.98,11/18/2011 16:24,11/18/2011 16:24,1,2,2,2,6.9
15298,12/10/2011,12/8/2010 13:55,12/7/2011 17:17,3,12,192,115,3116,4799.9,399.9917,7/20/2011 14:55,11/15/2011 11:20,2,2,2,364,1025.8
15299,12/10/2011,12/2/2010 16:48,10/3/2011 14:19,68,6,6,6,2947,3907.01,651.1683,2/11/2011 15:07,4/14/2011 10:29,2,3,3,6,71.92
15300,12/10/2011,10/6/2011 17:08,10/6/2011 17:08,65,1,28,28,292,496.44,496.44,NULL,NULL,0,0,0,0,0
15301,12/10/2011,12/6/2010 12:21,10/20/2011 9:57,51,12,243,167,2775,5070.35,422.5292,8/24/2011 9:15,10/3/2011 12:19,2,4,4,7,42.23
15303,12/10/2011,2/22/2011 13:59,2/22/2011 13:59,291,1,31,31,248,574.02,574.02,NULL,NULL,0,0,0,0,0
15304,12/10/2011,12/6/2010 11:42,10/10/2011 10:23,61,8,23,8,104,694.4,86.8,3/6/2011 10:13,6/29/2011 12:36,2,3,3,4,14.1
15306,12/10/2011,7/14/2011 15:22,10/6/2011 12:56,65,3,58,57,810,1174.35,391.45,NULL,NULL,0,0,0,0,0
15307,12/10/2011,9/5/2011 11:38,9/5/2011 11:38,96,1,12,12,37,205.3,205.3,NULL,NULL,0,0,0,0,0
15308,12/10/2011,3/10/2011 13:08,3/10/2011 13:08,275,1,19,19,175,310.47,310.47,3/14/2011 12:24,3/14/2011 12:24,1,2,2,2,8.2
15311,12/10/2011,12/1/2010 9:41,12/9/2011 12:00,1,91,2379,567,38194,60767.9,667.7791,12/1/2010 9:49,12/9/2011 11:57,27,112,55,474,1348.56
15312,12/10/2011,12/20/2010 12:51,9/25/2011 13:10,76,4,47,42,516,924.85,231.2125,12/20/2010 11:01,12/20/2010 11:01,1,1,1,3,3.75
15313,12/10/2011,8/21/2011 16:02,8/21/2011 16:02,111,1,1,1,25,52,52,NULL,NULL,0,0,0,0,0
15314,12/10/2011,5/24/2011 14:39,5/24/2011 14:39,200,1,24,24,313,327.97,327.97,NULL,NULL,0,0,0,0,0
15315,12/10/2011,8/15/2011 15:17,10/6/2011 12:51,65,2,37,35,862,570.5,285.25,8/25/2011 14:26,8/25/2011 14:26,1,1,1,24,18.96
15316,12/10/2011,1/17/2011 11:34,1/17/2011 11:34,327,1,1,1,100,165,165,NULL,NULL,0,0,0,0,0
15318,12/10/2011,12/6/2011 11:30,12/6/2011 11:30,4,1,33,33,642,312.62,312.62,NULL,NULL,0,0,0,0,0
15319,12/10/2011,3/1/2011 12:48,3/1/2011 12:48,284,1,16,16,175,204.5,204.5,NULL,NULL,0,0,0,0,0
15320,12/10/2011,10/26/2011 13:27,10/26/2011 13:27,45,1,36,36,326,267.13,267.13,NULL,NULL,0,0,0,0,0
15321,12/10/2011,2/21/2011 11:10,9/30/2011 9:40,71,3,95,83,1181,2748.31,916.1033,10/21/2011 13:58,10/21/2011 13:58,1,11,10,18,97.58
15322,12/10/2011,9/15/2011 9:34,9/15/2011 9:34,86,1,42,42,416,679.68,679.68,10/6/2011 20:38,10/6/2011 20:38,1,7,6,51,76.71
15325,12/10/2011,8/28/2011 11:55,8/28/2011 11:55,104,1,49,47,232,162.29,162.29,NULL,NULL,0,0,0,0,0
15326,12/10/2011,1/10/2011 11:38,1/10/2011 11:38,334,1,29,29,386,311.71,311.71,NULL,NULL,0,0,0,0,0
15327,12/10/2011,10/18/2011 11:55,10/18/2011 11:55,53,1,10,10,116,208.75,208.75,NULL,NULL,0,0,0,0,0
15329,12/10/2011,6/21/2011 10:37,10/31/2011 15:36,40,3,57,51,486,1049.7,349.9,12/9/2010 15:43,11/4/2011 12:56,2,4,4,6,42.2
15330,12/10/2011,10/10/2011 12:30,11/7/2011 17:50,33,2,13,10,1312,714.96,357.48,NULL,NULL,0,0,0,0,0
15332,12/10/2011,12/5/2010 12:00,12/8/2010 14:43,367,4,35,29,652,1661.06,415.265,NULL,NULL,0,0,0,0,0
15333,12/10/2011,5/15/2011 13:27,5/15/2011 13:27,209,1,16,16,344,1028.56,1028.56,NULL,NULL,0,0,0,0,0
15334,12/10/2011,6/19/2011 13:51,7/6/2011 11:22,157,3,98,66,273,348.72,116.24,NULL,NULL,0,0,0,0,0
15335,12/10/2011,10/17/2011 12:50,10/17/2011 12:50,54,1,36,34,80,173.97,173.97,NULL,NULL,0,0,0,0,0
15339,12/10/2011,1/25/2011 13:15,10/4/2011 12:51,67,2,86,77,416,574.07,287.035,10/4/2011 10:37,10/4/2011 10:37,1,2,2,2,16.5
15341,12/10/2011,9/20/2011 9:40,9/20/2011 9:40,81,1,17,17,812,2020.52,2020.52,NULL,NULL,0,0,0,0,0
15342,12/10/2011,8/2/2011 10:19,8/2/2011 10:19,130,1,24,24,283,406.09,406.09,8/15/2011 16:20,8/15/2011 16:20,1,2,2,7,14.33
15343,12/10/2011,9/13/2011 13:55,9/13/2011 13:55,88,1,21,21,84,364.5,364.5,NULL,NULL,0,0,0,0,0
15344,12/10/2011,9/26/2011 14:48,12/9/2011 10:45,1,3,26,21,116,563.94,187.98,10/7/2011 9:53,11/16/2011 13:56,2,6,5,10,87.36
15345,12/10/2011,10/25/2011 11:28,10/25/2011 11:28,46,1,20,20,81,393.54,393.54,11/4/2011 13:24,11/4/2011 13:24,1,3,3,3,25.85
15346,12/10/2011,1/11/2011 11:18,1/11/2011 11:18,333,1,17,17,144,252.42,252.42,NULL,NULL,0,0,0,0,0
15347,12/10/2011,12/8/2010 15:25,12/8/2010 15:25,367,1,5,5,130,201.6,201.6,NULL,NULL,0,0,0,0,0
15348,12/10/2011,9/28/2011 13:17,9/28/2011 13:17,73,1,9,9,84,158.04,158.04,NULL,NULL,0,0,0,0,0
15349,12/10/2011,6/5/2011 15:46,7/4/2011 16:06,159,2,72,65,327,473.81,236.905,NULL,NULL,0,0,0,0,0
15350,12/10/2011,12/1/2010 13:33,12/1/2010 13:33,374,1,5,5,51,115.65,115.65,NULL,NULL,0,0,0,0,0
15351,12/10/2011,12/5/2010 11:49,11/27/2011 12:52,13,7,225,157,753,1960.11,280.0157,12/5/2010 10:48,11/27/2011 12:44,3,8,7,21,97.97
15353,12/10/2011,12/7/2010 11:49,3/30/2011 12:15,255,2,63,59,343,777.02,388.51,NULL,NULL,0,0,0,0,0
15355,12/10/2011,10/17/2011 15:22,11/10/2011 13:44,30,2,14,9,45,277.05,138.525,NULL,NULL,0,0,0,0,0
15356,12/10/2011,12/6/2010 14:05,11/8/2011 13:11,32,10,519,215,1673,2766.5,276.65,NULL,NULL,0,0,0,0,0
15358,12/10/2011,12/9/2010 10:04,12/5/2011 9:04,5,22,551,292,7050,8347.2,379.4182,12/22/2010 15:13,11/10/2011 11:48,7,10,8,123,112.4
15360,12/10/2011,10/31/2011 9:35,10/31/2011 9:35,40,1,13,13,223,427.93,427.93,NULL,NULL,0,0,0,0,0
15361,12/10/2011,12/13/2010 9:52,12/13/2010 9:52,362,1,7,7,336,418.92,418.92,NULL,NULL,0,0,0,0,0
15363,12/10/2011,12/2/2010 12:28,12/2/2010 12:28,373,1,16,16,144,326,326,4/12/2011 15:48,4/12/2011 15:48,1,1,1,1,7.95
15364,12/10/2011,3/30/2011 13:39,9/5/2011 9:46,96,2,29,29,493,913.19,456.595,NULL,NULL,0,0,0,0,0
15365,12/10/2011,1/28/2011 13:08,11/14/2011 8:29,26,7,114,65,1084,2314.32,330.6171,10/6/2011 19:51,10/6/2011 19:51,1,36,36,325,765.15
15366,12/10/2011,12/16/2010 15:59,9/25/2011 15:01,76,2,44,37,621,602.51,301.255,NULL,NULL,0,0,0,0,0
15367,12/10/2011,3/9/2011 13:53,10/13/2011 14:13,58,4,95,91,1057,1877.59,469.3975,5/20/2011 12:21,5/20/2011 12:21,1,1,1,2,9.9
15368,12/10/2011,11/18/2011 14:42,11/18/2011 14:42,22,1,4,4,230,446.94,446.94,NULL,NULL,0,0,0,0,0
15370,12/10/2011,1/11/2011 11:32,10/30/2011 10:58,41,7,94,65,830,2386.05,340.8643,7/28/2011 19:14,7/28/2011 19:14,1,1,1,2,25.5
15372,12/10/2011,7/25/2011 16:39,7/25/2011 16:39,138,1,27,27,2924,2007.4,2007.4,NULL,NULL,0,0,0,0,0
15373,12/10/2011,12/3/2010 14:40,12/1/2011 15:05,9,12,132,74,500,2415.91,201.3258,1/4/2011 15:46,1/4/2011 15:46,1,5,5,24,202.8
15374,12/10/2011,8/3/2011 9:59,8/3/2011 9:59,129,1,3,3,126,168,168,NULL,NULL,0,0,0,0,0
15376,12/10/2011,5/1/2011 13:45,10/30/2011 15:04,41,3,117,100,619,1233.36,411.12,NULL,NULL,0,0,0,0,0
15379,12/10/2011,12/16/2010 13:02,6/23/2011 13:13,170,7,194,145,2305,3703.29,529.0414,1/4/2011 11:08,1/4/2011 11:08,1,2,2,12,71.4
15380,12/10/2011,12/9/2010 15:01,12/1/2011 12:13,9,5,36,22,376,1690.26,338.052,9/14/2011 10:07,9/14/2011 10:07,1,1,1,2,7.9
15381,12/10/2011,3/16/2011 13:44,5/10/2011 11:55,214,2,8,8,171,596.85,298.425,NULL,NULL,0,0,0,0,0
15382,12/10/2011,2/17/2011 12:01,11/25/2011 10:58,15,6,302,193,4012,5955.71,992.6183,5/4/2011 10:10,6/13/2011 15:32,2,4,4,9,27.85
15384,12/10/2011,12/15/2010 11:34,6/23/2011 10:57,170,2,41,34,596,642.41,321.205,12/2/2010 17:27,12/2/2010 17:27,1,2,2,3,6.65
15385,12/10/2011,10/30/2011 15:11,10/30/2011 15:11,41,1,12,12,161,316.88,316.88,NULL,NULL,0,0,0,0,0
15386,12/10/2011,6/6/2011 13:47,6/6/2011 13:47,187,1,31,31,446,394.14,394.14,NULL,NULL,0,0,0,0,0
15388,12/10/2011,3/14/2011 13:53,3/14/2011 13:53,271,1,10,10,88,140.54,140.54,NULL,NULL,0,0,0,0,0
15389,12/10/2011,6/20/2011 16:18,6/20/2011 16:18,173,1,1,1,400,500,500,NULL,NULL,0,0,0,0,0
15392,12/10/2011,12/14/2010 15:50,12/5/2011 11:01,5,4,84,74,1277,1535.53,383.8825,12/16/2010 17:33,12/16/2010 17:33,1,1,1,12,19.8
15393,12/10/2011,3/3/2011 16:58,11/23/2011 16:48,17,2,12,10,150,231.86,115.93,NULL,NULL,0,0,0,0,0
15394,12/10/2011,12/16/2010 12:46,11/30/2011 11:49,10,4,85,54,910,2183.54,545.885,NULL,NULL,0,0,0,0,0
15395,12/10/2011,1/18/2011 12:40,1/18/2011 12:40,326,1,7,7,17,107.45,107.45,NULL,NULL,0,0,0,0,0
15396,12/10/2011,8/19/2011 10:56,8/19/2011 10:56,113,1,14,14,122,288.18,288.18,NULL,NULL,0,0,0,0,0
15397,12/10/2011,2/23/2011 9:25,2/23/2011 9:25,290,1,6,6,20,94,94,NULL,NULL,0,0,0,0,0
15398,12/10/2011,9/22/2011 14:56,11/23/2011 16:47,17,2,73,60,769,1345.53,672.765,9/27/2011 9:51,9/27/2011 9:51,1,1,1,2,5.9
15399,12/10/2011,9/21/2011 15:57,12/8/2011 13:04,2,3,50,45,611,815.77,271.9233,NULL,NULL,0,0,0,0,0
15400,12/10/2011,3/6/2011 11:27,9/8/2011 13:57,93,5,12,10,390,716.2,143.24,6/15/2011 14:03,6/15/2011 14:03,1,1,1,30,49.5
15402,12/10/2011,5/27/2011 13:32,7/14/2011 12:17,149,2,41,34,693,626.35,313.175,NULL,NULL,0,0,0,0,0
15405,12/10/2011,6/3/2011 14:44,6/3/2011 14:44,190,1,8,8,193,349.1,349.1,NULL,NULL,0,0,0,0,0
15406,12/10/2011,2/11/2011 16:19,11/8/2011 13:22,32,2,53,51,254,510.71,255.355,11/18/2011 9:58,11/21/2011 16:14,2,5,4,18,84.1
15407,12/10/2011,2/7/2011 13:18,11/6/2011 11:55,34,4,153,142,558,1056.44,264.11,NULL,NULL,0,0,0,0,0
15408,12/10/2011,3/20/2011 15:02,3/20/2011 15:02,265,1,34,34,106,267.18,267.18,NULL,NULL,0,0,0,0,0
15410,12/10/2011,3/23/2011 10:15,9/16/2011 14:47,85,8,122,48,1200,3450.84,431.355,NULL,NULL,0,0,0,0,0
15411,12/10/2011,6/10/2011 12:30,11/13/2011 15:19,27,4,99,86,530,1358.88,339.72,10/24/2011 16:07,10/24/2011 16:07,1,1,1,2,12.5
15412,12/10/2011,6/21/2011 15:24,6/21/2011 15:24,172,1,10,10,108,190.53,190.53,NULL,NULL,0,0,0,0,0
15414,12/10/2011,4/11/2011 13:45,11/30/2011 9:50,10,3,38,36,442,759.9,253.3,NULL,NULL,0,0,0,0,0
15415,12/10/2011,1/30/2011 14:13,1/30/2011 14:13,314,1,48,46,575,572.81,572.81,NULL,NULL,0,0,0,0,0
15416,12/10/2011,3/2/2011 8:41,10/6/2011 9:38,65,4,192,165,2090,3984.32,996.08,7/12/2011 11:13,7/12/2011 11:13,1,1,1,1,9.95
15417,12/10/2011,9/15/2011 15:26,9/15/2011 15:26,86,1,28,28,284,508.8,508.8,NULL,NULL,0,0,0,0,0
15419,12/10/2011,11/15/2011 9:23,11/15/2011 9:23,25,1,8,8,230,135.86,135.86,NULL,NULL,0,0,0,0,0
15421,12/10/2011,2/2/2011 14:36,10/12/2011 9:20,59,4,53,40,500,950.36,237.59,NULL,NULL,0,0,0,0,0
15422,12/10/2011,1/20/2011 14:17,1/20/2011 16:17,324,2,6,6,38,97.7,48.85,NULL,NULL,0,0,0,0,0
15423,12/10/2011,11/1/2011 14:01,11/1/2011 14:01,39,1,1,1,100,36,36,NULL,NULL,0,0,0,0,0
15424,12/10/2011,3/30/2011 13:00,3/30/2011 13:02,255,2,17,17,554,383.34,191.67,NULL,NULL,0,0,0,0,0
15426,12/10/2011,12/5/2010 13:55,11/20/2011 15:36,20,5,292,217,674,1447.39,289.478,12/6/2010 14:22,11/6/2011 11:44,2,8,8,11,17.49
15427,12/10/2011,10/23/2011 14:47,11/6/2011 14:29,34,3,306,233,1013,1483.14,494.38,NULL,NULL,0,0,0,0,0
15428,12/10/2011,11/24/2011 16:54,11/24/2011 16:54,16,1,6,6,102,93.78,93.78,NULL,NULL,0,0,0,0,0
15429,12/10/2011,9/25/2011 13:42,11/13/2011 12:28,27,2,82,77,380,397.35,198.675,9/25/2011 13:55,9/25/2011 13:55,1,1,1,11,32.45
15432,12/10/2011,11/16/2011 16:30,11/16/2011 16:30,24,1,10,10,65,171.19,171.19,NULL,NULL,0,0,0,0,0
15433,12/10/2011,3/17/2011 14:12,5/10/2011 10:45,214,2,41,40,534,533.3,266.65,9/21/2011 16:24,9/21/2011 16:24,1,12,12,135,115.43
15434,12/10/2011,5/23/2011 14:18,12/1/2011 13:33,9,5,55,40,647,1041.48,208.296,5/24/2011 16:55,5/24/2011 16:55,1,4,4,9,44
15435,12/10/2011,11/17/2011 16:39,11/17/2011 16:39,23,1,29,29,54,149.29,149.29,NULL,NULL,0,0,0,0,0
15436,12/10/2011,4/19/2011 16:52,11/27/2011 16:05,13,3,329,243,613,1122.53,374.1767,NULL,NULL,0,0,0,0,0
15437,12/10/2011,3/22/2011 13:11,3/22/2011 13:11,263,1,45,44,79,200.16,200.16,NULL,NULL,0,0,0,0,0
15438,12/10/2011,7/31/2011 14:19,7/31/2011 14:19,132,1,25,25,59,156.58,156.58,NULL,NULL,0,0,0,0,0
15440,12/10/2011,5/15/2011 11:30,10/16/2011 12:16,55,3,62,50,197,383.68,127.8933,NULL,NULL,0,0,0,0,0
15442,12/10/2011,4/5/2011 12:24,4/5/2011 12:24,249,1,2,2,120,594,594,NULL,NULL,0,0,0,0,0
15443,12/10/2011,1/23/2011 13:25,12/8/2011 10:40,2,7,382,237,1663,3236.91,462.4157,9/19/2011 16:59,9/19/2011 16:59,1,3,3,3,24.75
15444,12/10/2011,10/30/2011 16:12,11/30/2011 17:37,10,2,219,191,764,1418.26,709.13,NULL,NULL,0,0,0,0,0
15445,12/10/2011,3/20/2011 15:06,3/20/2011 15:06,265,1,5,5,58,113.5,113.5,NULL,NULL,0,0,0,0,0
15447,12/10/2011,1/13/2011 11:26,1/13/2011 11:26,331,1,9,9,85,155.17,155.17,NULL,NULL,0,0,0,0,0
15448,12/10/2011,1/31/2011 10:42,1/31/2011 10:42,313,1,28,28,232,494.64,494.64,NULL,NULL,0,0,0,0,0
15449,12/10/2011,3/23/2011 10:43,11/13/2011 15:02,27,3,60,47,812,974.52,324.84,4/11/2011 13:36,9/15/2011 16:22,2,2,2,2,3.3
15450,12/10/2011,11/9/2011 17:11,11/9/2011 17:11,31,1,30,30,376,429.84,429.84,NULL,NULL,0,0,0,0,0
15452,12/10/2011,3/20/2011 15:21,11/10/2011 12:13,30,3,58,47,283,538.73,179.5767,NULL,NULL,0,0,0,0,0
15453,12/10/2011,6/5/2011 12:37,12/8/2011 10:59,2,7,286,169,845,1388.37,198.3386,NULL,NULL,0,0,0,0,0
15454,12/10/2011,12/12/2010 14:21,12/12/2010 14:21,363,1,25,23,86,179.1,179.1,NULL,NULL,0,0,0,0,0
15456,12/10/2011,12/15/2010 15:34,3/1/2011 13:51,284,3,60,48,660,447.22,149.0733,NULL,NULL,0,0,0,0,0
15457,12/10/2011,3/22/2011 15:31,3/22/2011 15:31,263,1,58,56,132,237.07,237.07,NULL,NULL,0,0,0,0,0
15458,12/10/2011,11/14/2011 13:08,11/14/2011 13:08,26,1,7,7,156,161.64,161.64,NULL,NULL,0,0,0,0,0
15460,12/10/2011,12/20/2010 16:08,12/20/2010 16:08,355,1,58,53,109,216.76,216.76,NULL,NULL,0,0,0,0,0
15462,12/10/2011,6/5/2011 15:36,9/6/2011 13:11,95,3,11,9,172,234.6,78.2,NULL,NULL,0,0,0,0,0
15463,12/10/2011,11/10/2011 12:57,11/10/2011 12:57,30,1,7,7,106,126.14,126.14,NULL,NULL,0,0,0,0,0
15464,12/10/2011,1/5/2011 15:56,1/5/2011 15:56,339,1,157,155,350,1048.85,1048.85,NULL,NULL,0,0,0,0,0
15465,12/10/2011,12/5/2010 10:12,11/20/2011 10:11,20,18,97,43,1257,7354.62,408.59,2/20/2011 10:30,9/19/2011 15:54,6,7,2,40,409.6
15466,12/10/2011,9/15/2011 14:08,9/15/2011 14:08,86,1,57,56,246,334.53,334.53,NULL,NULL,0,0,0,0,0
15467,12/10/2011,7/10/2011 14:42,11/30/2011 14:17,10,3,52,41,310,524.88,174.96,11/30/2011 14:16,11/30/2011 14:16,1,1,1,4,13
15468,12/10/2011,10/19/2011 13:38,10/19/2011 13:49,52,2,24,24,155,467.51,233.755,12/14/2010 10:50,11/4/2011 13:11,3,5,5,5,29.05
15469,12/10/2011,8/11/2011 16:54,10/20/2011 16:21,51,2,24,24,153,538.55,269.275,8/24/2011 9:07,10/27/2011 19:16,2,3,3,3,34.05
15471,12/10/2011,12/7/2011 14:12,12/7/2011 14:12,3,1,77,67,266,469.48,469.48,NULL,NULL,0,0,0,0,0
15472,12/10/2011,8/18/2011 15:17,8/18/2011 15:17,114,1,76,76,251,371.56,371.56,NULL,NULL,0,0,0,0,0
15473,12/10/2011,10/10/2011 11:12,11/25/2011 15:15,15,7,11,4,672,1771.2,253.0286,10/12/2011 14:44,10/12/2011 14:55,3,3,2,120,306
15475,12/10/2011,9/23/2011 15:20,9/23/2011 15:20,78,1,29,29,319,454.11,454.11,NULL,NULL,0,0,0,0,0
15478,12/10/2011,10/14/2011 11:09,10/30/2011 14:19,41,2,46,34,585,1441.42,720.71,NULL,NULL,0,0,0,0,0
15480,12/10/2011,8/15/2011 14:32,8/15/2011 14:32,117,1,45,45,303,905.5,905.5,NULL,NULL,0,0,0,0,0
15482,12/10/2011,12/16/2010 10:08,11/24/2011 10:46,16,11,97,45,5019,11014.96,1001.36,10/25/2011 17:29,11/24/2011 10:40,4,29,24,2022,4486.24
15483,12/10/2011,3/18/2011 12:26,7/1/2011 13:07,162,4,88,74,295,233.81,58.4525,NULL,NULL,0,0,0,0,0
15484,12/10/2011,9/22/2011 13:31,12/8/2011 15:03,2,4,188,135,3152,3594.31,898.5775,11/30/2011 14:48,11/30/2011 14:48,1,1,1,16,31.2
15485,12/10/2011,12/1/2010 13:23,11/9/2011 14:31,31,3,86,59,1306,2575,858.3333,NULL,NULL,0,0,0,0,0
15488,12/10/2011,9/8/2011 10:11,9/8/2011 10:11,93,1,1,1,72,76.32,76.32,NULL,NULL,0,0,0,0,0
15489,12/10/2011,5/12/2011 12:54,11/17/2011 8:53,23,3,50,47,608,1134.28,378.0933,11/1/2011 9:55,11/1/2011 9:55,1,5,5,15,44.25
15491,12/10/2011,4/18/2011 10:04,9/5/2011 15:56,96,6,153,107,1645,3085.09,514.1817,6/10/2011 17:21,6/10/2011 17:21,1,1,1,22,9.24
15492,12/10/2011,9/26/2011 14:02,11/11/2011 14:53,29,2,35,32,483,659.46,329.73,NULL,NULL,0,0,0,0,0
15493,12/10/2011,3/14/2011 11:44,11/7/2011 12:04,33,5,297,177,560,2001.8,400.36,3/14/2011 14:28,7/13/2011 11:32,2,2,2,5,34.55
15494,12/10/2011,8/10/2011 15:29,11/18/2011 14:51,22,2,125,120,1148,1299.23,649.615,NULL,NULL,0,0,0,0,0
15497,12/10/2011,1/24/2011 10:01,11/22/2011 11:51,18,2,15,13,624,1262.2,631.1,1/31/2011 11:33,1/31/2011 11:33,1,1,1,2,2.5
15498,12/10/2011,12/8/2010 12:29,12/7/2011 12:48,3,27,512,360,6105,13316.4,493.2,12/7/2010 12:34,9/21/2011 10:15,6,9,5,19,574.67
15500,12/10/2011,9/19/2011 13:47,12/1/2011 13:47,9,4,68,64,572,1131.56,282.89,NULL,NULL,0,0,0,0,0
15502,12/10/2011,12/5/2010 15:40,11/24/2011 12:48,16,10,209,163,4232,6923.98,692.398,12/6/2010 14:43,11/23/2011 10:50,9,34,25,407,1375.4
15503,12/10/2011,12/12/2010 10:57,12/12/2010 10:57,363,1,70,66,74,147.09,147.09,NULL,NULL,0,0,0,0,0
15504,12/10/2011,9/19/2011 13:45,9/19/2011 13:45,82,1,13,13,33,52.83,52.83,NULL,NULL,0,0,0,0,0
15505,12/10/2011,7/7/2011 13:33,10/18/2011 7:56,53,5,97,90,2390,3610.96,722.192,9/27/2011 16:45,10/6/2011 20:11,2,2,2,42,113.82
15506,12/10/2011,7/24/2011 11:45,11/17/2011 12:11,23,3,164,121,848,979.26,326.42,NULL,NULL,0,0,0,0,0
15507,12/10/2011,6/21/2011 11:19,6/21/2011 11:19,172,1,46,41,162,492.36,492.36,NULL,NULL,0,0,0,0,0
15508,12/10/2011,4/18/2011 15:31,6/3/2011 15:43,190,6,92,78,440,1000.27,166.7117,NULL,NULL,0,0,0,0,0
15510,12/10/2011,1/13/2011 12:10,1/13/2011 12:10,331,1,1,1,2,250,250,NULL,NULL,0,0,0,0,0
15511,12/10/2011,9/15/2011 15:05,11/28/2011 9:43,12,5,160,117,271,909.23,181.846,NULL,NULL,0,0,0,0,0
15512,12/10/2011,12/15/2010 12:01,7/7/2011 10:20,156,2,7,7,68,121,60.5,NULL,NULL,0,0,0,0,0
15513,12/10/2011,12/1/2010 11:22,11/6/2011 14:36,34,19,308,183,5709,14758.22,776.7484,2/7/2011 15:52,11/8/2011 16:21,3,6,6,164,238.14
15514,12/10/2011,12/10/2010 13:50,11/27/2011 14:40,13,11,178,96,2160,4139.46,376.3145,12/10/2010 13:52,12/10/2010 14:03,2,40,23,369,1176.27
15516,12/10/2011,10/24/2011 11:33,10/26/2011 10:51,45,3,15,15,27,62.43,20.81,NULL,NULL,0,0,0,0,0
15517,12/10/2011,4/20/2011 14:02,4/20/2011 14:02,234,1,27,27,293,267.03,267.03,NULL,NULL,0,0,0,0,0
15518,12/10/2011,1/11/2011 12:55,10/6/2011 13:05,65,8,214,135,1273,1942.45,242.8063,1/11/2011 12:50,8/7/2011 13:09,4,5,5,10,23.8
15520,12/10/2011,12/8/2011 10:58,12/8/2011 10:58,2,1,18,18,314,343.5,343.5,NULL,NULL,0,0,0,0,0
15521,12/10/2011,3/30/2011 9:15,10/30/2011 13:42,41,8,185,116,1836,3000.2,375.025,9/6/2011 10:42,11/3/2011 13:52,4,14,14,161,300.55
15522,12/10/2011,9/13/2011 12:26,11/7/2011 11:26,33,2,57,47,573,398.84,199.42,NULL,NULL,0,0,0,0,0
15523,12/10/2011,9/16/2011 16:29,9/16/2011 16:29,85,1,10,10,132,412.01,412.01,NULL,NULL,0,0,0,0,0
15524,12/10/2011,11/15/2011 12:09,11/15/2011 12:09,25,1,1,1,4,440,440,NULL,NULL,0,0,0,0,0
15525,12/10/2011,12/1/2010 13:17,12/7/2011 14:43,3,3,177,132,414,823.42,274.4733,12/7/2011 15:39,12/7/2011 15:39,1,2,2,2,14.9
15526,12/10/2011,11/6/2011 15:01,11/6/2011 15:04,34,2,4,4,24,148.44,74.22,NULL,NULL,0,0,0,0,0
15527,12/10/2011,12/20/2010 14:15,11/21/2011 12:17,19,8,163,127,992,2429.78,303.7225,7/18/2011 10:54,7/18/2011 10:54,1,2,2,3,16.85
15528,12/10/2011,3/30/2011 16:14,3/30/2011 16:14,255,1,26,26,123,229.33,229.33,NULL,NULL,0,0,0,0,0
15529,12/10/2011,12/8/2010 12:24,11/17/2011 11:29,23,11,671,414,3495,3992.68,362.9709,11/17/2011 10:44,11/17/2011 10:44,1,2,2,7,27.45
15530,12/10/2011,4/7/2011 11:16,11/18/2011 12:25,22,4,108,90,950,1502.35,375.5875,NULL,NULL,0,0,0,0,0
15531,12/10/2011,11/9/2011 17:47,12/1/2011 18:43,9,2,228,196,1105,2007.44,1003.72,NULL,NULL,0,0,0,0,0
15532,12/10/2011,12/16/2010 16:45,11/14/2011 14:51,26,4,255,204,519,1571.03,392.7575,6/26/2011 13:29,7/31/2011 13:20,2,7,6,13,63.85
15533,12/10/2011,9/11/2011 15:41,11/20/2011 15:35,20,3,83,73,289,807.57,269.19,9/18/2011 13:42,11/20/2011 11:59,2,3,3,33,60.65
15535,12/10/2011,1/16/2011 12:35,6/19/2011 16:02,174,4,75,55,143,536.4,134.1,12/9/2010 15:36,1/16/2011 12:40,3,3,2,14,76.5
15537,12/10/2011,6/29/2011 13:10,6/29/2011 13:10,164,1,24,24,29,110.92,110.92,NULL,NULL,0,0,0,0,0
15539,12/10/2011,12/2/2011 13:36,12/2/2011 13:36,8,1,41,41,410,538.46,538.46,NULL,NULL,0,0,0,0,0
15540,12/10/2011,11/28/2011 13:51,11/28/2011 13:51,12,1,15,15,200,213.3,213.3,NULL,NULL,0,0,0,0,0
15541,12/10/2011,8/17/2011 14:58,8/17/2011 14:58,115,1,29,29,49,85.13,85.13,NULL,NULL,0,0,0,0,0
15543,12/10/2011,2/24/2011 15:26,2/24/2011 15:26,289,1,28,26,86,127.86,127.86,NULL,NULL,0,0,0,0,0
15544,12/10/2011,12/2/2010 12:47,11/30/2011 16:43,10,9,259,122,3109,3546.71,394.0789,7/25/2011 16:58,12/1/2011 9:16,2,2,2,4,4.2
15545,12/10/2011,12/3/2010 17:28,10/16/2011 13:24,55,2,81,78,163,292.72,146.36,NULL,NULL,0,0,0,0,0
15547,12/10/2011,12/12/2010 13:26,12/2/2011 12:52,8,14,702,441,4032,4954.84,353.9171,NULL,NULL,0,0,0,0,0
15549,12/10/2011,1/27/2011 15:38,9/23/2011 16:22,78,3,114,103,695,1689.51,563.17,1/28/2011 16:50,1/28/2011 16:50,1,1,1,10,37.5
15550,12/10/2011,2/11/2011 12:49,12/5/2011 15:38,5,4,61,43,295,575.63,143.9075,NULL,NULL,0,0,0,0,0
15551,12/10/2011,11/3/2011 12:37,11/3/2011 12:37,37,1,29,29,218,436.06,436.06,NULL,NULL,0,0,0,0,0
15552,12/10/2011,5/6/2011 14:47,5/6/2011 14:47,218,1,17,17,60,90.12,90.12,NULL,NULL,0,0,0,0,0
15553,12/10/2011,10/10/2011 14:02,10/10/2011 14:02,61,1,56,51,451,437.23,437.23,NULL,NULL,0,0,0,0,0
15554,12/10/2011,3/7/2011 9:00,3/7/2011 9:00,278,1,14,14,74,217.2,217.2,NULL,NULL,0,0,0,0,0
15555,12/10/2011,12/5/2010 14:45,11/27/2011 16:19,13,16,897,400,4409,4802.18,300.1363,12/13/2010 12:03,11/27/2011 15:31,4,25,24,28,46.12
15556,12/10/2011,11/15/2011 16:08,11/15/2011 16:08,25,1,31,31,236,279.77,279.77,NULL,NULL,0,0,0,0,0
15557,12/10/2011,11/11/2011 12:46,11/11/2011 12:46,29,1,20,16,219,473.65,473.65,NULL,NULL,0,0,0,0,0
15561,12/10/2011,5/8/2011 11:38,11/28/2011 11:07,12,4,27,27,267,800.59,200.1475,9/4/2011 12:40,9/4/2011 12:40,1,4,4,11,77.85
15562,12/10/2011,12/23/2010 9:55,12/23/2010 9:55,352,1,1,1,39,134.55,134.55,NULL,NULL,0,0,0,0,0
15563,12/10/2011,12/16/2010 11:27,11/17/2011 12:59,23,3,111,87,1441,1361.44,453.8133,11/18/2011 15:16,12/1/2011 9:36,2,3,3,11,50.75
15565,12/10/2011,9/30/2011 10:44,10/20/2011 14:33,51,2,8,8,60,173.16,86.58,NULL,NULL,0,0,0,0,0
15567,12/10/2011,11/21/2011 10:48,11/21/2011 10:48,19,1,7,7,223,186.01,186.01,NULL,NULL,0,0,0,0,0
15568,12/10/2011,9/27/2011 14:37,12/7/2011 11:27,3,3,53,27,461,758.29,252.7633,NULL,NULL,0,0,0,0,0
15569,12/10/2011,1/11/2011 13:26,8/28/2011 10:15,104,5,31,27,666,1375.71,275.142,NULL,NULL,0,0,0,0,0
15570,12/10/2011,12/5/2010 12:57,12/2/2011 14:47,8,12,323,231,2067,4165.52,347.1267,2/10/2011 13:40,2/10/2011 13:40,1,7,7,9,55.55
15571,12/10/2011,9/22/2011 13:15,11/28/2011 10:02,12,4,57,47,264,650.43,162.6075,NULL,NULL,0,0,0,0,0
15572,12/10/2011,3/6/2011 14:44,12/5/2011 10:09,5,7,215,166,1229,2552.86,364.6943,NULL,NULL,0,0,0,0,0
15573,12/10/2011,9/15/2011 12:16,11/8/2011 11:38,32,2,103,87,362,599.5,299.75,NULL,NULL,0,0,0,0,0
15574,12/10/2011,12/2/2010 15:46,6/15/2011 12:01,178,4,168,131,349,702.25,175.5625,NULL,NULL,0,0,0,0,0
15576,12/10/2011,11/2/2011 12:03,11/2/2011 12:03,38,1,45,43,404,940.67,940.67,NULL,NULL,0,0,0,0,0
15577,12/10/2011,2/7/2011 13:32,7/11/2011 17:03,152,3,39,39,89,258.88,86.2933,NULL,NULL,0,0,0,0,0
15578,12/10/2011,6/30/2011 13:03,6/30/2011 13:03,163,1,13,13,52,127.1,127.1,NULL,NULL,0,0,0,0,0
15579,12/10/2011,1/30/2011 12:09,10/2/2011 12:45,69,2,51,45,120,348.6,174.3,NULL,NULL,0,0,0,0,0
15581,12/10/2011,12/8/2010 14:38,7/6/2011 14:04,157,10,146,133,283,721.63,72.163,NULL,NULL,0,0,0,0,0
15582,12/10/2011,5/3/2011 13:36,11/15/2011 9:55,25,3,44,39,453,682.91,227.6367,NULL,NULL,0,0,0,0,0
15584,12/10/2011,6/30/2011 16:39,11/16/2011 10:55,24,4,123,89,314,725.11,181.2775,11/16/2011 10:23,11/16/2011 10:23,1,2,2,2,2.5
15585,12/10/2011,6/16/2011 8:38,6/16/2011 8:38,177,1,31,31,320,455.3,455.3,NULL,NULL,0,0,0,0,0
15587,12/10/2011,12/23/2010 9:59,10/20/2011 13:37,51,4,9,3,312,913.68,228.42,NULL,NULL,0,0,0,0,0
15589,12/10/2011,2/2/2011 10:46,3/29/2011 9:54,256,3,29,28,243,478.53,159.51,4/1/2011 11:22,4/1/2011 11:22,1,1,1,1,21.95
15592,12/10/2011,10/24/2011 8:59,10/24/2011 8:59,47,1,24,24,354,388.58,388.58,NULL,NULL,0,0,0,0,0
15593,12/10/2011,9/30/2011 11:46,9/30/2011 11:46,71,1,5,5,60,199.8,199.8,NULL,NULL,0,0,0,0,0
15594,12/10/2011,4/19/2011 10:08,11/24/2011 8:53,16,5,103,85,983,1771.78,354.356,4/21/2011 16:38,4/21/2011 16:38,1,1,1,1,4.25
15596,12/10/2011,12/9/2010 16:10,8/31/2011 10:55,101,5,77,51,561,1406.59,281.318,1/27/2011 12:18,5/24/2011 17:28,4,7,5,13,63.25
15597,12/10/2011,11/4/2011 13:26,11/4/2011 13:26,36,1,22,22,279,324.57,324.57,11/10/2011 11:46,11/10/2011 11:46,1,1,1,3,8.85
15598,12/10/2011,10/17/2011 16:04,10/17/2011 16:04,54,1,14,14,160,240.68,240.68,10/20/2011 19:23,11/4/2011 13:14,2,2,1,4,5
15599,12/10/2011,5/19/2011 13:05,11/13/2011 11:44,27,2,52,50,718,761.74,380.87,NULL,NULL,0,0,0,0,0
15601,12/10/2011,12/2/2010 10:39,11/28/2011 15:15,12,14,410,230,4983,6776.56,484.04,2/10/2011 15:50,9/22/2011 10:20,3,4,4,5,31.2
15602,12/10/2011,12/6/2010 15:35,12/1/2011 14:14,9,9,46,30,1137,1297.87,144.2078,12/14/2010 11:10,8/2/2011 11:58,5,5,3,138,195.5
15603,12/10/2011,9/22/2011 10:04,9/22/2011 10:04,79,1,2,2,96,48.48,48.48,NULL,NULL,0,0,0,0,0
15604,12/10/2011,10/18/2011 14:47,10/18/2011 14:47,53,1,17,17,159,216.39,216.39,NULL,NULL,0,0,0,0,0
15605,12/10/2011,12/1/2010 13:38,11/3/2011 14:17,37,5,67,61,441,1198.23,239.646,NULL,NULL,0,0,0,0,0
15606,12/10/2011,1/19/2011 12:07,10/9/2011 15:47,62,9,77,48,892,2920.16,324.4622,10/6/2011 20:33,10/13/2011 13:32,2,14,14,172,497.52
15607,12/10/2011,1/7/2011 12:44,1/7/2011 12:44,337,1,13,13,202,104.76,104.76,NULL,NULL,0,0,0,0,0
15608,12/10/2011,8/11/2011 9:56,11/11/2011 13:20,29,4,60,59,714,1093.68,273.42,NULL,NULL,0,0,0,0,0
15609,12/10/2011,6/8/2011 13:00,6/8/2011 13:00,185,1,16,16,148,298.48,298.48,6/10/2011 9:55,6/10/2011 9:55,1,2,2,3,28.45
15610,12/10/2011,10/19/2011 10:36,10/19/2011 10:36,52,1,6,6,66,112.46,112.46,NULL,NULL,0,0,0,0,0
15611,12/10/2011,1/9/2011 11:32,11/30/2011 12:36,10,11,41,22,502,1570.45,142.7682,3/10/2011 10:13,10/6/2011 18:00,2,2,2,6,23.06
15612,12/10/2011,10/9/2011 12:49,11/3/2011 14:52,37,2,5,3,51,180.15,90.075,NULL,NULL,0,0,0,0,0
15615,12/10/2011,12/15/2010 16:21,11/29/2011 14:42,11,23,423,184,5508,10399.74,452.1626,3/27/2011 12:11,7/8/2011 13:38,4,6,6,15,39.7
15618,12/10/2011,7/26/2011 10:13,11/7/2011 8:34,33,4,44,38,453,776.85,194.2125,9/14/2011 14:55,9/14/2011 14:55,1,4,4,26,29.82
15619,12/10/2011,11/29/2011 8:14,11/29/2011 8:14,11,1,3,3,136,336.4,336.4,NULL,NULL,0,0,0,0,0
15620,12/10/2011,12/16/2010 14:34,10/14/2011 12:41,57,3,100,92,915,1553.18,517.7267,5/10/2011 16:06,10/20/2011 19:17,3,4,4,16,28.78
15621,12/10/2011,11/18/2011 11:49,12/5/2011 14:01,5,4,16,11,501,1293.03,323.2575,11/29/2011 9:25,12/5/2011 12:52,2,2,1,38,134.26
15622,12/10/2011,3/2/2011 13:42,10/27/2011 16:44,44,9,185,169,1674,3709.56,412.1733,3/9/2011 15:05,12/6/2011 14:57,7,29,28,122,485.03
15623,12/10/2011,7/21/2011 17:26,7/21/2011 17:26,142,1,19,19,125,301.03,301.03,NULL,NULL,0,0,0,0,0
15624,12/10/2011,3/28/2011 13:32,8/15/2011 11:38,117,4,34,26,357,588.13,147.0325,NULL,NULL,0,0,0,0,0
15625,12/10/2011,4/18/2011 14:01,8/28/2011 10:21,104,4,64,44,1188,1534.26,383.565,6/15/2011 15:28,8/31/2011 16:13,4,4,3,22,29.7
15626,12/10/2011,1/14/2011 10:10,9/26/2011 10:03,75,2,49,49,766,675.8,337.9,NULL,NULL,0,0,0,0,0
15628,12/10/2011,12/8/2010 9:51,12/5/2011 10:24,5,9,155,85,1894,2870.24,318.9156,8/9/2011 14:43,8/9/2011 14:43,1,2,2,12,4.6
15630,12/10/2011,5/19/2011 10:16,10/25/2011 15:36,46,2,60,57,800,1186.35,593.175,5/23/2011 17:41,5/23/2011 17:41,1,1,1,1,5.95
15632,12/10/2011,3/10/2011 8:29,11/24/2011 9:51,16,8,167,107,2109,3285.31,410.6638,4/4/2011 9:04,10/24/2011 13:48,2,10,10,60,138
15634,12/10/2011,11/22/2011 16:28,11/22/2011 16:28,18,1,15,15,99,243.55,243.55,NULL,NULL,0,0,0,0,0
15636,12/10/2011,3/2/2011 14:50,9/11/2011 11:17,90,2,25,20,284,724.76,362.38,NULL,NULL,0,0,0,0,0
15637,12/10/2011,10/18/2011 8:28,10/18/2011 8:28,53,1,15,15,128,223.36,223.36,NULL,NULL,0,0,0,0,0
15639,12/10/2011,7/28/2011 14:30,7/28/2011 14:30,135,1,25,25,323,425.32,425.32,NULL,NULL,0,0,0,0,0
15640,12/10/2011,12/2/2010 15:40,12/5/2011 14:35,5,15,484,240,6607,12515.66,834.3773,2/13/2011 14:28,8/7/2011 13:53,2,11,9,35,82.32
15641,12/10/2011,12/15/2010 14:45,8/26/2011 14:04,106,4,119,102,1562,1887.2,471.8,NULL,NULL,0,0,0,0,0
15643,12/10/2011,3/2/2011 14:34,6/1/2011 7:38,192,3,33,31,246,664,221.3333,6/7/2011 15:32,6/13/2011 17:19,3,3,1,4,16.6
15644,12/10/2011,3/23/2011 15:37,6/26/2011 14:54,167,4,238,166,557,813,203.25,NULL,NULL,0,0,0,0,0
15645,12/10/2011,11/21/2011 11:55,11/21/2011 11:55,19,1,51,49,255,611.59,611.59,NULL,NULL,0,0,0,0,0
15646,12/10/2011,12/2/2010 16:59,7/5/2011 9:53,158,3,35,35,394,447.64,149.2133,4/11/2011 13:26,4/11/2011 13:26,1,1,1,6,22.5
15648,12/10/2011,3/17/2011 18:59,5/19/2011 15:53,205,2,25,23,221,657.35,328.675,3/30/2011 14:49,4/5/2011 14:52,2,2,2,7,54.75
15649,12/10/2011,12/7/2010 10:06,1/7/2011 13:34,337,2,2,1,192,816,408,NULL,NULL,0,0,0,0,0
15651,12/10/2011,3/24/2011 8:56,11/3/2011 8:41,37,3,32,27,479,646.3,215.4333,NULL,NULL,0,0,0,0,0
15652,12/10/2011,9/9/2011 14:22,9/9/2011 14:22,92,1,21,21,208,337.74,337.74,NULL,NULL,0,0,0,0,0
15653,12/10/2011,8/16/2011 9:50,9/8/2011 10:49,93,2,6,4,1200,877.44,438.72,NULL,NULL,0,0,0,0,0
15654,12/10/2011,11/13/2011 15:15,11/30/2011 13:08,10,2,20,14,474,907.53,453.765,NULL,NULL,0,0,0,0,0
15655,12/10/2011,4/10/2011 15:25,4/10/2011 15:25,244,1,34,34,324,560.67,560.67,4/20/2011 16:28,4/20/2011 16:28,1,3,3,5,49.35
15656,12/10/2011,2/28/2011 15:32,10/25/2011 14:56,46,4,47,46,343,748.5,187.125,NULL,NULL,0,0,0,0,0
15657,12/10/2011,11/17/2011 12:19,11/17/2011 12:19,23,1,1,1,24,30,30,NULL,NULL,0,0,0,0,0
15658,12/10/2011,12/2/2010 10:53,6/2/2011 15:22,191,5,48,40,242,1024.1,204.82,1/21/2011 16:53,3/23/2011 8:55,3,8,6,10,65.2
15659,12/10/2011,10/27/2011 9:23,10/27/2011 9:23,44,1,11,11,111,306.45,306.45,NULL,NULL,0,0,0,0,0
15660,12/10/2011,12/9/2010 9:49,11/14/2011 16:58,26,9,90,55,1050,1600.86,177.8733,5/19/2011 14:44,8/14/2011 14:28,3,4,3,13,48.85
15661,12/10/2011,1/5/2011 12:32,1/26/2011 13:56,318,2,5,4,236,309.8,154.9,NULL,NULL,0,0,0,0,0
15663,12/10/2011,8/25/2011 15:50,8/25/2011 15:50,107,1,9,9,106,138.14,138.14,NULL,NULL,0,0,0,0,0
15664,12/10/2011,10/20/2011 10:57,10/20/2011 10:57,51,1,17,17,157,386.43,386.43,12/15/2010 17:05,12/15/2010 17:05,1,2,2,16,27.8
15665,12/10/2011,4/10/2011 15:09,6/24/2011 14:57,169,2,116,92,1666,2242.01,1121.005,NULL,NULL,0,0,0,0,0
15667,12/10/2011,10/31/2011 10:56,10/31/2011 10:56,40,1,13,13,240,301.32,301.32,NULL,NULL,0,0,0,0,0
15668,12/10/2011,5/6/2011 10:39,5/6/2011 10:39,218,1,1,1,72,76.32,76.32,NULL,NULL,0,0,0,0,0
15669,12/10/2011,3/21/2011 9:13,10/30/2011 16:03,41,4,33,31,342,684.34,171.085,6/23/2011 16:10,6/23/2011 16:10,1,2,2,3,6.65
15670,12/10/2011,2/16/2011 10:50,2/16/2011 10:50,297,1,12,12,91,173.05,173.05,NULL,NULL,0,0,0,0,0
15671,12/10/2011,3/14/2011 9:37,11/21/2011 12:43,19,7,76,51,1697,2627.13,375.3043,3/17/2011 15:49,8/10/2011 13:03,3,3,2,18,21.64
15673,12/10/2011,1/16/2011 16:25,9/12/2011 16:12,89,4,155,107,1514,2881.02,720.255,NULL,NULL,0,0,0,0,0
15674,12/10/2011,3/30/2011 9:19,9/27/2011 15:17,74,4,113,87,1274,2111.89,527.9725,4/5/2011 11:42,4/13/2011 9:55,2,20,19,199,367.87
15675,12/10/2011,3/4/2011 14:21,9/19/2011 13:48,82,3,21,20,527,323.69,107.8967,NULL,NULL,0,0,0,0,0
15676,12/10/2011,3/1/2011 10:19,11/21/2011 12:40,19,3,201,190,2251,3420.76,1140.2533,5/10/2011 12:07,11/30/2011 17:39,2,14,14,21,111.67
15677,12/10/2011,10/21/2011 15:36,10/21/2011 15:36,50,1,33,33,319,657.23,657.23,NULL,NULL,0,0,0,0,0
15678,12/10/2011,10/18/2011 9:25,10/18/2011 9:25,53,1,12,12,184,352.7,352.7,NULL,NULL,0,0,0,0,0
15679,12/10/2011,6/10/2011 8:24,11/15/2011 16:19,25,4,110,98,1170,781.28,195.32,NULL,NULL,0,0,0,0,0
15680,12/10/2011,12/8/2010 14:43,11/30/2011 13:46,10,3,78,61,952,1333.68,444.56,NULL,NULL,0,0,0,0,0
15681,12/10/2011,3/4/2011 13:46,11/14/2011 16:30,26,5,53,32,816,1426.16,285.232,11/21/2011 13:25,11/21/2011 13:25,1,14,14,260,479.8
15683,12/10/2011,8/14/2011 12:56,8/14/2011 12:56,118,1,10,10,131,193.75,193.75,NULL,NULL,0,0,0,0,0
15687,12/10/2011,1/13/2011 15:13,12/1/2011 8:33,9,9,166,119,1310,2993.1,332.5667,2/21/2011 12:44,6/7/2011 16:08,2,2,2,2,11.6
15689,12/10/2011,12/13/2010 9:57,8/12/2011 9:37,120,2,9,8,84,254.1,127.05,NULL,NULL,0,0,0,0,0
15690,12/10/2011,8/31/2011 11:40,12/5/2011 15:59,5,2,19,19,408,239.76,119.88,NULL,NULL,0,0,0,0,0
15691,12/10/2011,4/1/2011 15:13,4/1/2011 15:13,253,1,2,2,72,136.8,136.8,NULL,NULL,0,0,0,0,0
15692,12/10/2011,11/11/2011 14:12,11/11/2011 14:12,29,1,12,12,138,191.04,191.04,NULL,NULL,0,0,0,0,0
15694,12/10/2011,12/2/2010 7:49,12/9/2011 9:44,1,13,77,41,1676,6464.4,497.2615,2/1/2011 11:28,2/1/2011 11:28,1,1,1,12,55.8
15695,12/10/2011,3/18/2011 8:31,3/18/2011 8:32,267,2,22,22,212,409.98,204.99,NULL,NULL,0,0,0,0,0
15696,12/10/2011,1/17/2011 11:24,11/6/2011 14:02,34,8,171,140,1028,2736.46,342.0575,4/1/2011 10:46,9/28/2011 11:22,4,6,6,6,92
15699,12/10/2011,11/22/2011 8:26,11/22/2011 8:26,18,1,18,18,113,309.65,309.65,NULL,NULL,0,0,0,0,0
15700,12/10/2011,6/19/2011 15:36,6/20/2011 16:53,173,2,86,85,357,696.68,348.34,6/20/2011 16:52,6/20/2011 16:52,1,3,3,29,32.65
15701,12/10/2011,8/21/2011 12:36,12/7/2011 14:39,3,4,237,193,923,1542.14,385.535,NULL,NULL,0,0,0,0,0
15703,12/10/2011,3/20/2011 10:51,3/20/2011 10:51,265,1,5,5,66,211.5,211.5,NULL,NULL,0,0,0,0,0
15704,12/10/2011,5/8/2011 12:42,7/22/2011 13:35,141,4,117,79,1028,2293.62,573.405,NULL,NULL,0,0,0,0,0
15705,12/10/2011,5/22/2011 15:37,5/22/2011 15:37,202,1,6,6,62,143.1,143.1,NULL,NULL,0,0,0,0,0
15706,12/10/2011,8/15/2011 14:32,10/7/2011 10:09,64,4,55,50,321,1060.56,265.14,8/18/2011 16:14,10/11/2011 10:14,3,4,4,16,58.75
15707,12/10/2011,9/14/2011 14:19,11/4/2011 14:35,36,4,214,126,605,945.58,236.395,NULL,NULL,0,0,0,0,0
15708,12/10/2011,12/5/2010 11:12,10/30/2011 10:54,41,7,288,124,1267,3364.24,480.6057,12/5/2010 10:25,7/28/2011 11:17,4,9,9,9,34.52
15709,12/10/2011,3/1/2011 10:38,3/1/2011 10:38,284,1,6,6,121,133.25,133.25,NULL,NULL,0,0,0,0,0
15712,12/10/2011,2/25/2011 11:32,11/30/2011 14:09,10,5,53,41,486,1072.36,214.472,NULL,NULL,0,0,0,0,0
15713,12/10/2011,12/8/2010 15:16,7/19/2011 13:34,144,2,19,18,150,356.7,178.35,12/14/2010 11:28,12/14/2010 11:28,1,1,1,1,9.95
15714,12/10/2011,9/23/2011 11:25,11/28/2011 11:26,12,2,35,34,187,330.88,165.44,NULL,NULL,0,0,0,0,0
15716,12/10/2011,12/5/2010 12:26,7/17/2011 11:59,146,4,118,101,744,1118.81,279.7025,NULL,NULL,0,0,0,0,0
15717,12/10/2011,4/19/2011 13:21,4/19/2011 13:21,235,1,7,7,70,150.3,150.3,NULL,NULL,0,0,0,0,0
15719,12/10/2011,1/6/2011 12:31,11/7/2011 12:29,33,13,936,298,2724,5043.96,387.9969,7/12/2011 9:58,7/12/2011 9:58,1,1,1,1,1.65
15720,12/10/2011,11/15/2011 14:48,11/15/2011 14:48,25,1,128,128,281,598.73,598.73,NULL,NULL,0,0,0,0,0
15721,12/10/2011,11/28/2011 12:14,11/28/2011 12:14,12,1,91,80,409,507.08,507.08,NULL,NULL,0,0,0,0,0
15722,12/10/2011,2/22/2011 12:24,11/4/2011 11:43,36,5,69,45,1026,2222.56,444.512,6/5/2011 12:01,6/5/2011 12:01,1,3,3,5,41.35
15723,12/10/2011,12/10/2010 11:12,12/10/2010 11:12,365,1,41,37,87,203.1,203.1,NULL,NULL,0,0,0,0,0
15724,12/10/2011,2/28/2011 10:40,5/22/2011 14:40,202,2,11,11,73,218.25,109.125,3/10/2011 11:45,3/10/2011 11:45,1,1,1,1,5.95
15725,12/10/2011,11/24/2011 14:51,11/24/2011 14:51,16,1,32,32,221,415.25,415.25,NULL,NULL,0,0,0,0,0
15727,12/10/2011,12/15/2010 15:47,11/23/2011 12:36,17,7,302,213,3065,5178.96,739.8514,NULL,NULL,0,0,0,0,0
15729,12/10/2011,5/11/2011 12:36,5/11/2011 12:36,213,1,5,5,28,85,85,5/25/2011 16:43,5/25/2011 16:43,1,1,1,4,23
15730,12/10/2011,5/17/2011 12:43,10/5/2011 12:31,66,3,70,68,689,1120.88,373.6267,5/19/2011 10:53,5/19/2011 10:53,1,3,3,6,12.5
15732,12/10/2011,12/2/2010 15:00,5/11/2011 14:24,213,2,14,13,215,294.12,147.06,NULL,NULL,0,0,0,0,0
15733,12/10/2011,3/2/2011 9:05,3/2/2011 9:05,283,1,10,10,62,162.3,162.3,NULL,NULL,0,0,0,0,0
15734,12/10/2011,5/23/2011 14:59,8/17/2011 10:50,115,2,26,25,346,1339.45,669.725,NULL,NULL,0,0,0,0,0
15737,12/10/2011,4/11/2011 10:01,11/25/2011 11:21,15,8,71,59,598,1190.12,148.765,4/13/2011 9:02,9/28/2011 11:19,4,9,7,15,83.91
15738,12/10/2011,12/2/2010 12:50,11/21/2011 8:26,19,16,173,46,2982,4812.42,300.7763,12/9/2010 13:58,3/10/2011 14:56,3,3,3,15,23.65
15739,12/10/2011,10/4/2011 13:42,10/4/2011 13:42,67,1,8,8,472,449.12,449.12,NULL,NULL,0,0,0,0,0
15740,12/10/2011,10/21/2011 14:29,10/21/2011 14:29,50,1,9,9,152,154.88,154.88,NULL,NULL,0,0,0,0,0
15743,12/10/2011,6/8/2011 10:14,11/23/2011 17:19,17,4,88,59,216,784.46,196.115,NULL,NULL,0,0,0,0,0
15744,12/10/2011,9/23/2011 9:52,9/23/2011 9:52,78,1,3,3,120,34.8,34.8,NULL,NULL,0,0,0,0,0
15745,12/10/2011,4/17/2011 13:04,11/20/2011 13:45,20,4,62,57,421,1094.59,273.6475,10/6/2011 18:37,12/1/2011 11:18,2,3,3,9,23.35
15746,12/10/2011,7/28/2011 15:21,7/28/2011 15:21,135,1,28,28,178,196.88,196.88,7/28/2011 15:27,7/28/2011 15:27,1,1,1,48,13.92
15747,12/10/2011,6/20/2011 11:30,11/27/2011 12:26,13,3,93,52,480,974.04,324.68,NULL,NULL,0,0,0,0,0
15748,12/10/2011,10/30/2011 12:51,10/30/2011 12:51,41,1,21,19,51,149.31,149.31,NULL,NULL,0,0,0,0,0
15749,12/10/2011,1/11/2011 12:55,4/18/2011 13:20,236,3,10,5,18028,44534.3,14844.7667,4/18/2011 13:08,4/18/2011 13:08,1,5,5,9014,22998.4
15750,12/10/2011,12/8/2010 10:36,12/7/2011 12:34,3,8,293,214,1786,2465.48,308.185,12/9/2010 14:40,12/9/2010 14:40,1,2,2,7,14.25
15752,12/10/2011,12/2/2010 9:43,10/31/2011 11:37,40,7,411,236,1978,2637.38,376.7686,9/7/2011 15:00,9/7/2011 15:00,1,1,1,5,8.45
15753,12/10/2011,2/8/2011 12:41,2/8/2011 12:41,305,1,1,1,144,79.2,79.2,NULL,NULL,0,0,0,0,0
15754,12/10/2011,4/7/2011 12:24,10/19/2011 14:40,52,3,28,24,199,458.57,152.8567,10/20/2011 11:44,10/20/2011 11:44,1,1,1,2,2.9
15755,12/10/2011,2/18/2011 11:53,11/29/2011 14:57,11,6,141,127,1427,2364.25,394.0417,9/19/2011 15:57,12/8/2011 18:59,2,8,8,30,45.37
15756,12/10/2011,4/4/2011 14:00,10/9/2011 13:30,62,4,192,160,242,532.96,133.24,NULL,NULL,0,0,0,0,0
15757,12/10/2011,5/6/2011 11:40,10/5/2011 12:14,66,2,45,43,491,714.42,357.21,NULL,NULL,0,0,0,0,0
15758,12/10/2011,11/15/2011 10:48,11/15/2011 10:48,25,1,9,9,47,205.25,205.25,NULL,NULL,0,0,0,0,0
15759,12/10/2011,12/16/2010 15:29,5/5/2011 15:13,219,3,7,5,60,253.04,84.3467,NULL,NULL,0,0,0,0,0
15762,12/10/2011,9/23/2011 15:17,10/5/2011 16:15,66,2,37,37,251,583.75,291.875,NULL,NULL,0,0,0,0,0
15763,12/10/2011,9/23/2011 12:10,11/8/2011 9:44,32,2,61,58,271,1086.92,543.46,9/27/2011 11:11,9/27/2011 11:11,1,2,2,3,38.25
15764,12/10/2011,3/8/2011 9:23,9/12/2011 17:58,89,6,180,150,2050,3279.97,546.6617,8/2/2011 17:31,9/19/2011 16:16,4,8,6,14,34.5
15766,12/10/2011,10/6/2011 17:03,10/6/2011 17:03,65,1,11,11,170,315.06,315.06,NULL,NULL,0,0,0,0,0
15768,12/10/2011,4/28/2011 9:20,8/16/2011 10:48,116,3,27,23,244,621.83,207.2767,NULL,NULL,0,0,0,0,0
15769,12/10/2011,12/3/2010 15:16,12/2/2011 13:52,8,26,130,26,29672,56252.72,2163.5662,7/15/2011 11:10,10/6/2011 10:57,3,17,16,2012,4429
15773,12/10/2011,12/4/2011 12:48,12/4/2011 12:48,6,1,10,10,311,635.68,635.68,NULL,NULL,0,0,0,0,0
15774,12/10/2011,10/2/2011 12:04,10/2/2011 12:04,69,1,25,25,87,270.8,270.8,NULL,NULL,0,0,0,0,0
15775,12/10/2011,4/8/2011 12:56,4/8/2011 12:56,246,1,7,7,68,104.9,104.9,NULL,NULL,0,0,0,0,0
15776,12/10/2011,7/29/2011 13:46,7/29/2011 13:46,134,1,18,18,138,241.62,241.62,NULL,NULL,0,0,0,0,0
15777,12/10/2011,12/13/2010 16:38,4/12/2011 16:43,242,4,21,18,378,1047.11,261.7775,12/16/2010 15:37,12/16/2010 15:37,1,1,1,3,25.5
15780,12/10/2011,12/17/2010 11:43,6/9/2011 12:01,184,3,29,26,220,475.28,158.4267,NULL,NULL,0,0,0,0,0
15781,12/10/2011,2/7/2011 9:15,11/14/2011 14:57,26,3,20,20,180,345.46,115.1533,7/28/2011 10:53,7/28/2011 10:53,1,1,1,2,11.9
15782,12/10/2011,9/11/2011 14:29,11/30/2011 10:49,10,3,43,34,864,2614.74,871.58,10/24/2011 15:55,10/24/2011 15:55,1,1,1,1,20.8
15783,12/10/2011,11/29/2011 9:50,11/29/2011 9:50,11,1,14,14,212,246.3,246.3,NULL,NULL,0,0,0,0,0
15785,12/10/2011,2/17/2011 14:17,11/7/2011 11:33,33,5,83,58,1612,2328.97,465.794,3/30/2011 15:14,11/10/2011 12:08,3,4,4,18,25.22
15786,12/10/2011,8/17/2011 13:33,10/24/2011 14:13,47,3,267,257,3364,4932.2,1644.0667,8/31/2011 13:39,10/27/2011 10:53,2,13,13,33,98
15787,12/10/2011,10/9/2011 13:11,11/13/2011 14:55,27,3,206,156,540,948.05,316.0167,NULL,NULL,0,0,0,0,0
15789,12/10/2011,12/16/2010 14:35,12/16/2010 14:35,359,1,25,25,438,351.3,351.3,NULL,NULL,0,0,0,0,0
15790,12/10/2011,11/29/2011 14:53,11/29/2011 14:53,11,1,35,34,114,220.85,220.85,NULL,NULL,0,0,0,0,0
15791,12/10/2011,5/19/2011 15:15,10/27/2011 10:14,44,2,75,66,731,1612.69,806.345,6/2/2011 14:24,6/2/2011 14:24,1,1,1,1,8.25
15793,12/10/2011,3/16/2011 10:45,11/25/2011 9:31,15,3,12,6,553,965.61,321.87,11/30/2011 15:08,11/30/2011 15:08,1,1,1,1,16.65
15795,12/10/2011,7/13/2011 10:43,7/13/2011 10:43,150,1,42,42,581,610.01,610.01,NULL,NULL,0,0,0,0,0
15796,12/10/2011,2/10/2011 15:40,12/8/2011 19:55,2,8,132,69,860,2710.56,338.82,2/11/2011 11:55,6/6/2011 10:19,2,2,2,2,44.95
15797,12/10/2011,2/8/2011 10:17,8/18/2011 17:04,114,3,7,7,872,2192.4,730.8,NULL,NULL,0,0,0,0,0
15799,12/10/2011,1/9/2011 15:13,9/25/2011 12:46,76,3,98,94,955,884.14,294.7133,NULL,NULL,0,0,0,0,0
15800,12/10/2011,4/7/2011 12:39,8/24/2011 14:23,108,2,119,116,335,699.08,349.54,NULL,NULL,0,0,0,0,0
15801,12/10/2011,8/22/2011 9:53,10/24/2011 13:52,47,3,64,61,570,1063.95,354.65,10/13/2011 12:04,10/13/2011 12:04,1,5,5,8,21.76
15803,12/10/2011,10/19/2011 14:56,10/19/2011 14:56,52,1,8,8,290,415.82,415.82,NULL,NULL,0,0,0,0,0
15804,12/10/2011,5/25/2011 10:12,12/9/2011 12:31,1,13,262,170,2565,4206.39,323.5685,8/3/2011 14:34,11/23/2011 9:23,6,11,11,52,357.84
15805,12/10/2011,12/10/2010 9:33,11/16/2011 16:32,24,17,301,220,3387,5528.48,325.2047,4/26/2011 17:26,11/10/2011 12:51,3,6,6,50,76.31
15806,12/10/2011,3/8/2011 9:24,10/24/2011 14:35,47,3,31,24,602,784.58,261.5267,NULL,NULL,0,0,0,0,0
15807,12/10/2011,9/23/2011 14:43,10/20/2011 14:10,51,3,48,48,430,903.9,301.3,NULL,NULL,0,0,0,0,0
15808,12/10/2011,12/5/2010 13:05,2/6/2011 14:33,307,4,208,142,1343,3734.97,933.7425,12/13/2010 14:56,12/13/2010 14:56,1,2,2,2,10.2
15809,12/10/2011,2/10/2011 11:16,11/3/2011 16:40,37,5,35,31,301,515.77,103.154,11/4/2011 12:05,11/4/2011 12:05,1,8,8,50,116.56
15810,12/10/2011,2/16/2011 9:11,9/22/2011 9:38,79,4,89,66,861,1391.98,347.995,8/2/2011 16:19,9/22/2011 9:38,3,23,23,124,246.55
15811,12/10/2011,12/9/2010 15:29,11/17/2011 15:31,23,6,133,117,1071,2218.62,369.77,3/7/2011 13:45,11/22/2011 15:29,3,6,6,10,47.3
15812,12/10/2011,1/26/2011 12:12,8/24/2011 14:19,108,5,41,36,922,1801.14,360.228,NULL,NULL,0,0,0,0,0
15813,12/10/2011,4/14/2011 9:09,5/16/2011 8:13,208,2,40,40,603,1303.91,651.955,NULL,NULL,0,0,0,0,0
15814,12/10/2011,10/20/2011 9:04,11/23/2011 8:17,17,4,72,63,1271,1945.33,486.3325,11/10/2011 14:03,12/6/2011 15:01,2,2,2,24,102.6
15815,12/10/2011,3/25/2011 8:43,10/7/2011 12:42,64,5,49,33,1856,2100.6,420.12,NULL,NULL,0,0,0,0,0
15819,12/10/2011,3/8/2011 9:45,10/21/2011 14:50,50,4,123,96,1357,1905.45,476.3625,NULL,NULL,0,0,0,0,0
15820,12/10/2011,1/24/2011 12:00,1/24/2011 12:00,320,1,17,17,128,206.98,206.98,NULL,NULL,0,0,0,0,0
15821,12/10/2011,10/9/2011 13:28,10/26/2011 15:48,45,2,62,57,202,570.96,285.48,NULL,NULL,0,0,0,0,0
15822,12/10/2011,12/15/2010 13:38,12/6/2011 14:50,4,2,33,28,375,885.47,442.735,NULL,NULL,0,0,0,0,0
15825,12/10/2011,6/20/2011 13:27,6/20/2011 13:27,173,1,20,20,220,532.94,532.94,NULL,NULL,0,0,0,0,0
15826,12/10/2011,5/13/2011 10:44,10/14/2011 16:05,57,3,68,64,963,1654.31,551.4367,10/19/2011 13:24,10/19/2011 13:24,1,1,1,1,4.95
15827,12/10/2011,12/2/2010 13:06,9/27/2011 15:35,74,14,115,72,882,1836.09,131.1493,1/31/2011 11:27,7/28/2011 12:19,6,18,13,39,187.55
15829,12/10/2011,7/22/2011 10:23,9/1/2011 16:45,100,2,51,44,996,636.14,318.07,NULL,NULL,0,0,0,0,0
15830,12/10/2011,11/2/2011 10:40,11/2/2011 10:40,38,1,39,39,415,576,576,11/10/2011 13:35,11/10/2011 13:35,1,2,2,6,28.3
15831,12/10/2011,1/19/2011 14:52,10/12/2011 13:14,59,3,68,63,1105,801.76,267.2533,1/19/2011 14:44,1/19/2011 14:44,1,1,1,8,54
15832,12/10/2011,3/30/2011 15:29,3/30/2011 15:29,255,1,54,54,465,836.79,836.79,NULL,NULL,0,0,0,0,0
15834,12/10/2011,3/7/2011 17:52,9/30/2011 14:41,71,4,272,241,963,2231.25,557.8125,12/2/2010 16:45,6/23/2011 14:20,2,3,3,4,148.85
15835,12/10/2011,1/13/2011 10:35,10/26/2011 15:47,45,4,50,47,439,954.09,238.5225,NULL,NULL,0,0,0,0,0
15836,12/10/2011,10/20/2011 17:13,10/20/2011 17:13,51,1,10,10,26,137.37,137.37,10/25/2011 15:37,10/25/2011 15:37,1,2,2,2,19.9
15837,12/10/2011,10/6/2011 9:01,10/6/2011 9:01,65,1,24,24,189,391.98,391.98,NULL,NULL,0,0,0,0,0
15838,12/10/2011,12/7/2010 11:26,11/28/2011 14:00,12,19,167,54,18368,33643.08,1770.6884,12/2/2010 14:23,8/25/2011 14:07,2,2,2,9361,292.32
15839,12/10/2011,7/14/2011 16:35,11/6/2011 13:54,34,3,62,56,675,1048.49,349.4967,11/10/2011 11:57,11/14/2011 13:25,2,3,2,5,27.75
15840,12/10/2011,6/20/2011 11:42,10/12/2011 9:08,59,2,27,26,396,355.56,177.78,6/22/2011 10:39,6/22/2011 10:39,1,1,1,2,9.9
15841,12/10/2011,1/5/2011 11:25,9/28/2011 12:15,73,4,47,36,942,1224.06,306.015,6/2/2011 13:27,10/6/2011 18:31,2,3,3,16,14.96
15843,12/10/2011,2/9/2011 10:19,2/9/2011 10:19,304,1,8,8,27,118.95,118.95,NULL,NULL,0,0,0,0,0
15844,12/10/2011,10/24/2011 15:19,10/24/2011 15:19,47,1,11,11,134,130.74,130.74,NULL,NULL,0,0,0,0,0
15845,12/10/2011,1/6/2011 17:19,11/22/2011 9:42,18,8,138,97,1926,3711.77,463.9713,4/28/2011 18:27,7/28/2011 13:40,2,2,2,8,60.9
15847,12/10/2011,2/24/2011 16:46,11/1/2011 14:41,39,2,22,22,449,389.27,194.635,NULL,NULL,0,0,0,0,0
15850,12/10/2011,6/24/2011 14:16,11/20/2011 14:14,20,2,97,87,302,238.85,119.425,NULL,NULL,0,0,0,0,0
15852,12/10/2011,5/26/2011 13:26,6/6/2011 11:22,187,2,22,22,48,160.71,80.355,NULL,NULL,0,0,0,0,0
15853,12/10/2011,10/19/2011 10:38,10/19/2011 10:38,52,1,30,29,135,110.8,110.8,NULL,NULL,0,0,0,0,0
15854,12/10/2011,12/13/2010 11:47,12/5/2011 13:39,5,12,140,105,939,2974.65,247.8875,NULL,NULL,0,0,0,0,0
15855,12/10/2011,3/21/2011 12:32,7/26/2011 10:20,137,5,80,59,470,712.24,142.448,NULL,NULL,0,0,0,0,0
15856,12/10/2011,12/9/2010 13:34,12/5/2011 17:09,5,27,644,294,11002,16386.31,606.9004,12/23/2010 14:49,10/14/2011 14:22,4,8,8,64,213.9
15857,12/10/2011,11/21/2011 12:18,11/21/2011 12:18,19,1,14,14,308,297,297,NULL,NULL,0,0,0,0,0
15858,12/10/2011,12/7/2010 14:31,11/24/2011 12:48,16,5,191,145,1167,1438.85,287.77,NULL,NULL,0,0,0,0,0
15860,12/10/2011,12/6/2010 11:38,10/30/2011 11:25,41,8,142,105,440,977.21,122.1513,NULL,NULL,0,0,0,0,0
15861,12/10/2011,3/17/2011 20:12,11/27/2011 15:59,13,8,546,339,2544,3165.36,395.67,11/17/2011 20:01,11/17/2011 20:01,1,1,1,1,165
15862,12/10/2011,12/1/2010 11:21,12/1/2011 13:28,9,4,147,142,585,832.88,208.22,NULL,NULL,0,0,0,0,0
15863,12/10/2011,5/31/2011 11:36,11/14/2011 12:49,26,2,18,18,19,68.84,34.42,NULL,NULL,0,0,0,0,0
15864,12/10/2011,1/27/2011 16:43,11/17/2011 13:32,23,6,20,16,1192,1936.32,322.72,2/1/2011 10:22,11/17/2011 13:31,2,4,4,148,166.54
15865,12/10/2011,5/10/2011 11:44,10/30/2011 12:43,41,3,40,37,368,895.13,298.3767,NULL,NULL,0,0,0,0,0
15866,12/10/2011,8/30/2011 14:09,8/30/2011 14:09,102,1,45,43,126,230.53,230.53,NULL,NULL,0,0,0,0,0
15867,12/10/2011,12/5/2010 14:17,12/4/2011 13:32,6,15,459,301,2041,3806.1,253.74,12/4/2011 13:37,12/4/2011 13:37,1,2,2,2,14.85
15869,12/10/2011,3/7/2011 17:19,3/7/2011 17:23,278,2,15,13,175,149.64,74.82,NULL,NULL,0,0,0,0,0
15870,12/10/2011,11/7/2011 10:58,11/7/2011 10:58,33,1,76,68,335,354.09,354.09,NULL,NULL,0,0,0,0,0
15872,12/10/2011,11/25/2011 11:54,11/25/2011 11:55,15,2,128,101,212,360.93,180.465,NULL,NULL,0,0,0,0,0
15874,12/10/2011,2/28/2011 13:28,10/7/2011 12:31,64,7,120,110,2534,4405.88,629.4114,4/4/2011 9:02,10/7/2011 12:58,2,17,16,28,75.21
15877,12/10/2011,11/22/2011 11:18,12/8/2011 11:53,2,2,129,122,371,493.28,246.64,12/8/2011 11:57,12/8/2011 11:57,1,2,2,125,52.5
15880,12/10/2011,12/5/2010 13:00,12/5/2010 13:00,370,1,105,95,211,343.28,343.28,12/5/2010 13:09,12/5/2010 13:09,1,1,1,24,30
15881,12/10/2011,12/10/2010 13:32,1/31/2011 16:59,313,5,29,26,260,501.39,100.278,12/13/2010 10:40,1/31/2011 16:57,3,3,3,61,63.15
15882,12/10/2011,12/6/2010 13:01,5/25/2011 11:35,199,4,22,22,264,514.08,128.52,12/6/2010 13:12,12/6/2010 13:12,1,1,1,10,21
15883,12/10/2011,11/6/2011 14:50,12/7/2011 17:05,3,2,49,42,223,396.48,198.24,NULL,NULL,0,0,0,0,0
15885,12/10/2011,9/7/2011 14:56,9/7/2011 14:56,94,1,16,16,109,349.35,349.35,NULL,NULL,0,0,0,0,0
15886,12/10/2011,10/10/2011 14:25,10/10/2011 14:25,61,1,12,12,147,181.09,181.09,NULL,NULL,0,0,0,0,0
15888,12/10/2011,9/20/2011 12:30,9/20/2011 12:30,81,1,10,10,67,162.64,162.64,9/21/2011 9:44,9/21/2011 9:44,1,2,2,16,27.04
15889,12/10/2011,12/5/2010 15:12,7/6/2011 11:10,157,2,91,78,209,427.57,213.785,NULL,NULL,0,0,0,0,0
15891,12/10/2011,4/27/2011 12:35,4/27/2011 12:35,227,1,61,59,441,521.97,521.97,NULL,NULL,0,0,0,0,0
15894,12/10/2011,12/5/2010 14:06,3/31/2011 13:50,254,2,40,34,167,262.9,131.45,NULL,NULL,0,0,0,0,0
15895,12/10/2011,7/13/2011 10:27,7/13/2011 10:27,150,1,11,11,94,179.17,179.17,NULL,NULL,0,0,0,0,0
15897,12/10/2011,5/29/2011 13:32,5/29/2011 13:50,195,2,24,17,261,222.05,111.025,NULL,NULL,0,0,0,0,0
15898,12/10/2011,12/6/2010 11:01,12/8/2011 15:23,2,5,86,70,570,1388.88,277.776,5/3/2011 12:38,5/3/2011 12:38,1,1,1,2,4.2
15899,12/10/2011,12/6/2010 10:36,12/6/2010 10:36,369,1,4,4,39,56.25,56.25,NULL,NULL,0,0,0,0,0
15900,12/10/2011,11/16/2011 12:19,11/16/2011 12:19,24,1,51,44,221,351.11,351.11,NULL,NULL,0,0,0,0,0
15901,12/10/2011,7/8/2011 12:18,11/23/2011 12:43,17,3,114,101,377,361.9,120.6333,NULL,NULL,0,0,0,0,0
15903,12/10/2011,2/17/2011 14:04,11/30/2011 8:08,10,7,74,46,2410,5126.76,732.3943,3/7/2011 13:40,3/7/2011 13:40,1,1,1,1,0.42
15904,12/10/2011,12/1/2011 14:50,12/1/2011 14:50,9,1,30,30,84,164.68,164.68,NULL,NULL,0,0,0,0,0
15906,12/10/2011,3/29/2011 13:28,11/20/2011 12:24,20,7,150,113,544,1567.69,223.9557,3/29/2011 13:18,3/29/2011 13:18,1,1,1,6,45.9
15907,12/10/2011,5/13/2011 13:01,12/6/2011 12:21,4,3,248,174,508,966.6,322.2,NULL,NULL,0,0,0,0,0
15909,12/10/2011,6/19/2011 10:38,6/19/2011 10:38,174,1,7,7,98,191.94,191.94,NULL,NULL,0,0,0,0,0
15910,12/10/2011,1/27/2011 11:55,12/9/2011 10:51,1,8,267,215,1015,1232.18,154.0225,NULL,NULL,0,0,0,0,0
15912,12/10/2011,4/20/2011 17:10,6/14/2011 14:29,179,2,19,19,185,264.62,132.31,NULL,NULL,0,0,0,0,0
15916,12/10/2011,12/8/2010 13:07,11/23/2011 13:46,17,8,155,124,757,1528.09,191.0113,12/8/2010 12:49,11/9/2011 15:19,2,5,5,5,36.85
15917,12/10/2011,4/6/2011 10:40,4/6/2011 10:40,248,1,12,12,42,123.1,123.1,NULL,NULL,0,0,0,0,0
15918,12/10/2011,3/13/2011 15:55,6/2/2011 11:42,191,2,40,33,153,334.23,167.115,NULL,NULL,0,0,0,0,0
15919,12/10/2011,12/6/2010 11:26,11/20/2011 11:28,20,2,143,103,545,639.89,319.945,NULL,NULL,0,0,0,0,0
15920,12/10/2011,7/8/2011 15:16,7/8/2011 15:25,155,3,58,52,94,163.55,54.5167,NULL,NULL,0,0,0,0,0
15921,12/10/2011,6/20/2011 11:03,6/20/2011 11:03,173,1,25,24,166,336.03,336.03,NULL,NULL,0,0,0,0,0
15922,12/10/2011,12/1/2010 13:51,12/1/2010 13:51,374,1,11,11,138,369.5,369.5,12/2/2010 13:05,12/2/2010 13:05,1,1,1,2,5.9
15923,12/10/2011,12/2/2010 12:16,12/2/2010 12:16,373,1,21,21,122,127.08,127.08,NULL,NULL,0,0,0,0,0
15925,12/10/2011,5/29/2011 15:35,5/29/2011 15:35,195,1,12,12,93,207.15,207.15,NULL,NULL,0,0,0,0,0
15930,12/10/2011,10/3/2011 14:52,10/3/2011 14:52,68,1,21,21,139,426.63,426.63,NULL,NULL,0,0,0,0,0
15932,12/10/2011,2/23/2011 14:50,12/5/2011 17:13,5,8,115,93,2325,2495.87,311.9838,3/3/2011 12:02,6/30/2011 10:33,3,4,4,14,34.02
15933,12/10/2011,9/14/2011 12:05,11/18/2011 13:14,22,3,74,63,885,1107.46,369.1533,NULL,NULL,0,0,0,0,0
15935,12/10/2011,4/14/2011 13:27,4/14/2011 13:27,240,1,11,11,114,108.04,108.04,NULL,NULL,0,0,0,0,0
15937,12/10/2011,10/6/2011 15:48,10/6/2011 15:48,65,1,7,7,73,145.35,145.35,NULL,NULL,0,0,0,0,0
15938,12/10/2011,1/20/2011 10:11,8/19/2011 12:56,113,5,18,13,240,404.58,80.916,NULL,NULL,0,0,0,0,0
15939,12/10/2011,1/12/2011 12:43,9/11/2011 11:30,90,14,75,27,4727,6100.01,435.715,1/21/2011 16:58,1/21/2011 16:58,1,1,1,3,12.75
15940,12/10/2011,2/1/2011 16:18,2/1/2011 16:18,312,1,1,1,4,35.8,35.8,NULL,NULL,0,0,0,0,0
15942,12/10/2011,7/29/2011 9:01,7/29/2011 9:01,134,1,14,14,232,337.44,337.44,NULL,NULL,0,0,0,0,0
15944,12/10/2011,3/8/2011 10:33,3/8/2011 10:33,277,1,6,6,50,325.1,325.1,NULL,NULL,0,0,0,0,0
15945,12/10/2011,12/9/2010 13:14,12/9/2010 13:14,366,1,2,2,52,181,181,NULL,NULL,0,0,0,0,0
15947,12/10/2011,9/18/2011 10:46,9/18/2011 10:46,83,1,29,29,898,1708.24,1708.24,NULL,NULL,0,0,0,0,0
15948,12/10/2011,10/27/2011 8:35,12/1/2011 15:32,9,2,60,51,567,955.24,477.62,NULL,NULL,0,0,0,0,0
15949,12/10/2011,9/29/2011 17:34,11/23/2011 9:09,17,2,19,12,284,364.72,182.36,NULL,NULL,0,0,0,0,0
15950,12/10/2011,12/15/2010 11:56,11/8/2011 11:09,32,4,98,86,729,1765.51,441.3775,12/8/2011 10:34,12/8/2011 10:34,1,5,5,7,60.25
15951,12/10/2011,2/27/2011 11:57,12/1/2011 8:34,9,2,41,36,313,708.22,354.11,12/8/2011 18:57,12/8/2011 18:57,1,2,2,7,38.65
15952,12/10/2011,4/28/2011 12:55,11/6/2011 11:18,34,4,91,65,399,806.57,201.6425,NULL,NULL,0,0,0,0,0
15953,12/10/2011,12/5/2010 15:15,11/24/2011 15:32,16,8,98,63,892,1659.38,207.4225,1/12/2011 11:04,11/14/2011 13:38,2,5,5,7,24.85
15955,12/10/2011,12/2/2010 11:22,11/15/2011 14:15,25,14,183,137,2135,4416.26,315.4471,6/1/2011 15:21,10/4/2011 17:32,2,2,2,11,26.45
15957,12/10/2011,11/8/2011 12:14,11/8/2011 12:14,32,1,42,40,211,428.89,428.89,NULL,NULL,0,0,0,0,0
15958,12/10/2011,9/26/2011 13:41,9/26/2011 13:41,75,1,7,7,33,104.35,104.35,NULL,NULL,0,0,0,0,0
15963,12/10/2011,10/25/2011 13:05,11/20/2011 11:33,20,2,28,26,298,470.76,235.38,NULL,NULL,0,0,0,0,0
15965,12/10/2011,12/7/2010 13:18,11/22/2011 16:44,18,4,122,88,453,845.64,211.41,NULL,NULL,0,0,0,0,0
15967,12/10/2011,1/25/2011 11:57,11/16/2011 15:41,24,2,84,73,211,418.83,209.415,NULL,NULL,0,0,0,0,0
15969,12/10/2011,6/7/2011 12:19,12/7/2011 11:06,3,3,20,20,124,666.1,222.0333,11/30/2011 15:43,11/30/2011 15:43,1,1,1,4,83.2
15970,12/10/2011,2/9/2011 12:08,2/9/2011 12:08,304,1,11,11,116,314.1,314.1,NULL,NULL,0,0,0,0,0
15971,12/10/2011,2/1/2011 16:47,11/22/2011 12:50,18,12,34,9,1716,4194.9,349.575,NULL,NULL,0,0,0,0,0
15973,12/10/2011,12/8/2010 11:42,12/8/2010 11:42,367,1,4,4,106,307.82,307.82,1/4/2011 17:14,4/18/2011 9:39,2,2,1,19,208.05
15974,12/10/2011,2/24/2011 10:10,10/31/2011 13:13,40,7,176,141,2262,3442.15,491.7357,3/9/2011 11:23,3/9/2011 11:23,1,1,1,6,12.6
15975,12/10/2011,9/16/2011 13:33,9/16/2011 13:33,85,1,24,24,243,371.01,371.01,NULL,NULL,0,0,0,0,0
15976,12/10/2011,5/3/2011 17:12,6/27/2011 13:00,166,2,98,83,277,430.94,215.47,NULL,NULL,0,0,0,0,0
15977,12/10/2011,10/31/2011 16:24,11/22/2011 13:29,18,2,65,48,1016,1054.73,527.365,NULL,NULL,0,0,0,0,0
15978,12/10/2011,9/23/2011 15:21,9/23/2011 15:21,78,1,49,49,888,1098.78,1098.78,NULL,NULL,0,0,0,0,0
15980,12/10/2011,3/30/2011 15:05,9/12/2011 9:41,89,3,43,40,1560,2398.86,799.62,NULL,NULL,0,0,0,0,0
15981,12/10/2011,2/1/2011 13:50,11/15/2011 8:00,25,8,97,53,1866,3408.48,426.06,NULL,NULL,0,0,0,0,0
15983,12/10/2011,12/1/2010 12:15,11/17/2011 17:34,23,4,113,82,892,1475.02,368.755,NULL,NULL,0,0,0,0,0
15984,12/10/2011,12/6/2010 13:21,12/7/2011 12:16,3,10,270,217,1843,2837.67,283.767,12/5/2011 15:28,12/5/2011 15:28,1,5,5,10,20.7
15985,12/10/2011,4/17/2011 11:04,8/8/2011 16:31,124,2,37,29,1086,1142.42,571.21,7/5/2011 14:53,7/5/2011 14:53,1,1,1,250,105
15986,12/10/2011,11/9/2011 15:17,11/9/2011 15:17,31,1,14,14,268,168.12,168.12,NULL,NULL,0,0,0,0,0
15987,12/10/2011,12/6/2010 8:34,11/27/2011 15:38,13,7,140,110,1556,1451.28,207.3257,NULL,NULL,0,0,0,0,0
15988,12/10/2011,11/20/2011 13:23,11/20/2011 13:23,20,1,27,26,181,158.03,158.03,NULL,NULL,0,0,0,0,0
15990,12/10/2011,2/25/2011 15:35,10/26/2011 15:58,45,2,52,52,443,792.11,396.055,NULL,NULL,0,0,0,0,0
15992,12/10/2011,12/6/2011 11:00,12/6/2011 11:00,4,1,3,3,17,41.99,41.99,NULL,NULL,0,0,0,0,0
15993,12/10/2011,10/26/2011 16:21,12/1/2011 10:45,9,7,551,334,2045,2788.87,398.41,11/14/2011 13:02,12/1/2011 10:41,3,8,8,9,40.75
15994,12/10/2011,10/16/2011 12:28,10/16/2011 12:28,55,1,35,31,177,427.07,427.07,NULL,NULL,0,0,0,0,0
15996,12/10/2011,12/8/2010 15:59,9/12/2011 15:14,89,6,130,103,384,1060.68,176.78,6/27/2011 12:16,6/27/2011 12:16,1,1,1,2,15.9
15998,12/10/2011,12/12/2010 13:32,11/3/2011 12:45,37,5,506,370,2041,3089.97,617.994,6/21/2011 10:39,6/21/2011 10:39,1,3,3,4,5.8
16000,12/10/2011,12/7/2011 12:14,12/7/2011 12:17,3,3,9,9,5110,12393.7,4131.2333,NULL,NULL,0,0,0,0,0
16003,12/10/2011,12/15/2010 12:09,11/10/2011 9:57,30,5,103,82,1185,2735.37,547.074,NULL,NULL,0,0,0,0,0
16005,12/10/2011,3/14/2011 11:46,11/27/2011 13:47,13,4,218,173,300,615.39,153.8475,NULL,NULL,0,0,0,0,0
16006,12/10/2011,5/12/2011 13:12,5/12/2011 13:12,212,1,8,8,84,101.4,101.4,NULL,NULL,0,0,0,0,0
16007,12/10/2011,5/8/2011 13:32,10/23/2011 11:05,48,4,385,221,1393,1701.94,425.485,NULL,NULL,0,0,0,0,0
16008,12/10/2011,5/19/2011 10:54,11/16/2011 10:32,24,3,33,29,323,478.78,159.5933,NULL,NULL,0,0,0,0,0
16009,12/10/2011,7/3/2011 11:26,11/17/2011 16:51,23,4,90,68,378,992.71,248.1775,NULL,NULL,0,0,0,0,0
16010,12/10/2011,12/12/2010 12:18,4/8/2011 10:14,246,3,86,62,210,407.5,135.8333,NULL,NULL,0,0,0,0,0
16011,12/10/2011,12/8/2010 16:34,12/1/2011 16:31,9,16,212,99,2042,3362.71,210.1694,NULL,NULL,0,0,0,0,0
16012,12/10/2011,7/7/2011 18:02,11/4/2011 13:25,36,3,94,87,799,1415.29,471.7633,NULL,NULL,0,0,0,0,0
16013,12/10/2011,12/3/2010 13:09,12/6/2011 10:36,4,47,139,30,15536,37130.6,790.0128,12/17/2010 9:37,11/8/2011 12:25,6,11,10,1690,3744.35
16014,12/10/2011,2/21/2011 17:42,11/2/2011 12:04,38,3,144,122,264,647.38,215.7933,11/4/2011 11:23,11/4/2011 11:23,1,3,3,4,9.25
16015,12/10/2011,10/21/2011 12:56,12/6/2011 10:58,4,3,181,145,908,705.1,235.0333,11/13/2011 11:56,11/13/2011 11:56,1,2,2,3,14.85
16016,12/10/2011,12/8/2010 12:36,12/6/2011 14:35,4,8,235,156,620,1508.76,188.595,12/8/2010 14:10,11/24/2011 18:05,2,2,2,2,25.45
16017,12/10/2011,10/23/2011 12:56,10/23/2011 12:56,48,1,32,26,102,211.88,211.88,NULL,NULL,0,0,0,0,0
16018,12/10/2011,6/12/2011 13:52,10/31/2011 14:13,40,2,28,26,190,408.9,204.45,NULL,NULL,0,0,0,0,0
16019,12/10/2011,12/10/2010 12:29,10/24/2011 11:51,47,9,160,133,1733,3786.24,420.6933,12/8/2011 10:06,12/8/2011 10:06,1,5,5,84,336
16020,12/10/2011,10/5/2011 13:54,11/23/2011 11:18,17,3,46,42,487,851.01,283.67,NULL,NULL,0,0,0,0,0
16022,12/10/2011,3/24/2011 13:16,3/24/2011 13:16,261,1,76,68,261,628.28,628.28,NULL,NULL,0,0,0,0,0
16023,12/10/2011,3/18/2011 13:32,10/24/2011 16:34,47,3,101,90,358,719.81,239.9367,NULL,NULL,0,0,0,0,0
16024,12/10/2011,11/27/2011 13:26,11/27/2011 13:26,13,1,62,60,378,245.96,245.96,NULL,NULL,0,0,0,0,0
16025,12/10/2011,11/10/2011 11:45,11/10/2011 11:45,30,1,28,28,338,439.66,439.66,NULL,NULL,0,0,0,0,0
16026,12/10/2011,10/27/2011 13:53,10/27/2011 13:53,44,1,32,30,243,236.09,236.09,NULL,NULL,0,0,0,0,0
16027,12/10/2011,2/10/2011 12:19,9/9/2011 10:47,92,6,16,11,1147,934.62,155.77,NULL,NULL,0,0,0,0,0
16029,12/10/2011,12/1/2010 9:57,11/1/2011 10:27,39,62,241,43,40207,72882.09,1175.5176,1/4/2011 13:47,10/11/2011 11:10,10,29,20,8057,14880.28
16030,12/10/2011,2/3/2011 11:28,2/3/2011 11:28,310,1,29,28,283,331.24,331.24,NULL,NULL,0,0,0,0,0
16031,12/10/2011,4/6/2011 14:23,9/8/2011 13:07,93,2,100,91,423,548.94,274.47,NULL,NULL,0,0,0,0,0
16033,12/10/2011,12/5/2010 10:36,12/4/2011 12:44,6,20,1137,538,3539,8816.4,440.82,2/7/2011 13:41,8/16/2011 12:14,7,15,15,23,88.79
16034,12/10/2011,1/11/2011 11:54,5/27/2011 16:17,197,3,22,18,242,437.7,145.9,NULL,NULL,0,0,0,0,0
16036,12/10/2011,3/21/2011 13:01,9/13/2011 14:53,88,2,55,55,716,758.92,379.46,NULL,NULL,0,0,0,0,0
16037,12/10/2011,12/16/2010 10:18,3/15/2011 9:13,270,3,39,37,428,855.02,285.0067,NULL,NULL,0,0,0,0,0
16038,12/10/2011,5/22/2011 11:29,12/2/2011 12:40,8,3,26,24,244,471.78,157.26,6/13/2011 16:15,6/13/2011 16:15,1,2,2,3,17.45
16040,12/10/2011,3/16/2011 9:58,10/5/2011 13:47,66,3,65,57,684,1313.55,437.85,NULL,NULL,0,0,0,0,0
16041,12/10/2011,7/21/2011 16:27,11/9/2011 12:25,31,3,6,6,1584,3166.4,1055.4667,NULL,NULL,0,0,0,0,0
16042,12/10/2011,1/11/2011 13:25,11/17/2011 17:50,23,5,71,68,755,1197.27,239.454,12/2/2010 12:50,12/9/2010 15:23,2,4,2,10,49.9
16043,12/10/2011,1/26/2011 11:14,11/2/2011 12:50,38,4,39,30,503,773.99,193.4975,NULL,NULL,0,0,0,0,0
16045,12/10/2011,2/22/2011 14:55,8/12/2011 12:41,120,4,83,71,897,1340.7,335.175,NULL,NULL,0,0,0,0,0
16048,12/10/2011,12/1/2010 15:27,12/1/2010 15:28,374,2,8,8,144,256.44,128.22,9/15/2011 10:12,9/15/2011 10:12,1,1,1,1,12.75
16049,12/10/2011,9/25/2011 14:33,10/30/2011 13:19,41,3,312,248,793,1111.79,370.5967,NULL,NULL,0,0,0,0,0
16050,12/10/2011,6/19/2011 11:44,6/19/2011 11:44,174,1,10,10,278,137.9,137.9,NULL,NULL,0,0,0,0,0
16052,12/10/2011,10/16/2011 15:13,10/16/2011 15:13,55,1,34,34,282,362.06,362.06,NULL,NULL,0,0,0,0,0
16053,12/10/2011,8/9/2011 14:57,11/7/2011 11:21,33,2,84,81,1793,1511.95,755.975,NULL,NULL,0,0,0,0,0
16054,12/10/2011,7/17/2011 13:08,7/17/2011 13:08,146,1,70,70,380,783.9,783.9,NULL,NULL,0,0,0,0,0
16055,12/10/2011,5/3/2011 9:26,5/3/2011 9:26,221,1,8,8,22,134.8,134.8,NULL,NULL,0,0,0,0,0
16056,12/10/2011,10/25/2011 15:19,10/25/2011 15:19,46,1,68,66,347,664.85,664.85,NULL,NULL,0,0,0,0,0
16057,12/10/2011,2/28/2011 10:35,11/23/2011 15:23,17,7,121,109,863,2263.12,323.3029,3/9/2011 15:08,12/5/2011 16:36,3,13,13,30,122.9
16059,12/10/2011,12/7/2010 10:36,10/5/2011 9:56,66,6,180,126,643,1459.86,243.31,NULL,NULL,0,0,0,0,0
16062,12/10/2011,12/10/2010 12:00,11/30/2011 12:15,10,4,64,50,800,1153.62,288.405,NULL,NULL,0,0,0,0,0
16063,12/10/2011,3/24/2011 14:55,3/24/2011 14:55,261,1,23,23,262,335.32,335.32,NULL,NULL,0,0,0,0,0
16065,12/10/2011,12/9/2010 13:03,12/9/2010 13:03,366,1,74,71,231,372.09,372.09,NULL,NULL,0,0,0,0,0
16066,12/10/2011,8/7/2011 14:33,11/23/2011 11:54,17,5,102,77,936,1521.87,304.374,NULL,NULL,0,0,0,0,0
16070,12/10/2011,11/7/2011 16:36,11/17/2011 15:50,23,2,33,32,457,852.15,426.075,NULL,NULL,0,0,0,0,0
16071,12/10/2011,10/26/2011 11:14,10/26/2011 11:14,45,1,21,21,180,326.24,326.24,NULL,NULL,0,0,0,0,0
16072,12/10/2011,2/24/2011 14:32,2/24/2011 14:32,289,1,23,23,140,584.32,584.32,NULL,NULL,0,0,0,0,0
16073,12/10/2011,2/15/2011 15:41,2/15/2011 15:41,298,1,1,1,48,122.4,122.4,2/21/2011 12:33,2/21/2011 12:33,1,1,1,11,28.05
16076,12/10/2011,5/15/2011 12:31,12/6/2011 14:59,4,10,129,71,1435,2234.73,223.473,9/8/2011 12:03,9/8/2011 12:03,1,2,1,72,61.2
16078,12/10/2011,3/1/2011 9:47,3/1/2011 9:47,284,1,1,1,16,79.2,79.2,NULL,NULL,0,0,0,0,0
16079,12/10/2011,10/30/2011 13:06,11/23/2011 12:48,17,3,21,18,864,1352,450.6667,NULL,NULL,0,0,0,0,0
16080,12/10/2011,3/10/2011 14:44,9/19/2011 10:42,82,2,10,10,128,217.16,108.58,3/21/2011 16:29,3/21/2011 16:29,1,1,1,24,40.56
16081,12/10/2011,12/8/2010 11:16,10/14/2011 13:06,57,5,227,175,1477,2806.9,561.38,NULL,NULL,0,0,0,0,0
16083,12/10/2011,12/14/2010 11:51,8/31/2011 10:47,101,2,31,31,908,1317.62,658.81,NULL,NULL,0,0,0,0,0
16084,12/10/2011,2/13/2011 16:05,2/13/2011 16:05,300,1,38,38,216,436.18,436.18,NULL,NULL,0,0,0,0,0
16085,12/10/2011,1/23/2011 12:07,11/16/2011 13:24,24,5,167,123,636,981.51,196.302,NULL,NULL,0,0,0,0,0
16086,12/10/2011,12/7/2010 13:45,10/11/2011 13:09,60,5,39,24,511,1121.39,224.278,5/24/2011 12:44,5/24/2011 12:44,1,1,1,1,2.08
16091,12/10/2011,5/25/2011 9:18,7/8/2011 8:45,155,2,18,16,154,315.06,157.53,NULL,NULL,0,0,0,0,0
16092,12/10/2011,3/30/2011 15:38,8/17/2011 10:46,115,3,51,37,628,817.86,272.62,6/7/2011 12:37,9/2/2011 11:46,2,2,2,26,38.5
16093,12/10/2011,8/25/2011 11:09,8/25/2011 11:09,107,1,1,1,20,17,17,NULL,NULL,0,0,0,0,0
16094,12/10/2011,5/4/2011 13:57,11/28/2011 12:45,12,4,63,48,647,1078.23,269.5575,1/6/2011 17:36,5/10/2011 15:58,2,4,3,14,36.4
16096,12/10/2011,3/20/2011 13:38,3/20/2011 13:38,265,1,12,12,155,320.62,320.62,NULL,NULL,0,0,0,0,0
16097,12/10/2011,4/13/2011 13:47,4/13/2011 13:47,241,1,10,10,87,185.05,185.05,NULL,NULL,0,0,0,0,0
16098,12/10/2011,12/1/2010 9:45,9/13/2011 9:59,88,7,67,34,613,2005.63,286.5186,NULL,NULL,0,0,0,0,0
16099,12/10/2011,4/28/2011 8:34,10/20/2011 13:13,51,3,39,29,434,731.9,243.9667,NULL,NULL,0,0,0,0,0
16101,12/10/2011,9/30/2011 10:18,9/30/2011 10:18,71,1,76,76,757,1290.7,1290.7,10/17/2011 11:46,11/30/2011 16:54,2,7,7,19,44.74
16102,12/10/2011,8/3/2011 12:50,10/28/2011 13:19,43,3,57,41,942,1842.14,614.0467,NULL,NULL,0,0,0,0,0
16103,12/10/2011,4/20/2011 12:28,12/2/2011 14:16,8,6,48,30,558,1429.64,238.2733,NULL,NULL,0,0,0,0,0
16104,12/10/2011,10/9/2011 10:23,10/9/2011 10:23,62,1,29,28,123,302.36,302.36,NULL,NULL,0,0,0,0,0
16105,12/10/2011,4/5/2011 10:13,4/5/2011 10:13,249,1,13,13,330,336.96,336.96,NULL,NULL,0,0,0,0,0
16106,12/10/2011,10/5/2011 10:37,10/5/2011 10:37,66,1,6,6,74,108.38,108.38,NULL,NULL,0,0,0,0,0
16107,12/10/2011,6/9/2011 18:42,11/22/2011 9:40,18,7,31,16,1176,3204.16,457.7371,NULL,NULL,0,0,0,0,0
16108,12/10/2011,9/16/2011 11:48,9/16/2011 11:48,85,1,48,48,615,842.5,842.5,9/16/2011 11:51,9/16/2011 11:51,1,1,1,16,26.4
16109,12/10/2011,2/4/2011 12:37,5/5/2011 9:17,219,2,18,18,612,611.88,305.94,NULL,NULL,0,0,0,0,0
16110,12/10/2011,2/1/2011 14:01,10/25/2011 14:35,46,3,354,283,733,1337.48,445.8267,NULL,NULL,0,0,0,0,0
16112,12/10/2011,1/5/2011 11:47,7/19/2011 14:28,144,4,16,15,574,195.74,48.935,NULL,NULL,0,0,0,0,0
16113,12/10/2011,6/9/2011 16:16,6/9/2011 16:16,184,1,30,30,176,161.38,161.38,NULL,NULL,0,0,0,0,0
16114,12/10/2011,6/22/2011 10:13,6/22/2011 10:13,171,1,8,8,43,135.75,135.75,NULL,NULL,0,0,0,0,0
16115,12/10/2011,2/20/2011 12:14,11/30/2011 11:32,10,8,284,169,1001,1667.97,208.4963,NULL,NULL,0,0,0,0,0
16116,12/10/2011,5/12/2011 12:01,5/12/2011 12:01,212,1,34,34,248,612.78,612.78,5/18/2011 9:23,5/18/2011 9:23,1,1,1,2,19.9
16117,12/10/2011,6/3/2011 11:42,6/3/2011 11:42,190,1,30,30,130,232.21,232.21,NULL,NULL,0,0,0,0,0
16119,12/10/2011,9/28/2011 10:15,12/1/2011 15:11,9,2,16,14,240,423.36,211.68,NULL,NULL,0,0,0,0,0
16120,12/10/2011,10/11/2011 14:10,10/11/2011 14:22,60,4,30,26,878,1309.14,327.285,10/11/2011 14:14,10/11/2011 14:14,1,2,2,12,15
16121,12/10/2011,5/8/2011 11:52,10/13/2011 12:59,58,2,212,170,586,867.11,433.555,NULL,NULL,0,0,0,0,0
16122,12/10/2011,12/8/2010 11:41,9/27/2011 15:34,74,4,38,26,1128,684.42,171.105,NULL,NULL,0,0,0,0,0
16123,12/10/2011,10/19/2011 9:18,10/19/2011 9:18,52,1,16,16,170,307.78,307.78,NULL,NULL,0,0,0,0,0
16124,12/10/2011,1/26/2011 14:45,1/26/2011 14:45,318,1,11,11,48,249,249,1/27/2011 16:05,1/27/2011 16:05,1,5,5,7,61.85
16125,12/10/2011,12/7/2010 15:48,12/7/2010 15:48,368,1,13,13,124,289.35,289.35,NULL,NULL,0,0,0,0,0
16126,12/10/2011,2/16/2011 11:18,11/10/2011 16:03,30,4,117,57,2125,6287.77,1571.9425,NULL,NULL,0,0,0,0,0
16127,12/10/2011,10/31/2011 13:58,10/31/2011 13:58,40,1,40,40,323,656.25,656.25,NULL,NULL,0,0,0,0,0
16128,12/10/2011,3/2/2011 12:21,11/22/2011 11:14,18,5,89,76,988,1880.22,376.044,NULL,NULL,0,0,0,0,0
16131,12/10/2011,4/14/2011 8:32,10/19/2011 11:53,52,6,78,55,1802,3506.54,584.4233,NULL,NULL,0,0,0,0,0
16133,12/10/2011,1/25/2011 15:55,12/6/2011 11:24,4,33,338,219,8887,14589.04,442.0921,1/27/2011 17:23,11/10/2011 12:38,13,26,23,150,283.38
16134,12/10/2011,12/15/2010 14:00,11/18/2011 10:05,22,2,35,34,371,618.09,309.045,12/20/2010 17:24,12/20/2010 17:24,1,3,3,14,14.4
16135,12/10/2011,3/22/2011 12:30,3/22/2011 12:30,263,1,21,21,209,517.55,517.55,NULL,NULL,0,0,0,0,0
16136,12/10/2011,3/7/2011 9:52,10/11/2011 9:10,60,3,37,35,440,709.38,236.46,NULL,NULL,0,0,0,0,0
16139,12/10/2011,5/17/2011 10:23,11/21/2011 8:37,19,3,31,25,330,635.41,211.8033,NULL,NULL,0,0,0,0,0
16140,12/10/2011,12/3/2010 14:40,10/5/2011 12:15,66,2,35,32,730,725.18,362.59,10/18/2011 10:58,10/18/2011 10:58,1,1,1,2,17
16141,12/10/2011,9/12/2011 13:11,9/12/2011 13:11,89,1,30,30,238,620.4,620.4,NULL,NULL,0,0,0,0,0
16142,12/10/2011,4/4/2011 10:16,4/4/2011 10:16,250,1,37,37,422,535.34,535.34,NULL,NULL,0,0,0,0,0
16143,12/10/2011,12/5/2010 15:18,12/6/2011 14:13,4,6,117,75,919,2424.94,404.1567,12/14/2010 10:00,12/14/2010 10:00,1,1,1,2,5.1
16144,12/10/2011,4/7/2011 10:09,4/7/2011 10:09,247,1,1,1,16,175.2,175.2,NULL,NULL,0,0,0,0,0
16145,12/10/2011,12/15/2010 9:09,12/1/2011 10:33,9,11,224,134,3123,3799.49,345.4082,12/20/2010 14:09,9/9/2011 16:36,7,13,10,51,57.51
16146,12/10/2011,4/21/2011 15:25,7/5/2011 14:20,158,3,29,26,427,734.13,244.71,NULL,NULL,0,0,0,0,0
16147,12/10/2011,7/29/2011 9:57,7/29/2011 9:57,134,1,22,22,246,375,375,NULL,NULL,0,0,0,0,0
16148,12/10/2011,2/16/2011 14:01,2/16/2011 14:01,297,1,1,1,72,76.32,76.32,NULL,NULL,0,0,0,0,0
16149,12/10/2011,7/20/2011 14:54,12/5/2011 11:29,5,2,18,18,308,280.52,140.26,NULL,NULL,0,0,0,0,0
16150,12/10/2011,12/2/2010 18:27,10/28/2011 12:39,43,5,117,91,1047,2053.02,410.604,1/7/2011 9:25,11/1/2011 9:29,5,19,17,43,146.95
16152,12/10/2011,3/16/2011 9:47,3/16/2011 9:47,269,1,29,29,642,1829.04,1829.04,NULL,NULL,0,0,0,0,0
16153,12/10/2011,12/20/2010 9:22,10/21/2011 10:50,50,5,89,78,1073,1824.23,364.846,NULL,NULL,0,0,0,0,0
16156,12/10/2011,2/2/2011 12:02,12/1/2011 12:42,9,9,130,108,1308,3122.04,346.8933,3/20/2011 11:19,9/29/2011 13:29,4,8,8,37,89.8
16157,12/10/2011,9/28/2011 11:48,11/24/2011 11:41,16,3,18,12,347,656.69,218.8967,10/19/2011 14:19,10/19/2011 14:19,1,1,1,3,12.45
16159,12/10/2011,3/3/2011 12:27,3/3/2011 12:27,282,1,14,14,236,348.2,348.2,NULL,NULL,0,0,0,0,0
16160,12/10/2011,9/15/2011 10:53,10/5/2011 14:19,66,2,20,20,1162,1025.44,512.72,9/22/2011 10:12,10/6/2011 18:30,2,2,2,9,15.99
16161,12/10/2011,12/6/2010 10:03,12/8/2011 12:10,2,19,471,285,2596,5530.56,291.0821,12/6/2010 9:40,11/14/2011 15:10,6,27,26,58,178.84
16162,12/10/2011,4/1/2011 15:03,4/1/2011 15:03,253,1,2,2,4,37.4,37.4,NULL,NULL,0,0,0,0,0
16163,12/10/2011,12/9/2010 16:28,4/21/2011 15:15,233,2,6,5,192,856.6,428.3,4/28/2011 19:43,4/28/2011 19:43,1,1,1,100,415
16164,12/10/2011,10/28/2011 9:12,11/22/2011 15:04,18,3,34,27,433,822.48,274.16,11/1/2011 10:13,11/1/2011 10:13,1,1,1,1,19.95
16168,12/10/2011,12/5/2010 11:38,11/29/2011 12:45,11,27,98,57,1892,3787.6,140.2815,11/18/2011 15:32,11/18/2011 15:32,1,1,1,4,17
16169,12/10/2011,9/25/2011 11:33,12/1/2011 15:28,9,4,85,71,1325,1822.97,455.7425,NULL,NULL,0,0,0,0,0
16170,12/10/2011,4/5/2011 13:42,10/20/2011 8:21,51,6,125,106,1770,1885.05,314.175,6/17/2011 11:13,6/17/2011 11:13,1,2,2,4,4.63
16171,12/10/2011,10/11/2011 14:51,10/11/2011 14:51,60,1,3,3,24,73.2,73.2,NULL,NULL,0,0,0,0,0
16172,12/10/2011,4/12/2011 12:02,9/5/2011 13:22,96,5,69,52,787,1140.21,228.042,NULL,NULL,0,0,0,0,0
16173,12/10/2011,9/2/2011 15:23,11/24/2011 10:53,16,6,84,70,575,1418.32,236.3867,9/9/2011 12:52,9/9/2011 12:52,1,3,3,4,11.75
16174,12/10/2011,7/11/2011 9:23,8/5/2011 13:26,127,3,23,19,651,1009.55,336.5167,NULL,NULL,0,0,0,0,0
16175,12/10/2011,4/13/2011 14:38,9/6/2011 14:32,95,4,58,45,533,1037.59,259.3975,NULL,NULL,0,0,0,0,0
16177,12/10/2011,10/20/2011 12:57,10/20/2011 12:57,51,1,15,15,95,331.95,331.95,NULL,NULL,0,0,0,0,0
16178,12/10/2011,7/24/2011 16:05,7/24/2011 16:05,139,1,8,8,94,197.9,197.9,NULL,NULL,0,0,0,0,0
16179,12/10/2011,10/10/2011 9:41,10/10/2011 9:41,61,1,11,11,99,215.83,215.83,NULL,NULL,0,0,0,0,0
16180,12/10/2011,4/1/2011 10:23,8/31/2011 16:28,101,8,162,90,5867,10254.18,1281.7725,8/3/2011 10:47,8/11/2011 10:12,2,14,7,14,36.7
16181,12/10/2011,9/27/2011 13:38,9/27/2011 13:38,74,1,11,11,152,305.54,305.54,NULL,NULL,0,0,0,0,0
16182,12/10/2011,2/18/2011 10:11,9/28/2011 13:23,73,4,28,17,3791,6617.65,1654.4125,NULL,NULL,0,0,0,0,0
16183,12/10/2011,10/3/2011 14:59,10/3/2011 14:59,68,1,15,15,113,338.71,338.71,NULL,NULL,0,0,0,0,0
16184,12/10/2011,5/12/2011 13:33,10/6/2011 17:43,65,6,45,26,561,1158.79,193.1317,8/22/2011 15:00,8/22/2011 15:00,1,1,1,1,3.25
16185,12/10/2011,4/21/2011 11:59,11/23/2011 9:41,17,2,31,31,260,529.41,264.705,NULL,NULL,0,0,0,0,0
16186,12/10/2011,12/2/2010 14:40,11/17/2011 12:43,23,12,218,87,3020,4006.94,333.9117,6/21/2011 17:42,6/21/2011 17:42,1,1,1,12,15
16187,12/10/2011,2/28/2011 13:34,11/8/2011 9:50,32,15,295,160,5048,6911.44,460.7627,9/2/2011 17:53,9/12/2011 18:19,2,2,2,44,70.2
16188,12/10/2011,4/11/2011 9:44,10/26/2011 12:19,45,4,67,65,782,981.86,245.465,NULL,NULL,0,0,0,0,0
16189,12/10/2011,9/15/2011 15:21,11/24/2011 11:47,16,2,11,9,134,215.48,107.74,NULL,NULL,0,0,0,0,0
16190,12/10/2011,10/30/2011 15:59,10/30/2011 15:59,41,1,6,6,88,215.08,215.08,NULL,NULL,0,0,0,0,0
16191,12/10/2011,12/14/2010 12:38,12/7/2011 11:26,3,13,134,65,3351,5180.52,398.5015,1/6/2011 18:01,11/24/2011 11:05,11,16,12,147,263.95
16193,12/10/2011,4/17/2011 11:45,4/17/2011 11:45,237,1,19,19,219,314.45,314.45,NULL,NULL,0,0,0,0,0
16198,12/10/2011,9/25/2011 14:58,9/25/2011 14:58,76,1,14,14,128,400.68,400.68,NULL,NULL,0,0,0,0,0
16200,12/10/2011,6/28/2011 15:47,12/5/2011 14:40,5,2,179,149,523,1080.62,540.31,NULL,NULL,0,0,0,0,0
16201,12/10/2011,8/22/2011 10:47,12/6/2011 16:02,4,4,111,74,1286,1863.47,465.8675,11/23/2011 11:06,11/23/2011 11:06,1,4,4,19,41.95
16202,12/10/2011,12/14/2010 10:43,12/14/2010 10:43,361,1,18,18,191,365.27,365.27,NULL,NULL,0,0,0,0,0
16203,12/10/2011,12/2/2010 15:39,10/12/2011 12:31,59,4,35,27,262,592.9,148.225,1/11/2011 11:50,1/11/2011 11:50,1,1,1,1,3.75
16204,12/10/2011,11/16/2011 13:40,11/16/2011 13:40,24,1,57,45,231,405.71,405.71,NULL,NULL,0,0,0,0,0
16205,12/10/2011,6/13/2011 11:33,11/9/2011 9:32,31,4,97,72,513,754.78,188.695,NULL,NULL,0,0,0,0,0
16206,12/10/2011,1/16/2011 11:07,10/16/2011 10:41,55,4,63,52,272,537.06,134.265,NULL,NULL,0,0,0,0,0
16207,12/10/2011,11/14/2011 13:51,11/14/2011 13:51,26,1,19,19,140,394.38,394.38,NULL,NULL,0,0,0,0,0
16208,12/10/2011,2/23/2011 13:37,10/26/2011 11:36,45,2,66,61,333,664.26,332.13,NULL,NULL,0,0,0,0,0
16209,12/10/2011,4/7/2011 12:23,9/12/2011 11:58,89,5,45,36,1178,2247.62,449.524,NULL,NULL,0,0,0,0,0
16210,12/10/2011,12/1/2010 12:27,12/8/2011 12:36,2,17,122,73,7558,21076.3,1239.7824,NULL,NULL,0,0,0,0,0
16211,12/10/2011,9/12/2011 12:11,9/12/2011 12:11,89,1,23,23,154,547.02,547.02,9/19/2011 16:23,9/19/2011 16:23,1,1,1,1,4.25
16212,12/10/2011,3/1/2011 12:51,11/20/2011 13:00,20,2,41,40,244,690.34,345.17,3/3/2011 14:14,3/3/2011 14:14,1,2,2,3,9.15
16213,12/10/2011,9/22/2011 10:03,9/22/2011 10:03,79,1,6,6,48,159,159,NULL,NULL,0,0,0,0,0
16214,12/10/2011,3/15/2011 13:23,6/22/2011 11:30,171,3,44,36,420,1062.75,354.25,NULL,NULL,0,0,0,0,0
16215,12/10/2011,9/20/2011 10:18,9/20/2011 10:18,81,1,14,14,104,242.35,242.35,NULL,NULL,0,0,0,0,0
16216,12/10/2011,3/17/2011 15:34,3/17/2011 15:34,268,1,37,37,254,914.93,914.93,NULL,NULL,0,0,0,0,0
16217,12/10/2011,3/2/2011 15:28,4/18/2011 13:31,236,2,15,13,91,304.25,152.125,3/17/2011 18:31,3/17/2011 18:31,1,3,3,14,37.8
16218,12/10/2011,12/1/2010 11:29,11/10/2011 9:59,30,7,84,56,2088,3084.68,440.6686,6/7/2011 15:28,6/7/2011 15:28,1,6,6,11,29.81
16221,12/10/2011,12/7/2010 13:13,11/3/2011 11:43,37,3,97,90,717,864.86,288.2867,NULL,NULL,0,0,0,0,0
16222,12/10/2011,1/25/2011 13:38,1/25/2011 13:38,319,1,137,120,365,846.72,846.72,NULL,NULL,0,0,0,0,0
16224,12/10/2011,4/4/2011 12:00,10/13/2011 17:51,58,4,96,90,1116,1295.3,323.825,NULL,NULL,0,0,0,0,0
16225,12/10/2011,3/7/2011 12:17,10/26/2011 8:30,45,5,134,109,493,1096.32,219.264,NULL,NULL,0,0,0,0,0
16226,12/10/2011,4/18/2011 12:58,5/20/2011 14:41,204,3,8,6,192,255.12,85.04,NULL,NULL,0,0,0,0,0
16227,12/10/2011,4/28/2011 13:33,4/28/2011 13:33,226,1,6,6,90,314.22,314.22,5/4/2011 16:27,5/4/2011 16:27,1,1,1,2,5.9
16229,12/10/2011,5/11/2011 10:18,9/13/2011 17:16,88,2,47,46,318,1010.6,505.3,NULL,NULL,0,0,0,0,0
16230,12/10/2011,5/3/2011 15:12,6/3/2011 10:06,190,2,35,32,365,542.03,271.015,NULL,NULL,0,0,0,0,0
16232,12/10/2011,5/8/2011 14:05,10/27/2011 12:16,44,4,37,24,550,990.88,247.72,11/7/2011 11:12,11/7/2011 11:12,1,1,1,3,7.65
16233,12/10/2011,12/8/2010 12:51,9/29/2011 17:27,72,3,22,22,174,536.68,178.8933,12/14/2010 16:39,12/16/2010 14:30,2,3,2,9,114.55
16235,12/10/2011,1/11/2011 15:42,10/30/2011 10:56,41,4,45,41,329,857.31,214.3275,1/14/2011 16:58,1/14/2011 16:58,1,2,2,2,8.9
16236,12/10/2011,9/22/2011 14:10,9/22/2011 14:10,79,1,20,20,184,432.2,432.2,NULL,NULL,0,0,0,0,0
16239,12/10/2011,6/3/2011 9:30,10/14/2011 8:29,57,2,19,18,228,414.2,207.1,6/26/2011 11:43,6/26/2011 11:43,1,2,2,10,41.3
16240,12/10/2011,9/23/2011 13:44,11/15/2011 14:30,25,2,135,126,1641,3718.8,1859.4,9/30/2011 10:42,12/1/2011 14:02,3,7,6,7,24.99
16241,12/10/2011,12/5/2010 11:04,11/30/2011 11:08,10,13,662,347,1453,2607.87,200.6054,NULL,NULL,0,0,0,0,0
16242,12/10/2011,3/7/2011 17:04,12/1/2011 15:12,9,7,294,184,1982,3603.21,514.7443,5/9/2011 14:47,5/9/2011 14:47,1,1,1,1,4.95
16243,12/10/2011,10/16/2011 12:09,11/6/2011 12:32,34,2,51,49,110,409.1,204.55,NULL,NULL,0,0,0,0,0
16244,12/10/2011,12/2/2010 11:41,5/12/2011 10:18,212,2,91,88,855,1522.75,761.375,NULL,NULL,0,0,0,0,0
16245,12/10/2011,3/28/2011 9:30,11/16/2011 10:14,24,3,90,80,1014,1413.66,471.22,4/7/2011 12:45,10/6/2011 19:52,2,3,3,6,61.3
16247,12/10/2011,6/22/2011 14:23,6/22/2011 14:23,171,1,16,16,182,114.56,114.56,NULL,NULL,0,0,0,0,0
16248,12/10/2011,10/9/2011 11:32,10/9/2011 11:32,62,1,7,7,78,152.94,152.94,NULL,NULL,0,0,0,0,0
16249,12/10/2011,4/14/2011 13:50,10/18/2011 10:07,53,5,69,67,950,1800.07,360.014,NULL,NULL,0,0,0,0,0
16250,12/10/2011,12/1/2010 9:59,3/23/2011 15:07,262,2,24,22,208,389.44,194.72,NULL,NULL,0,0,0,0,0
16253,12/10/2011,3/29/2011 13:33,10/4/2011 9:09,67,2,123,114,3233,3683.86,1841.93,NULL,NULL,0,0,0,0,0
16255,12/10/2011,12/9/2010 14:25,11/23/2011 12:40,17,8,270,146,1767,2619.91,327.4888,7/20/2011 11:40,8/8/2011 12:38,2,4,4,7,10.61
16256,12/10/2011,3/18/2011 12:18,3/18/2011 12:18,267,1,13,13,581,752.43,752.43,3/27/2011 12:14,3/27/2011 12:14,1,1,1,4,19.8
16257,12/10/2011,6/16/2011 10:11,6/16/2011 10:11,177,1,1,1,1,21.95,21.95,NULL,NULL,0,0,0,0,0
16258,12/10/2011,5/4/2011 14:33,10/25/2011 13:30,46,5,135,111,2994,5203.51,1040.702,NULL,NULL,0,0,0,0,0
16260,12/10/2011,10/20/2011 9:40,10/20/2011 9:40,51,1,18,18,311,1035.45,1035.45,NULL,NULL,0,0,0,0,0
16261,12/10/2011,4/7/2011 19:05,11/22/2011 17:23,18,4,124,98,306,746.83,186.7075,NULL,NULL,0,0,0,0,0
16265,12/10/2011,12/10/2010 10:21,11/30/2011 16:41,10,9,256,163,2644,5347,594.1111,2/11/2011 15:16,5/5/2011 9:58,2,2,2,19,23.85
16266,12/10/2011,5/17/2011 14:50,9/27/2011 12:08,74,7,61,44,398,861.89,123.1271,NULL,NULL,0,0,0,0,0
16268,12/10/2011,9/29/2011 18:30,9/29/2011 18:30,72,2,44,44,532,617.65,308.825,NULL,NULL,0,0,0,0,0
16270,12/10/2011,12/21/2010 14:26,12/21/2010 14:26,354,1,54,54,688,1141.24,1141.24,NULL,NULL,0,0,0,0,0
16271,12/10/2011,12/16/2010 16:36,11/24/2011 12:12,16,4,132,88,1037,1414.24,353.56,7/20/2011 10:35,7/20/2011 10:35,1,1,1,1,5.95
16272,12/10/2011,8/15/2011 10:53,8/15/2011 10:53,117,1,25,25,224,411.7,411.7,NULL,NULL,0,0,0,0,0
16274,12/10/2011,12/1/2010 15:35,12/1/2010 15:35,374,1,65,63,153,337.75,337.75,NULL,NULL,0,0,0,0,0
16275,12/10/2011,5/27/2011 12:41,5/27/2011 12:41,197,1,33,33,336,559.87,559.87,NULL,NULL,0,0,0,0,0
16276,12/10/2011,6/16/2011 9:34,6/16/2011 9:34,177,1,6,6,420,810.6,810.6,NULL,NULL,0,0,0,0,0
16278,12/10/2011,8/31/2011 17:12,8/31/2011 17:12,101,1,23,23,114,566.38,566.38,9/6/2011 13:59,11/16/2011 16:09,2,2,2,5,28.55
16279,12/10/2011,6/16/2011 11:50,11/18/2011 15:00,22,3,107,102,1054,1509.58,503.1933,1/10/2011 9:56,1/10/2011 9:56,1,2,2,2,12.9
16281,12/10/2011,9/28/2011 14:57,9/28/2011 14:57,73,1,17,17,934,2062.06,2062.06,NULL,NULL,0,0,0,0,0
16282,12/10/2011,1/4/2011 11:42,1/4/2011 11:42,340,1,11,11,114,168.3,168.3,NULL,NULL,0,0,0,0,0
16283,12/10/2011,5/15/2011 13:37,12/4/2011 12:08,6,5,165,116,1234,1569.11,313.822,7/10/2011 12:11,12/4/2011 10:46,2,2,2,14,39.3
16284,12/10/2011,10/20/2011 13:54,11/8/2011 16:12,32,2,109,87,544,823.97,411.985,NULL,NULL,0,0,0,0,0
16287,12/10/2011,6/23/2011 9:08,6/23/2011 9:08,170,1,8,8,298,142.5,142.5,NULL,NULL,0,0,0,0,0
16292,12/10/2011,8/10/2011 12:24,8/10/2011 12:24,122,1,17,17,191,302.25,302.25,8/14/2011 14:30,8/14/2011 14:30,1,2,2,3,21.35
16293,12/10/2011,12/7/2010 15:02,11/18/2011 9:58,22,10,118,102,982,2248.99,224.899,9/15/2011 16:17,12/1/2011 9:13,2,2,2,4,12.25
16295,12/10/2011,10/6/2011 10:45,11/30/2011 8:17,10,4,79,70,841,1328.55,332.1375,NULL,NULL,0,0,0,0,0
16297,12/10/2011,3/16/2011 8:29,3/16/2011 8:29,269,1,20,20,206,301.9,301.9,3/18/2011 11:01,4/4/2011 8:50,2,2,2,25,23.35
16298,12/10/2011,6/6/2011 10:06,11/17/2011 11:59,23,3,27,22,198,598.2,199.4,NULL,NULL,0,0,0,0,0
16302,12/10/2011,8/5/2011 9:44,8/5/2011 9:44,127,1,11,11,158,233.22,233.22,8/24/2011 9:25,8/24/2011 9:25,1,1,1,24,20.4
16303,12/10/2011,1/10/2011 14:16,11/14/2011 10:49,26,3,162,119,2659,5360.63,1786.8767,8/31/2011 13:41,8/31/2011 13:41,1,5,5,38,54.8
16305,12/10/2011,7/24/2011 12:18,7/24/2011 12:18,139,1,22,22,256,361.22,361.22,NULL,NULL,0,0,0,0,0
16306,12/10/2011,12/7/2010 15:18,5/10/2011 12:12,214,6,41,36,487,632.27,105.3783,2/16/2011 11:49,2/18/2011 15:45,3,3,2,16,30
16308,12/10/2011,3/23/2011 14:46,11/2/2011 11:24,38,4,4,1,8000,2560,640,NULL,NULL,0,0,0,0,0
16309,12/10/2011,4/13/2011 11:46,8/25/2011 15:35,107,2,42,39,467,706.57,353.285,9/9/2011 12:26,9/9/2011 12:26,1,2,2,2,19.9
16311,12/10/2011,10/21/2011 13:13,11/22/2011 8:54,18,2,37,35,394,616.26,308.13,NULL,NULL,0,0,0,0,0
16313,12/10/2011,10/21/2011 9:04,12/6/2011 13:02,4,2,16,16,165,274.15,137.075,NULL,NULL,0,0,0,0,0
16315,12/10/2011,1/13/2011 11:57,1/13/2011 11:57,331,1,14,14,75,226.37,226.37,NULL,NULL,0,0,0,0,0
16316,12/10/2011,12/16/2010 14:26,10/6/2011 13:48,65,8,151,120,1484,2938.91,367.3638,1/5/2011 12:42,9/22/2011 10:11,4,5,5,18,183.35
16317,12/10/2011,2/15/2011 14:30,8/12/2011 12:46,120,3,69,64,890,1341.65,447.2167,NULL,NULL,0,0,0,0,0
16318,12/10/2011,11/4/2011 13:05,11/4/2011 13:05,36,1,19,19,199,328.15,328.15,NULL,NULL,0,0,0,0,0
16319,12/10/2011,5/6/2011 11:27,5/6/2011 11:27,218,1,3,3,72,404.4,404.4,NULL,NULL,0,0,0,0,0
16320,12/10/2011,5/10/2011 15:31,6/20/2011 15:25,173,2,56,56,732,1038.46,519.23,NULL,NULL,0,0,0,0,0
16321,12/10/2011,1/20/2011 12:11,9/28/2011 14:55,73,5,12,7,135,373.65,74.73,2/7/2011 15:09,9/28/2011 14:55,2,4,4,57,142.95
16322,12/10/2011,11/3/2011 14:33,12/8/2011 15:41,2,2,37,28,231,326.75,163.375,NULL,NULL,0,0,0,0,0
16323,12/10/2011,5/27/2011 14:48,5/27/2011 14:48,197,1,1,1,50,207.5,207.5,NULL,NULL,0,0,0,0,0
16324,12/10/2011,6/15/2011 14:26,8/3/2011 12:58,129,3,118,100,282,428.68,142.8933,NULL,NULL,0,0,0,0,0
16325,12/10/2011,4/8/2011 9:20,10/24/2011 8:48,47,3,18,14,194,594.24,198.08,4/19/2011 11:20,10/26/2011 16:29,2,2,1,30,83.7
16326,12/10/2011,1/9/2011 12:01,12/4/2011 10:11,6,14,319,158,709,3110.96,222.2114,10/9/2011 10:20,10/9/2011 10:20,1,1,1,20,25
16327,12/10/2011,12/5/2010 12:43,11/25/2011 13:23,15,6,318,141,2535,3813.62,635.6033,NULL,NULL,0,0,0,0,0
16330,12/10/2011,8/19/2011 17:08,11/22/2011 12:24,18,3,39,39,147,251.91,83.97,8/21/2011 9:18,8/21/2011 9:18,1,2,2,2,9.7
16332,12/10/2011,2/7/2011 14:16,11/11/2011 14:22,29,7,153,125,801,1593.2,227.6,9/28/2011 16:04,9/28/2011 16:04,1,1,1,8,10
16333,12/10/2011,2/3/2011 10:50,12/2/2011 12:19,8,22,45,9,32184,26626.8,1210.3091,NULL,NULL,0,0,0,0,0
16337,12/10/2011,11/3/2011 10:03,11/3/2011 10:03,37,1,10,10,87,151.05,151.05,NULL,NULL,0,0,0,0,0
16338,12/10/2011,7/5/2011 13:56,7/5/2011 13:56,158,1,11,11,94,214.8,214.8,NULL,NULL,0,0,0,0,0
16339,12/10/2011,2/28/2011 13:41,2/28/2011 13:41,285,1,20,17,23,109.95,109.95,NULL,NULL,0,0,0,0,0
16340,12/10/2011,8/24/2011 14:53,8/24/2011 14:53,108,1,153,124,501,549.07,549.07,NULL,NULL,0,0,0,0,0
16341,12/10/2011,5/22/2011 13:20,11/15/2011 9:12,25,4,77,60,1398,1971.87,492.9675,5/27/2011 10:59,9/21/2011 9:49,2,7,7,10,12.49
16342,12/10/2011,6/13/2011 10:10,9/25/2011 14:36,76,4,15,10,157,322.41,80.6025,NULL,NULL,0,0,0,0,0
16343,12/10/2011,11/23/2011 17:43,11/23/2011 17:45,17,2,47,29,195,370.48,185.24,NULL,NULL,0,0,0,0,0
16344,12/10/2011,7/4/2011 15:50,7/4/2011 15:50,159,1,2,1,18,101.1,101.1,NULL,NULL,0,0,0,0,0
16345,12/10/2011,10/26/2011 16:03,10/26/2011 16:03,45,1,38,35,289,575.41,575.41,NULL,NULL,0,0,0,0,0
16347,12/10/2011,11/3/2011 13:01,11/28/2011 13:14,12,2,92,61,353,887.65,443.825,NULL,NULL,0,0,0,0,0
16348,12/10/2011,4/13/2011 15:49,11/7/2011 15:44,33,7,234,156,813,1467.11,209.5871,NULL,NULL,0,0,0,0,0
16349,12/10/2011,2/22/2011 12:40,2/22/2011 12:40,291,1,9,9,9,53.5,53.5,NULL,NULL,0,0,0,0,0
16350,12/10/2011,1/10/2011 9:44,11/18/2011 15:53,22,4,57,40,545,1116.47,279.1175,12/9/2010 14:43,12/9/2010 14:43,1,3,3,3,16
16351,12/10/2011,1/11/2011 10:26,1/11/2011 10:26,333,1,8,8,90,153.9,153.9,NULL,NULL,0,0,0,0,0
16352,12/10/2011,11/2/2011 8:44,11/22/2011 10:32,18,2,28,28,300,494.44,247.22,NULL,NULL,0,0,0,0,0
16353,12/10/2011,12/5/2010 12:09,12/6/2011 12:23,4,23,93,50,2005,6668.21,289.9222,NULL,NULL,0,0,0,0,0
16354,12/10/2011,9/27/2011 16:28,10/7/2011 14:28,64,2,39,38,150,395.8,197.9,NULL,NULL,0,0,0,0,0
16356,12/10/2011,3/7/2011 12:31,5/26/2011 11:51,198,3,31,20,93,211.77,70.59,4/26/2011 12:13,4/26/2011 12:13,1,1,1,1,1.45
16357,12/10/2011,5/10/2011 10:35,11/6/2011 16:04,34,3,34,31,246,658.88,219.6267,NULL,NULL,0,0,0,0,0
16358,12/10/2011,6/8/2011 15:05,12/8/2011 15:09,2,4,109,82,1302,2027.5,506.875,6/10/2011 14:28,6/10/2011 14:28,1,1,1,1,2.55
16359,12/10/2011,1/12/2011 10:49,12/2/2011 17:04,8,9,66,39,1183,1750.92,194.5467,1/14/2011 16:43,6/1/2011 16:15,3,4,4,29,290.55
16360,12/10/2011,9/12/2011 13:50,12/5/2011 12:16,5,6,662,365,2144,3512.53,585.4217,11/1/2011 10:57,12/5/2011 11:02,2,9,9,16,100.84
16361,12/10/2011,9/29/2011 13:13,11/30/2011 12:32,10,4,106,87,421,896.66,224.165,NULL,NULL,0,0,0,0,0
16362,12/10/2011,9/9/2011 14:47,11/7/2011 13:01,33,5,81,58,351,734.77,146.954,9/9/2011 14:58,10/4/2011 17:48,4,9,9,26,82.7
16363,12/10/2011,10/17/2011 14:14,10/17/2011 14:14,54,1,5,5,52,109.36,109.36,NULL,NULL,0,0,0,0,0
16364,12/10/2011,7/25/2011 14:35,11/28/2011 11:27,12,2,53,48,280,707.04,353.52,NULL,NULL,0,0,0,0,0
16365,12/10/2011,12/7/2010 17:19,11/22/2011 11:24,18,9,51,45,504,1540.42,171.1578,NULL,NULL,0,0,0,0,0
16366,12/10/2011,11/21/2011 8:19,11/21/2011 8:19,19,1,18,18,256,327.3,327.3,NULL,NULL,0,0,0,0,0
16367,12/10/2011,12/12/2010 12:01,11/2/2011 13:13,38,2,130,123,647,804.49,402.245,NULL,NULL,0,0,0,0,0
16368,12/10/2011,11/11/2011 15:08,12/7/2011 13:12,3,2,76,58,260,497.43,248.715,NULL,NULL,0,0,0,0,0
16369,12/10/2011,5/27/2011 9:39,11/21/2011 16:25,19,3,116,90,1031,1551.58,517.1933,NULL,NULL,0,0,0,0,0
16370,12/10/2011,4/28/2011 16:40,9/18/2011 15:55,83,4,228,143,647,1320.56,330.14,NULL,NULL,0,0,0,0,0
16372,12/10/2011,11/6/2011 12:50,11/6/2011 13:08,34,2,97,86,166,367.93,183.965,NULL,NULL,0,0,0,0,0
16374,12/10/2011,3/22/2011 13:46,10/4/2011 15:21,67,2,110,100,239,465.08,232.54,NULL,NULL,0,0,0,0,0
16376,12/10/2011,11/22/2011 16:47,12/1/2011 11:38,9,2,125,104,694,987.01,493.505,12/1/2011 10:56,12/1/2011 10:56,1,3,3,5,9.49
16377,12/10/2011,3/17/2011 15:41,3/17/2011 15:41,268,1,5,5,1500,676.2,676.2,NULL,NULL,0,0,0,0,0
16378,12/10/2011,2/2/2011 12:42,4/6/2011 15:07,248,3,23,22,267,362.95,120.9833,NULL,NULL,0,0,0,0,0
16379,12/10/2011,9/22/2011 9:33,12/5/2011 15:38,5,4,108,87,1410,2157.4,539.35,11/8/2011 16:19,11/8/2011 16:19,1,1,1,2,25.5
16380,12/10/2011,10/9/2011 15:40,10/9/2011 15:40,62,1,32,28,1524,1780.59,1780.59,NULL,NULL,0,0,0,0,0
16383,12/10/2011,3/16/2011 13:00,9/26/2011 12:45,75,2,102,80,475,668.36,334.18,NULL,NULL,0,0,0,0,0
16384,12/10/2011,3/21/2011 10:13,9/11/2011 11:19,90,2,33,33,260,584.5,292.25,NULL,NULL,0,0,0,0,0
16385,12/10/2011,12/8/2010 12:56,10/10/2011 13:12,61,3,59,52,261,555.89,185.2967,NULL,NULL,0,0,0,0,0
16386,12/10/2011,3/31/2011 12:19,11/11/2011 12:28,29,2,88,76,224,317.2,158.6,NULL,NULL,0,0,0,0,0
16387,12/10/2011,1/21/2011 11:34,1/21/2011 11:34,323,1,4,4,44,94.36,94.36,NULL,NULL,0,0,0,0,0
16389,12/10/2011,3/1/2011 15:47,10/17/2011 14:41,54,4,33,32,1241,1367.07,341.7675,9/28/2011 16:59,9/28/2011 16:59,1,1,1,12,19.8
16392,12/10/2011,3/15/2011 12:11,3/15/2011 12:11,270,1,45,41,203,221.19,221.19,NULL,NULL,0,0,0,0,0
16393,12/10/2011,12/5/2010 13:10,12/7/2011 12:51,3,13,330,120,1576,3046.21,234.3238,12/12/2010 11:21,12/7/2011 12:24,7,28,23,47,105.16
16394,12/10/2011,2/23/2011 10:58,10/14/2011 9:48,57,5,83,61,2604,1555.34,311.068,4/14/2011 17:07,10/20/2011 19:16,4,17,11,287,143.28
16395,12/10/2011,1/13/2011 12:10,10/10/2011 12:50,61,5,210,150,1476,1486.9,297.38,NULL,NULL,0,0,0,0,0
16398,12/10/2011,3/31/2011 9:38,7/8/2011 15:16,155,2,82,75,758,1705.8,852.9,4/27/2011 16:19,7/18/2011 10:14,2,4,4,13,74.65
16399,12/10/2011,4/18/2011 13:46,11/20/2011 16:12,20,2,72,67,246,406.77,203.385,NULL,NULL,0,0,0,0,0
16400,12/10/2011,9/6/2011 12:27,9/6/2011 12:27,95,1,29,28,172,303.93,303.93,NULL,NULL,0,0,0,0,0
16401,12/10/2011,1/16/2011 10:56,12/8/2011 18:15,2,12,186,66,3882,4098.32,341.5267,5/1/2011 11:58,10/4/2011 17:51,7,11,7,23,35.13
16402,12/10/2011,12/5/2010 13:42,3/20/2011 12:25,265,2,60,55,149,299.6,149.8,NULL,NULL,0,0,0,0,0
16403,12/10/2011,1/31/2011 13:39,1/31/2011 13:39,313,1,10,10,114,177.5,177.5,2/10/2011 16:40,2/10/2011 16:40,1,5,5,11,16.45
16404,12/10/2011,9/30/2011 14:55,9/30/2011 14:55,71,1,23,23,157,443.05,443.05,NULL,NULL,0,0,0,0,0
16405,12/10/2011,2/2/2011 17:08,2/10/2011 15:24,303,2,5,3,187,167.25,83.625,NULL,NULL,0,0,0,0,0
16406,12/10/2011,11/21/2011 11:57,11/21/2011 11:57,19,1,62,54,122,163.07,163.07,NULL,NULL,0,0,0,0,0
16407,12/10/2011,1/31/2011 14:02,11/27/2011 11:05,13,10,172,99,1124,2126.93,212.693,NULL,NULL,0,0,0,0,0
16409,12/10/2011,1/26/2011 14:51,11/3/2011 16:45,37,5,232,145,1306,2028.88,405.776,NULL,NULL,0,0,0,0,0
16411,12/10/2011,12/5/2010 13:26,11/20/2011 13:23,20,2,45,41,132,214.65,107.325,NULL,NULL,0,0,0,0,0
16412,12/10/2011,10/17/2011 12:35,10/17/2011 12:35,54,1,35,25,73,151.83,151.83,NULL,NULL,0,0,0,0,0
16413,12/10/2011,10/14/2011 12:08,10/14/2011 12:08,57,1,31,30,148,262.2,262.2,NULL,NULL,0,0,0,0,0
16414,12/10/2011,3/4/2011 13:27,11/18/2011 9:42,22,2,7,5,27,126.25,63.125,NULL,NULL,0,0,0,0,0
16415,12/10/2011,10/26/2011 13:35,10/26/2011 13:35,45,1,54,45,187,210.35,210.35,NULL,NULL,0,0,0,0,0
16416,12/10/2011,10/14/2011 13:35,11/13/2011 12:50,27,3,71,59,672,1051.4,350.4667,11/7/2011 13:06,11/7/2011 13:06,1,1,1,16,20
16418,12/10/2011,4/27/2011 16:54,10/26/2011 12:39,45,3,102,76,288,675.27,225.09,NULL,NULL,0,0,0,0,0
16419,12/10/2011,2/1/2011 12:25,8/19/2011 12:33,113,6,51,36,436,972.23,162.0383,3/11/2011 11:18,3/11/2011 11:18,1,1,1,1,12.75
16422,12/10/2011,12/5/2010 15:35,11/22/2011 14:00,18,51,369,68,33704,34684.4,680.0863,12/14/2010 10:23,8/31/2011 17:45,12,13,8,843,486.46
16423,12/10/2011,11/15/2011 9:21,11/15/2011 9:21,25,1,18,18,230,346.12,346.12,NULL,NULL,0,0,0,0,0
16424,12/10/2011,6/1/2011 13:40,6/1/2011 13:40,192,1,5,5,88,133.56,133.56,1/6/2011 13:56,1/6/2011 13:56,1,1,1,6,51
16425,12/10/2011,2/10/2011 14:30,2/10/2011 14:30,303,1,21,21,199,302.7,302.7,NULL,NULL,0,0,0,0,0
16426,12/10/2011,3/8/2011 15:45,12/7/2011 14:01,3,10,372,211,1243,1908.25,190.825,NULL,NULL,0,0,0,0,0
16427,12/10/2011,2/28/2011 15:18,3/21/2011 17:10,264,2,9,8,156,241.06,120.53,NULL,NULL,0,0,0,0,0
16429,12/10/2011,8/25/2011 13:54,8/25/2011 13:54,107,1,2,2,9,284.55,284.55,NULL,NULL,0,0,0,0,0
16430,12/10/2011,10/13/2011 14:47,10/13/2011 14:47,58,1,6,6,103,300.85,300.85,NULL,NULL,0,0,0,0,0
16431,12/10/2011,2/15/2011 14:02,5/10/2011 14:09,214,3,83,51,453,642.81,214.27,NULL,NULL,0,0,0,0,0
16432,12/10/2011,10/6/2011 13:59,10/6/2011 13:59,65,1,8,8,276,287.4,287.4,NULL,NULL,0,0,0,0,0
16433,12/10/2011,11/11/2011 14:09,11/11/2011 14:09,29,1,17,17,106,184.26,184.26,NULL,NULL,0,0,0,0,0
16434,12/10/2011,2/13/2011 12:17,11/10/2011 14:28,30,7,109,88,767,1522.25,217.4643,NULL,NULL,0,0,0,0,0
16438,12/10/2011,9/18/2011 13:31,12/4/2011 10:51,6,5,132,74,463,798.35,159.67,NULL,NULL,0,0,0,0,0
16440,12/10/2011,5/9/2011 12:25,12/2/2011 12:02,8,5,282,186,2018,3640.67,728.134,NULL,NULL,0,0,0,0,0
16441,12/10/2011,2/21/2011 17:35,10/3/2011 17:48,68,2,24,22,173,381.2,190.6,NULL,NULL,0,0,0,0,0
16442,12/10/2011,12/14/2010 10:46,12/8/2011 11:43,2,3,174,161,446,616.79,205.5967,NULL,NULL,0,0,0,0,0
16444,12/10/2011,3/20/2011 12:14,10/24/2011 13:50,47,4,84,68,407,654.67,163.6675,3/20/2011 12:11,3/20/2011 12:11,1,1,1,1,8.95
16445,12/10/2011,11/6/2011 12:32,11/6/2011 12:32,34,1,63,62,111,230.51,230.51,NULL,NULL,0,0,0,0,0
16446,12/10/2011,5/18/2011 9:52,12/9/2011 9:15,1,2,3,3,80997,168472.5,84236.25,12/9/2011 9:27,12/9/2011 9:27,1,1,1,80995,168469.6
16447,12/10/2011,7/27/2011 12:45,7/27/2011 12:45,136,1,36,34,223,259.01,259.01,NULL,NULL,0,0,0,0,0
16448,12/10/2011,5/25/2011 16:28,5/25/2011 16:28,199,1,20,19,78,188.89,188.89,NULL,NULL,0,0,0,0,0
16449,12/10/2011,3/4/2011 12:15,5/26/2011 10:25,198,2,40,40,367,707.69,353.845,6/2/2011 11:07,6/2/2011 11:07,1,3,3,8,33
16450,12/10/2011,7/13/2011 11:47,7/13/2011 11:47,150,1,11,11,200,311.92,311.92,NULL,NULL,0,0,0,0,0
16451,12/10/2011,9/13/2011 9:17,9/13/2011 9:17,88,1,14,14,120,266.97,266.97,NULL,NULL,0,0,0,0,0
16454,12/10/2011,10/6/2011 16:57,10/6/2011 16:57,65,1,1,1,2,5.9,5.9,NULL,NULL,0,0,0,0,0
16455,12/10/2011,12/3/2010 16:44,10/7/2011 12:17,64,7,99,69,988,1841.18,263.0257,NULL,NULL,0,0,0,0,0
16456,12/10/2011,12/1/2010 14:11,9/1/2011 13:50,100,5,111,80,1148,2158.37,431.674,NULL,NULL,0,0,0,0,0
16457,12/10/2011,5/5/2011 13:19,5/5/2011 13:19,219,1,9,9,140,208.36,208.36,NULL,NULL,0,0,0,0,0
16458,12/10/2011,12/14/2010 11:51,12/7/2011 9:34,3,18,202,52,2154,3482.74,193.4856,NULL,NULL,0,0,0,0,0
16460,12/10/2011,9/19/2011 10:15,11/11/2011 13:46,29,3,135,128,879,814.72,271.5733,NULL,NULL,0,0,0,0,0
16461,12/10/2011,6/15/2011 12:07,6/15/2011 12:07,178,1,33,31,49,151.42,151.42,NULL,NULL,0,0,0,0,0
16462,12/10/2011,3/1/2011 8:58,9/27/2011 10:24,74,3,3,1,16,136,45.3333,10/6/2011 18:16,10/6/2011 18:16,1,1,1,4,34
16463,12/10/2011,5/19/2011 14:45,11/18/2011 14:01,22,4,82,74,1163,1422.4,355.6,5/27/2011 9:17,11/4/2011 13:25,3,3,2,28,38.7
16464,12/10/2011,7/20/2011 13:53,11/20/2011 12:11,20,3,236,152,963,1314.68,438.2267,NULL,NULL,0,0,0,0,0
16466,12/10/2011,2/20/2011 11:39,11/6/2011 11:35,34,7,148,103,789,1603.46,229.0657,NULL,NULL,0,0,0,0,0
16468,12/10/2011,9/26/2011 14:13,9/26/2011 14:13,75,1,2,2,31,74.9,74.9,NULL,NULL,0,0,0,0,0
16469,12/10/2011,4/7/2011 13:11,11/16/2011 12:25,24,4,182,148,273,650.43,162.6075,NULL,NULL,0,0,0,0,0
16470,12/10/2011,12/16/2010 11:53,10/19/2011 12:11,52,4,170,120,531,762.39,190.5975,12/16/2010 11:10,12/16/2010 11:10,1,1,1,1,4.95
16471,12/10/2011,3/10/2011 9:41,3/10/2011 9:41,275,1,13,13,141,223.95,223.95,NULL,NULL,0,0,0,0,0
16473,12/10/2011,1/7/2011 10:55,6/28/2011 9:10,165,3,18,18,196,316.11,105.37,3/2/2011 17:11,3/2/2011 17:11,1,1,1,1,1.25
16474,12/10/2011,7/17/2011 14:51,12/2/2011 13:02,8,7,359,236,941,1871.34,267.3343,9/1/2011 17:22,11/22/2011 12:40,4,8,8,25,60.03
16475,12/10/2011,3/11/2011 9:39,9/12/2011 14:37,89,4,28,23,319,544.3,136.075,NULL,NULL,0,0,0,0,0
16477,12/10/2011,12/3/2010 12:48,10/7/2011 9:44,64,7,146,111,1415,2494.46,356.3514,NULL,NULL,0,0,0,0,0
16478,12/10/2011,10/5/2011 12:02,11/14/2011 15:51,26,3,17,15,224,331,110.3333,NULL,NULL,0,0,0,0,0
16479,12/10/2011,11/29/2011 13:04,11/29/2011 13:40,11,2,35,35,102,300.83,150.415,NULL,NULL,0,0,0,0,0
16480,12/10/2011,9/25/2011 11:40,9/25/2011 11:40,76,1,53,51,455,769.29,769.29,NULL,NULL,0,0,0,0,0
16482,12/10/2011,11/24/2011 12:33,11/24/2011 12:33,16,1,18,18,346,220.62,220.62,NULL,NULL,0,0,0,0,0
16483,12/10/2011,5/31/2011 13:08,5/31/2011 13:08,193,1,19,19,44,139.35,139.35,NULL,NULL,0,0,0,0,0
16484,12/10/2011,6/2/2011 10:39,6/19/2011 12:06,174,2,24,24,199,389.3,194.65,6/3/2011 13:21,6/3/2011 13:21,1,1,1,6,24.9
16485,12/10/2011,9/23/2011 15:50,9/23/2011 15:50,78,1,42,41,235,363.65,363.65,NULL,NULL,0,0,0,0,0
16488,12/10/2011,7/14/2011 11:46,11/6/2011 13:42,34,3,29,28,728,498.8,166.2667,7/19/2011 12:00,7/19/2011 12:00,1,2,2,4,6.6
16491,12/10/2011,10/24/2011 10:18,10/24/2011 10:18,47,1,39,39,478,731.5,731.5,NULL,NULL,0,0,0,0,0
16493,12/10/2011,1/14/2011 8:16,9/21/2011 11:10,80,4,56,40,1164,1351.63,337.9075,8/25/2011 9:29,9/28/2011 11:13,2,6,3,51,21.97
16494,12/10/2011,2/16/2011 12:49,2/16/2011 12:49,297,1,50,47,675,826.53,826.53,NULL,NULL,0,0,0,0,0
16495,12/10/2011,3/8/2011 16:38,12/6/2011 13:20,4,3,97,78,337,684.41,228.1367,NULL,NULL,0,0,0,0,0
16496,12/10/2011,1/27/2011 9:42,12/1/2011 10:31,9,3,95,92,1111,1599.52,533.1733,6/1/2011 16:29,6/1/2011 16:29,1,2,2,20,37.3
16497,12/10/2011,1/10/2011 13:20,10/21/2011 10:55,50,6,136,128,1396,2965.69,494.2817,NULL,NULL,0,0,0,0,0
16498,12/10/2011,6/30/2011 19:52,7/1/2011 15:07,162,2,15,15,45,100.97,50.485,7/1/2011 15:06,7/1/2011 15:06,1,1,1,3,14.85
16499,12/10/2011,12/10/2010 10:27,12/14/2010 13:31,361,2,19,18,127,365.45,182.725,12/9/2010 14:48,12/14/2010 15:20,3,3,3,5,46.35
16500,12/10/2011,1/13/2011 10:28,12/5/2011 12:04,5,6,11,8,123,400.86,66.81,NULL,NULL,0,0,0,0,0
16503,12/10/2011,12/14/2010 13:50,8/25/2011 11:46,107,4,84,71,569,1431.93,357.9825,12/16/2010 15:36,12/16/2010 15:36,1,2,2,2,10.5
16504,12/10/2011,11/14/2011 15:18,11/14/2011 15:18,26,1,86,76,524,484.38,484.38,NULL,NULL,0,0,0,0,0
16505,12/10/2011,11/8/2011 12:14,11/8/2011 12:14,32,1,4,4,576,777.6,777.6,NULL,NULL,0,0,0,0,0
16506,12/10/2011,10/30/2011 15:50,11/20/2011 12:17,20,2,3,3,42,90.3,45.15,NULL,NULL,0,0,0,0,0
16509,12/10/2011,2/16/2011 9:25,2/16/2011 9:25,297,1,13,13,64,363.7,363.7,NULL,NULL,0,0,0,0,0
16510,12/10/2011,12/2/2010 13:39,12/2/2010 13:39,373,1,13,13,92,248.1,248.1,NULL,NULL,0,0,0,0,0
16511,12/10/2011,3/18/2011 11:24,11/18/2011 10:41,22,3,168,134,413,948.26,316.0867,NULL,NULL,0,0,0,0,0
16513,12/10/2011,10/27/2011 14:56,12/5/2011 10:18,5,4,35,33,407,874.59,218.6475,NULL,NULL,0,0,0,0,0
16515,12/10/2011,2/1/2011 13:09,10/18/2011 13:10,53,5,113,89,833,1627.13,325.426,NULL,NULL,0,0,0,0,0
16516,12/10/2011,11/9/2011 14:59,11/9/2011 14:59,31,1,6,6,58,101.7,101.7,NULL,NULL,0,0,0,0,0
16517,12/10/2011,3/7/2011 13:50,3/7/2011 13:50,278,1,17,17,96,162.7,162.7,NULL,NULL,0,0,0,0,0
16518,12/10/2011,2/28/2011 16:36,10/9/2011 15:04,62,2,40,36,327,484.32,242.16,3/14/2011 16:42,3/14/2011 16:42,1,2,2,2,3.4
16519,12/10/2011,12/9/2010 14:08,11/14/2011 15:41,26,2,12,12,53,212.98,106.49,NULL,NULL,0,0,0,0,0
16520,12/10/2011,12/9/2010 13:08,6/6/2011 13:24,187,3,156,129,558,1046.57,348.8567,6/6/2011 13:22,6/6/2011 13:22,1,1,1,1,9.95
16523,12/10/2011,1/28/2011 12:06,12/8/2011 9:06,2,21,290,151,4265,9418.47,448.4986,5/23/2011 17:13,12/6/2011 11:05,7,8,5,32,122.8
16525,12/10/2011,12/8/2010 11:31,12/7/2011 15:07,3,26,183,75,7397,13027.45,501.0558,5/10/2011 10:51,8/3/2011 14:22,3,17,17,904,1131.88
16526,12/10/2011,6/21/2011 12:02,6/21/2011 12:02,172,1,15,15,106,290.36,290.36,NULL,NULL,0,0,0,0,0
16527,12/10/2011,9/19/2011 16:21,9/19/2011 16:21,82,1,14,14,106,228.06,228.06,NULL,NULL,0,0,0,0,0
16528,12/10/2011,12/6/2011 12:45,12/6/2011 12:45,4,1,17,17,171,244.41,244.41,NULL,NULL,0,0,0,0,0
16529,12/10/2011,6/2/2011 17:23,6/2/2011 17:23,191,1,30,30,198,455.25,455.25,NULL,NULL,0,0,0,0,0
16531,12/10/2011,12/14/2010 13:19,11/17/2011 16:29,23,7,77,68,915,1244.59,177.7986,NULL,NULL,0,0,0,0,0
16532,12/10/2011,1/5/2011 12:37,11/22/2011 11:08,18,3,4,2,2016,6748.8,2249.6,NULL,NULL,0,0,0,0,0
16533,12/10/2011,10/2/2011 15:07,11/20/2011 13:08,20,3,177,112,612,1095.56,365.1867,10/16/2011 14:26,10/19/2011 14:18,2,4,4,98,68.62
16535,12/10/2011,12/4/2011 15:18,12/4/2011 15:18,6,1,31,31,356,593.75,593.75,NULL,NULL,0,0,0,0,0
16536,12/10/2011,8/21/2011 15:54,8/21/2011 15:54,111,1,55,49,251,548.97,548.97,8/24/2011 13:20,8/24/2011 13:20,1,1,1,1,9.95
16539,12/10/2011,12/1/2010 15:40,12/7/2011 8:41,3,4,45,36,477,1388.81,347.2025,NULL,NULL,0,0,0,0,0
16542,12/10/2011,10/17/2011 10:47,10/17/2011 10:47,54,1,5,5,46,119.62,119.62,NULL,NULL,0,0,0,0,0
16545,12/10/2011,6/28/2011 10:37,6/28/2011 10:37,165,1,3,3,78,339.3,339.3,NULL,NULL,0,0,0,0,0
16546,12/10/2011,12/2/2010 12:07,2/22/2011 11:20,291,2,25,25,549,787.15,393.575,12/2/2010 16:58,12/2/2010 16:58,1,6,6,852,883.08
16549,12/10/2011,1/9/2011 14:03,11/29/2011 15:06,11,10,981,445,2365,4154.64,415.464,NULL,NULL,0,0,0,0,0
16550,12/10/2011,12/6/2010 13:53,8/23/2011 11:12,109,5,251,162,1540,2298.97,459.794,12/6/2010 13:17,8/23/2011 10:30,4,10,8,14,32.72
16551,12/10/2011,1/7/2011 10:24,9/5/2011 9:38,96,3,32,26,970,922.12,307.3733,NULL,NULL,0,0,0,0,0
16552,12/10/2011,12/1/2010 12:36,4/11/2011 10:04,243,2,17,17,219,379.73,189.865,NULL,NULL,0,0,0,0,0
16553,12/10/2011,12/14/2010 13:58,6/29/2011 15:42,164,12,84,62,4600,5719.82,476.6517,12/8/2010 13:07,4/12/2011 15:40,2,2,2,5,55.25
16554,12/10/2011,1/12/2011 12:41,10/28/2011 14:51,43,3,52,51,402,837.1,279.0333,1/12/2011 12:40,12/6/2011 14:52,4,22,22,91,195.55
16555,12/10/2011,8/22/2011 12:32,11/4/2011 14:31,36,2,17,15,175,285.89,142.945,NULL,NULL,0,0,0,0,0
16556,12/10/2011,12/14/2010 13:32,10/4/2011 11:36,67,7,207,144,1890,3313.79,473.3986,NULL,NULL,0,0,0,0,0
16557,12/10/2011,7/25/2011 13:28,11/15/2011 14:04,25,2,11,11,111,281.85,140.925,NULL,NULL,0,0,0,0,0
16558,12/10/2011,12/8/2010 12:01,12/9/2011 10:20,1,20,460,264,5377,8338.49,416.9245,12/14/2010 9:59,7/28/2011 11:23,4,14,12,31,81.45
16560,12/10/2011,12/16/2010 14:36,11/13/2011 10:35,27,2,56,52,500,841.41,420.705,11/18/2011 17:05,11/18/2011 17:05,1,1,1,6,24.9
16561,12/10/2011,10/11/2011 9:53,12/4/2011 11:50,6,2,31,29,244,511.12,255.56,NULL,NULL,0,0,0,0,0
16563,12/10/2011,10/17/2011 11:51,10/17/2011 11:51,54,1,19,19,486,1077.74,1077.74,NULL,NULL,0,0,0,0,0
16565,12/10/2011,12/10/2010 15:21,12/10/2010 15:21,365,1,3,3,46,173.7,173.7,NULL,NULL,0,0,0,0,0
16566,12/10/2011,2/20/2011 10:29,11/24/2011 16:34,16,5,18,14,362,614.66,122.932,6/2/2011 13:26,6/2/2011 13:26,1,1,1,1,0.65
16567,12/10/2011,1/7/2011 9:31,5/29/2011 13:57,195,2,35,34,996,865.6,432.8,NULL,NULL,0,0,0,0,0
16569,12/10/2011,12/6/2011 15:32,12/6/2011 15:32,4,1,5,5,93,124.2,124.2,NULL,NULL,0,0,0,0,0
16570,12/10/2011,2/1/2011 10:37,11/24/2011 17:02,16,10,126,68,2112,3738.4,373.84,12/14/2010 10:53,12/1/2011 8:56,5,7,7,62,115.45
16571,12/10/2011,3/3/2011 9:41,11/13/2011 11:46,27,3,87,73,1239,1421.69,473.8967,7/5/2011 14:51,12/6/2011 14:07,2,19,17,63,136.47
16572,12/10/2011,3/9/2011 12:04,8/4/2011 16:34,128,3,57,40,532,1009.6,336.5333,7/28/2011 13:42,7/28/2011 13:42,1,1,1,2,9.9
16573,12/10/2011,2/22/2011 15:14,9/16/2011 9:13,85,2,42,40,360,663.61,331.805,3/2/2011 16:38,9/27/2011 11:17,2,4,4,6,15.2
16574,12/10/2011,9/29/2011 13:39,9/29/2011 13:39,72,1,28,28,416,451.44,451.44,NULL,NULL,0,0,0,0,0
16581,12/10/2011,6/10/2011 10:05,6/10/2011 10:05,183,1,9,9,134,105.84,105.84,7/7/2011 15:50,7/7/2011 15:50,1,2,2,12,35.4
16582,12/10/2011,8/18/2011 17:02,8/18/2011 17:02,114,1,6,6,164,313.62,313.62,NULL,NULL,0,0,0,0,0
16583,12/10/2011,12/1/2010 12:03,12/1/2010 12:03,374,1,14,14,111,233.45,233.45,NULL,NULL,0,0,0,0,0
16584,12/10/2011,3/30/2011 13:14,9/20/2011 13:45,81,2,28,25,646,936.08,468.04,4/7/2011 12:18,4/7/2011 12:18,1,3,3,11,28.05
16586,12/10/2011,4/5/2011 9:32,4/5/2011 9:32,249,1,8,8,95,463.95,463.95,NULL,NULL,0,0,0,0,0
16587,12/10/2011,4/21/2011 15:51,4/21/2011 15:51,233,1,13,13,71,225.15,225.15,NULL,NULL,0,0,0,0,0
16589,12/10/2011,7/1/2011 13:31,9/29/2011 14:50,72,3,33,31,368,459.24,153.08,NULL,NULL,0,0,0,0,0
16591,12/10/2011,10/2/2011 10:43,10/2/2011 10:43,69,1,10,10,41,213.5,213.5,NULL,NULL,0,0,0,0,0
16592,12/10/2011,2/25/2011 10:19,12/5/2011 13:49,5,16,216,142,2927,4113.68,257.105,4/28/2011 19:52,10/27/2011 14:50,3,6,6,13,40.4
16593,12/10/2011,1/16/2011 12:11,10/20/2011 12:41,51,3,27,24,116,330.03,110.01,NULL,NULL,0,0,0,0,0
16594,12/10/2011,9/25/2011 14:08,9/25/2011 14:08,76,1,53,53,64,181.09,181.09,NULL,NULL,0,0,0,0,0
16595,12/10/2011,10/9/2011 13:15,10/9/2011 13:15,62,1,85,83,335,360.16,360.16,NULL,NULL,0,0,0,0,0
16596,12/10/2011,12/8/2010 16:18,11/24/2011 10:02,16,2,12,12,97,250.15,125.075,NULL,NULL,0,0,0,0,0
16597,12/10/2011,12/5/2011 15:44,12/5/2011 15:44,5,1,7,7,184,90.04,90.04,NULL,NULL,0,0,0,0,0
16598,12/10/2011,2/27/2011 11:42,2/27/2011 11:42,286,1,10,10,73,145.05,145.05,3/7/2011 13:42,3/7/2011 13:42,1,1,1,3,4.35
16600,12/10/2011,1/5/2011 12:13,12/5/2011 16:00,5,6,62,50,1145,813.52,135.5867,NULL,NULL,0,0,0,0,0
16601,12/10/2011,10/30/2011 11:09,10/30/2011 11:09,41,1,30,28,131,243.63,243.63,NULL,NULL,0,0,0,0,0
16602,12/10/2011,11/3/2011 15:54,11/3/2011 15:54,37,1,29,29,336,528.08,528.08,11/8/2011 16:18,11/8/2011 16:18,1,3,3,19,33.35
16603,12/10/2011,9/9/2011 13:02,9/26/2011 10:06,75,2,34,34,480,482.47,241.235,NULL,NULL,0,0,0,0,0
16607,12/10/2011,12/16/2010 8:41,11/22/2011 10:24,18,14,172,140,2859,3347.71,239.1221,12/17/2010 15:11,8/24/2011 10:45,2,2,2,37,309.04
16609,12/10/2011,4/1/2011 10:11,11/24/2011 13:32,16,7,276,155,2420,5493.46,784.78,8/9/2011 14:31,9/19/2011 14:50,2,4,4,10,42.5
16610,12/10/2011,5/4/2011 13:13,5/4/2011 13:13,220,1,6,6,66,75.66,75.66,NULL,NULL,0,0,0,0,0
16611,12/10/2011,6/6/2011 15:46,6/6/2011 15:46,187,1,10,9,47,129.49,129.49,4/20/2011 16:41,4/20/2011 16:41,1,1,1,1,8.5
16612,12/10/2011,2/1/2011 10:38,11/7/2011 7:38,33,4,66,48,506,1187.66,296.915,NULL,NULL,0,0,0,0,0
16613,12/10/2011,9/30/2011 15:52,9/30/2011 15:52,71,1,30,30,293,618.59,618.59,NULL,NULL,0,0,0,0,0
16614,12/10/2011,6/10/2011 11:36,6/10/2011 11:36,183,1,26,26,223,506.19,506.19,NULL,NULL,0,0,0,0,0
16616,12/10/2011,7/5/2011 13:38,11/24/2011 16:31,16,2,33,31,370,500.42,250.21,NULL,NULL,0,0,0,0,0
16617,12/10/2011,4/18/2011 10:35,4/18/2011 10:35,236,1,5,5,91,151.85,151.85,NULL,NULL,0,0,0,0,0
16618,12/10/2011,1/21/2011 11:55,11/8/2011 13:52,32,5,96,79,1363,2647.59,529.518,5/20/2011 11:50,5/20/2011 11:50,1,1,1,1,16.95
16619,12/10/2011,3/21/2011 8:18,3/21/2011 8:18,264,1,14,14,133,226.21,226.21,3/31/2011 12:20,3/31/2011 12:20,1,2,2,4,21.8
16620,12/10/2011,3/24/2011 10:37,12/6/2011 12:19,4,2,9,9,88,178.96,89.48,NULL,NULL,0,0,0,0,0
16621,12/10/2011,3/7/2011 11:32,10/19/2011 11:38,52,4,29,22,302,813.48,203.37,NULL,NULL,0,0,0,0,0
16623,12/10/2011,4/8/2011 10:09,4/8/2011 10:09,246,1,5,5,39,129.45,129.45,NULL,NULL,0,0,0,0,0
16624,12/10/2011,5/26/2011 14:20,9/20/2011 12:39,81,2,48,44,488,810.57,405.285,NULL,NULL,0,0,0,0,0
16625,12/10/2011,3/10/2011 12:50,3/10/2011 12:50,275,1,23,23,164,333.08,333.08,NULL,NULL,0,0,0,0,0
16626,12/10/2011,3/18/2011 12:27,12/9/2011 11:56,1,17,179,86,2690,4413.1,259.5941,3/21/2011 15:48,9/28/2011 11:51,3,5,3,20,33.45
16627,12/10/2011,9/21/2011 14:38,9/21/2011 14:38,80,1,20,20,162,322.8,322.8,NULL,NULL,0,0,0,0,0
16628,12/10/2011,4/19/2011 8:55,11/10/2011 12:45,30,5,117,79,1205,2188.05,437.61,8/2/2011 16:20,8/2/2011 16:20,1,2,2,3,5.01
16629,12/10/2011,9/4/2011 16:12,9/27/2011 10:34,74,2,64,58,493,417.73,208.865,NULL,NULL,0,0,0,0,0
16633,12/10/2011,4/19/2011 14:36,11/22/2011 13:41,18,6,151,114,1137,2868.1,478.0167,11/22/2011 10:33,11/22/2011 10:33,1,1,1,1,4.95
16634,12/10/2011,12/2/2010 17:41,5/1/2011 12:09,223,2,9,9,82,217.9,108.95,NULL,NULL,0,0,0,0,0
16637,12/10/2011,4/28/2011 10:20,11/7/2011 13:17,33,4,69,66,927,1154.47,288.6175,11/4/2011 10:36,11/4/2011 10:36,1,3,3,36,29.88
16638,12/10/2011,12/6/2010 10:19,11/17/2011 11:09,23,10,94,92,1255,1680.72,168.072,3/31/2011 13:03,3/31/2011 13:03,1,1,1,1,4.25
16639,12/10/2011,4/18/2011 9:31,11/8/2011 13:20,32,3,50,48,510,1257.51,419.17,11/14/2011 13:47,11/14/2011 13:47,1,2,2,7,88.13
16641,12/10/2011,8/26/2011 12:49,8/26/2011 12:49,106,1,12,12,256,231.1,231.1,NULL,NULL,0,0,0,0,0
16642,12/10/2011,5/16/2011 12:35,12/5/2011 11:31,5,2,34,32,479,688.33,344.165,5/17/2011 14:14,5/17/2011 14:14,1,1,1,1,8.5
16643,12/10/2011,4/8/2011 8:24,4/8/2011 8:24,246,1,27,27,269,487.51,487.51,NULL,NULL,0,0,0,0,0
16644,12/10/2011,5/11/2011 12:53,6/15/2011 12:39,178,2,62,62,826,833.78,416.89,NULL,NULL,0,0,0,0,0
16647,12/10/2011,5/19/2011 9:31,6/23/2011 11:47,170,2,14,12,146,214.06,107.03,NULL,NULL,0,0,0,0,0
16648,12/10/2011,10/28/2011 8:58,10/28/2011 8:58,43,1,19,19,281,290.66,290.66,11/1/2011 9:52,11/1/2011 9:52,1,2,2,12,19.8
16650,12/10/2011,9/29/2011 9:51,9/29/2011 9:51,72,1,24,24,372,518.42,518.42,NULL,NULL,0,0,0,0,0
16652,12/10/2011,3/11/2011 13:13,10/12/2011 9:38,59,7,118,74,3283,6773.97,967.71,4/13/2011 13:49,10/17/2011 11:43,4,5,4,16,119.71
16653,12/10/2011,9/29/2011 13:38,11/23/2011 14:51,17,2,69,67,733,1212.66,606.33,10/6/2011 16:47,10/6/2011 16:47,1,7,7,10,45.74
16654,12/10/2011,12/6/2010 15:09,7/21/2011 15:23,142,4,29,29,282,601.27,150.3175,5/3/2011 12:40,5/3/2011 12:40,1,2,2,2,6.3
16655,12/10/2011,1/12/2011 10:16,11/22/2011 11:25,18,6,261,208,2367,3794.52,632.42,NULL,NULL,0,0,0,0,0
16656,12/10/2011,12/10/2010 11:23,11/17/2011 14:43,23,15,73,14,8894,8625.8,575.0533,1/6/2011 17:31,11/4/2011 13:06,6,7,5,21,57.56
16657,12/10/2011,3/30/2011 12:02,11/30/2011 11:48,10,4,208,158,1229,933.62,233.405,NULL,NULL,0,0,0,0,0
16658,12/10/2011,12/6/2010 13:47,12/6/2010 13:47,369,1,8,8,40,123.24,123.24,NULL,NULL,0,0,0,0,0
16659,12/10/2011,6/3/2011 15:03,6/3/2011 15:03,190,1,2,2,72,39.12,39.12,NULL,NULL,0,0,0,0,0
16660,12/10/2011,1/24/2011 12:44,11/23/2011 14:53,17,4,16,16,571,1267.65,316.9125,11/23/2011 13:02,11/23/2011 13:02,1,1,1,120,457.2
16665,12/10/2011,12/12/2010 14:03,12/12/2010 14:03,363,1,9,9,59,135.4,135.4,NULL,NULL,0,0,0,0,0
16666,12/10/2011,11/20/2011 14:01,11/20/2011 14:01,20,1,32,32,233,118.98,118.98,NULL,NULL,0,0,0,0,0
16667,12/10/2011,2/28/2011 12:57,10/2/2011 15:26,69,2,53,52,237,570.13,285.065,NULL,NULL,0,0,0,0,0
16668,12/10/2011,2/28/2011 12:46,11/24/2011 17:43,16,6,20,9,318,306.72,51.12,NULL,NULL,0,0,0,0,0
16669,12/10/2011,9/22/2011 14:13,11/16/2011 12:26,24,2,158,140,878,1370.47,685.235,NULL,NULL,0,0,0,0,0
16670,12/10/2011,12/16/2010 10:30,11/23/2011 9:34,17,11,252,179,2556,4095.9,372.3545,1/14/2011 17:13,11/21/2011 14:37,6,10,10,32,73.44
16671,12/10/2011,6/28/2011 11:20,11/11/2011 13:40,29,3,6,3,875,1692.27,564.09,NULL,NULL,0,0,0,0,0
16672,12/10/2011,3/18/2011 10:15,12/7/2011 16:29,3,20,114,22,2832,8134.94,406.747,5/10/2011 14:03,8/9/2011 14:29,3,3,3,20,41.35
16674,12/10/2011,9/2/2011 13:59,10/16/2011 11:31,55,2,98,89,188,319.61,159.805,NULL,NULL,0,0,0,0,0
16676,12/10/2011,1/6/2011 13:00,11/6/2011 12:01,34,4,89,75,636,1592.12,398.03,5/19/2011 9:57,5/19/2011 9:57,1,3,3,5,33.4
16678,12/10/2011,3/2/2011 9:24,12/7/2011 12:17,3,12,163,92,2397,3109.99,259.1658,3/6/2011 10:49,11/18/2011 10:27,3,5,4,27,84.75
16679,12/10/2011,12/8/2010 13:51,12/8/2010 13:51,367,1,3,3,29,129.75,129.75,NULL,NULL,0,0,0,0,0
16680,12/10/2011,10/27/2011 17:35,10/27/2011 17:35,44,1,10,10,94,183.7,183.7,NULL,NULL,0,0,0,0,0
16681,12/10/2011,3/31/2011 13:46,9/28/2011 11:11,73,6,44,18,1407,1770.34,295.0567,NULL,NULL,0,0,0,0,0
16682,12/10/2011,6/5/2011 11:02,12/5/2011 12:13,5,5,30,15,1040,1028,205.6,NULL,NULL,0,0,0,0,0
16684,12/10/2011,12/16/2010 17:34,12/5/2011 14:06,5,28,277,119,50255,66653.56,2380.4843,2/16/2011 15:47,6/20/2011 16:13,3,4,4,865,761.48
16685,12/10/2011,10/9/2011 13:44,10/9/2011 13:58,62,2,62,60,396,324.24,162.12,NULL,NULL,0,0,0,0,0
16686,12/10/2011,12/19/2010 14:41,10/23/2011 13:49,48,7,585,406,2030,3062.83,437.5471,12/19/2010 14:43,2/7/2011 10:44,2,3,3,5,19.35
16688,12/10/2011,10/10/2011 12:23,12/8/2011 15:24,2,4,62,52,804,1260.86,315.215,NULL,NULL,0,0,0,0,0
16689,12/10/2011,9/18/2011 13:29,9/25/2011 11:39,76,2,13,12,330,422.6,211.3,9/25/2011 10:43,9/25/2011 10:43,1,2,2,18,67.5
16690,12/10/2011,5/22/2011 10:53,9/28/2011 15:02,73,2,12,10,138,225.58,112.79,10/27/2011 10:58,10/27/2011 10:58,1,1,1,1,16.95
16692,12/10/2011,2/23/2011 15:41,3/28/2011 14:46,257,2,2,1,151,1126,563,NULL,NULL,0,0,0,0,0
16693,12/10/2011,3/13/2011 11:06,10/2/2011 11:10,69,2,60,58,204,482.01,241.005,NULL,NULL,0,0,0,0,0
16696,12/10/2011,4/5/2011 15:20,7/27/2011 14:23,136,4,10,7,146,657.9,164.475,NULL,NULL,0,0,0,0,0
16697,12/10/2011,4/12/2011 17:12,4/12/2011 17:12,242,1,21,20,27,112.75,112.75,NULL,NULL,0,0,0,0,0
16698,12/10/2011,3/31/2011 13:33,4/27/2011 10:52,227,2,5,4,840,1998,999,NULL,NULL,0,0,0,0,0
16700,12/10/2011,12/8/2010 16:34,12/1/2011 11:00,9,13,308,159,4024,5076.55,390.5038,4/1/2011 11:20,7/1/2011 15:09,4,4,3,5,36.55
16701,12/10/2011,12/13/2010 11:51,12/1/2011 11:10,9,13,144,99,6393,5398.3,415.2538,2/23/2011 12:05,7/14/2011 10:27,5,10,10,182,248.03
16705,12/10/2011,12/16/2010 10:51,12/9/2011 12:08,1,20,270,133,5476,14034.99,701.7495,12/20/2010 11:56,12/5/2011 16:26,9,14,12,18,88.86
16706,12/10/2011,8/17/2011 15:53,11/2/2011 13:50,38,3,123,108,249,531.35,177.1167,NULL,NULL,0,0,0,0,0
16708,12/10/2011,10/25/2011 12:20,10/25/2011 12:20,46,1,27,27,285,656.63,656.63,NULL,NULL,0,0,0,0,0
16709,12/10/2011,3/3/2011 10:55,9/16/2011 10:56,85,5,79,64,851,3029.87,605.974,NULL,NULL,0,0,0,0,0
16710,12/10/2011,12/6/2010 13:13,11/20/2011 14:50,20,10,402,268,1836,2483.04,248.304,NULL,NULL,0,0,0,0,0
16711,12/10/2011,12/17/2010 12:43,12/6/2011 16:32,4,5,22,18,833,1651.03,330.206,NULL,NULL,0,0,0,0,0
16712,12/10/2011,3/8/2011 15:07,11/30/2011 13:48,10,11,446,258,1746,3637.78,330.7073,NULL,NULL,0,0,0,0,0
16713,12/10/2011,12/8/2010 13:01,11/21/2011 12:36,19,15,624,338,4276,6923.13,461.542,12/8/2010 12:03,9/27/2011 12:13,6,8,8,12,82.9
16714,12/10/2011,1/26/2011 13:40,1/26/2011 13:46,318,2,92,76,609,1146.53,573.265,1/26/2011 13:44,1/26/2011 13:44,1,1,1,2,250
16715,12/10/2011,9/22/2011 18:15,9/22/2011 18:15,79,1,19,19,642,301.72,301.72,NULL,NULL,0,0,0,0,0
16716,12/10/2011,2/1/2011 15:35,3/18/2011 10:03,267,2,2,1,120,901.2,450.6,2/10/2011 10:00,2/10/2011 10:00,1,1,1,76,581.4
16717,12/10/2011,12/8/2010 16:48,11/16/2011 12:16,24,6,199,176,1866,3858.38,643.0633,2/2/2011 14:44,11/30/2011 17:42,3,37,37,298,580.02
16718,12/10/2011,12/5/2010 13:03,12/5/2010 13:03,370,1,45,41,413,623.75,623.75,NULL,NULL,0,0,0,0,0
16719,12/10/2011,12/6/2010 12:06,11/25/2011 9:27,15,7,201,107,1204,1790.42,255.7743,2/24/2011 11:06,2/24/2011 11:06,1,2,2,2,16.5
16720,12/10/2011,11/13/2011 16:22,11/13/2011 16:22,27,1,27,25,182,155.24,155.24,NULL,NULL,0,0,0,0,0
16721,12/10/2011,3/22/2011 16:08,3/22/2011 16:08,263,1,37,37,172,292.47,292.47,NULL,NULL,0,0,0,0,0
16722,12/10/2011,12/6/2010 12:59,11/22/2011 13:28,18,13,225,96,5001,4730.81,363.9085,12/14/2010 11:27,8/25/2011 14:24,3,3,3,12,19.6
16723,12/10/2011,8/24/2011 11:31,9/9/2011 13:01,92,2,43,37,399,589.15,294.575,NULL,NULL,0,0,0,0,0
16725,12/10/2011,12/3/2010 16:02,2/10/2011 16:52,303,6,150,109,293,779.57,129.9283,2/4/2011 14:06,2/4/2011 14:06,1,1,1,1,5.95
16726,12/10/2011,12/13/2010 13:28,11/13/2011 14:53,27,5,185,121,977,1382.02,276.404,NULL,NULL,0,0,0,0,0
16727,12/10/2011,12/10/2010 13:48,12/10/2010 13:48,365,1,46,41,177,272.82,272.82,NULL,NULL,0,0,0,0,0
16728,12/10/2011,3/20/2011 13:28,10/24/2011 14:36,47,4,269,218,677,1054.67,263.6675,NULL,NULL,0,0,0,0,0
16729,12/10/2011,4/12/2011 14:22,11/1/2011 14:29,39,21,659,233,5779,7236.6,344.6,6/2/2011 11:13,11/3/2011 19:11,5,7,7,12,156.6
16730,12/10/2011,1/24/2011 14:01,10/18/2011 14:11,53,3,82,75,994,743.11,247.7033,2/11/2011 10:40,2/11/2011 10:40,1,2,2,96,40.32
16732,12/10/2011,11/8/2011 9:54,11/8/2011 9:54,32,1,28,28,317,603.75,603.75,NULL,NULL,0,0,0,0,0
16734,12/10/2011,8/17/2011 15:00,10/18/2011 13:44,53,3,53,44,346,650.51,216.8367,NULL,NULL,0,0,0,0,0
16735,12/10/2011,1/9/2011 12:53,9/22/2011 11:49,79,5,125,88,1573,2300.56,460.112,4/18/2011 14:16,9/7/2011 9:07,2,3,2,19,31.35
16737,12/10/2011,10/17/2011 13:03,10/17/2011 13:03,54,1,1,1,288,417.6,417.6,NULL,NULL,0,0,0,0,0
16738,12/10/2011,2/15/2011 9:46,2/15/2011 9:46,298,1,1,1,3,3.75,3.75,NULL,NULL,0,0,0,0,0
16739,12/10/2011,6/16/2011 9:17,6/16/2011 9:17,177,1,13,13,172,323,323,6/20/2011 17:15,6/20/2011 17:15,1,3,3,3,10.45
16743,12/10/2011,12/16/2010 12:15,11/10/2011 13:13,30,7,191,89,2047,2238.09,319.7271,8/5/2011 17:08,8/5/2011 17:08,1,2,2,37,46.25
16744,12/10/2011,6/19/2011 15:13,11/28/2011 13:06,12,7,242,198,805,1304.76,186.3943,NULL,NULL,0,0,0,0,0
16745,12/10/2011,2/1/2011 11:31,9/14/2011 11:58,87,17,357,148,6735,7194.3,423.1941,6/14/2011 13:26,6/14/2011 13:26,1,1,1,8,23.6
16746,12/10/2011,12/16/2010 11:43,12/5/2011 12:33,5,18,449,234,4665,6697.66,372.0922,7/1/2011 12:11,7/1/2011 12:11,1,3,3,3,3.35
16747,12/10/2011,10/3/2011 10:18,11/2/2011 11:37,38,2,42,34,583,836.06,418.03,10/6/2011 19:26,11/14/2011 13:37,2,3,2,6,9.1
16748,12/10/2011,1/9/2011 13:50,11/22/2011 10:17,18,5,69,42,880,1515.9,303.18,NULL,NULL,0,0,0,0,0
16750,12/10/2011,4/21/2011 16:53,10/26/2011 12:48,45,5,95,74,214,623.93,124.786,NULL,NULL,0,0,0,0,0
16751,12/10/2011,11/9/2011 10:48,11/9/2011 10:48,31,1,25,24,1031,1764.72,1764.72,NULL,NULL,0,0,0,0,0
16752,12/10/2011,12/2/2010 12:18,12/2/2010 12:18,373,1,9,9,54,207.5,207.5,NULL,NULL,0,0,0,0,0
16753,12/10/2011,10/12/2011 13:14,10/12/2011 13:14,59,1,34,34,189,223.92,223.92,NULL,NULL,0,0,0,0,0
16754,12/10/2011,12/2/2010 17:38,12/2/2010 17:38,373,1,2,2,4280,2002.4,2002.4,NULL,NULL,0,0,0,0,0
16755,12/10/2011,1/28/2011 10:47,8/17/2011 13:21,115,3,170,133,1064,1496.83,498.9433,8/17/2011 13:14,8/17/2011 13:16,2,6,6,6,12.2
16756,12/10/2011,5/9/2011 9:33,5/9/2011 9:33,215,1,13,13,106,239.4,239.4,NULL,NULL,0,0,0,0,0
16757,12/10/2011,1/25/2011 11:59,1/25/2011 11:59,319,1,7,7,81,106.83,106.83,NULL,NULL,0,0,0,0,0
16758,12/10/2011,10/5/2011 14:47,10/5/2011 14:47,66,1,22,22,203,369.34,369.34,NULL,NULL,0,0,0,0,0
16759,12/10/2011,11/9/2011 9:06,12/2/2011 12:42,8,3,42,40,609,789.79,263.2633,11/29/2011 16:19,11/29/2011 16:19,1,1,1,1,16.95
16761,12/10/2011,9/4/2011 11:15,9/4/2011 11:15,97,1,13,13,341,316.62,316.62,NULL,NULL,0,0,0,0,0
16762,12/10/2011,7/18/2011 12:52,11/20/2011 11:43,20,3,89,51,618,1501.38,500.46,NULL,NULL,0,0,0,0,0
16763,12/10/2011,5/25/2011 11:52,5/25/2011 11:52,199,1,23,23,319,611.85,611.85,6/7/2011 14:24,6/7/2011 14:24,1,1,1,1,16.95
16764,12/10/2011,7/19/2011 17:17,12/6/2011 11:41,4,13,706,209,1259,2799.25,215.3269,10/28/2011 11:54,12/6/2011 11:23,5,12,12,12,41
16765,12/10/2011,2/18/2011 15:41,2/18/2011 15:41,295,1,1,1,4,34,34,NULL,NULL,0,0,0,0,0
16766,12/10/2011,3/11/2011 13:34,3/11/2011 15:22,274,2,34,17,536,1145.6,572.8,NULL,NULL,0,0,0,0,0
16767,12/10/2011,1/27/2011 13:38,11/9/2011 9:42,31,11,222,148,4435,5580.6,507.3273,NULL,NULL,0,0,0,0,0
16768,12/10/2011,3/13/2011 10:25,10/23/2011 10:38,48,3,54,47,196,478.09,159.3633,8/28/2011 10:31,10/23/2011 10:24,2,4,4,5,20.05
16769,12/10/2011,3/24/2011 13:41,3/24/2011 13:41,261,1,40,33,83,380.39,380.39,NULL,NULL,0,0,0,0,0
16770,12/10/2011,12/2/2010 15:49,10/13/2011 12:21,58,5,145,116,464,770.1,154.02,12/16/2010 15:54,12/16/2010 15:54,1,1,1,12,25.2
16771,12/10/2011,1/5/2011 13:57,11/6/2011 13:28,34,5,254,199,1477,2234.81,446.962,NULL,NULL,0,0,0,0,0
16773,12/10/2011,10/13/2011 14:37,10/13/2011 14:37,58,1,26,23,171,171.59,171.59,NULL,NULL,0,0,0,0,0
16774,12/10/2011,6/14/2011 12:45,10/3/2011 12:41,68,4,48,36,322,661.52,165.38,8/1/2011 15:13,8/1/2011 15:13,1,1,1,4,6.6
16775,12/10/2011,12/7/2010 15:15,11/29/2011 15:22,11,11,158,84,440,1695.66,154.1509,NULL,NULL,0,0,0,0,0
16776,12/10/2011,10/10/2011 13:04,10/10/2011 13:04,61,1,76,61,262,388.28,388.28,NULL,NULL,0,0,0,0,0
16777,12/10/2011,3/27/2011 14:34,9/20/2011 13:41,81,2,50,45,64,226.35,113.175,NULL,NULL,0,0,0,0,0
16778,12/10/2011,3/10/2011 15:21,9/26/2011 13:48,75,2,16,16,194,245.94,122.97,NULL,NULL,0,0,0,0,0
16779,12/10/2011,12/8/2010 9:56,12/7/2011 14:54,3,22,333,161,5325,10629.72,483.1691,12/12/2010 11:13,12/6/2011 14:01,6,11,9,89,175.67
16780,12/10/2011,3/25/2011 17:34,8/31/2011 16:09,101,2,60,51,271,425.19,212.595,NULL,NULL,0,0,0,0,0
16781,12/10/2011,12/2/2010 14:26,12/2/2010 14:26,373,1,17,17,113,311.25,311.25,12/9/2010 15:18,12/9/2010 15:18,1,2,2,2,16.6
16782,12/10/2011,12/9/2010 11:28,11/29/2011 13:20,11,13,190,103,712,2279.9,175.3769,12/6/2010 16:10,10/6/2011 16:41,6,7,7,9,37.65
16784,12/10/2011,11/20/2011 12:20,11/20/2011 12:20,20,1,3,3,24,107.6,107.6,NULL,NULL,0,0,0,0,0
16788,12/10/2011,3/30/2011 13:05,8/8/2011 14:53,124,2,154,137,310,595.83,297.915,NULL,NULL,0,0,0,0,0
16789,12/10/2011,12/1/2011 15:12,12/1/2011 15:12,9,1,5,5,32,80.8,80.8,NULL,NULL,0,0,0,0,0
16790,12/10/2011,11/2/2011 11:23,12/6/2011 11:53,4,6,93,88,898,1545.62,257.6033,11/8/2011 17:53,11/14/2011 12:03,2,2,1,6,25.5
16791,12/10/2011,1/11/2011 15:42,11/10/2011 19:12,30,7,319,217,762,1709.03,244.1471,10/10/2011 14:50,10/10/2011 14:50,1,2,2,4,15.5
16792,12/10/2011,3/2/2011 14:39,3/2/2011 14:41,283,2,12,11,44,110.38,55.19,NULL,NULL,0,0,0,0,0
16793,12/10/2011,10/13/2011 15:08,10/13/2011 15:08,58,1,16,16,146,243.84,243.84,NULL,NULL,0,0,0,0,0
16794,12/10/2011,6/12/2011 14:15,12/8/2011 17:54,2,10,284,141,936,1220.69,122.069,6/13/2011 10:53,11/13/2011 12:30,2,2,2,4,21.2
16795,12/10/2011,12/9/2010 14:08,12/9/2010 14:08,366,1,66,64,239,414.88,414.88,NULL,NULL,0,0,0,0,0
16796,12/10/2011,9/11/2011 14:01,9/11/2011 14:01,90,1,18,18,186,305.62,305.62,NULL,NULL,0,0,0,0,0
16800,12/10/2011,11/28/2011 14:06,11/28/2011 14:06,12,1,164,148,540,1201.49,1201.49,NULL,NULL,0,0,0,0,0
16801,12/10/2011,3/11/2011 13:56,6/29/2011 15:33,164,4,76,72,499,1619.73,404.9325,3/31/2011 11:58,3/31/2011 11:58,1,45,45,186,751.9
16803,12/10/2011,10/5/2011 14:28,10/5/2011 14:28,66,1,24,24,245,332.3,332.3,NULL,NULL,0,0,0,0,0
16804,12/10/2011,3/14/2011 15:48,11/16/2011 16:43,24,3,60,59,246,536.99,178.9967,NULL,NULL,0,0,0,0,0
16805,12/10/2011,12/14/2010 13:35,6/19/2011 11:23,174,2,98,94,539,460.59,230.295,NULL,NULL,0,0,0,0,0
16806,12/10/2011,4/14/2011 19:59,8/28/2011 15:27,104,4,102,67,377,775.54,193.885,NULL,NULL,0,0,0,0,0
16807,12/10/2011,3/14/2011 9:46,7/20/2011 12:00,143,3,66,56,777,1106.59,368.8633,NULL,NULL,0,0,0,0,0
16808,12/10/2011,3/10/2011 19:05,9/1/2011 19:34,100,2,23,21,196,288.42,144.21,NULL,NULL,0,0,0,0,0
16809,12/10/2011,3/22/2011 15:20,11/16/2011 15:45,24,5,149,79,652,914.69,182.938,3/22/2011 13:13,3/22/2011 13:13,1,1,1,1,1.95
16810,12/10/2011,5/31/2011 15:32,5/31/2011 15:32,193,1,15,15,114,309.54,309.54,12/14/2010 11:24,12/14/2010 11:24,1,1,1,2,33.9
16811,12/10/2011,11/22/2011 17:19,12/5/2011 11:39,5,2,28,26,477,547.07,273.535,NULL,NULL,0,0,0,0,0
16812,12/10/2011,12/14/2010 12:35,12/14/2010 12:35,361,1,15,15,81,479.35,479.35,NULL,NULL,0,0,0,0,0
16813,12/10/2011,5/19/2011 13:28,12/1/2011 14:03,9,10,449,248,1525,1692.98,169.298,NULL,NULL,0,0,0,0,0
16814,12/10/2011,12/5/2010 11:45,11/25/2011 13:27,15,21,323,121,2763,6499.2,309.4857,6/16/2011 13:56,6/16/2011 13:56,1,1,1,1,8.5
16816,12/10/2011,12/16/2010 17:01,8/28/2011 14:16,104,4,28,28,274,417.06,104.265,NULL,NULL,0,0,0,0,0
16817,12/10/2011,12/6/2010 14:19,12/7/2011 11:03,3,9,86,73,822,1604.75,178.3056,12/9/2010 15:30,6/17/2011 15:34,4,9,8,60,157.8
16818,12/10/2011,5/18/2011 11:42,11/29/2011 10:41,11,11,188,172,2164,3349.57,304.5064,5/20/2011 11:54,5/24/2011 13:59,2,2,2,2,31.6
16820,12/10/2011,9/5/2011 12:06,9/5/2011 12:06,96,1,26,26,307,497.61,497.61,NULL,NULL,0,0,0,0,0
16823,12/10/2011,4/26/2011 15:00,4/26/2011 15:00,228,1,38,34,136,358.38,358.38,NULL,NULL,0,0,0,0,0
16824,12/10/2011,6/28/2011 13:36,11/24/2011 12:38,16,2,26,23,236,460.64,230.32,NULL,NULL,0,0,0,0,0
16825,12/10/2011,6/7/2011 9:44,11/1/2011 11:51,39,2,28,27,566,775.18,387.59,NULL,NULL,0,0,0,0,0
16826,12/10/2011,10/19/2011 14:05,10/19/2011 14:05,52,1,22,22,158,341.7,341.7,NULL,NULL,0,0,0,0,0
16828,12/10/2011,8/19/2011 13:24,8/19/2011 13:24,113,1,7,7,58,113.5,113.5,NULL,NULL,0,0,0,0,0
16829,12/10/2011,7/6/2011 10:48,7/6/2011 10:48,157,1,11,11,99,197.22,197.22,NULL,NULL,0,0,0,0,0
16830,12/10/2011,11/1/2011 11:35,11/1/2011 11:35,39,1,23,23,264,325.91,325.91,NULL,NULL,0,0,0,0,0
16832,12/10/2011,5/6/2011 14:12,6/8/2011 15:36,185,3,12,11,33,199.15,66.3833,NULL,NULL,0,0,0,0,0
16833,12/10/2011,1/9/2011 13:02,12/8/2011 14:39,2,4,47,46,440,1106.53,276.6325,NULL,NULL,0,0,0,0,0
16834,12/10/2011,4/26/2011 9:37,4/26/2011 9:37,228,1,24,24,358,413.46,413.46,NULL,NULL,0,0,0,0,0
16835,12/10/2011,12/1/2010 17:15,8/3/2011 13:50,129,2,10,10,61,180.85,90.425,NULL,NULL,0,0,0,0,0
16836,12/10/2011,8/15/2011 12:38,10/31/2011 10:05,40,2,11,11,165,251.87,125.935,NULL,NULL,0,0,0,0,0
16837,12/10/2011,4/8/2011 8:48,11/8/2011 14:27,32,11,165,123,1563,3170.98,288.2709,5/31/2011 11:44,5/31/2011 11:44,1,1,1,1,3.25
16838,12/10/2011,2/24/2011 15:01,5/26/2011 13:13,198,2,25,24,185,588.85,294.425,3/7/2011 13:38,3/7/2011 13:38,1,1,1,1,5.95
16839,12/10/2011,12/5/2010 11:15,12/1/2011 9:03,9,34,266,114,8975,16594.35,488.0691,1/31/2011 11:22,11/18/2011 17:15,5,31,31,504,1232.07
16841,12/10/2011,2/25/2011 12:40,11/3/2011 11:51,37,6,116,101,2250,1869.82,311.6367,8/24/2011 10:53,8/24/2011 10:53,1,1,1,16,95.2
16842,12/10/2011,2/10/2011 14:51,8/31/2011 10:42,101,3,63,45,693,1264.19,421.3967,10/6/2011 17:38,10/6/2011 17:38,1,1,1,1,3.75
16843,12/10/2011,1/16/2011 16:10,10/28/2011 9:06,43,16,378,226,10159,10196.57,637.2856,3/2/2011 16:03,3/2/2011 16:03,1,1,1,5,12.75
16846,12/10/2011,10/20/2011 13:55,10/20/2011 13:55,51,1,11,11,135,214.32,214.32,NULL,NULL,0,0,0,0,0
16847,12/10/2011,10/27/2011 13:29,10/27/2011 13:29,44,1,12,12,78,193.44,193.44,NULL,NULL,0,0,0,0,0
16848,12/10/2011,10/18/2011 8:42,10/18/2011 8:42,53,1,14,14,182,281.42,281.42,NULL,NULL,0,0,0,0,0
16849,12/10/2011,6/6/2011 9:16,6/6/2011 9:16,187,1,8,8,33,124.57,124.57,NULL,NULL,0,0,0,0,0
16850,12/10/2011,1/10/2011 11:09,1/10/2011 11:09,334,1,19,19,249,332.41,332.41,NULL,NULL,0,0,0,0,0
16851,12/10/2011,10/19/2011 9:48,12/5/2011 13:32,5,3,20,17,271,342.45,114.15,NULL,NULL,0,0,0,0,0
16852,12/10/2011,6/16/2011 15:49,11/29/2011 13:22,11,2,9,9,56,144.91,72.455,NULL,NULL,0,0,0,0,0
16855,12/10/2011,10/27/2011 16:31,11/16/2011 12:03,24,2,19,19,164,328.4,164.2,NULL,NULL,0,0,0,0,0
16856,12/10/2011,11/25/2011 8:59,11/25/2011 8:59,15,1,2,2,12,35.4,35.4,NULL,NULL,0,0,0,0,0
16858,12/10/2011,12/6/2010 9:52,12/6/2010 9:52,369,1,10,9,91,375.69,375.69,12/8/2010 14:52,12/8/2010 14:52,1,3,3,8,29.8
16859,12/10/2011,3/23/2011 13:39,7/18/2011 12:19,145,2,51,49,826,732.81,366.405,7/21/2011 15:14,8/25/2011 14:12,3,20,19,171,274.67
16861,12/10/2011,7/4/2011 15:38,10/11/2011 9:05,60,2,6,6,140,173.76,86.88,12/6/2010 15:09,12/6/2010 15:09,1,1,1,6,17.7
16863,12/10/2011,12/8/2010 8:58,11/8/2011 15:26,32,2,26,25,409,502.8,251.4,12/14/2010 10:25,11/10/2011 15:23,2,2,2,17,21.45
16866,12/10/2011,7/1/2011 12:34,7/22/2011 10:06,141,3,11,10,60,207.74,69.2467,NULL,NULL,0,0,0,0,0
16869,12/10/2011,6/17/2011 13:01,11/17/2011 12:02,23,4,128,113,585,825.42,206.355,10/25/2011 15:08,10/25/2011 15:08,1,1,1,4,19.8
16871,12/10/2011,3/14/2011 10:31,11/17/2011 19:27,23,6,137,131,1253,2812.34,468.7233,5/25/2011 16:56,5/25/2011 16:56,1,2,2,3,50.85
16872,12/10/2011,6/8/2011 14:32,9/23/2011 16:05,78,3,7,5,600,680.02,226.6733,NULL,NULL,0,0,0,0,0
16873,12/10/2011,12/10/2010 15:45,12/5/2011 12:05,5,6,279,179,3840,7123.62,1187.27,12/20/2010 14:10,10/13/2011 11:30,4,10,10,15,57.31
16875,12/10/2011,1/4/2011 10:37,10/3/2011 13:39,68,5,112,93,1069,2095.53,419.106,1/11/2011 11:22,10/6/2011 19:20,4,11,11,25,72.06
16877,12/10/2011,5/15/2011 16:13,11/27/2011 13:47,13,6,159,111,463,853.72,142.2867,NULL,NULL,0,0,0,0,0
16878,12/10/2011,9/16/2011 17:39,9/16/2011 17:39,85,1,3,3,12,13.3,13.3,11/15/2011 8:52,11/15/2011 8:52,1,3,3,12,13.3
16880,12/10/2011,6/3/2011 16:45,11/9/2011 11:33,31,7,178,121,753,1519.08,217.0114,NULL,NULL,0,0,0,0,0
16881,12/10/2011,10/4/2011 10:33,10/4/2011 10:33,67,1,1,1,600,432,432,NULL,NULL,0,0,0,0,0
16882,12/10/2011,1/26/2011 17:43,10/4/2011 10:42,67,3,39,39,424,705.12,235.04,NULL,NULL,0,0,0,0,0
16883,12/10/2011,12/3/2010 10:33,6/5/2011 12:51,188,2,38,33,104,276.73,138.365,NULL,NULL,0,0,0,0,0
16884,12/10/2011,11/2/2011 10:16,11/2/2011 11:52,38,2,25,25,319,422.34,211.17,NULL,NULL,0,0,0,0,0
16885,12/10/2011,12/17/2010 17:23,11/24/2011 13:40,16,3,101,82,184,471.51,157.17,NULL,NULL,0,0,0,0,0
16887,12/10/2011,11/4/2011 14:07,11/4/2011 14:07,36,1,37,35,157,194.88,194.88,NULL,NULL,0,0,0,0,0
16889,12/10/2011,1/7/2011 10:47,5/29/2011 11:05,195,3,135,112,925,1578.67,526.2233,NULL,NULL,0,0,0,0,0
16891,12/10/2011,12/3/2010 11:35,12/8/2011 11:15,2,5,203,166,283,809.7,161.94,NULL,NULL,0,0,0,0,0
16892,12/10/2011,6/9/2011 11:35,12/8/2011 13:18,2,5,99,87,239,525.54,105.108,1/20/2011 13:19,12/8/2011 13:14,2,2,2,4,28.7
16893,12/10/2011,12/8/2010 12:06,12/8/2010 12:06,367,1,45,44,62,145.93,145.93,NULL,NULL,0,0,0,0,0
16895,12/10/2011,10/6/2011 12:15,10/6/2011 12:15,65,1,69,57,102,219.14,219.14,NULL,NULL,0,0,0,0,0
16897,12/10/2011,1/30/2011 11:52,2/13/2011 15:02,300,2,37,37,73,289.78,144.89,2/13/2011 15:45,2/13/2011 15:45,1,7,7,15,76.75
16898,12/10/2011,12/6/2010 12:23,11/13/2011 15:44,27,3,162,150,419,508.81,169.6033,12/9/2010 14:29,12/9/2010 14:29,1,1,1,33,64.35
16899,12/10/2011,12/14/2010 13:11,12/2/2011 12:03,8,6,125,80,522,1281.56,213.5933,NULL,NULL,0,0,0,0,0
16900,12/10/2011,10/7/2011 13:17,11/23/2011 10:32,17,3,78,77,832,882.16,294.0533,11/28/2011 10:50,11/28/2011 10:50,1,1,1,108,12.96
16902,12/10/2011,8/15/2011 14:17,8/15/2011 14:17,117,1,44,43,629,1706.88,1706.88,NULL,NULL,0,0,0,0,0
16903,12/10/2011,11/10/2011 15:32,11/10/2011 15:32,30,1,60,50,262,373.24,373.24,NULL,NULL,0,0,0,0,0
16904,12/10/2011,12/7/2010 13:29,12/5/2011 13:10,5,15,708,385,2023,3735.47,249.0313,NULL,NULL,0,0,0,0,0
16905,12/10/2011,12/3/2010 10:43,12/4/2011 14:01,6,7,208,117,1408,3102.43,443.2043,4/17/2011 10:38,4/17/2011 10:38,1,1,1,1,16.95
16906,12/10/2011,4/5/2011 12:30,9/19/2011 11:49,82,4,93,74,281,579.77,144.9425,NULL,NULL,0,0,0,0,0
16907,12/10/2011,12/9/2010 16:52,11/10/2011 18:04,30,5,151,89,298,981.65,196.33,NULL,NULL,0,0,0,0,0
16909,12/10/2011,9/28/2011 16:45,9/28/2011 16:45,73,1,18,18,436,379.14,379.14,10/6/2011 18:06,10/6/2011 18:06,1,1,1,2,15
16910,12/10/2011,9/9/2011 14:14,12/5/2011 12:51,5,8,547,318,886,1510.06,188.7575,NULL,NULL,0,0,0,0,0
16912,12/10/2011,1/20/2011 15:42,11/11/2011 12:18,29,11,101,88,1029,2575.38,234.1255,3/11/2011 11:30,11/16/2011 15:51,3,3,3,14,39.65
16913,12/10/2011,2/22/2011 12:56,2/22/2011 12:56,291,1,8,8,82,113.44,113.44,NULL,NULL,0,0,0,0,0
16914,12/10/2011,11/3/2011 15:27,11/3/2011 15:27,37,1,38,25,121,208.46,208.46,NULL,NULL,0,0,0,0,0
16915,12/10/2011,3/1/2011 9:52,11/30/2011 16:39,10,6,57,46,132,621.68,103.6133,NULL,NULL,0,0,0,0,0
16916,12/10/2011,12/2/2010 13:14,11/16/2011 12:08,24,2,143,129,440,576.26,288.13,NULL,NULL,0,0,0,0,0
16917,12/10/2011,3/8/2011 11:55,3/8/2011 11:55,277,1,9,9,232,391.52,391.52,NULL,NULL,0,0,0,0,0
16918,12/10/2011,1/26/2011 17:37,10/21/2011 12:50,50,6,128,97,721,1068.82,178.1367,10/7/2011 15:36,10/7/2011 15:36,1,2,2,13,25.48
16919,12/10/2011,12/6/2010 12:52,7/6/2011 13:35,157,11,327,141,1413,2596.45,236.0409,NULL,NULL,0,0,0,0,0
16921,12/10/2011,10/9/2011 16:22,10/9/2011 16:22,62,1,60,50,171,169.79,169.79,NULL,NULL,0,0,0,0,0
16923,12/10/2011,12/12/2010 11:06,11/27/2011 13:00,13,19,672,313,3417,7247.61,381.4532,12/12/2010 11:12,6/5/2011 11:45,7,24,22,234,580.78
16924,12/10/2011,9/16/2011 12:54,11/18/2011 12:53,22,3,83,69,493,846.75,282.25,11/18/2011 11:45,11/18/2011 11:45,1,6,6,13,107.25
16926,12/10/2011,12/3/2010 13:42,12/3/2010 13:42,372,1,14,14,35,230.25,230.25,NULL,NULL,0,0,0,0,0
16927,12/10/2011,12/13/2010 11:57,8/16/2011 11:10,116,3,6,5,993,543.05,181.0167,NULL,NULL,0,0,0,0,0
16928,12/10/2011,12/1/2010 15:21,9/20/2011 15:10,81,17,208,68,2113,2839.65,167.0382,2/13/2011 16:04,8/11/2011 15:45,2,4,4,20,66.1
16929,12/10/2011,7/7/2011 12:39,12/6/2011 8:37,4,7,77,51,929,1295.39,185.0557,NULL,NULL,0,0,0,0,0
16930,12/10/2011,10/2/2011 14:25,11/13/2011 16:13,27,3,54,47,341,380.55,126.85,NULL,NULL,0,0,0,0,0
16931,12/10/2011,12/5/2010 11:40,12/4/2011 13:15,6,21,898,448,3158,4604.22,219.2486,NULL,NULL,0,0,0,0,0
16932,12/10/2011,10/17/2011 14:12,10/17/2011 14:12,54,1,53,44,87,161.94,161.94,NULL,NULL,0,0,0,0,0
16933,12/10/2011,4/14/2011 13:33,12/8/2011 12:54,2,2,44,42,288,563.23,281.615,4/14/2011 12:28,12/8/2011 11:42,3,5,4,7,33.15
16934,12/10/2011,10/16/2011 12:25,10/16/2011 12:40,55,2,62,59,399,950.93,475.465,NULL,NULL,0,0,0,0,0
16936,12/10/2011,11/14/2011 11:04,11/14/2011 11:04,26,1,57,56,173,262.68,262.68,NULL,NULL,0,0,0,0,0
16938,12/10/2011,2/4/2011 9:34,12/1/2011 10:20,9,4,241,212,2540,2736.38,684.095,6/13/2011 11:21,6/13/2011 11:21,1,1,1,1515,833.25
16940,12/10/2011,2/23/2011 12:27,10/18/2011 13:15,53,3,305,226,2169,3049.88,1016.6267,NULL,NULL,0,0,0,0,0
16942,12/10/2011,4/26/2011 11:59,11/27/2011 12:40,13,9,281,159,811,1920.59,213.3989,6/16/2011 12:56,6/16/2011 12:56,1,2,2,4,26.48
16943,12/10/2011,1/25/2011 14:00,5/12/2011 11:57,212,3,33,23,145,816.73,272.2433,NULL,NULL,0,0,0,0,0
16945,12/10/2011,12/16/2010 17:49,11/18/2011 11:39,22,19,249,137,2725,4345.5,228.7105,NULL,NULL,0,0,0,0,0
16947,12/10/2011,4/18/2011 9:38,4/18/2011 9:38,236,1,21,21,312,406.48,406.48,NULL,NULL,0,0,0,0,0
16948,12/10/2011,1/18/2011 10:58,7/24/2011 12:46,139,3,19,15,1614,435.02,145.0067,NULL,NULL,0,0,0,0,0
16949,12/10/2011,1/27/2011 12:11,12/6/2011 11:07,4,6,60,57,791,1286.27,214.3783,6/13/2011 17:08,6/13/2011 17:08,1,1,1,1,125
16950,12/10/2011,12/7/2010 15:20,10/14/2011 9:06,57,3,42,39,644,1178.56,392.8533,NULL,NULL,0,0,0,0,0
16951,12/10/2011,2/8/2011 14:58,7/28/2011 12:05,135,3,86,73,1318,1277.75,425.9167,8/8/2011 13:25,8/8/2011 13:25,1,1,1,12,15
16952,12/10/2011,8/22/2011 12:58,8/22/2011 13:03,110,2,16,16,92,167.61,83.805,NULL,NULL,0,0,0,0,0
16953,12/10/2011,11/9/2011 15:54,11/9/2011 15:54,31,1,1,1,10,20.8,20.8,NULL,NULL,0,0,0,0,0
16954,12/10/2011,12/15/2010 10:41,12/9/2011 9:46,1,9,54,40,1054,2085.08,231.6756,NULL,NULL,0,0,0,0,0
16955,12/10/2011,12/1/2010 13:31,6/8/2011 10:36,185,4,25,18,266,518.67,129.6675,12/14/2010 11:16,12/14/2010 11:16,1,1,1,20,25
16956,12/10/2011,11/22/2011 8:56,11/22/2011 8:56,18,1,16,16,114,308.74,308.74,11/30/2011 14:28,11/30/2011 14:28,1,2,2,2,16.4
16957,12/10/2011,3/3/2011 9:25,4/14/2011 13:56,240,2,16,15,172,416.64,208.32,NULL,NULL,0,0,0,0,0
16959,12/10/2011,9/13/2011 15:03,9/13/2011 15:03,88,1,7,7,49,117.35,117.35,NULL,NULL,0,0,0,0,0
16960,12/10/2011,4/1/2011 11:54,11/1/2011 11:35,39,3,100,91,301,505.1,168.3667,NULL,NULL,0,0,0,0,0
16961,12/10/2011,8/15/2011 13:46,8/15/2011 13:46,117,1,14,14,125,234.17,234.17,NULL,NULL,0,0,0,0,0
16963,12/10/2011,6/5/2011 13:48,6/5/2011 13:48,188,1,7,7,35,110.55,110.55,NULL,NULL,0,0,0,0,0
16965,12/10/2011,4/27/2011 12:08,4/27/2011 12:08,227,1,25,25,243,192.07,192.07,NULL,NULL,0,0,0,0,0
16966,12/10/2011,4/13/2011 14:17,12/1/2011 13:40,9,7,28,8,1981,2154.97,307.8529,6/27/2011 15:24,6/29/2011 12:05,2,2,1,2,6
16967,12/10/2011,6/3/2011 14:24,6/3/2011 14:24,190,1,21,21,333,319.02,319.02,NULL,NULL,0,0,0,0,0
16968,12/10/2011,8/24/2011 10:51,12/5/2011 15:02,5,2,31,31,326,439.43,219.715,NULL,NULL,0,0,0,0,0
16969,12/10/2011,6/1/2011 12:10,10/31/2011 13:12,40,3,41,41,815,635.41,211.8033,NULL,NULL,0,0,0,0,0
16971,12/10/2011,11/1/2011 15:06,11/1/2011 15:06,39,1,41,40,72,357.21,357.21,NULL,NULL,0,0,0,0,0
16976,12/10/2011,3/17/2011 16:33,3/17/2011 16:33,268,1,2,2,88,251.52,251.52,NULL,NULL,0,0,0,0,0
16978,12/10/2011,9/23/2011 12:50,9/23/2011 12:50,78,1,39,39,166,344.33,344.33,NULL,NULL,0,0,0,0,0
16979,12/10/2011,2/15/2011 9:20,12/6/2011 12:21,4,6,89,64,865,1852,308.6667,2/18/2011 15:54,11/4/2011 10:03,2,2,2,5,42.95
16980,12/10/2011,2/21/2011 12:58,3/29/2011 16:36,256,2,87,71,788,1078.96,539.48,NULL,NULL,0,0,0,0,0
16982,12/10/2011,10/10/2011 12:28,10/10/2011 12:28,61,1,22,22,182,384.06,384.06,NULL,NULL,0,0,0,0,0
16983,12/10/2011,12/5/2010 12:34,11/27/2011 12:10,13,7,148,112,1379,1931.25,275.8929,3/16/2011 12:13,3/16/2011 12:13,1,1,1,13,11.05
16984,12/10/2011,8/1/2011 17:37,9/12/2011 13:43,89,2,407,354,2423,4481.35,2240.675,8/31/2011 12:05,9/22/2011 18:21,3,11,11,15,88.93
16985,12/10/2011,12/16/2010 10:38,11/22/2011 13:33,18,10,120,62,1832,5464.12,546.412,2/2/2011 11:16,2/2/2011 11:16,1,1,1,2,2.5
16986,12/10/2011,11/9/2011 15:52,11/10/2011 11:55,30,2,3,3,1040,1873.2,936.6,NULL,NULL,0,0,0,0,0
16987,12/10/2011,5/18/2011 15:55,12/6/2011 17:26,4,7,129,74,402,1625.05,232.15,NULL,NULL,0,0,0,0,0
16988,12/10/2011,12/4/2011 16:02,12/4/2011 16:02,6,1,7,7,43,126.12,126.12,NULL,NULL,0,0,0,0,0
16989,12/10/2011,7/12/2011 9:11,12/2/2011 16:39,8,6,12,7,1233,1133.25,188.875,NULL,NULL,0,0,0,0,0
16990,12/10/2011,5/5/2011 8:30,5/5/2011 8:30,219,1,1,1,100,179,179,NULL,NULL,0,0,0,0,0
16992,12/10/2011,2/28/2011 10:37,11/29/2011 11:50,11,5,93,84,860,1614.31,322.862,2/2/2011 16:31,2/2/2011 16:31,1,2,2,3,12.45
16996,12/10/2011,12/21/2010 13:22,11/9/2011 16:43,31,6,37,13,544,1456.96,242.8267,12/16/2010 9:48,8/24/2011 9:20,3,4,3,10,29.5
16997,12/10/2011,1/18/2011 11:51,2/24/2011 17:28,289,3,12,7,360,702,234,NULL,NULL,0,0,0,0,0
16998,12/10/2011,2/8/2011 15:42,7/13/2011 9:44,150,4,4,1,76,295,73.75,5/24/2011 11:23,5/24/2011 11:23,1,1,1,2,7.5
16999,12/10/2011,9/26/2011 15:43,11/16/2011 13:53,24,2,23,21,294,484.82,242.41,NULL,NULL,0,0,0,0,0
17001,12/10/2011,12/16/2010 9:35,12/9/2011 9:38,1,11,169,75,2164,3989.57,362.6882,NULL,NULL,0,0,0,0,0
17002,12/10/2011,2/22/2011 11:46,9/15/2011 12:40,86,3,49,41,679,1493.73,497.91,9/27/2011 16:48,9/27/2011 16:48,1,1,1,1,5.95
17004,12/10/2011,9/8/2011 12:16,10/24/2011 14:25,47,2,44,38,819,1412.94,706.47,NULL,NULL,0,0,0,0,0
17006,12/10/2011,9/25/2011 12:15,12/5/2011 12:09,5,4,43,36,271,766.78,191.695,NULL,NULL,0,0,0,0,0
17007,12/10/2011,12/17/2010 13:57,10/20/2011 10:47,51,6,52,50,597,889.93,148.3217,12/21/2010 14:24,12/21/2010 14:24,1,1,1,10,12.5
17010,12/10/2011,11/21/2011 14:49,11/21/2011 14:49,19,1,11,11,118,195.36,195.36,11/23/2011 11:04,11/23/2011 11:04,1,1,1,2,9.9
17011,12/10/2011,11/9/2011 13:30,11/9/2011 13:30,31,1,15,15,186,270.9,270.9,NULL,NULL,0,0,0,0,0
17014,12/10/2011,10/4/2011 11:36,12/1/2011 14:09,9,3,74,63,245,586.33,195.4433,11/7/2011 15:11,11/7/2011 15:11,1,1,1,5,20.75
17015,12/10/2011,6/7/2011 13:19,11/11/2011 10:45,29,3,217,182,1981,1842.56,614.1867,NULL,NULL,0,0,0,0,0
17017,12/10/2011,12/2/2010 10:17,12/7/2011 9:32,3,20,252,88,6673,8694.26,434.713,12/14/2010 11:54,10/12/2011 14:29,7,16,12,60,120.15
17018,12/10/2011,1/18/2011 8:46,10/30/2011 11:42,41,2,16,15,176,920.1,460.05,NULL,NULL,0,0,0,0,0
17019,12/10/2011,12/6/2010 12:55,11/28/2011 13:06,12,4,234,166,827,1272.61,318.1525,NULL,NULL,0,0,0,0,0
17022,12/10/2011,11/8/2011 17:09,11/8/2011 17:09,32,1,7,7,108,71,71,NULL,NULL,0,0,0,0,0
17024,12/10/2011,7/5/2011 9:31,10/25/2011 13:47,46,3,3,2,69,95.85,31.95,NULL,NULL,0,0,0,0,0
17025,12/10/2011,12/1/2010 15:45,10/10/2011 9:06,61,3,9,8,235,357.77,119.2567,NULL,NULL,0,0,0,0,0
17026,12/10/2011,12/5/2010 12:47,6/7/2011 14:28,186,2,4,4,97,154.83,77.415,NULL,NULL,0,0,0,0,0
17027,12/10/2011,1/26/2011 14:19,9/22/2011 12:24,79,6,153,110,421,890.29,148.3817,3/1/2011 13:05,3/1/2011 13:05,1,2,2,6,41.7
17029,12/10/2011,4/17/2011 10:57,8/21/2011 11:06,111,2,2,1,400,716,358,NULL,NULL,0,0,0,0,0
17030,12/10/2011,10/7/2011 8:49,10/7/2011 8:49,64,1,11,11,146,146.87,146.87,NULL,NULL,0,0,0,0,0
17031,12/10/2011,7/8/2011 9:38,11/28/2011 10:23,12,2,22,19,235,380.35,190.175,NULL,NULL,0,0,0,0,0
17033,12/10/2011,12/15/2010 13:21,9/14/2011 14:34,87,3,28,24,750,1030.14,343.38,NULL,NULL,0,0,0,0,0
17034,12/10/2011,2/25/2011 10:10,11/23/2011 15:14,17,3,29,27,409,730.52,243.5067,11/18/2011 9:44,11/18/2011 9:44,1,2,2,4,10.95
17035,12/10/2011,2/1/2011 12:27,4/8/2011 11:23,246,2,28,27,229,433.53,216.765,2/11/2011 15:16,2/11/2011 15:16,1,4,4,28,45.2
17037,12/10/2011,9/13/2011 12:49,9/13/2011 12:49,88,1,75,75,656,1267.32,1267.32,9/22/2011 17:20,9/22/2011 17:20,1,2,2,4,14.1
17038,12/10/2011,11/9/2011 13:50,11/9/2011 13:50,31,1,22,22,28,112.4,112.4,NULL,NULL,0,0,0,0,0
17040,12/10/2011,7/25/2011 10:19,7/25/2011 10:19,138,1,15,15,181,449.73,449.73,NULL,NULL,0,0,0,0,0
17041,12/10/2011,12/14/2010 11:43,11/13/2011 11:21,27,3,70,59,951,1081.57,360.5233,12/14/2010 11:45,12/14/2010 11:45,1,1,1,4,15.8
17042,12/10/2011,4/6/2011 14:53,12/7/2011 12:26,3,5,98,74,994,1044.38,208.876,NULL,NULL,0,0,0,0,0
17043,12/10/2011,3/18/2011 14:53,11/7/2011 15:33,33,4,102,100,998,1735.18,433.795,NULL,NULL,0,0,0,0,0
17044,12/10/2011,11/14/2011 14:28,11/14/2011 14:28,26,1,6,6,504,948.48,948.48,12/15/2010 16:34,12/1/2011 8:54,2,4,3,17,51.05
17045,12/10/2011,4/6/2011 12:08,8/18/2011 17:09,114,3,22,20,106,339.44,113.1467,NULL,NULL,0,0,0,0,0
17046,12/10/2011,7/5/2011 14:24,7/5/2011 14:24,158,1,22,22,510,642.02,642.02,NULL,NULL,0,0,0,0,0
17047,12/10/2011,5/18/2011 16:50,9/15/2011 13:27,86,3,65,59,533,1100.9,366.9667,NULL,NULL,0,0,0,0,0
17048,12/10/2011,1/12/2011 16:51,8/14/2011 11:49,118,3,43,41,485,925.35,308.45,1/21/2011 17:24,8/16/2011 14:51,3,5,5,11,61.03
17049,12/10/2011,3/9/2011 8:33,12/7/2011 10:48,3,9,318,201,2676,5659.98,628.8867,7/14/2011 14:55,12/1/2011 8:43,2,4,4,7,65.2
17050,12/10/2011,2/13/2011 12:41,9/4/2011 13:48,97,6,316,169,1614,3228.84,538.14,NULL,NULL,0,0,0,0,0
17051,12/10/2011,5/29/2011 14:13,5/29/2011 14:13,195,1,43,40,184,247.14,247.14,NULL,NULL,0,0,0,0,0
17052,12/10/2011,11/11/2011 14:50,11/11/2011 14:50,29,1,92,72,261,413.75,413.75,NULL,NULL,0,0,0,0,0
17053,12/10/2011,8/1/2011 10:23,8/1/2011 10:23,131,1,13,13,122,498.48,498.48,8/3/2011 10:55,8/3/2011 10:55,1,1,1,1,2.1
17054,12/10/2011,4/8/2011 13:14,11/11/2011 12:56,29,5,83,64,804,1356.33,271.266,7/28/2011 12:36,7/28/2011 12:36,1,1,1,2,2.5
17058,12/10/2011,4/14/2011 9:18,9/19/2011 10:13,82,3,62,51,592,1179.89,393.2967,NULL,NULL,0,0,0,0,0
17059,12/10/2011,12/5/2010 12:35,11/10/2011 12:27,30,5,516,292,1855,3095.04,619.008,NULL,NULL,0,0,0,0,0
17060,12/10/2011,3/18/2011 13:27,3/18/2011 13:27,267,1,5,5,216,234.24,234.24,NULL,NULL,0,0,0,0,0
17061,12/10/2011,4/21/2011 13:29,9/27/2011 11:24,74,11,99,57,1526,5232.23,475.6573,4/26/2011 13:10,4/26/2011 13:10,1,2,2,42,116.1
17062,12/10/2011,12/5/2010 11:59,1/30/2011 11:01,314,4,69,51,418,533.33,133.3325,12/16/2010 11:59,12/16/2010 11:59,1,1,1,2,3.9
17063,12/10/2011,2/23/2011 13:44,11/18/2011 16:19,22,7,78,66,770,1461.14,208.7343,3/2/2011 16:17,12/1/2011 8:46,4,4,4,7,39.55
17064,12/10/2011,1/16/2011 16:10,10/12/2011 10:18,59,3,62,53,318,859.35,286.45,NULL,NULL,0,0,0,0,0
17068,12/10/2011,12/6/2010 13:58,11/27/2011 13:14,13,21,295,115,2159,4545.89,216.471,7/15/2011 13:56,7/15/2011 13:56,1,1,1,10,20.8
17069,12/10/2011,12/1/2010 16:49,11/11/2011 17:13,29,9,143,111,1506,2709.7,301.0778,12/23/2010 11:40,9/23/2011 8:24,4,11,7,24,54.48
17070,12/10/2011,8/17/2011 17:01,8/17/2011 17:01,115,1,64,62,133,312.14,312.14,NULL,NULL,0,0,0,0,0
17071,12/10/2011,2/3/2011 8:18,11/11/2011 16:31,29,9,140,102,1197,2429.03,269.8922,2/11/2011 17:12,12/1/2011 9:06,5,8,6,15,43.55
17073,12/10/2011,8/22/2011 14:37,11/22/2011 11:47,18,4,173,141,758,1444.84,361.21,NULL,NULL,0,0,0,0,0
17075,12/10/2011,1/26/2011 13:20,11/22/2011 11:58,18,4,77,62,292,834.12,208.53,3/31/2011 13:34,3/31/2011 13:34,1,3,3,3,20.35
17076,12/10/2011,12/10/2010 10:08,11/3/2011 17:53,37,3,25,17,295,841.08,280.36,NULL,NULL,0,0,0,0,0
17078,12/10/2011,11/3/2011 18:49,11/3/2011 19:17,37,2,27,27,782,375.86,187.93,NULL,NULL,0,0,0,0,0
17079,12/10/2011,9/22/2011 15:34,9/22/2011 15:34,79,1,2,2,24,118.8,118.8,NULL,NULL,0,0,0,0,0
17080,12/10/2011,3/15/2011 12:05,11/17/2011 12:59,23,2,8,8,166,287.62,143.81,3/16/2011 16:23,3/16/2011 16:23,1,1,1,2,2.12
17081,12/10/2011,10/24/2011 13:08,11/14/2011 12:56,26,2,64,55,78,290.16,145.08,NULL,NULL,0,0,0,0,0
17082,12/10/2011,1/25/2011 14:36,11/6/2011 15:17,34,2,81,75,1049,2003.85,1001.925,NULL,NULL,0,0,0,0,0
17083,12/10/2011,2/9/2011 11:38,8/22/2011 15:43,110,3,52,24,772,1405.78,468.5933,NULL,NULL,0,0,0,0,0
17084,12/10/2011,11/4/2011 14:49,11/4/2011 14:54,36,2,162,146,1816,2949.75,1474.875,NULL,NULL,0,0,0,0,0
17085,12/10/2011,12/12/2010 12:24,8/8/2011 14:15,124,5,187,115,786,1566.65,313.33,12/12/2010 12:31,12/12/2010 12:31,1,2,2,2,11.6
17086,12/10/2011,10/7/2011 11:22,12/2/2011 13:54,8,6,95,75,1858,2035.08,339.18,NULL,NULL,0,0,0,0,0
17088,12/10/2011,3/31/2011 9:48,11/11/2011 14:23,29,4,115,96,868,1991.01,497.7525,NULL,NULL,0,0,0,0,0
17090,12/10/2011,12/20/2010 13:52,12/5/2011 13:44,5,7,63,45,921,2043.95,291.9929,10/24/2011 13:33,10/24/2011 13:33,1,1,1,1,2.1
17091,12/10/2011,12/7/2010 9:55,12/7/2011 10:43,3,9,195,119,1746,3827.76,425.3067,1/25/2011 12:41,1/25/2011 12:41,1,3,3,3,24.95
17092,12/10/2011,3/7/2011 14:51,10/20/2011 19:51,51,4,125,99,1131,1777.78,444.445,NULL,NULL,0,0,0,0,0
17094,12/10/2011,1/21/2011 13:09,1/21/2011 13:09,323,1,14,14,152,302,302,1/25/2011 17:24,1/25/2011 17:24,1,1,1,4,31.8
17095,12/10/2011,1/9/2011 11:05,11/17/2011 12:21,23,3,74,69,618,1324.16,441.3867,1/12/2011 11:45,11/17/2011 16:40,2,2,2,4,27.8
17096,12/10/2011,3/23/2011 12:05,11/24/2011 15:01,16,4,48,46,339,1022.13,255.5325,7/26/2011 10:18,11/30/2011 15:05,3,4,4,7,29.45
17097,12/10/2011,12/9/2010 14:55,12/7/2011 17:05,3,8,211,153,459,954.42,119.3025,8/21/2011 10:55,8/21/2011 10:55,1,2,2,2,16.5
17100,12/10/2011,11/21/2011 16:36,11/21/2011 16:36,19,2,65,65,800,971.74,485.87,NULL,NULL,0,0,0,0,0
17101,12/10/2011,6/14/2011 14:49,11/29/2011 13:57,11,4,42,28,815,1621.73,405.4325,NULL,NULL,0,0,0,0,0
17102,12/10/2011,3/23/2011 10:08,3/23/2011 10:08,262,1,1,1,2,25.5,25.5,NULL,NULL,0,0,0,0,0
17105,12/10/2011,2/6/2011 14:46,7/3/2011 15:53,160,2,90,80,693,665.78,332.89,NULL,NULL,0,0,0,0,0
17107,12/10/2011,3/6/2011 15:17,11/6/2011 14:14,34,6,418,269,4837,10815.43,1802.5717,11/7/2011 8:41,11/7/2011 8:41,1,3,3,300,435
17109,12/10/2011,4/21/2011 15:46,11/10/2011 16:59,30,6,117,107,589,885.04,147.5067,11/2/2011 9:50,11/4/2011 13:40,2,4,2,16,15.36
17110,12/10/2011,6/27/2011 12:58,6/27/2011 12:58,166,1,12,12,50,163.3,163.3,NULL,NULL,0,0,0,0,0
17111,12/10/2011,10/23/2011 15:59,10/23/2011 15:59,48,1,30,29,302,248.61,248.61,NULL,NULL,0,0,0,0,0
17114,12/10/2011,1/9/2011 11:39,12/4/2011 12:17,6,8,127,85,219,808.62,101.0775,4/10/2011 10:12,6/26/2011 16:08,2,8,8,9,61.4
17115,12/10/2011,4/20/2011 14:46,12/1/2011 14:30,9,3,39,33,372,837.5,279.1667,4/27/2011 16:17,6/13/2011 16:06,2,4,4,4,30.6
17117,12/10/2011,2/24/2011 13:54,2/24/2011 13:54,289,1,9,9,68,116.2,116.2,NULL,NULL,0,0,0,0,0
17118,12/10/2011,1/26/2011 12:19,1/26/2011 12:19,318,1,10,10,154,157.02,157.02,NULL,NULL,0,0,0,0,0
17119,12/10/2011,10/11/2011 11:03,12/6/2011 14:40,4,2,34,34,333,591.91,295.955,10/24/2011 13:59,10/24/2011 13:59,1,3,3,7,13.3
17120,12/10/2011,4/20/2011 15:21,4/20/2011 15:21,234,1,18,18,120,307.46,307.46,NULL,NULL,0,0,0,0,0
17122,12/10/2011,8/12/2011 14:33,8/12/2011 14:33,120,1,7,7,80,138.32,138.32,NULL,NULL,0,0,0,0,0
17123,12/10/2011,7/1/2011 10:47,7/1/2011 10:47,162,1,9,9,246,345.3,345.3,NULL,NULL,0,0,0,0,0
17124,12/10/2011,6/7/2011 14:02,6/7/2011 14:02,186,1,32,31,130,298.89,298.89,NULL,NULL,0,0,0,0,0
17125,12/10/2011,10/20/2011 14:41,10/20/2011 14:41,51,1,40,34,291,259.35,259.35,NULL,NULL,0,0,0,0,0
17126,12/10/2011,12/12/2010 11:26,7/10/2011 13:52,153,5,260,187,792,1004.75,200.95,12/12/2010 11:19,7/10/2011 12:10,2,2,2,2,12.9
17128,12/10/2011,1/9/2011 12:02,1/9/2011 12:02,335,1,14,14,76,157.09,157.09,NULL,NULL,0,0,0,0,0
17131,12/10/2011,9/25/2011 12:42,12/4/2011 12:52,6,5,134,78,983,2463.17,492.634,NULL,NULL,0,0,0,0,0
17133,12/10/2011,3/18/2011 13:47,11/24/2011 12:27,16,7,27,13,2730,4892.24,698.8914,NULL,NULL,0,0,0,0,0
17134,12/10/2011,3/20/2011 11:56,8/25/2011 9:53,107,2,24,21,102,425,212.5,NULL,NULL,0,0,0,0,0
17135,12/10/2011,12/3/2010 9:31,11/23/2011 16:48,17,7,49,33,1221,1117.23,159.6043,NULL,NULL,0,0,0,0,0
17138,12/10/2011,3/9/2011 11:54,3/9/2011 11:54,276,1,24,24,126,380.5,380.5,NULL,NULL,0,0,0,0,0
17139,12/10/2011,2/24/2011 9:32,11/24/2011 10:12,16,12,478,309,5182,10668.47,889.0392,3/7/2011 12:06,9/15/2011 16:16,3,9,8,19,82.9
17140,12/10/2011,4/6/2011 13:33,4/6/2011 13:33,248,1,20,16,302,465.32,465.32,NULL,NULL,0,0,0,0,0
17142,12/10/2011,4/14/2011 18:22,4/14/2011 18:22,240,1,15,15,81,579,579,NULL,NULL,0,0,0,0,0
17144,12/10/2011,9/16/2011 12:50,12/8/2011 17:57,2,2,48,42,483,984.57,492.285,NULL,NULL,0,0,0,0,0
17146,12/10/2011,12/16/2010 12:20,8/26/2011 12:44,106,3,35,33,212,749.78,249.9267,NULL,NULL,0,0,0,0,0
17147,12/10/2011,2/1/2011 9:36,11/17/2011 12:32,23,4,81,68,882,1714.59,428.6475,2/24/2011 9:45,2/24/2011 9:49,2,4,4,4,34.95
17148,12/10/2011,10/19/2011 9:59,10/19/2011 9:59,52,1,9,9,82,124.88,124.88,NULL,NULL,0,0,0,0,0
17152,12/10/2011,3/21/2011 16:20,5/29/2011 12:19,195,3,14,9,517,1689.5,563.1667,5/29/2011 12:18,5/29/2011 12:18,1,2,2,40,186
17153,12/10/2011,11/15/2011 13:42,11/15/2011 13:42,25,1,14,14,104,213.78,213.78,NULL,NULL,0,0,0,0,0
17154,12/10/2011,9/25/2011 13:42,9/25/2011 13:42,76,1,23,23,490,329.34,329.34,NULL,NULL,0,0,0,0,0
17155,12/10/2011,6/15/2011 10:22,11/22/2011 12:38,18,2,20,19,242,251.7,125.85,NULL,NULL,0,0,0,0,0
17157,12/10/2011,6/16/2011 15:08,12/2/2011 9:10,8,2,13,11,172,319,159.5,6/20/2011 13:13,6/20/2011 13:13,1,2,2,3,12.45
17158,12/10/2011,12/14/2010 13:03,11/7/2011 15:15,33,3,67,53,778,1266.97,422.3233,NULL,NULL,0,0,0,0,0
17159,12/10/2011,6/21/2011 9:49,11/18/2011 10:52,22,3,101,96,1111,1538.88,512.96,10/6/2011 18:56,10/6/2011 18:56,1,1,1,1,4.15
17160,12/10/2011,4/12/2011 12:00,11/8/2011 14:05,32,6,227,110,2854,3488.03,581.3383,NULL,NULL,0,0,0,0,0
17162,12/10/2011,2/7/2011 12:27,11/11/2011 11:34,29,10,104,81,1001,1715.46,171.546,6/7/2011 15:14,6/7/2011 15:14,1,1,1,1,8.25
17163,12/10/2011,9/22/2011 15:54,11/18/2011 8:57,22,2,5,3,66,293.1,146.55,NULL,NULL,0,0,0,0,0
17164,12/10/2011,3/11/2011 14:26,11/7/2011 9:14,33,7,144,92,1501,2467.35,352.4786,10/17/2011 10:50,10/17/2011 10:50,1,1,1,1,0.95
17165,12/10/2011,2/28/2011 16:39,2/28/2011 16:39,285,1,10,10,100,158.68,158.68,NULL,NULL,0,0,0,0,0
17166,12/10/2011,5/20/2011 8:18,11/1/2011 9:46,39,2,12,11,78,206.34,103.17,5/27/2011 9:55,5/27/2011 9:55,1,2,2,3,16.85
17169,12/10/2011,6/9/2011 13:16,10/13/2011 10:25,58,2,54,51,526,835.78,417.89,6/13/2011 12:23,10/20/2011 19:15,2,6,6,7,18.9
17171,12/10/2011,2/23/2011 16:37,2/23/2011 16:37,290,1,16,16,185,224.91,224.91,NULL,NULL,0,0,0,0,0
17172,12/10/2011,9/22/2011 9:36,9/22/2011 9:36,79,1,15,15,480,317.76,317.76,NULL,NULL,0,0,0,0,0
17173,12/10/2011,7/31/2011 15:26,12/4/2011 14:40,6,8,86,36,1122,3766.6,470.825,8/30/2011 11:46,8/30/2011 11:46,1,1,1,1,10.95
17174,12/10/2011,5/6/2011 11:47,5/6/2011 11:47,218,1,4,4,41,59.9,59.9,NULL,NULL,0,0,0,0,0
17175,12/10/2011,2/16/2011 14:56,10/26/2011 15:31,45,4,63,42,866,1443.69,360.9225,7/25/2011 17:00,7/25/2011 17:00,1,1,1,1,12.75
17176,12/10/2011,5/22/2011 12:41,5/22/2011 12:41,202,1,15,15,170,306.13,306.13,NULL,NULL,0,0,0,0,0
17179,12/10/2011,12/13/2010 14:24,6/14/2011 16:48,179,3,80,56,290,711.79,237.2633,NULL,NULL,0,0,0,0,0
17180,12/10/2011,1/27/2011 18:05,10/14/2011 15:46,57,4,128,91,683,796.03,199.0075,1/27/2011 18:08,4/12/2011 16:10,2,3,2,3,15.65
17181,12/10/2011,12/1/2010 12:38,10/13/2011 14:48,58,2,23,23,241,239.92,119.96,NULL,NULL,0,0,0,0,0
17183,12/10/2011,8/26/2011 15:25,12/2/2011 10:07,8,6,73,42,1296,3347.31,557.885,11/8/2011 15:36,11/16/2011 15:52,2,3,3,32,60.4
17186,12/10/2011,10/10/2011 12:52,10/24/2011 10:20,47,2,2,1,200,144,72,NULL,NULL,0,0,0,0,0
17187,12/10/2011,4/27/2011 12:39,4/27/2011 12:39,227,1,10,10,144,203.95,203.95,NULL,NULL,0,0,0,0,0
17188,12/10/2011,12/12/2010 12:56,11/28/2011 13:53,12,7,84,71,1328,2474.23,353.4614,12/16/2010 14:19,2/10/2011 16:24,2,5,5,27,198.65
17189,12/10/2011,12/15/2010 17:28,8/25/2011 19:39,107,2,61,52,227,384.4,192.2,NULL,NULL,0,0,0,0,0
17190,12/10/2011,5/16/2011 15:29,10/12/2011 11:33,59,2,19,19,161,444.74,222.37,6/6/2011 10:59,6/6/2011 10:59,1,1,1,1,195
17191,12/10/2011,12/6/2010 14:36,11/11/2011 16:58,29,7,237,163,1167,2095.13,299.3043,NULL,NULL,0,0,0,0,0
17193,12/10/2011,6/16/2011 10:04,11/4/2011 12:47,36,7,32,17,1254,1699.3,242.7571,6/20/2011 17:23,11/1/2011 9:51,2,3,3,16,24.84
17194,12/10/2011,12/14/2010 12:06,12/14/2010 12:06,361,1,25,25,112,226.78,226.78,NULL,NULL,0,0,0,0,0
17197,12/10/2011,11/10/2011 10:32,11/10/2011 10:32,30,1,29,29,191,1013.01,1013.01,NULL,NULL,0,0,0,0,0
17198,12/10/2011,12/3/2010 14:54,11/16/2011 10:39,24,3,96,89,357,692.22,230.74,NULL,NULL,0,0,0,0,0
17201,12/10/2011,10/17/2011 11:55,10/17/2011 11:55,54,1,40,38,268,342.63,342.63,NULL,NULL,0,0,0,0,0
17203,12/10/2011,10/10/2011 14:37,11/4/2011 12:27,36,6,152,116,2850,3563.85,593.975,NULL,NULL,0,0,0,0,0
17204,12/10/2011,3/21/2011 12:42,6/17/2011 14:46,176,4,57,44,646,1564.56,391.14,12/20/2010 12:01,6/23/2011 13:54,5,10,10,57,211.65
17205,12/10/2011,10/17/2011 12:46,10/17/2011 12:46,54,1,13,13,884,384.08,384.08,NULL,NULL,0,0,0,0,0
17206,12/10/2011,10/17/2011 13:25,10/17/2011 13:25,54,1,7,7,76,204.24,204.24,NULL,NULL,0,0,0,0,0
17211,12/10/2011,12/5/2010 12:44,11/13/2011 12:03,27,8,211,150,1323,2317.22,289.6525,4/20/2011 13:39,4/20/2011 13:39,1,2,2,13,17.55
17212,12/10/2011,3/31/2011 19:42,3/31/2011 19:42,254,1,4,4,147,226.85,226.85,NULL,NULL,0,0,0,0,0
17213,12/10/2011,12/8/2010 13:03,10/30/2011 14:53,41,7,157,85,1176,2781.23,397.3186,12/16/2010 14:15,3/21/2011 15:49,4,7,7,9,40.15
17214,12/10/2011,12/15/2010 15:14,10/10/2011 13:17,61,6,103,79,276,1069.12,178.1867,9/15/2011 11:30,9/15/2011 11:30,1,1,1,1,85
17217,12/10/2011,4/19/2011 17:19,4/19/2011 17:19,235,1,9,9,24,113.5,113.5,NULL,NULL,0,0,0,0,0
17218,12/10/2011,12/6/2010 15:25,12/5/2011 13:52,5,10,274,146,958,1960.72,196.072,NULL,NULL,0,0,0,0,0
17219,12/10/2011,11/8/2011 11:25,11/8/2011 11:25,32,1,25,24,89,114.23,114.23,NULL,NULL,0,0,0,0,0
17220,12/10/2011,12/10/2010 14:54,11/15/2011 13:47,25,14,472,303,1905,3198.25,228.4464,NULL,NULL,0,0,0,0,0
17221,12/10/2011,11/3/2011 17:39,12/2/2011 13:35,8,2,63,59,288,335.13,167.565,NULL,NULL,0,0,0,0,0
17222,12/10/2011,10/5/2011 13:58,10/5/2011 13:58,66,1,28,27,128,354.15,354.15,NULL,NULL,0,0,0,0,0
17223,12/10/2011,12/6/2010 14:08,2/2/2011 15:57,311,2,48,42,111,391.79,195.895,NULL,NULL,0,0,0,0,0
17226,12/10/2011,2/4/2011 11:52,2/4/2011 11:52,309,1,21,21,406,393.49,393.49,NULL,NULL,0,0,0,0,0
17227,12/10/2011,12/6/2010 11:16,11/21/2011 10:51,19,6,47,28,741,939.32,156.5533,NULL,NULL,0,0,0,0,0
17228,12/10/2011,12/2/2010 16:00,11/24/2011 10:24,16,8,208,140,1532,1906.09,238.2613,NULL,NULL,0,0,0,0,0
17229,12/10/2011,7/20/2011 12:38,9/4/2011 13:56,97,2,47,39,185,318.76,159.38,NULL,NULL,0,0,0,0,0
17230,12/10/2011,12/15/2010 11:22,3/20/2011 16:12,265,8,69,51,1651,3638.41,454.8013,12/20/2010 15:07,2/10/2011 14:15,3,4,4,98,171.74
17231,12/10/2011,12/13/2010 14:16,11/27/2011 15:18,13,10,541,292,1742,3174.32,317.432,12/13/2010 13:09,10/6/2011 19:57,4,5,5,6,46.5
17232,12/10/2011,11/25/2011 12:24,12/7/2011 12:21,3,2,36,30,203,421.52,210.76,NULL,NULL,0,0,0,0,0
17233,12/10/2011,11/4/2011 14:06,11/4/2011 14:06,36,1,25,25,131,190.88,190.88,NULL,NULL,0,0,0,0,0
17234,12/10/2011,6/10/2011 11:20,6/10/2011 11:20,183,1,14,14,55,149.89,149.89,NULL,NULL,0,0,0,0,0
17235,12/10/2011,12/2/2010 13:38,11/14/2011 15:51,26,2,29,24,224,550.06,275.03,NULL,NULL,0,0,0,0,0
17236,12/10/2011,12/12/2010 11:49,11/27/2011 12:00,13,6,105,88,474,916.13,152.6883,NULL,NULL,0,0,0,0,0
17237,12/10/2011,11/17/2011 12:55,11/28/2011 15:02,12,2,19,18,105,314.69,157.345,NULL,NULL,0,0,0,0,0
17238,12/10/2011,12/3/2010 15:05,12/7/2011 11:35,3,17,566,297,1822,3744.65,220.2735,NULL,NULL,0,0,0,0,0
17239,12/10/2011,1/31/2011 9:41,1/31/2011 9:41,313,1,15,15,150,382.5,382.5,12/22/2010 13:20,12/22/2010 13:20,1,1,1,1,2.55
17242,12/10/2011,6/12/2011 13:04,8/23/2011 14:55,109,2,40,30,611,1135.04,567.52,NULL,NULL,0,0,0,0,0
17243,12/10/2011,12/5/2010 10:03,12/8/2011 13:26,2,26,399,179,3366,8668.45,333.4019,4/3/2011 10:08,9/8/2011 12:15,4,7,7,8,48.3
17244,12/10/2011,10/17/2011 15:19,10/17/2011 15:19,54,1,31,31,616,954.9,954.9,NULL,NULL,0,0,0,0,0
17245,12/10/2011,5/19/2011 10:43,5/19/2011 10:43,205,1,9,9,75,171.45,171.45,NULL,NULL,0,0,0,0,0
17247,12/10/2011,11/24/2011 15:21,11/24/2011 15:21,16,1,55,53,106,282.19,282.19,NULL,NULL,0,0,0,0,0
17248,12/10/2011,8/11/2011 13:34,8/11/2011 13:34,121,1,69,68,213,318.65,318.65,NULL,NULL,0,0,0,0,0
17250,12/10/2011,3/23/2011 16:45,12/6/2011 12:15,4,2,57,55,168,384.52,192.26,NULL,NULL,0,0,0,0,0
17251,12/10/2011,12/12/2010 11:06,12/12/2010 11:06,363,1,39,37,110,283.28,283.28,NULL,NULL,0,0,0,0,0
17252,12/10/2011,6/6/2011 16:41,8/15/2011 9:45,117,2,87,86,193,353.86,176.93,NULL,NULL,0,0,0,0,0
17253,12/10/2011,11/21/2011 12:59,11/21/2011 12:59,19,1,18,18,43,178.26,178.26,NULL,NULL,0,0,0,0,0
17254,12/10/2011,11/24/2011 14:09,12/5/2011 12:46,5,2,112,100,252,272.44,136.22,NULL,NULL,0,0,0,0,0
17255,12/10/2011,2/13/2011 15:18,10/30/2011 12:18,41,2,78,69,232,298.41,149.205,NULL,NULL,0,0,0,0,0
17256,12/10/2011,1/31/2011 14:53,8/24/2011 13:30,108,2,16,12,141,240,120,NULL,NULL,0,0,0,0,0
17259,12/10/2011,12/6/2010 12:55,7/14/2011 15:01,149,2,124,104,410,603.37,301.685,NULL,NULL,0,0,0,0,0
17262,12/10/2011,12/8/2010 13:30,10/18/2011 12:56,53,5,12,9,367,1253.36,250.672,NULL,NULL,0,0,0,0,0
17263,12/10/2011,5/15/2011 14:32,5/15/2011 14:32,209,1,23,23,36,63.44,63.44,NULL,NULL,0,0,0,0,0
17265,12/10/2011,6/12/2011 12:00,7/24/2011 10:49,139,2,127,106,394,562.9,281.45,NULL,NULL,0,0,0,0,0
17266,12/10/2011,7/15/2011 11:57,12/7/2011 14:12,3,3,80,60,161,310.64,103.5467,NULL,NULL,0,0,0,0,0
17267,12/10/2011,8/4/2011 17:19,8/4/2011 17:22,128,2,38,37,159,317.62,158.81,NULL,NULL,0,0,0,0,0
17268,12/10/2011,4/8/2011 13:20,8/24/2011 10:06,108,4,6,3,844,763.64,190.91,NULL,NULL,0,0,0,0,0
17272,12/10/2011,3/22/2011 12:05,10/28/2011 16:37,43,4,114,70,1778,2148.63,537.1575,5/27/2011 12:57,5/27/2011 12:57,1,2,2,2,4.1
17274,12/10/2011,11/4/2011 13:16,11/4/2011 13:16,36,1,27,24,79,111.98,111.98,NULL,NULL,0,0,0,0,0
17277,12/10/2011,1/21/2011 12:37,4/26/2011 12:47,228,2,69,67,430,1065.35,532.675,NULL,NULL,0,0,0,0,0
17278,12/10/2011,4/12/2011 13:10,4/12/2011 13:10,242,1,15,15,179,246.04,246.04,NULL,NULL,0,0,0,0,0
17279,12/10/2011,10/13/2011 11:58,10/13/2011 11:58,58,1,9,8,48,187.83,187.83,NULL,NULL,0,0,0,0,0
17282,12/10/2011,2/13/2011 11:36,8/1/2011 14:29,131,3,94,79,1877,1703.41,567.8033,NULL,NULL,0,0,0,0,0
17284,12/10/2011,1/7/2011 14:31,10/10/2011 14:38,61,6,292,229,1364,1652.58,275.43,6/15/2011 10:01,6/15/2011 10:01,1,2,2,2,10.9
17286,12/10/2011,11/18/2011 12:47,11/18/2011 12:47,22,1,45,44,118,153.92,153.92,NULL,NULL,0,0,0,0,0
17287,12/10/2011,12/2/2010 12:22,11/13/2011 13:27,27,7,124,88,559,1064.11,152.0157,NULL,NULL,0,0,0,0,0
17288,12/10/2011,12/16/2010 13:33,11/30/2011 16:09,10,7,142,118,1203,1419.73,202.8186,NULL,NULL,0,0,0,0,0
17289,12/10/2011,6/12/2011 13:51,11/8/2011 12:01,32,3,111,86,520,944.41,314.8033,11/8/2011 11:06,11/8/2011 11:06,1,1,1,1,8.25
17290,12/10/2011,11/23/2011 15:53,12/6/2011 12:38,4,2,102,92,404,525.24,262.62,NULL,NULL,0,0,0,0,0
17291,12/10/2011,2/4/2011 13:04,2/4/2011 13:04,309,1,1,1,72,550.8,550.8,NULL,NULL,0,0,0,0,0
17293,12/10/2011,12/13/2010 14:55,12/1/2011 14:37,9,9,135,93,1140,1875.11,208.3456,NULL,NULL,0,0,0,0,0
17295,12/10/2011,10/6/2011 12:22,11/11/2011 10:49,29,3,69,53,294,556.95,185.65,NULL,NULL,0,0,0,0,0
17297,12/10/2011,11/22/2011 14:43,11/22/2011 14:43,18,1,51,49,67,131.78,131.78,NULL,NULL,0,0,0,0,0
17298,12/10/2011,8/7/2011 12:21,8/30/2011 16:43,102,2,30,30,387,498.42,249.21,NULL,NULL,0,0,0,0,0
17299,12/10/2011,6/19/2011 16:04,11/28/2011 12:01,12,4,57,50,678,669.11,167.2775,NULL,NULL,0,0,0,0,0
17301,12/10/2011,11/18/2011 13:43,11/18/2011 13:43,22,1,66,59,149,197.63,197.63,NULL,NULL,0,0,0,0,0
17302,12/10/2011,2/7/2011 10:14,11/25/2011 9:36,15,5,79,68,575,1135.63,227.126,8/18/2011 6:28,8/18/2011 6:28,1,2,2,2,15.7
17303,12/10/2011,12/13/2010 13:32,12/13/2010 13:32,362,1,53,53,144,250.04,250.04,NULL,NULL,0,0,0,0,0
17306,12/10/2011,12/21/2010 13:34,11/29/2011 12:14,11,19,66,13,11491,8631.31,454.2795,1/26/2011 17:13,6/21/2011 17:11,2,3,3,21,30.58
17309,12/10/2011,9/5/2011 15:20,9/5/2011 15:20,96,1,12,11,41,82.75,82.75,NULL,NULL,0,0,0,0,0
17311,12/10/2011,1/27/2011 10:56,9/22/2011 14:11,79,2,55,55,1005,1384.85,692.425,NULL,NULL,0,0,0,0,0
17312,12/10/2011,7/3/2011 13:12,7/24/2011 11:52,139,3,14,11,372,644.3,214.7667,NULL,NULL,0,0,0,0,0
17313,12/10/2011,11/8/2011 15:45,11/8/2011 15:45,32,1,24,24,1402,2328.84,2328.84,11/22/2011 9:23,11/22/2011 9:23,1,4,4,20,40.71
17314,12/10/2011,1/31/2011 11:25,11/15/2011 9:41,25,8,131,120,1896,2527.92,315.99,2/24/2011 9:53,10/24/2011 13:48,3,5,5,12,13.16
17315,12/10/2011,12/17/2010 12:24,12/8/2011 12:15,2,36,470,254,3862,6252.18,173.6717,12/17/2010 12:19,12/9/2011 11:58,5,14,14,32,87.8
17317,12/10/2011,9/11/2011 12:45,10/24/2011 17:19,47,3,9,8,1146,2600.34,866.78,10/24/2011 17:16,10/24/2011 17:26,2,2,2,72,76.32
17320,12/10/2011,12/6/2010 15:38,8/31/2011 13:31,101,3,73,57,634,1200.62,400.2067,NULL,NULL,0,0,0,0,0
17321,12/10/2011,10/3/2011 11:34,12/1/2011 13:41,9,2,107,94,373,700.86,350.43,NULL,NULL,0,0,0,0,0
17323,12/10/2011,2/20/2011 14:38,11/24/2011 17:29,16,7,199,124,772,917.67,131.0957,5/8/2011 14:50,11/24/2011 17:14,2,4,4,6,12.08
17324,12/10/2011,12/8/2010 12:45,11/22/2011 10:34,18,4,50,43,844,990.23,247.5575,NULL,NULL,0,0,0,0,0
17325,12/10/2011,3/4/2011 13:09,3/4/2011 13:09,281,1,6,6,60,96.8,96.8,NULL,NULL,0,0,0,0,0
17329,12/10/2011,1/28/2011 15:29,11/25/2011 14:24,15,2,33,29,142,523.11,261.555,NULL,NULL,0,0,0,0,0
17330,12/10/2011,10/3/2011 11:26,11/17/2011 8:56,23,2,6,5,120,363.9,181.95,NULL,NULL,0,0,0,0,0
17331,12/10/2011,8/8/2011 11:55,8/8/2011 11:55,124,1,1,1,16,175.2,175.2,NULL,NULL,0,0,0,0,0
17333,12/10/2011,9/15/2011 10:11,9/15/2011 10:11,86,1,28,28,375,494.25,494.25,NULL,NULL,0,0,0,0,0
17334,12/10/2011,2/4/2011 9:03,2/10/2011 14:59,303,2,11,11,315,307.02,153.51,2/11/2011 16:34,2/11/2011 16:34,1,1,1,1,0.42
17337,12/10/2011,2/2/2011 17:06,7/11/2011 14:55,152,4,542,420,1268,2026.42,506.605,2/2/2011 17:09,7/11/2011 14:56,3,5,4,29,83.55
17338,12/10/2011,12/13/2010 12:57,11/22/2011 14:23,18,8,751,388,3113,6635.14,829.3925,7/1/2011 13:06,11/22/2011 14:13,2,3,3,4,28.8
17339,12/10/2011,12/9/2010 14:44,9/6/2011 13:29,95,2,9,9,152,243.36,121.68,NULL,NULL,0,0,0,0,0
17340,12/10/2011,12/8/2010 15:56,11/10/2011 10:45,30,11,407,229,5967,12353.29,1123.0264,12/8/2010 16:00,11/30/2011 17:12,5,17,14,65,462.11
17341,12/10/2011,12/8/2010 12:46,7/6/2011 12:33,157,3,183,147,489,781.36,260.4533,NULL,NULL,0,0,0,0,0
17343,12/10/2011,12/19/2010 15:07,12/19/2010 15:07,356,1,17,17,56,193.64,193.64,NULL,NULL,0,0,0,0,0
17344,12/10/2011,10/24/2011 12:56,10/24/2011 12:56,47,1,32,31,66,160.57,160.57,NULL,NULL,0,0,0,0,0
17345,12/10/2011,5/27/2011 12:26,11/24/2011 15:02,16,4,87,70,346,537.74,134.435,NULL,NULL,0,0,0,0,0
17346,12/10/2011,12/1/2010 14:34,12/6/2011 12:18,4,15,500,299,1657,2676.56,178.4373,10/20/2011 12:45,10/20/2011 12:45,1,3,3,18,64.98
17347,12/10/2011,9/14/2011 13:12,9/14/2011 13:12,87,1,1,1,216,228.96,228.96,NULL,NULL,0,0,0,0,0
17348,12/10/2011,2/15/2011 10:49,11/25/2011 11:25,15,5,215,180,1401,1159.52,231.904,NULL,NULL,0,0,0,0,0
17349,12/10/2011,6/13/2011 14:29,6/13/2011 14:29,180,1,9,8,112,110.75,110.75,NULL,NULL,0,0,0,0,0
17350,12/10/2011,10/19/2011 16:05,12/1/2011 15:47,9,4,71,66,795,1286.07,321.5175,10/19/2011 16:08,10/19/2011 16:08,1,1,1,36,29.88
17351,12/10/2011,3/11/2011 16:05,11/3/2011 18:45,37,3,27,22,113,587.15,195.7167,NULL,NULL,0,0,0,0,0
17353,12/10/2011,7/8/2011 16:17,8/2/2011 17:19,130,2,8,5,1200,1740,870,NULL,NULL,0,0,0,0,0
17354,12/10/2011,10/20/2011 10:34,10/20/2011 10:34,51,1,16,15,1006,1393.06,1393.06,NULL,NULL,0,0,0,0,0
17356,12/10/2011,2/1/2011 11:07,2/1/2011 11:07,312,1,19,19,166,178.22,178.22,NULL,NULL,0,0,0,0,0
17357,12/10/2011,11/15/2011 16:29,11/15/2011 16:30,25,2,45,41,153,388.14,194.07,NULL,NULL,0,0,0,0,0
17358,12/10/2011,12/19/2010 14:16,2/9/2011 16:57,304,2,59,55,202,365.85,182.925,NULL,NULL,0,0,0,0,0
17359,12/10/2011,11/28/2011 14:37,11/28/2011 14:37,12,1,15,13,161,127.86,127.86,NULL,NULL,0,0,0,0,0
17360,12/10/2011,6/8/2011 17:09,11/22/2011 13:11,18,3,132,113,335,585.79,195.2633,NULL,NULL,0,0,0,0,0
17361,12/10/2011,2/21/2011 9:55,10/21/2011 15:43,50,3,29,26,157,488.2,162.7333,NULL,NULL,0,0,0,0,0
17362,12/10/2011,2/3/2011 10:26,4/14/2011 14:43,240,2,35,30,191,312.23,156.115,NULL,NULL,0,0,0,0,0
17364,12/10/2011,1/12/2011 16:57,12/9/2011 9:00,1,11,411,288,2701,4481.18,407.38,1/20/2011 17:06,1/20/2011 17:06,1,3,3,21,25.45
17365,12/10/2011,1/11/2011 12:11,11/27/2011 12:13,13,8,467,277,4765,4796.52,599.565,NULL,NULL,0,0,0,0,0
17367,12/10/2011,4/15/2011 14:21,4/15/2011 14:21,239,1,34,33,150,168.4,168.4,NULL,NULL,0,0,0,0,0
17368,12/10/2011,1/6/2011 11:57,11/16/2011 15:26,24,8,111,93,1391,1912.67,239.0838,1/25/2011 17:21,1/25/2011 17:21,1,17,17,711,563.15
17370,12/10/2011,6/23/2011 11:50,9/28/2011 10:14,73,4,33,31,540,446.18,111.545,NULL,NULL,0,0,0,0,0
17371,12/10/2011,12/13/2010 15:20,11/22/2011 13:30,18,3,87,83,152,423.89,141.2967,NULL,NULL,0,0,0,0,0
17372,12/10/2011,12/12/2010 12:00,10/30/2011 11:37,41,8,253,215,749,1342.68,167.835,NULL,NULL,0,0,0,0,0
17373,12/10/2011,1/31/2011 11:46,10/30/2011 15:28,41,4,57,47,408,646.92,161.73,NULL,NULL,0,0,0,0,0
17374,12/10/2011,3/3/2011 12:53,5/5/2011 9:05,219,2,28,24,85,495.77,247.885,NULL,NULL,0,0,0,0,0
17375,12/10/2011,12/13/2010 15:16,5/24/2011 15:45,200,3,69,63,367,400.1,133.3667,6/2/2011 17:30,6/2/2011 17:30,1,2,2,6,27.6
17376,12/10/2011,2/1/2011 14:12,9/30/2011 12:36,71,2,24,23,86,203.2,101.6,NULL,NULL,0,0,0,0,0
17377,12/10/2011,12/1/2010 12:35,11/16/2011 11:17,24,20,418,190,2076,4100.92,205.046,12/16/2010 13:01,12/16/2010 13:01,1,1,1,1,175
17379,12/10/2011,11/28/2011 13:56,11/28/2011 13:56,12,1,83,71,663,404.66,404.66,NULL,NULL,0,0,0,0,0
17381,12/10/2011,12/2/2010 12:58,12/1/2011 11:59,9,29,109,40,25649,20275.61,699.159,7/12/2011 11:08,7/12/2011 11:08,1,1,1,3,3.18
17382,12/10/2011,10/5/2011 13:05,10/5/2011 13:05,66,1,1,1,24,50.4,50.4,NULL,NULL,0,0,0,0,0
17383,12/10/2011,12/5/2011 17:36,12/5/2011 17:36,5,1,51,49,150,199.29,199.29,NULL,NULL,0,0,0,0,0
17384,12/10/2011,5/4/2011 16:07,11/20/2011 15:48,20,2,15,12,88,336.4,168.2,NULL,NULL,0,0,0,0,0
17385,12/10/2011,11/25/2011 11:02,11/25/2011 11:02,15,1,47,42,201,261.11,261.11,NULL,NULL,0,0,0,0,0
17386,12/10/2011,6/27/2011 12:11,12/2/2011 11:28,8,6,28,23,1902,2686.42,447.7367,NULL,NULL,0,0,0,0,0
17387,12/10/2011,11/6/2011 11:25,11/20/2011 11:00,20,2,78,71,542,784.11,392.055,NULL,NULL,0,0,0,0,0
17388,12/10/2011,2/25/2011 12:28,9/23/2011 10:31,78,4,15,13,1068,1259.56,314.89,NULL,NULL,0,0,0,0,0
17389,12/10/2011,1/12/2011 15:48,12/9/2011 9:38,1,34,213,45,7612,31833.68,936.2847,1/4/2011 17:12,8/11/2011 10:21,8,10,9,170,516.2
17391,12/10/2011,6/28/2011 12:21,6/29/2011 9:58,164,2,3,2,480,508.8,254.4,NULL,NULL,0,0,0,0,0
17392,12/10/2011,12/16/2010 19:04,2/6/2011 12:48,307,2,61,52,318,451.91,225.955,NULL,NULL,0,0,0,0,0
17394,12/10/2011,5/4/2011 13:22,5/4/2011 13:22,220,1,4,4,241,203.87,203.87,NULL,NULL,0,0,0,0,0
17396,12/10/2011,12/3/2010 9:45,10/31/2011 14:12,40,7,26,23,2004,7312.8,1044.6857,NULL,NULL,0,0,0,0,0
17397,12/10/2011,11/17/2011 13:58,11/17/2011 14:08,23,2,92,88,254,696.41,348.205,NULL,NULL,0,0,0,0,0
17398,12/10/2011,3/29/2011 13:04,8/17/2011 9:48,115,3,38,30,310,653.38,217.7933,NULL,NULL,0,0,0,0,0
17400,12/10/2011,12/21/2010 17:16,8/5/2011 15:38,127,5,213,175,1097,2129.96,425.992,NULL,NULL,0,0,0,0,0
17402,12/10/2011,12/5/2010 13:53,12/5/2011 10:15,5,12,58,32,700,2598.85,216.5708,NULL,NULL,0,0,0,0,0
17403,12/10/2011,11/3/2011 15:18,11/3/2011 15:18,37,1,33,32,117,281.62,281.62,NULL,NULL,0,0,0,0,0
17404,12/10/2011,12/14/2010 13:28,12/5/2011 16:26,5,13,195,109,32744,31781.82,2444.7554,12/14/2010 13:27,12/5/2011 16:26,3,3,3,424,1606
17405,12/10/2011,7/12/2011 14:17,12/8/2011 17:12,2,3,82,77,726,1031.41,343.8033,9/30/2011 12:47,10/6/2011 18:12,2,12,7,21,64.19
17406,12/10/2011,12/8/2010 10:35,1/10/2011 15:07,334,3,113,99,787,2200.42,733.4733,1/10/2011 15:04,1/13/2011 12:52,2,3,3,3,271.7
17408,12/10/2011,6/29/2011 12:53,6/29/2011 12:53,164,1,2,2,3,32.65,32.65,NULL,NULL,0,0,0,0,0
17409,12/10/2011,4/5/2011 16:42,6/8/2011 10:36,185,2,13,13,105,771.85,385.925,NULL,NULL,0,0,0,0,0
17410,12/10/2011,5/8/2011 15:21,11/23/2011 15:46,17,5,64,57,616,1214.72,242.944,NULL,NULL,0,0,0,0,0
17411,12/10/2011,3/23/2011 13:44,11/27/2011 14:25,13,3,41,39,306,778.94,259.6467,12/9/2010 11:42,12/9/2010 11:42,1,2,2,8,30
17412,12/10/2011,12/2/2010 16:29,12/7/2011 11:36,3,7,66,48,738,1258.06,179.7229,NULL,NULL,0,0,0,0,0
17414,12/10/2011,6/8/2011 11:43,10/27/2011 12:13,44,2,6,5,2100,778,389,NULL,NULL,0,0,0,0,0
17415,12/10/2011,9/21/2011 12:50,9/21/2011 12:50,80,1,14,14,114,507.84,507.84,NULL,NULL,0,0,0,0,0
17416,12/10/2011,3/3/2011 13:45,11/10/2011 12:47,30,7,269,186,4302,6893.42,984.7743,3/22/2011 11:17,8/30/2011 14:20,2,2,2,36,55.08
17418,12/10/2011,1/20/2011 11:39,10/28/2011 13:00,43,2,30,29,289,463.46,231.73,NULL,NULL,0,0,0,0,0
17419,12/10/2011,12/7/2010 15:03,11/28/2011 13:47,12,12,206,155,1876,4226.57,352.2142,3/15/2011 13:55,10/10/2011 11:03,2,2,2,4,25.6
17420,12/10/2011,12/1/2010 9:56,10/20/2011 14:52,51,3,30,28,265,598.83,199.61,NULL,NULL,0,0,0,0,0
17422,12/10/2011,2/16/2011 14:44,11/23/2011 13:27,17,6,117,93,2253,1979.37,329.895,2/21/2011 12:31,9/14/2011 14:56,4,18,15,58,126.24
17423,12/10/2011,5/6/2011 9:14,10/24/2011 13:36,47,2,26,26,459,698.41,349.205,5/17/2011 12:29,10/25/2011 16:49,2,2,2,38,34.78
17425,12/10/2011,10/10/2011 11:37,11/20/2011 15:30,20,2,43,42,407,759.17,379.585,NULL,NULL,0,0,0,0,0
17426,12/10/2011,3/2/2011 16:34,12/1/2011 18:07,9,6,271,179,3094,5037.26,839.5433,12/5/2011 16:12,12/5/2011 16:12,1,1,1,12,15
17427,12/10/2011,9/29/2011 11:29,9/29/2011 11:29,72,1,2,2,34,100.8,100.8,NULL,NULL,0,0,0,0,0
17428,12/10/2011,12/6/2010 9:37,12/9/2011 9:45,1,28,328,252,9474,17256.85,616.3161,1/6/2011 18:08,9/23/2011 8:52,5,15,13,39,178.4
17429,12/10/2011,5/5/2011 9:53,8/3/2011 13:22,129,3,39,36,624,524.92,174.9733,8/11/2011 10:13,8/11/2011 10:13,1,3,3,8,12.8
17430,12/10/2011,12/9/2010 13:05,11/7/2011 9:24,33,2,14,14,190,265.76,132.88,NULL,NULL,0,0,0,0,0
17431,12/10/2011,1/30/2011 14:36,1/30/2011 14:36,314,1,43,41,292,403.3,403.3,NULL,NULL,0,0,0,0,0
17432,12/10/2011,11/2/2011 17:30,11/21/2011 17:33,19,2,48,44,207,365.76,182.88,NULL,NULL,0,0,0,0,0
17433,12/10/2011,9/12/2011 14:24,9/12/2011 14:24,89,1,54,53,185,303.16,303.16,NULL,NULL,0,0,0,0,0
17434,12/10/2011,9/15/2011 13:54,12/7/2011 13:16,3,7,134,100,1693,2373.82,339.1171,9/21/2011 16:49,11/4/2011 13:20,2,4,4,8,40.4
17436,12/10/2011,4/27/2011 11:33,12/8/2011 12:30,2,2,9,7,90,216.3,108.15,NULL,NULL,0,0,0,0,0
17438,12/10/2011,3/31/2011 10:26,3/31/2011 10:26,254,1,17,17,103,388.45,388.45,4/6/2011 17:16,4/6/2011 17:16,1,2,2,3,10.15
17440,12/10/2011,4/6/2011 12:05,7/6/2011 11:54,157,3,5,3,246,186.42,62.14,4/14/2011 16:54,7/15/2011 10:36,2,3,3,14,9.32
17442,12/10/2011,2/22/2011 13:02,11/3/2011 9:17,37,6,135,96,1496,2248.56,374.76,12/9/2010 15:13,11/10/2011 14:54,4,5,5,6,38.3
17443,12/10/2011,5/4/2011 10:47,5/4/2011 10:47,220,1,1,1,504,534.24,534.24,NULL,NULL,0,0,0,0,0
17444,12/10/2011,6/20/2011 9:04,7/11/2011 10:33,152,2,134,131,2118,2389.1,1194.55,NULL,NULL,0,0,0,0,0
17446,12/10/2011,2/2/2011 14:40,6/16/2011 10:42,177,2,9,6,198,120.9,60.45,NULL,NULL,0,0,0,0,0
17447,12/10/2011,9/29/2011 10:10,10/30/2011 14:18,41,2,36,33,443,541.53,270.765,NULL,NULL,0,0,0,0,0
17449,12/10/2011,12/15/2010 10:57,12/7/2011 16:56,3,7,276,177,1121,2517.86,359.6943,9/12/2011 17:50,9/12/2011 17:50,1,2,2,7,16
17450,12/10/2011,12/7/2010 9:23,12/1/2011 13:29,9,46,337,124,69993,194550.79,4229.365,2/11/2011 17:10,11/29/2011 10:16,4,4,3,953,4900.06
17451,12/10/2011,8/26/2011 11:54,12/8/2011 15:02,2,7,100,83,1203,1721.4,245.9143,8/31/2011 17:31,11/30/2011 15:20,3,7,7,25,72.45
17453,12/10/2011,10/6/2011 17:02,11/22/2011 9:42,18,2,19,19,219,486.72,243.36,NULL,NULL,0,0,0,0,0
17454,12/10/2011,12/15/2010 10:54,5/31/2011 13:58,193,4,61,57,243,517.53,129.3825,NULL,NULL,0,0,0,0,0
17455,12/10/2011,5/20/2011 12:31,5/20/2011 12:31,204,1,8,8,66,131.7,131.7,NULL,NULL,0,0,0,0,0
17456,12/10/2011,12/9/2010 15:23,12/9/2010 15:23,366,1,17,17,222,249.86,249.86,NULL,NULL,0,0,0,0,0
17457,12/10/2011,1/4/2011 14:33,8/5/2011 12:48,127,5,19,14,826,1737.7,347.54,NULL,NULL,0,0,0,0,0
17458,12/10/2011,11/24/2011 13:01,11/24/2011 13:01,16,1,54,52,170,316.5,316.5,NULL,NULL,0,0,0,0,0
17459,12/10/2011,10/10/2011 17:00,10/27/2011 13:25,44,2,111,88,537,657.3,328.65,NULL,NULL,0,0,0,0,0
17460,12/10/2011,12/1/2010 16:24,9/6/2011 15:04,95,6,29,18,236,622.43,103.7383,3/25/2011 12:34,9/22/2011 10:58,2,8,8,60,169.8
17461,12/10/2011,11/10/2011 12:01,11/17/2011 10:21,23,3,111,104,799,757.46,252.4867,NULL,NULL,0,0,0,0,0
17462,12/10/2011,2/28/2011 17:01,10/10/2011 13:56,61,2,27,25,227,675.69,337.845,10/19/2011 13:36,10/19/2011 13:36,1,1,1,3,12.75
17463,12/10/2011,1/30/2011 15:48,11/23/2011 13:40,17,5,215,162,1095,1896.41,379.282,6/20/2011 17:05,6/20/2011 17:05,1,4,4,5,15.05
17464,12/10/2011,7/4/2011 13:19,7/4/2011 13:19,159,1,9,9,220,289.96,289.96,NULL,NULL,0,0,0,0,0
17466,12/10/2011,9/22/2011 9:16,11/29/2011 13:15,11,2,41,41,306,763.28,381.64,NULL,NULL,0,0,0,0,0
17468,12/10/2011,11/25/2011 12:52,11/29/2011 15:33,11,2,5,5,116,137,68.5,NULL,NULL,0,0,0,0,0
17469,12/10/2011,5/19/2011 8:55,11/23/2011 13:15,17,5,88,61,787,1870.97,374.194,7/6/2011 14:47,7/6/2011 14:47,1,2,2,9,27.91
17470,12/10/2011,12/7/2010 9:57,10/26/2011 12:42,45,5,78,67,1675,1125.07,225.014,NULL,NULL,0,0,0,0,0
17472,12/10/2011,2/13/2011 14:40,6/1/2011 14:57,192,3,181,142,462,710.29,236.7633,NULL,NULL,0,0,0,0,0
17475,12/10/2011,9/21/2011 14:55,9/21/2011 14:55,80,1,14,14,178,194.37,194.37,NULL,NULL,0,0,0,0,0
17480,12/10/2011,9/23/2011 11:39,9/23/2011 11:39,78,1,29,29,338,511.82,511.82,9/27/2011 10:21,9/27/2011 10:21,1,2,2,2,5.31
17481,12/10/2011,9/7/2011 9:57,12/6/2011 12:28,4,4,82,69,1061,1255.59,313.8975,10/24/2011 16:50,10/24/2011 16:50,1,1,1,1,6.25
17483,12/10/2011,6/9/2011 19:40,10/5/2011 13:10,66,3,21,18,191,414.04,138.0133,NULL,NULL,0,0,0,0,0
17486,12/10/2011,3/23/2011 14:00,3/23/2011 14:00,262,1,24,24,191,396.87,396.87,NULL,NULL,0,0,0,0,0
17489,12/10/2011,5/11/2011 11:34,10/12/2011 8:56,59,2,29,28,428,376.64,188.32,NULL,NULL,0,0,0,0,0
17490,12/10/2011,6/16/2011 9:15,12/9/2011 9:08,1,7,76,63,1134,2092.32,298.9029,6/20/2011 16:05,12/7/2011 13:48,4,9,5,112,155.49
17491,12/10/2011,12/7/2010 12:18,12/8/2011 16:18,2,10,109,72,2013,3558.87,355.887,9/7/2011 10:50,9/7/2011 10:50,1,1,1,1,16.95
17492,12/10/2011,4/5/2011 15:21,4/5/2011 15:21,249,1,12,12,155,374.57,374.57,NULL,NULL,0,0,0,0,0
17495,12/10/2011,11/1/2011 12:06,12/2/2011 12:08,8,2,27,21,229,497.56,248.78,NULL,NULL,0,0,0,0,0
17496,12/10/2011,12/16/2010 8:39,12/16/2010 8:39,359,1,10,10,79,271.05,271.05,NULL,NULL,0,0,0,0,0
17498,12/10/2011,9/25/2011 12:25,9/25/2011 12:25,76,1,17,17,394,272.22,272.22,NULL,NULL,0,0,0,0,0
17499,12/10/2011,2/23/2011 9:14,2/23/2011 9:14,290,1,40,40,711,622.88,622.88,NULL,NULL,0,0,0,0,0
17500,12/10/2011,11/10/2011 9:08,11/22/2011 14:25,18,3,5,3,17,1138,379.3333,NULL,NULL,0,0,0,0,0
17501,12/10/2011,5/3/2011 9:46,5/3/2011 9:47,221,2,18,18,160,288.6,144.3,NULL,NULL,0,0,0,0,0
17502,12/10/2011,11/10/2011 16:39,11/30/2011 13:13,10,4,28,25,376,689.1,172.275,NULL,NULL,0,0,0,0,0
17503,12/10/2011,11/1/2011 11:12,12/7/2011 9:18,3,2,38,36,486,558.96,279.48,NULL,NULL,0,0,0,0,0
17504,12/10/2011,1/21/2011 11:09,5/17/2011 12:59,207,9,127,112,1664,2997.03,333.0033,5/10/2011 11:21,5/10/2011 11:21,1,13,13,208,251.75
17505,12/10/2011,5/18/2011 9:01,7/1/2011 12:50,162,2,52,48,556,1145.84,572.92,NULL,NULL,0,0,0,0,0
17506,12/10/2011,9/25/2011 11:39,9/25/2011 11:39,76,1,14,14,139,302.2,302.2,9/30/2011 12:54,9/30/2011 12:54,1,2,2,3,7.91
17507,12/10/2011,2/3/2011 18:08,3/23/2011 11:48,262,2,88,79,359,605.58,302.79,NULL,NULL,0,0,0,0,0
17508,12/10/2011,3/4/2011 8:10,3/4/2011 8:10,281,1,22,22,289,387.31,387.31,NULL,NULL,0,0,0,0,0
17509,12/10/2011,10/7/2011 13:14,10/13/2011 10:26,58,8,366,75,3534,6115.14,764.3925,10/10/2011 16:54,10/13/2011 12:16,3,3,2,4,14.4
17510,12/10/2011,11/15/2011 10:00,11/15/2011 10:00,25,1,20,20,214,308.48,308.48,NULL,NULL,0,0,0,0,0
17511,12/10/2011,12/1/2010 10:19,12/7/2011 10:12,3,31,963,453,64549,91062.38,2937.4961,12/7/2010 12:45,11/23/2011 13:48,14,111,71,1535,2924.18
17512,12/10/2011,2/11/2011 12:22,11/11/2011 12:11,29,10,105,61,2753,2924.99,292.499,2/18/2011 15:13,2/18/2011 15:13,1,1,1,1,4.95
17513,12/10/2011,9/28/2011 16:42,9/28/2011 16:42,73,1,6,6,254,513.2,513.2,NULL,NULL,0,0,0,0,0
17514,12/10/2011,8/3/2011 15:45,8/3/2011 15:45,129,1,40,40,135,208.65,208.65,NULL,NULL,0,0,0,0,0
17515,12/10/2011,1/25/2011 14:33,11/8/2011 14:04,32,4,87,49,243,639.02,159.755,NULL,NULL,0,0,0,0,0
17516,12/10/2011,2/27/2011 12:41,11/24/2011 16:51,16,5,137,113,416,768.08,153.616,NULL,NULL,0,0,0,0,0
17517,12/10/2011,2/4/2011 11:48,2/4/2011 11:48,309,1,11,11,102,153.94,153.94,NULL,NULL,0,0,0,0,0
17519,12/10/2011,12/6/2010 15:18,11/22/2011 16:43,18,6,82,60,1236,1844.02,307.3367,12/14/2010 10:29,12/14/2010 10:29,1,1,1,3,4.95
17520,12/10/2011,10/17/2011 12:04,10/17/2011 12:04,54,1,30,30,365,546.81,546.81,NULL,NULL,0,0,0,0,0
17521,12/10/2011,5/24/2011 15:14,11/10/2011 11:22,30,3,45,38,519,723.21,241.07,11/15/2011 14:00,11/15/2011 14:00,1,1,1,1,1.25
17522,12/10/2011,5/5/2011 16:31,12/8/2011 12:31,2,5,72,58,1022,1066.15,213.23,NULL,NULL,0,0,0,0,0
17523,12/10/2011,11/20/2011 13:40,11/28/2011 13:20,12,4,33,25,872,652.74,163.185,NULL,NULL,0,0,0,0,0
17524,12/10/2011,12/13/2010 14:32,12/13/2010 14:32,362,1,6,6,90,145,145,NULL,NULL,0,0,0,0,0
17525,12/10/2011,12/15/2010 12:05,12/15/2010 12:05,360,1,9,9,82,422.7,422.7,NULL,NULL,0,0,0,0,0
17526,12/10/2011,12/9/2010 12:20,12/5/2011 11:05,5,4,19,17,310,1195.9,298.975,12/14/2010 11:11,12/8/2011 18:56,4,4,4,53,489.2
17527,12/10/2011,5/5/2011 13:43,10/17/2011 12:32,54,4,47,45,488,939.37,234.8425,5/17/2011 12:10,10/10/2011 15:42,2,2,2,25,50.51
17528,12/10/2011,9/29/2011 13:04,12/8/2011 13:27,2,8,253,183,2138,3628.5,453.5625,11/10/2011 11:33,12/6/2011 10:31,3,7,6,8,88.4
17530,12/10/2011,12/9/2010 20:01,12/8/2011 18:42,2,10,392,305,1523,2380.41,238.041,NULL,NULL,0,0,0,0,0
17531,12/10/2011,6/2/2011 19:17,6/2/2011 19:17,191,1,14,14,136,296.7,296.7,NULL,NULL,0,0,0,0,0
17534,12/10/2011,10/17/2011 12:47,10/17/2011 12:47,54,1,9,9,103,223.36,223.36,NULL,NULL,0,0,0,0,0
17535,12/10/2011,3/4/2011 15:20,3/4/2011 15:20,281,1,13,13,136,164.4,164.4,NULL,NULL,0,0,0,0,0
17536,12/10/2011,6/15/2011 13:23,6/15/2011 13:23,178,1,3,3,6,76.5,76.5,NULL,NULL,0,0,0,0,0
17537,12/10/2011,2/9/2011 13:37,11/10/2011 10:56,30,2,75,74,700,897.62,448.81,NULL,NULL,0,0,0,0,0
17538,12/10/2011,11/14/2011 12:12,11/14/2011 12:12,26,1,9,9,134,98.42,98.42,NULL,NULL,0,0,0,0,0
17540,12/10/2011,1/27/2011 14:35,11/15/2011 11:56,25,2,25,20,194,578.9,289.45,12/1/2011 9:00,12/1/2011 9:00,1,1,1,1,8.5
17542,12/10/2011,3/15/2011 11:45,3/15/2011 11:45,270,1,25,24,134,170.75,170.75,NULL,NULL,0,0,0,0,0
17545,12/10/2011,10/27/2011 13:48,10/27/2011 14:04,44,3,145,122,341,645.96,215.32,NULL,NULL,0,0,0,0,0
17548,12/10/2011,4/20/2011 12:01,4/20/2011 12:01,234,1,5,5,58,103.3,103.3,12/1/2010 10:24,5/6/2011 10:00,2,12,12,190,244.78
17549,12/10/2011,10/19/2011 10:05,11/16/2011 9:59,24,2,6,5,210,148.86,74.43,NULL,NULL,0,0,0,0,0
17550,12/10/2011,4/10/2011 15:19,5/26/2011 14:09,198,3,42,42,86,267.16,89.0533,NULL,NULL,0,0,0,0,0
17551,12/10/2011,12/15/2010 14:12,12/15/2010 14:12,360,1,43,39,150,306.84,306.84,NULL,NULL,0,0,0,0,0
17552,12/10/2011,12/2/2010 18:45,10/10/2011 17:00,61,4,49,43,719,930.41,232.6025,10/10/2011 17:00,10/10/2011 17:00,1,1,1,10,16.5
17553,12/10/2011,8/2/2011 10:00,8/2/2011 10:00,130,1,2,2,1048,1487.6,1487.6,NULL,NULL,0,0,0,0,0
17554,12/10/2011,7/14/2011 20:01,12/8/2011 14:15,2,5,88,58,1763,1952.45,390.49,NULL,NULL,0,0,0,0,0
17555,12/10/2011,1/9/2011 12:31,11/20/2011 12:22,20,2,106,101,349,483.26,241.63,NULL,NULL,0,0,0,0,0
17556,12/10/2011,5/18/2011 10:48,5/18/2011 10:48,206,1,6,6,101,157.9,157.9,NULL,NULL,0,0,0,0,0
17557,12/10/2011,9/19/2011 14:23,11/25/2011 12:57,15,3,34,27,306,541.46,180.4867,NULL,NULL,0,0,0,0,0
17560,12/10/2011,2/2/2011 11:14,9/6/2011 9:18,95,4,26,22,635,854.95,213.7375,NULL,NULL,0,0,0,0,0
17561,12/10/2011,11/20/2011 12:53,11/20/2011 12:53,20,1,46,44,146,167.62,167.62,NULL,NULL,0,0,0,0,0
17562,12/10/2011,6/19/2011 13:06,11/25/2011 14:21,15,7,63,48,817,1122.38,160.34,6/27/2011 16:59,6/27/2011 16:59,1,1,1,4,15
17564,12/10/2011,9/20/2011 14:00,11/15/2011 13:27,25,3,49,38,146,454.01,151.3367,NULL,NULL,0,0,0,0,0
17566,12/10/2011,11/14/2011 13:42,12/1/2011 19:54,9,2,152,113,518,901.21,450.605,NULL,NULL,0,0,0,0,0
17567,12/10/2011,12/2/2010 15:18,12/2/2011 15:48,8,8,165,110,2632,4331.48,541.435,3/10/2011 15:03,9/21/2011 17:04,2,12,12,204,318.92
17569,12/10/2011,1/11/2011 14:15,1/11/2011 14:15,333,1,29,29,159,344.14,344.14,NULL,NULL,0,0,0,0,0
17571,12/10/2011,2/14/2011 15:15,10/20/2011 15:57,51,4,298,246,904,1497.26,374.315,NULL,NULL,0,0,0,0,0
17572,12/10/2011,12/1/2010 12:51,9/29/2011 17:53,72,4,12,7,95,226.75,56.6875,NULL,NULL,0,0,0,0,0
17573,12/10/2011,9/7/2011 10:36,11/10/2011 13:01,30,3,25,24,308,380.6,126.8667,9/15/2011 17:09,9/15/2011 17:09,1,1,1,6,17.7
17574,12/10/2011,4/11/2011 9:47,4/11/2011 9:47,243,1,8,8,77,185.65,185.65,NULL,NULL,0,0,0,0,0
17576,12/10/2011,12/9/2010 16:57,12/1/2011 17:56,9,19,411,245,1994,3622.68,190.6674,1/18/2011 16:52,12/1/2011 18:12,3,6,6,40,164.9
17578,12/10/2011,5/5/2011 18:38,5/5/2011 18:38,219,1,5,5,138,143.46,143.46,6/2/2011 11:42,6/2/2011 11:42,1,1,1,48,18.72
17579,12/10/2011,6/13/2011 14:12,12/5/2011 12:28,5,3,50,46,258,448.9,149.6333,8/11/2011 10:26,8/11/2011 10:26,1,2,2,2,8.7
17580,12/10/2011,12/16/2010 15:27,4/1/2011 12:41,253,3,44,42,87,212.77,70.9233,NULL,NULL,0,0,0,0,0
17581,12/10/2011,12/2/2010 14:47,12/9/2011 12:21,1,25,440,229,5927,11045.04,441.8016,12/23/2010 11:49,9/28/2011 9:05,6,12,12,66,308.93
17582,12/10/2011,4/17/2011 13:18,4/17/2011 13:18,237,1,29,28,123,175.27,175.27,NULL,NULL,0,0,0,0,0
17584,12/10/2011,8/4/2011 14:12,12/2/2011 17:12,8,2,35,30,458,1242.3,621.15,11/29/2011 13:09,11/29/2011 13:09,1,1,1,12,15
17585,12/10/2011,1/5/2011 15:09,8/22/2011 13:30,110,4,214,176,1671,1133.07,283.2675,NULL,NULL,0,0,0,0,0
17588,12/10/2011,4/21/2011 10:31,8/31/2011 13:37,101,3,23,19,676,1240.2,413.4,NULL,NULL,0,0,0,0,0
17589,12/10/2011,4/13/2011 13:47,10/10/2011 16:58,61,4,252,171,1630,2402.92,600.73,NULL,NULL,0,0,0,0,0
17590,12/10/2011,10/30/2011 14:05,12/7/2011 12:55,3,3,199,160,826,1462.97,487.6567,NULL,NULL,0,0,0,0,0
17591,12/10/2011,12/7/2010 15:39,9/27/2011 13:42,74,7,166,81,1009,2225.97,317.9957,1/26/2011 17:15,1/26/2011 17:15,1,1,1,1,10.95
17593,12/10/2011,12/22/2010 10:29,12/6/2011 10:30,4,5,213,190,3101,3927.34,785.468,7/21/2011 17:45,7/21/2011 17:45,1,2,2,6,15.78
17594,12/10/2011,3/30/2011 10:32,9/15/2011 16:34,86,2,50,42,550,993.18,496.59,NULL,NULL,0,0,0,0,0
17595,12/10/2011,11/2/2011 16:19,11/27/2011 16:08,13,2,83,68,229,388.79,194.395,NULL,NULL,0,0,0,0,0
17596,12/10/2011,12/6/2010 12:34,11/16/2011 14:11,24,7,270,168,4400,2827.93,403.99,NULL,NULL,0,0,0,0,0
17597,12/10/2011,5/10/2011 11:54,5/10/2011 11:54,214,1,55,55,1176,2044.37,2044.37,NULL,NULL,0,0,0,0,0
17600,12/10/2011,11/22/2011 9:43,11/22/2011 9:43,18,1,13,13,144,161.67,161.67,NULL,NULL,0,0,0,0,0
17601,12/10/2011,4/14/2011 18:02,4/14/2011 18:02,240,1,9,9,103,116.01,116.01,NULL,NULL,0,0,0,0,0
17602,12/10/2011,1/19/2011 16:18,12/7/2011 13:53,3,6,560,335,4151,5102.97,850.495,8/10/2011 13:00,11/14/2011 13:15,2,5,5,16,52.2
17603,12/10/2011,9/22/2011 14:18,9/22/2011 14:18,79,1,11,11,74,394.72,394.72,10/20/2011 19:19,10/20/2011 19:19,1,1,1,1,3.75
17604,12/10/2011,1/31/2011 15:09,5/6/2011 13:43,218,2,63,57,169,309.36,154.68,NULL,NULL,0,0,0,0,0
17608,12/10/2011,11/6/2011 13:00,11/6/2011 13:06,34,2,59,54,232,193.42,96.71,NULL,NULL,0,0,0,0,0
17609,12/10/2011,1/16/2011 16:23,10/30/2011 12:28,41,5,235,198,696,1104.72,220.944,2/10/2011 17:50,2/10/2011 17:50,1,1,1,2,8.3
17611,12/10/2011,12/13/2010 13:52,12/2/2011 13:29,8,15,576,440,2560,3984.22,265.6147,6/23/2011 13:30,12/6/2011 9:46,4,6,6,8,36.35
17612,12/10/2011,2/15/2011 10:40,10/17/2011 14:59,54,6,135,116,1808,2048.45,341.4083,2/18/2011 15:42,9/19/2011 11:50,3,5,5,19,48.13
17613,12/10/2011,2/7/2011 11:20,11/17/2011 10:51,23,14,312,211,2496,4559.15,325.6536,4/26/2011 13:11,11/17/2011 10:51,3,7,7,26,49.78
17614,12/10/2011,10/13/2011 16:01,10/13/2011 16:01,58,1,100,97,238,390.07,390.07,NULL,NULL,0,0,0,0,0
17615,12/10/2011,5/1/2011 15:33,8/1/2011 14:06,131,3,14,13,140,329.6,109.8667,NULL,NULL,0,0,0,0,0
17616,12/10/2011,12/7/2010 10:04,6/19/2011 10:11,174,3,3,1,224,571.2,190.4,NULL,NULL,0,0,0,0,0
17618,12/10/2011,12/12/2010 16:05,12/4/2011 11:50,6,3,78,56,331,971.58,323.86,NULL,NULL,0,0,0,0,0
17619,12/10/2011,1/31/2011 14:18,1/31/2011 14:18,313,1,77,71,127,218.52,218.52,NULL,NULL,0,0,0,0,0
17620,12/10/2011,10/11/2011 12:08,10/11/2011 12:08,60,1,4,4,60,81.44,81.44,NULL,NULL,0,0,0,0,0
17621,12/10/2011,12/20/2010 13:31,11/18/2011 17:11,22,3,26,24,514,1379.9,459.9667,6/1/2011 15:19,6/1/2011 15:19,1,1,1,4,43.8
17623,12/10/2011,11/7/2011 11:32,11/7/2011 11:32,33,1,33,33,265,527.05,527.05,NULL,NULL,0,0,0,0,0
17624,12/10/2011,5/5/2011 17:59,11/25/2011 10:52,15,2,50,49,554,843.48,421.74,NULL,NULL,0,0,0,0,0
17625,12/10/2011,3/27/2011 12:21,11/21/2011 13:36,19,4,315,223,1198,2047,511.75,NULL,NULL,0,0,0,0,0
17628,12/10/2011,9/19/2011 15:21,9/19/2011 15:21,82,1,5,5,79,75.75,75.75,NULL,NULL,0,0,0,0,0
17629,12/10/2011,12/15/2010 9:58,12/4/2011 10:56,6,8,122,105,1628,1799.12,224.89,1/11/2011 11:38,1/11/2011 11:38,1,1,1,8,30
17630,12/10/2011,4/21/2011 14:03,6/23/2011 11:58,170,2,26,24,158,503.6,251.8,NULL,NULL,0,0,0,0,0
17631,12/10/2011,4/21/2011 13:22,12/8/2011 9:47,2,3,39,39,334,528.33,176.11,NULL,NULL,0,0,0,0,0
17633,12/10/2011,8/11/2011 15:43,11/8/2011 13:25,32,4,70,59,644,1324.84,331.21,12/15/2010 16:42,10/6/2011 20:28,2,2,2,14,82.5
17634,12/10/2011,1/6/2011 12:45,11/3/2011 13:09,37,9,297,209,840,2361.97,262.4411,NULL,NULL,0,0,0,0,0
17636,12/10/2011,11/20/2011 14:40,11/20/2011 14:40,20,1,20,20,182,285.56,285.56,12/1/2011 8:29,12/1/2011 8:29,1,4,4,6,19.63
17637,12/10/2011,8/16/2011 13:25,11/8/2011 12:51,32,2,35,35,280,547.06,273.53,NULL,NULL,0,0,0,0,0
17639,12/10/2011,3/8/2011 15:22,3/8/2011 15:22,277,1,7,7,49,108.5,108.5,NULL,NULL,0,0,0,0,0
17640,12/10/2011,9/14/2011 9:13,9/14/2011 9:13,87,1,5,5,250,621.66,621.66,NULL,NULL,0,0,0,0,0
17642,12/10/2011,6/16/2011 12:55,8/12/2011 9:11,120,2,40,34,474,712.29,356.145,NULL,NULL,0,0,0,0,0
17643,12/10/2011,12/1/2010 14:38,12/1/2010 14:38,374,1,8,8,71,101.55,101.55,NULL,NULL,0,0,0,0,0
17644,12/10/2011,3/24/2011 9:44,12/8/2011 13:43,2,11,157,102,1793,2895.64,263.24,1/21/2011 17:18,10/6/2011 18:35,6,12,9,52,126.66
17646,12/10/2011,12/9/2010 14:28,5/4/2011 13:17,220,3,51,46,323,1008.39,336.13,3/14/2011 11:44,3/14/2011 11:44,1,3,3,3,12.73
17647,12/10/2011,10/5/2011 15:38,10/5/2011 15:38,66,1,7,7,30,133.06,133.06,NULL,NULL,0,0,0,0,0
17648,12/10/2011,4/4/2011 10:29,10/10/2011 9:41,61,4,91,81,487,1797.5,449.375,6/30/2011 13:20,6/30/2011 13:20,1,1,1,1,7.95
17649,12/10/2011,7/24/2011 15:53,7/24/2011 15:53,139,1,52,52,399,868.49,868.49,7/28/2011 10:50,7/28/2011 10:50,1,1,1,1,6.75
17650,12/10/2011,11/18/2011 14:52,11/18/2011 14:52,22,1,8,8,150,166.08,166.08,NULL,NULL,0,0,0,0,0
17651,12/10/2011,6/15/2011 15:57,11/28/2011 10:29,12,10,232,149,3112,3945,394.5,6/20/2011 17:07,11/10/2011 13:21,4,7,5,12,58.33
17652,12/10/2011,3/3/2011 14:05,11/14/2011 12:55,26,12,256,117,2506,4822.72,401.8933,6/6/2011 10:14,11/10/2011 11:44,6,11,10,30,130.59
17653,12/10/2011,8/11/2011 15:24,11/3/2011 12:46,37,4,43,43,1408,1192.56,298.14,11/10/2011 14:26,11/10/2011 14:26,1,6,6,8,31.68
17654,12/10/2011,3/7/2011 13:17,3/7/2011 13:17,278,1,22,22,41,117.55,117.55,NULL,NULL,0,0,0,0,0
17655,12/10/2011,12/8/2010 16:45,11/29/2011 11:34,11,7,91,66,1116,2638.94,376.9914,12/16/2010 16:24,12/16/2010 16:24,1,2,2,160,67.2
17656,12/10/2011,8/3/2011 10:45,9/27/2011 13:04,74,5,82,67,1399,1674.69,334.938,NULL,NULL,0,0,0,0,0
17658,12/10/2011,5/12/2011 15:23,11/14/2011 12:07,26,2,19,17,616,595.42,297.71,11/29/2011 11:47,11/29/2011 11:47,1,4,4,94,109.54
17659,12/10/2011,12/2/2010 16:46,11/22/2011 13:29,18,12,158,127,1525,2999.46,249.955,6/10/2011 11:22,12/6/2011 9:29,2,3,3,39,44.71
17660,12/10/2011,7/21/2011 13:37,7/21/2011 13:37,142,1,45,37,130,196,196,NULL,NULL,0,0,0,0,0
17663,12/10/2011,2/25/2011 14:11,11/14/2011 8:56,26,7,86,63,797,1802.91,257.5586,4/21/2011 16:57,9/23/2011 8:00,2,4,4,4,14.64
17664,12/10/2011,5/11/2011 14:17,11/21/2011 11:29,19,2,43,41,604,604.64,302.32,NULL,NULL,0,0,0,0,0
17666,12/10/2011,10/5/2011 11:06,12/6/2011 9:06,4,2,18,14,596,728.16,364.08,NULL,NULL,0,0,0,0,0
17667,12/10/2011,2/14/2011 9:24,10/4/2011 14:32,67,5,116,85,1033,2055.51,411.102,NULL,NULL,0,0,0,0,0
17668,12/10/2011,11/1/2011 14:45,12/8/2011 13:25,2,2,15,14,93,347.75,173.875,NULL,NULL,0,0,0,0,0
17669,12/10/2011,4/4/2011 10:11,10/28/2011 8:53,43,7,68,45,1916,3406.72,486.6743,NULL,NULL,0,0,0,0,0
17670,12/10/2011,4/26/2011 9:12,4/26/2011 9:12,228,1,11,11,110,205.7,205.7,NULL,NULL,0,0,0,0,0
17671,12/10/2011,12/9/2010 14:27,11/24/2011 12:21,16,4,53,40,772,1572.71,393.1775,5/19/2011 18:08,7/28/2011 11:22,2,8,8,113,288.63
17672,12/10/2011,2/3/2011 13:29,10/20/2011 14:18,51,2,110,105,1690,3178.17,1589.085,3/7/2011 13:41,10/27/2011 10:56,2,5,5,18,71.55
17673,12/10/2011,1/23/2011 15:16,12/8/2011 12:50,2,6,227,118,1487,1629.12,271.52,12/8/2011 13:06,12/8/2011 13:06,1,1,1,2,6.9
17674,12/10/2011,12/6/2010 10:20,9/26/2011 13:35,75,2,27,19,672,551.04,275.52,NULL,NULL,0,0,0,0,0
17675,12/10/2011,12/7/2010 13:22,12/8/2011 18:03,2,31,704,238,8359,20359.28,656.751,12/7/2010 13:25,10/24/2011 15:52,10,16,14,82,276.18
17676,12/10/2011,12/8/2010 13:49,12/5/2011 15:16,5,6,78,49,932,1387.68,231.28,NULL,NULL,0,0,0,0,0
17677,12/10/2011,12/6/2010 8:42,12/8/2011 9:56,2,30,304,178,9775,16363.23,545.441,12/14/2010 10:51,10/17/2011 16:53,13,17,13,50,144.01
17678,12/10/2011,3/21/2011 11:52,3/21/2011 11:52,264,1,16,16,207,298.11,298.11,NULL,NULL,0,0,0,0,0
17679,12/10/2011,9/15/2011 10:35,10/18/2011 7:43,53,2,30,29,729,1992.11,996.055,NULL,NULL,0,0,0,0,0
17680,12/10/2011,11/16/2011 12:42,11/16/2011 12:42,24,1,11,11,96,184.4,184.4,NULL,NULL,0,0,0,0,0
17682,12/10/2011,12/6/2010 13:35,11/29/2011 15:59,11,6,118,48,1367,2474.33,412.3883,6/1/2011 14:49,6/1/2011 14:49,1,1,1,2,15
17684,12/10/2011,10/27/2011 11:10,10/27/2011 11:10,44,1,15,15,145,239.41,239.41,NULL,NULL,0,0,0,0,0
17685,12/10/2011,12/2/2010 14:42,11/23/2011 11:36,17,7,130,88,1956,3191.53,455.9329,NULL,NULL,0,0,0,0,0
17686,12/10/2011,2/10/2011 10:18,12/2/2011 15:39,8,7,286,205,2478,5739.46,819.9229,NULL,NULL,0,0,0,0,0
17690,12/10/2011,12/1/2010 16:15,11/9/2011 15:17,31,15,256,186,1773,4757.95,317.1967,11/4/2011 12:01,11/4/2011 12:01,1,2,2,6,9.5
17691,12/10/2011,12/6/2010 11:10,12/16/2010 17:20,359,2,19,18,134,290.4,145.2,NULL,NULL,0,0,0,0,0
17692,12/10/2011,12/15/2010 13:37,8/4/2011 14:01,128,4,45,33,624,725.58,181.395,5/3/2011 11:34,5/3/2011 11:34,1,1,1,6,7.5
17693,12/10/2011,7/25/2011 15:48,7/25/2011 15:48,138,1,16,16,231,200.47,200.47,7/26/2011 16:22,7/26/2011 17:12,2,2,2,2,13.45
17694,12/10/2011,7/21/2011 12:00,7/21/2011 12:00,142,1,15,15,184,283.12,283.12,NULL,NULL,0,0,0,0,0
17695,12/10/2011,6/21/2011 12:35,7/31/2011 10:40,132,2,35,30,779,765.34,382.67,NULL,NULL,0,0,0,0,0
17696,12/10/2011,12/10/2010 9:51,11/1/2011 13:43,39,8,115,78,1756,2285.71,285.7138,1/6/2011 18:09,9/12/2011 17:02,6,11,10,26,84.66
17697,12/10/2011,4/17/2011 15:40,4/17/2011 15:40,237,1,19,19,93,338.95,338.95,NULL,NULL,0,0,0,0,0
17698,12/10/2011,3/24/2011 11:34,3/24/2011 11:34,261,1,8,8,93,154.95,154.95,NULL,NULL,0,0,0,0,0
17700,12/10/2011,3/3/2011 16:34,11/23/2011 11:51,17,4,142,116,1266,2534.64,633.66,12/9/2010 15:33,5/17/2011 13:58,2,4,4,5,25.75
17701,12/10/2011,4/1/2011 12:25,4/1/2011 12:25,253,1,24,24,109,417.95,417.95,NULL,NULL,0,0,0,0,0
17702,12/10/2011,5/17/2011 16:23,11/9/2011 16:03,31,4,74,58,1353,1824.37,456.0925,12/9/2010 13:40,9/21/2011 16:42,2,6,6,33,104.65
17703,12/10/2011,7/24/2011 13:30,11/4/2011 15:51,36,3,55,47,590,798.74,266.2467,NULL,NULL,0,0,0,0,0
17704,12/10/2011,4/14/2011 9:28,6/24/2011 9:40,169,2,31,27,343,885.19,442.595,NULL,NULL,0,0,0,0,0
17705,12/10/2011,2/11/2011 10:57,12/6/2011 13:45,4,9,103,63,963,1823.52,202.6133,8/31/2011 12:26,8/31/2011 12:26,1,5,5,6,42.4
17706,12/10/2011,12/8/2010 11:02,12/5/2011 13:34,5,17,382,270,3899,10504.49,617.9112,7/11/2011 13:33,10/17/2011 11:32,5,13,12,66,407.12
17707,12/10/2011,1/7/2011 13:30,6/7/2011 15:03,186,2,5,3,144,152.4,76.2,NULL,NULL,0,0,0,0,0
17708,12/10/2011,1/19/2011 10:09,6/5/2011 10:12,188,2,35,28,91,267.08,133.54,NULL,NULL,0,0,0,0,0
17709,12/10/2011,6/23/2011 11:55,6/23/2011 11:55,170,1,7,7,17,137.45,137.45,NULL,NULL,0,0,0,0,0
17711,12/10/2011,2/23/2011 11:32,11/29/2011 11:40,11,2,23,22,246,385.1,192.55,NULL,NULL,0,0,0,0,0
17712,12/10/2011,10/26/2011 12:28,10/26/2011 12:28,45,1,29,29,215,522.91,522.91,NULL,NULL,0,0,0,0,0
17714,12/10/2011,1/23/2011 10:32,1/23/2011 10:32,321,1,10,10,92,153,153,NULL,NULL,0,0,0,0,0
17715,12/10/2011,5/23/2011 12:32,5/23/2011 12:32,201,1,1,1,384,326.4,326.4,NULL,NULL,0,0,0,0,0
17716,12/10/2011,3/17/2011 10:38,11/17/2011 12:00,23,11,245,171,3072,5655.99,514.1809,9/22/2011 9:41,9/22/2011 9:41,1,9,9,68,150.2
17718,12/10/2011,4/21/2011 13:39,4/21/2011 13:39,233,1,6,6,83,139.35,139.35,NULL,NULL,0,0,0,0,0
17719,12/10/2011,3/29/2011 11:29,11/2/2011 10:36,38,15,274,111,2466,5396.04,359.736,6/30/2011 16:20,8/18/2011 6:33,3,4,3,11,28.24
17720,12/10/2011,12/7/2010 10:43,11/13/2011 15:04,27,4,50,39,576,1195.94,298.985,NULL,NULL,0,0,0,0,0
17722,12/10/2011,12/8/2010 12:41,9/4/2011 15:22,97,4,115,111,1595,2424.04,606.01,12/14/2010 11:33,1/26/2011 17:04,2,5,5,23,43.4
17723,12/10/2011,5/9/2011 14:44,8/4/2011 18:37,128,6,10,4,792,3276.4,546.0667,NULL,NULL,0,0,0,0,0
17724,12/10/2011,7/24/2011 13:26,9/29/2011 15:26,72,3,40,38,300,1033,344.3333,10/13/2011 10:53,10/13/2011 10:53,1,5,5,11,37.35
17725,12/10/2011,3/17/2011 19:47,11/23/2011 16:34,17,11,192,115,2162,3439.08,312.6436,4/4/2011 9:45,6/16/2011 14:54,3,6,5,21,67.95
17727,12/10/2011,11/24/2011 17:06,11/24/2011 17:06,16,1,66,66,645,1060.25,1060.25,11/30/2011 15:21,11/30/2011 15:21,1,1,1,6,17.7
17728,12/10/2011,9/14/2011 11:39,12/6/2011 8:52,4,3,165,153,1469,2876.01,958.67,11/18/2011 15:37,11/18/2011 15:37,1,3,3,4,15.3
17730,12/10/2011,1/17/2011 14:49,12/6/2011 15:43,4,13,218,127,3576,5298.48,407.5754,1/25/2011 12:49,11/14/2011 15:41,2,2,2,9,9.65
17731,12/10/2011,6/9/2011 14:18,9/21/2011 15:02,80,4,67,54,493,1240.11,310.0275,6/26/2011 15:47,6/26/2011 15:47,1,16,16,101,361.91
17732,12/10/2011,12/2/2010 9:29,12/2/2010 9:29,373,1,18,18,93,303.97,303.97,NULL,NULL,0,0,0,0,0
17733,12/10/2011,3/23/2011 9:54,11/1/2011 8:16,39,2,35,33,463,692.19,346.095,NULL,NULL,0,0,0,0,0
17734,12/10/2011,4/20/2011 10:04,10/17/2011 12:33,54,3,43,40,422,700.63,233.5433,NULL,NULL,0,0,0,0,0
17735,12/10/2011,12/7/2010 10:32,12/7/2011 16:47,3,19,690,319,8439,13110.02,690.0011,NULL,NULL,0,0,0,0,0
17736,12/10/2011,8/18/2011 14:33,11/30/2011 15:36,10,3,25,24,238,377.44,125.8133,11/8/2011 12:24,11/8/2011 12:24,1,1,1,1,39.95
17737,12/10/2011,10/12/2011 14:42,11/30/2011 15:16,10,2,10,8,108,168.24,84.12,NULL,NULL,0,0,0,0,0
17738,12/10/2011,3/2/2011 16:26,11/20/2011 15:05,20,4,97,89,1029,1879.05,469.7625,7/19/2011 13:26,7/19/2011 13:26,1,2,2,2,15.7
17739,12/10/2011,12/14/2010 14:26,11/28/2011 9:12,12,7,47,29,861,2791.35,398.7643,6/1/2011 11:45,6/1/2011 11:45,1,1,1,5,5.3
17742,12/10/2011,1/11/2011 10:04,8/18/2011 15:28,114,2,15,13,89,355.11,177.555,NULL,NULL,0,0,0,0,0
17744,12/10/2011,12/16/2010 14:17,12/6/2011 12:11,4,6,136,110,3412,2322.4,387.0667,NULL,NULL,0,0,0,0,0
17746,12/10/2011,4/13/2011 14:31,4/13/2011 14:31,241,1,6,6,29,110.25,110.25,4/19/2011 11:26,4/19/2011 11:26,1,2,2,3,11.45
17747,12/10/2011,8/19/2011 8:13,8/19/2011 8:13,113,1,1,1,12,71.4,71.4,8/31/2011 13:29,8/31/2011 13:29,1,1,1,1,6.75
17749,12/10/2011,3/28/2011 13:39,6/14/2011 15:45,179,2,35,33,320,674.52,337.26,NULL,NULL,0,0,0,0,0
17750,12/10/2011,6/28/2011 15:44,12/4/2011 14:09,6,9,191,100,3906,1781.28,197.92,NULL,NULL,0,0,0,0,0
17752,12/10/2011,12/15/2010 16:19,12/15/2010 16:19,360,1,1,1,192,80.64,80.64,NULL,NULL,0,0,0,0,0
17754,12/10/2011,3/24/2011 13:54,12/9/2011 11:20,1,5,92,82,1869,1772.26,354.452,3/24/2011 14:07,3/24/2011 14:07,1,1,1,49,32.34
17757,12/10/2011,12/2/2010 17:17,12/8/2011 15:31,2,30,740,274,3319,5601.34,186.7113,6/29/2011 15:31,6/29/2011 15:31,1,1,1,4,19.8
17758,12/10/2011,4/3/2011 15:22,11/20/2011 14:45,20,8,412,310,2091,3456.7,432.0875,NULL,NULL,0,0,0,0,0
17759,12/10/2011,6/23/2011 13:35,11/22/2011 16:02,18,3,94,81,707,833.74,277.9133,NULL,NULL,0,0,0,0,0
17760,12/10/2011,12/1/2010 15:08,11/18/2011 10:56,22,2,25,25,239,287.59,143.795,NULL,NULL,0,0,0,0,0
17761,12/10/2011,11/7/2011 10:23,11/7/2011 10:23,33,1,19,19,398,712.78,712.78,NULL,NULL,0,0,0,0,0
17763,12/10/2011,3/21/2011 14:25,3/21/2011 14:25,264,1,1,1,12,15,15,NULL,NULL,0,0,0,0,0
17764,12/10/2011,5/12/2011 16:11,10/20/2011 11:03,51,2,75,71,395,818.82,409.41,NULL,NULL,0,0,0,0,0
17765,12/10/2011,3/28/2011 11:58,7/4/2011 12:41,159,3,57,51,144,371.88,123.96,NULL,NULL,0,0,0,0,0
17767,12/10/2011,11/24/2011 14:42,11/24/2011 14:42,16,1,21,21,128,271.2,271.2,NULL,NULL,0,0,0,0,0
17768,12/10/2011,6/26/2011 13:46,12/1/2011 13:22,9,3,105,77,1186,2273.18,757.7267,NULL,NULL,0,0,0,0,0
17769,12/10/2011,1/23/2011 11:15,11/27/2011 11:18,13,10,310,200,1862,3997.98,399.798,10/16/2011 11:07,11/14/2011 13:28,2,3,3,5,37.35
17770,12/10/2011,3/2/2011 13:35,5/25/2011 12:34,199,5,38,33,365,1143.27,228.654,NULL,NULL,0,0,0,0,0
17771,12/10/2011,1/20/2011 14:13,10/14/2011 11:43,57,2,53,50,283,245.33,122.665,NULL,NULL,0,0,0,0,0
17772,12/10/2011,11/29/2011 10:57,11/29/2011 11:05,11,2,53,50,58,182.77,91.385,NULL,NULL,0,0,0,0,0
17774,12/10/2011,2/7/2011 13:13,9/4/2011 12:49,97,4,156,123,512,1225.41,306.3525,9/4/2011 12:15,9/4/2011 12:15,1,1,1,1,9.95
17775,12/10/2011,3/30/2011 10:50,3/30/2011 10:50,255,1,3,3,72,56.4,56.4,NULL,NULL,0,0,0,0,0
17777,12/10/2011,8/31/2011 14:35,11/15/2011 12:02,25,3,194,141,507,665.86,221.9533,NULL,NULL,0,0,0,0,0
17779,12/10/2011,7/19/2011 12:19,11/18/2011 14:15,22,3,82,73,397,658.57,219.5233,9/13/2011 13:59,11/18/2011 14:13,2,2,2,3,16.4
17781,12/10/2011,3/31/2011 19:54,7/3/2011 16:00,160,2,12,12,34,188.02,94.01,NULL,NULL,0,0,0,0,0
17783,12/10/2011,4/6/2011 10:07,9/28/2011 16:07,73,2,67,67,354,283.47,141.735,NULL,NULL,0,0,0,0,0
17785,12/10/2011,10/17/2011 13:43,10/17/2011 13:43,54,1,13,13,67,131.94,131.94,NULL,NULL,0,0,0,0,0
17786,12/10/2011,1/26/2011 14:35,9/15/2011 12:51,86,2,72,57,200,278.74,139.37,NULL,NULL,0,0,0,0,0
17787,12/10/2011,12/3/2010 13:43,7/10/2011 11:24,153,4,134,94,910,1865.19,466.2975,NULL,NULL,0,0,0,0,0
17788,12/10/2011,8/2/2011 10:38,9/27/2011 10:09,74,2,4,2,210,1112.95,556.475,NULL,NULL,0,0,0,0,0
17789,12/10/2011,3/3/2011 13:14,3/3/2011 13:14,282,1,14,14,74,225.9,225.9,NULL,NULL,0,0,0,0,0
17790,12/10/2011,12/10/2010 10:47,11/13/2011 11:30,27,14,190,121,836,1965.55,140.3964,NULL,NULL,0,0,0,0,0
17791,12/10/2011,11/10/2011 12:09,11/10/2011 12:09,30,1,10,10,46,106.1,106.1,NULL,NULL,0,0,0,0,0
17793,12/10/2011,11/14/2011 14:24,11/14/2011 14:24,26,1,58,49,232,323.04,323.04,NULL,NULL,0,0,0,0,0
17795,12/10/2011,3/20/2011 12:02,6/13/2011 12:36,180,2,46,43,341,350.39,175.195,NULL,NULL,0,0,0,0,0
17796,12/10/2011,12/5/2010 12:23,10/30/2011 15:38,41,4,82,63,178,697.9,174.475,NULL,NULL,0,0,0,0,0
17797,12/10/2011,6/10/2011 11:29,11/17/2011 13:21,23,3,111,102,498,780.43,260.1433,NULL,NULL,0,0,0,0,0
17799,12/10/2011,12/13/2010 13:10,11/17/2011 15:16,23,10,408,280,1758,3055.93,305.593,1/24/2011 12:58,1/24/2011 12:58,1,2,2,3,29.85
17800,12/10/2011,1/9/2011 13:50,11/2/2011 12:57,38,9,103,50,735,1198.01,133.1122,NULL,NULL,0,0,0,0,0
17802,12/10/2011,12/2/2010 13:44,9/18/2011 14:56,83,3,140,102,752,1285.04,428.3467,6/12/2011 14:56,6/12/2011 14:56,1,7,7,9,33.2
17805,12/10/2011,9/27/2011 11:49,9/27/2011 11:49,74,1,10,10,478,512.31,512.31,NULL,NULL,0,0,0,0,0
17806,12/10/2011,11/28/2011 14:12,11/28/2011 14:12,12,1,43,43,727,546.04,546.04,NULL,NULL,0,0,0,0,0
17809,12/10/2011,12/1/2010 9:41,11/23/2011 12:59,17,12,61,46,2057,5411.91,450.9925,6/24/2011 15:05,11/23/2011 13:00,2,2,2,41,67.06
17811,12/10/2011,1/10/2011 10:58,12/5/2011 13:46,5,39,850,358,4176,7831.03,200.7956,3/21/2011 12:38,11/28/2011 14:31,12,21,17,49,160.02
17812,12/10/2011,12/6/2010 15:27,11/27/2011 11:47,13,4,141,113,350,732.16,183.04,NULL,NULL,0,0,0,0,0
17813,12/10/2011,9/29/2011 15:57,11/25/2011 16:13,15,5,371,297,790,1770.88,354.176,10/6/2011 11:40,10/13/2011 14:27,2,7,7,13,56.28
17816,12/10/2011,12/9/2010 14:10,11/3/2011 11:34,37,4,17,16,30,36.56,9.14,NULL,NULL,0,0,0,0,0
17817,12/10/2011,3/7/2011 17:30,12/5/2011 14:39,5,3,33,32,67,387.68,129.2267,NULL,NULL,0,0,0,0,0
17819,12/10/2011,12/3/2010 14:26,9/29/2011 10:52,72,7,48,36,1031,3704.87,529.2671,2/15/2011 15:46,2/15/2011 15:46,1,1,1,4,43.8
17824,12/10/2011,10/19/2011 14:14,10/19/2011 14:14,52,1,13,13,408,298.4,298.4,NULL,NULL,0,0,0,0,0
17827,12/10/2011,12/10/2010 10:18,12/4/2011 15:00,6,5,220,190,1247,1995.46,399.092,NULL,NULL,0,0,0,0,0
17828,12/10/2011,6/8/2011 8:31,11/17/2011 8:41,23,4,64,53,655,1165.09,291.2725,6/16/2011 14:43,12/1/2011 9:34,4,14,7,24,90.12
17829,12/10/2011,2/14/2011 12:46,2/14/2011 12:46,299,1,30,30,496,889.24,889.24,NULL,NULL,0,0,0,0,0
17830,12/10/2011,2/24/2011 10:15,12/8/2011 12:28,2,3,23,18,92,398.7,132.9,NULL,NULL,0,0,0,0,0
17831,12/10/2011,11/6/2011 15:09,11/6/2011 15:09,34,1,2,2,12,35.4,35.4,NULL,NULL,0,0,0,0,0
17832,12/10/2011,10/21/2011 11:43,10/21/2011 11:43,50,1,61,61,208,155.37,155.37,NULL,NULL,0,0,0,0,0
17835,12/10/2011,11/16/2011 16:30,12/7/2011 11:48,3,3,61,45,348,350.64,116.88,NULL,NULL,0,0,0,0,0
17836,12/10/2011,10/23/2011 16:13,10/23/2011 16:13,48,1,23,22,87,109.83,109.83,NULL,NULL,0,0,0,0,0
17837,12/10/2011,6/29/2011 16:44,10/28/2011 16:13,43,8,168,109,516,1587.48,198.435,7/7/2011 17:09,10/28/2011 16:15,2,3,3,3,32.85
17838,12/10/2011,12/2/2010 15:55,11/13/2011 11:20,27,5,121,96,1879,2779.3,555.86,11/13/2011 11:38,11/13/2011 11:38,1,16,15,458,466.6
17839,12/10/2011,10/28/2011 17:27,10/28/2011 17:27,43,1,56,50,285,338.8,338.8,NULL,NULL,0,0,0,0,0
17841,12/10/2011,12/1/2010 14:41,12/8/2011 12:07,2,124,7838,1322,23053,40967.72,330.3848,12/1/2010 14:30,11/23/2011 13:54,45,133,106,203,634.5
17843,12/10/2011,2/9/2011 15:33,2/9/2011 15:33,304,1,35,35,88,197.73,197.73,NULL,NULL,0,0,0,0,0
17844,12/10/2011,8/25/2011 11:27,8/25/2011 11:27,107,1,5,5,52,51.56,51.56,NULL,NULL,0,0,0,0,0
17848,12/10/2011,12/16/2010 18:38,9/19/2011 16:49,82,9,51,41,398,901.2,100.1333,NULL,NULL,0,0,0,0,0
17849,12/10/2011,1/10/2011 11:59,5/5/2011 13:46,219,4,26,14,114,605.8,151.45,NULL,NULL,0,0,0,0,0
17850,12/10/2011,12/1/2010 8:26,12/2/2010 15:27,373,34,297,21,1733,5391.21,158.565,2/10/2011 14:38,2/10/2011 14:38,1,15,9,40,102.58
17852,12/10/2011,11/28/2011 12:31,11/28/2011 12:36,12,2,24,21,53,114.34,57.17,NULL,NULL,0,0,0,0,0
17854,12/10/2011,4/26/2011 16:53,6/7/2011 16:21,186,2,15,15,84,311.26,155.63,NULL,NULL,0,0,0,0,0
17855,12/10/2011,12/2/2010 9:44,12/2/2010 9:44,373,1,17,17,197,208.97,208.97,NULL,NULL,0,0,0,0,0
17856,12/10/2011,3/3/2011 11:40,12/8/2011 9:40,2,4,14,11,841,1403.03,350.7575,4/20/2011 12:59,4/20/2011 13:11,2,2,2,16,24.24
17857,12/10/2011,12/9/2010 11:35,12/5/2011 13:13,5,22,48,18,14822,25301.54,1150.07,3/18/2011 12:15,12/6/2011 13:41,2,2,2,170,115.7
17858,12/10/2011,12/5/2010 13:08,12/4/2011 11:56,6,12,199,101,2706,5155.66,429.6383,NULL,NULL,0,0,0,0,0
17859,12/10/2011,2/8/2011 10:32,2/8/2011 10:32,305,1,25,23,127,148.21,148.21,NULL,NULL,0,0,0,0,0
17860,12/10/2011,12/6/2010 12:41,12/6/2010 12:41,369,1,58,49,104,252.8,252.8,NULL,NULL,0,0,0,0,0
17861,12/10/2011,1/24/2011 11:34,12/6/2011 16:21,4,8,222,172,1988,2100.8,262.6,7/7/2011 12:29,7/7/2011 12:29,1,1,1,20,41.6
17862,12/10/2011,1/20/2011 12:23,1/20/2011 12:23,324,1,11,11,100,330.9,330.9,NULL,NULL,0,0,0,0,0
17863,12/10/2011,12/5/2010 13:21,10/11/2011 13:45,60,6,148,110,2638,3160,526.6667,NULL,NULL,0,0,0,0,0
17864,12/10/2011,3/9/2011 11:44,11/27/2011 11:15,13,3,102,70,810,597.5,199.1667,NULL,NULL,0,0,0,0,0
17865,12/10/2011,12/10/2010 14:53,11/9/2011 12:08,31,20,369,190,5756,10524.22,526.211,2/21/2011 11:46,11/1/2011 9:46,7,19,10,59,367.78
17866,12/10/2011,7/20/2011 11:07,7/20/2011 11:07,143,1,9,9,174,329.65,329.65,7/20/2011 11:09,7/20/2011 11:09,1,1,1,1,3.95
17867,12/10/2011,2/24/2011 12:25,11/9/2011 14:15,31,6,79,62,542,1197.1,199.5167,2/24/2011 12:27,9/23/2011 14:50,2,2,2,289,574.35
17869,12/10/2011,12/6/2010 17:16,8/24/2011 16:16,108,5,40,37,111,428.18,85.636,NULL,NULL,0,0,0,0,0
17870,12/10/2011,12/8/2010 8:12,12/7/2011 15:07,3,12,279,214,1401,1894.35,157.8625,9/29/2011 10:20,9/29/2011 10:20,1,1,1,1,4.95
17871,12/10/2011,5/19/2011 11:32,5/19/2011 11:32,205,1,10,10,182,155.9,155.9,NULL,NULL,0,0,0,0,0
17873,12/10/2011,12/1/2010 14:54,9/20/2011 16:41,81,5,43,23,1046,1729.78,345.956,4/13/2011 14:30,4/13/2011 14:30,1,2,2,48,94.8
17874,12/10/2011,3/29/2011 11:25,6/7/2011 12:54,186,6,46,37,221,683.46,113.91,4/28/2011 11:41,4/28/2011 11:41,1,1,1,12,25.2
17877,12/10/2011,6/22/2011 13:00,6/22/2011 13:00,171,1,12,12,98,237.61,237.61,NULL,NULL,0,0,0,0,0
17878,12/10/2011,10/27/2011 11:24,10/27/2011 11:24,44,1,26,26,401,379.45,379.45,NULL,NULL,0,0,0,0,0
17879,12/10/2011,6/19/2011 12:36,6/19/2011 12:36,174,1,6,6,45,178.52,178.52,NULL,NULL,0,0,0,0,0
17880,12/10/2011,12/10/2010 10:21,12/10/2010 10:21,365,1,26,26,314,458.92,458.92,NULL,NULL,0,0,0,0,0
17881,12/10/2011,2/8/2011 17:16,2/8/2011 17:16,305,1,8,8,32,133.35,133.35,NULL,NULL,0,0,0,0,0
17883,12/10/2011,4/7/2011 19:16,12/6/2011 17:49,4,4,145,133,379,671.77,167.9425,NULL,NULL,0,0,0,0,0
17884,12/10/2011,12/3/2010 12:11,12/6/2011 11:33,4,4,117,107,854,717.45,179.3625,NULL,NULL,0,0,0,0,0
17885,12/10/2011,11/27/2011 14:40,11/27/2011 14:40,13,1,64,50,167,190.19,190.19,NULL,NULL,0,0,0,0,0
17886,12/10/2011,4/4/2011 12:34,11/8/2011 10:09,32,3,109,93,481,899.61,299.87,NULL,NULL,0,0,0,0,0
17887,12/10/2011,8/2/2011 17:29,8/2/2011 17:29,130,1,10,10,30,111.35,111.35,NULL,NULL,0,0,0,0,0
17888,12/10/2011,12/17/2010 13:56,11/18/2011 13:45,22,8,67,60,980,726.05,90.7563,7/1/2011 13:22,11/21/2011 10:18,2,14,14,549,200.27
17889,12/10/2011,1/21/2011 17:14,5/11/2011 16:26,213,2,21,20,79,203.87,101.935,NULL,NULL,0,0,0,0,0
17890,12/10/2011,12/13/2010 15:12,1/21/2011 11:19,323,2,94,88,416,602.09,301.045,NULL,NULL,0,0,0,0,0
17891,12/10/2011,6/30/2011 20:08,6/30/2011 20:08,163,1,34,34,393,203.86,203.86,NULL,NULL,0,0,0,0,0
17892,12/10/2011,7/7/2011 12:56,10/14/2011 16:49,57,3,28,27,109,244.1,81.3667,NULL,NULL,0,0,0,0,0
17893,12/10/2011,4/28/2011 13:50,4/28/2011 13:50,226,1,16,15,161,112.25,112.25,NULL,NULL,0,0,0,0,0
17894,12/10/2011,12/8/2010 14:50,9/29/2011 9:23,72,8,192,126,403,1119.39,139.9238,NULL,NULL,0,0,0,0,0
17895,12/10/2011,10/26/2011 17:00,10/26/2011 17:00,45,1,16,15,130,98,98,NULL,NULL,0,0,0,0,0
17896,12/10/2011,11/16/2011 13:59,11/16/2011 13:59,24,1,2,2,288,256.32,256.32,NULL,NULL,0,0,0,0,0
17897,12/10/2011,12/1/2010 12:31,6/20/2011 11:23,173,3,114,100,229,566.6,188.8667,12/1/2010 12:38,12/1/2010 12:38,1,1,1,6,25.5
17898,12/10/2011,5/16/2011 17:13,9/15/2011 14:56,86,2,28,27,190,152.06,76.03,NULL,NULL,0,0,0,0,0
17899,12/10/2011,7/3/2011 14:58,7/3/2011 14:58,160,1,32,29,171,155.8,155.8,NULL,NULL,0,0,0,0,0
17900,12/10/2011,6/2/2011 14:28,6/2/2011 14:38,191,2,5,3,72,97.2,48.6,6/28/2011 12:04,6/28/2011 12:09,2,5,3,72,97.2
17901,12/10/2011,11/10/2011 17:29,11/10/2011 17:29,30,1,19,19,24,110.38,110.38,NULL,NULL,0,0,0,0,0
17904,12/10/2011,11/18/2011 12:57,11/18/2011 12:57,22,1,38,33,63,191.67,191.67,11/18/2011 13:57,11/18/2011 13:57,1,1,1,1,12.75
17905,12/10/2011,12/1/2010 13:21,9/29/2011 17:33,72,4,34,33,407,800.24,200.06,NULL,NULL,0,0,0,0,0
17906,12/10/2011,4/6/2011 17:25,4/6/2011 17:25,248,1,12,12,26,72.9,72.9,NULL,NULL,0,0,0,0,0
17908,12/10/2011,12/1/2010 11:45,12/1/2010 11:45,374,1,58,51,173,243.28,243.28,NULL,NULL,0,0,0,0,0
17911,12/10/2011,11/30/2011 14:52,11/30/2011 14:52,10,1,39,39,223,366.23,366.23,NULL,NULL,0,0,0,0,0
17912,12/10/2011,12/10/2010 11:11,2/2/2011 14:25,311,5,38,35,185,311.01,62.202,12/15/2010 16:54,12/15/2010 16:54,1,2,2,2,15.4
17913,12/10/2011,12/19/2010 11:35,10/12/2011 10:45,59,2,59,55,289,411.6,205.8,NULL,NULL,0,0,0,0,0
17914,12/10/2011,12/6/2011 11:58,12/6/2011 11:58,4,1,80,72,473,336.43,336.43,NULL,NULL,0,0,0,0,0
17917,12/10/2011,12/12/2010 12:08,10/25/2011 13:20,46,3,94,77,187,341.28,113.76,NULL,NULL,0,0,0,0,0
17919,12/10/2011,9/12/2011 13:41,9/12/2011 13:41,89,1,23,23,756,1304.04,1304.04,NULL,NULL,0,0,0,0,0
17920,12/10/2011,12/1/2010 11:49,12/5/2011 14:29,5,17,695,406,2514,4192.2,246.6,NULL,NULL,0,0,0,0,0
17921,12/10/2011,3/18/2011 13:19,10/6/2011 18:56,65,4,145,114,430,826.52,206.63,NULL,NULL,0,0,0,0,0
17923,12/10/2011,3/2/2011 15:15,3/2/2011 15:15,283,1,1,1,50,207.5,207.5,NULL,NULL,0,0,0,0,0
17924,12/10/2011,12/1/2010 10:51,11/28/2011 9:11,12,7,31,26,1160,2962.5,423.2143,12/2/2010 17:30,12/8/2011 19:28,6,7,4,19,68.17
17925,12/10/2011,12/2/2010 10:10,12/2/2010 10:10,373,1,1,1,72,244.08,244.08,NULL,NULL,0,0,0,0,0
17926,12/10/2011,5/20/2011 9:24,7/29/2011 14:39,134,2,21,17,306,397.29,198.645,NULL,NULL,0,0,0,0,0
17928,12/10/2011,4/7/2011 18:03,10/25/2011 13:52,46,2,22,22,68,184.46,92.23,NULL,NULL,0,0,0,0,0
17929,12/10/2011,2/4/2011 11:40,11/28/2011 16:01,12,4,5,4,108,843,210.75,9/23/2011 12:50,9/23/2011 12:50,1,1,1,1,8.5
17930,12/10/2011,4/14/2011 15:46,11/4/2011 10:23,36,5,39,26,1594,1740.48,348.096,NULL,NULL,0,0,0,0,0
17931,12/10/2011,3/29/2011 12:31,7/28/2011 18:33,135,2,65,63,249,408.36,204.18,NULL,NULL,0,0,0,0,0
17932,12/10/2011,5/12/2011 13:58,11/10/2011 19:49,30,3,90,84,789,1331.57,443.8567,NULL,NULL,0,0,0,0,0
17934,12/10/2011,10/12/2011 10:50,10/19/2011 11:16,52,2,21,21,478,704.25,352.125,NULL,NULL,0,0,0,0,0
17935,12/10/2011,7/21/2011 11:23,7/24/2011 13:18,139,2,28,27,81,142.89,71.445,NULL,NULL,0,0,0,0,0
17936,12/10/2011,12/4/2011 13:32,12/4/2011 13:32,6,1,77,68,262,389.84,389.84,NULL,NULL,0,0,0,0,0
17937,12/10/2011,12/12/2010 14:43,12/1/2011 11:45,9,7,43,19,1754,4301.22,614.46,NULL,NULL,0,0,0,0,0
17939,12/10/2011,7/3/2011 12:27,7/3/2011 12:27,160,1,12,12,40,99.14,99.14,NULL,NULL,0,0,0,0,0
17940,12/10/2011,2/10/2011 9:29,10/21/2011 13:27,50,9,18,5,9754,2238.58,248.7311,4/8/2011 14:17,4/27/2011 10:22,2,2,1,2,1987.86
17941,12/10/2011,8/1/2011 8:30,8/1/2011 8:30,131,1,2,2,252,304.56,304.56,NULL,NULL,0,0,0,0,0
17942,12/10/2011,12/2/2011 10:45,12/2/2011 10:45,8,1,2,2,38,77.5,77.5,NULL,NULL,0,0,0,0,0
17946,12/10/2011,3/25/2011 14:34,4/20/2011 17:00,234,2,20,18,75,149.58,74.79,NULL,NULL,0,0,0,0,0
17947,12/10/2011,11/2/2011 13:05,11/2/2011 13:05,38,1,9,9,168,176.68,176.68,NULL,NULL,0,0,0,0,0
17948,12/10/2011,7/15/2011 12:58,7/15/2011 12:58,148,1,1,1,144,358.56,358.56,NULL,NULL,0,0,0,0,0
17949,12/10/2011,12/3/2010 13:12,12/8/2011 18:46,2,44,69,28,30450,58030.48,1318.8745,6/30/2011 12:44,12/2/2011 11:42,5,7,7,2878,4814.74
17950,12/10/2011,12/9/2010 15:16,9/28/2011 15:18,73,3,71,63,366,482.2,160.7333,12/9/2010 15:24,12/9/2010 15:24,1,1,1,24,10.08
17951,12/10/2011,12/1/2010 12:40,10/31/2011 12:30,40,3,20,18,616,1008.54,336.18,12/20/2010 13:55,12/20/2010 13:55,1,1,1,6,17.7
17954,12/10/2011,12/3/2010 14:18,12/4/2011 14:15,6,12,485,326,2234,2332.72,194.3933,12/3/2010 14:19,3/15/2011 11:36,4,4,4,5,37.35
17955,12/10/2011,5/4/2011 12:29,5/25/2011 12:00,199,4,19,14,273,557.3,139.325,NULL,NULL,0,0,0,0,0
17956,12/10/2011,4/4/2011 13:47,4/4/2011 13:47,250,1,1,1,1,12.75,12.75,NULL,NULL,0,0,0,0,0
17957,12/10/2011,10/4/2011 14:58,10/4/2011 14:58,67,1,30,30,275,110.72,110.72,NULL,NULL,0,0,0,0,0
17958,12/10/2011,8/15/2011 12:19,8/15/2011 12:19,117,1,7,7,84,508.46,508.46,NULL,NULL,0,0,0,0,0
17960,12/10/2011,6/21/2011 14:15,6/21/2011 14:15,172,1,26,26,41,73.78,73.78,NULL,NULL,0,0,0,0,0
17961,12/10/2011,12/2/2010 19:18,11/18/2011 16:55,22,39,249,211,560,1296.44,33.2421,NULL,NULL,0,0,0,0,0
17962,12/10/2011,7/20/2011 14:16,7/20/2011 14:16,143,1,35,33,128,102.83,102.83,NULL,NULL,0,0,0,0,0
17964,12/10/2011,12/2/2010 13:32,11/8/2011 10:44,32,2,104,84,301,471.7,235.85,NULL,NULL,0,0,0,0,0
17965,12/10/2011,12/5/2010 15:54,11/2/2011 9:31,38,14,329,274,1556,2622.57,187.3264,NULL,NULL,0,0,0,0,0
17966,12/10/2011,3/23/2011 17:25,11/2/2011 10:26,38,5,68,53,2571,1098.43,219.686,NULL,NULL,0,0,0,0,0
17967,12/10/2011,12/3/2010 11:19,12/3/2010 11:19,372,1,48,41,80,123.07,123.07,NULL,NULL,0,0,0,0,0
17968,12/10/2011,12/1/2010 12:23,12/1/2010 12:23,374,1,85,74,160,277.35,277.35,NULL,NULL,0,0,0,0,0
17969,12/10/2011,12/13/2010 15:34,6/26/2011 13:00,167,2,14,14,152,228.2,114.1,NULL,NULL,0,0,0,0,0
17970,12/10/2011,5/12/2011 20:03,5/12/2011 20:03,212,1,31,27,525,582.59,582.59,NULL,NULL,0,0,0,0,0
17972,12/10/2011,4/12/2011 12:16,4/12/2011 12:16,242,1,31,30,37,136.04,136.04,NULL,NULL,0,0,0,0,0
17973,12/10/2011,10/19/2011 10:34,10/19/2011 10:34,52,1,15,15,176,337.04,337.04,NULL,NULL,0,0,0,0,0
17974,12/10/2011,5/4/2011 11:50,11/15/2011 11:37,25,3,179,143,519,740.79,246.93,NULL,NULL,0,0,0,0,0
17975,12/10/2011,12/8/2010 11:38,11/24/2011 13:27,16,13,295,188,1566,4485.51,345.0392,4/26/2011 11:16,4/26/2011 11:16,1,1,1,16,95.2
17976,12/10/2011,12/2/2010 13:49,12/2/2010 13:49,373,1,65,56,106,353.19,353.19,NULL,NULL,0,0,0,0,0
17977,12/10/2011,11/10/2011 13:28,11/10/2011 13:28,30,1,21,19,342,288.14,288.14,NULL,NULL,0,0,0,0,0
17978,12/10/2011,12/9/2010 14:05,12/9/2010 14:05,366,1,12,12,499,300.92,300.92,NULL,NULL,0,0,0,0,0
17979,12/10/2011,3/25/2011 11:34,11/4/2011 12:05,36,4,145,115,393,754.31,188.5775,3/25/2011 12:07,3/25/2011 12:07,1,1,1,2,19.9
17980,12/10/2011,12/15/2010 15:50,6/27/2011 12:01,166,3,30,23,682,811.45,270.4833,NULL,NULL,0,0,0,0,0
17984,12/10/2011,7/17/2011 15:59,7/17/2011 15:59,146,1,48,48,98,152.68,152.68,NULL,NULL,0,0,0,0,0
17985,12/10/2011,11/17/2011 14:24,11/17/2011 14:24,23,1,23,20,183,634.95,634.95,NULL,NULL,0,0,0,0,0
17986,12/10/2011,10/14/2011 14:22,10/14/2011 14:22,57,1,1,1,10,20.8,20.8,NULL,NULL,0,0,0,0,0
17987,12/10/2011,6/7/2011 14:22,6/7/2011 14:22,186,1,13,13,261,198.57,198.57,NULL,NULL,0,0,0,0,0
17988,12/10/2011,1/17/2011 11:59,11/28/2011 11:00,12,7,38,37,43,201.12,28.7314,8/14/2011 15:55,8/14/2011 15:55,1,1,1,1,9.95
17990,12/10/2011,12/13/2010 12:10,4/17/2011 11:44,237,3,29,27,414,630.84,210.28,NULL,NULL,0,0,0,0,0
17991,12/10/2011,4/27/2011 16:39,4/28/2011 15:58,226,2,5,4,25,93.35,46.675,NULL,NULL,0,0,0,0,0
17994,12/10/2011,2/22/2011 11:02,8/10/2011 11:41,122,4,81,63,497,678.49,169.6225,3/11/2011 15:02,8/10/2011 11:43,2,3,3,24,48.8
17995,12/10/2011,3/3/2011 12:30,3/3/2011 12:30,282,1,2,2,133,76.1,76.1,NULL,NULL,0,0,0,0,0
17997,12/10/2011,6/28/2011 17:28,9/26/2011 16:13,75,8,166,133,2298,1970.67,246.3338,9/8/2011 17:56,9/26/2011 15:34,4,12,9,198,441.99
17999,12/10/2011,12/8/2010 15:17,11/2/2011 15:56,38,2,93,87,221,382.06,191.03,NULL,NULL,0,0,0,0,0
18001,12/10/2011,9/14/2011 11:21,11/27/2011 16:02,13,2,58,56,363,417.23,208.615,NULL,NULL,0,0,0,0,0
18004,12/10/2011,12/12/2010 13:47,12/12/2010 13:47,363,1,40,32,78,169.47,169.47,NULL,NULL,0,0,0,0,0
18005,12/10/2011,10/23/2011 14:40,12/6/2011 11:51,4,2,60,52,93,249.72,124.86,NULL,NULL,0,0,0,0,0
18006,12/10/2011,11/16/2011 16:52,11/16/2011 16:52,24,1,22,21,220,444.68,444.68,NULL,NULL,0,0,0,0,0
18008,12/10/2011,1/25/2011 12:26,9/30/2011 15:17,71,9,30,24,1581,2116.19,235.1322,NULL,NULL,0,0,0,0,0
18009,12/10/2011,4/18/2011 13:36,4/18/2011 13:36,236,1,32,31,126,257.34,257.34,4/18/2011 13:52,4/18/2011 13:52,1,1,1,2,5.1
18010,12/10/2011,3/28/2011 12:27,3/28/2011 12:27,257,1,14,14,60,174.8,174.8,NULL,NULL,0,0,0,0,0
18011,12/10/2011,12/1/2010 17:35,12/1/2010 17:35,374,1,28,28,71,102.79,102.79,NULL,NULL,0,0,0,0,0
18013,12/10/2011,7/7/2011 14:08,7/7/2011 14:11,156,2,31,31,285,187.29,93.645,NULL,NULL,0,0,0,0,0
18014,12/10/2011,11/11/2011 15:28,11/11/2011 15:28,29,1,31,28,67,158.47,158.47,NULL,NULL,0,0,0,0,0
18015,12/10/2011,12/5/2011 14:49,12/5/2011 14:49,5,1,46,46,157,120.03,120.03,NULL,NULL,0,0,0,0,0
18016,12/10/2011,12/10/2010 17:14,11/7/2011 13:25,33,5,123,90,1029,1483.56,296.712,NULL,NULL,0,0,0,0,0
18017,12/10/2011,2/2/2011 13:57,9/19/2011 16:15,82,3,3,1,300,523,174.3333,NULL,NULL,0,0,0,0,0
18018,12/10/2011,5/24/2011 13:22,8/23/2011 17:37,109,2,29,29,55,122.14,61.07,NULL,NULL,0,0,0,0,0
18019,12/10/2011,10/19/2011 12:10,10/19/2011 12:10,52,1,5,5,7,38.45,38.45,NULL,NULL,0,0,0,0,0
18022,12/10/2011,11/4/2011 12:45,11/4/2011 12:45,36,1,191,141,736,668.11,668.11,NULL,NULL,0,0,0,0,0
18024,12/10/2011,7/10/2011 12:28,7/10/2011 12:40,153,2,21,21,184,389.78,194.89,7/10/2011 12:39,7/10/2011 12:39,1,1,1,36,153
18027,12/10/2011,9/2/2011 10:38,9/2/2011 10:38,99,1,21,21,78,115.31,115.31,NULL,NULL,0,0,0,0,0
18030,12/10/2011,10/28/2011 13:55,12/5/2011 16:37,5,2,9,8,67,230.65,115.325,10/28/2011 13:57,10/28/2011 13:57,1,1,1,1,9.95
18032,12/10/2011,1/9/2011 15:32,1/9/2011 15:32,335,1,5,5,42,73.5,73.5,NULL,NULL,0,0,0,0,0
18033,12/10/2011,10/5/2011 17:28,10/5/2011 17:28,66,1,34,32,253,97.97,97.97,NULL,NULL,0,0,0,0,0
18034,12/10/2011,11/18/2011 12:08,11/18/2011 12:22,22,2,112,99,561,422.88,211.44,NULL,NULL,0,0,0,0,0
18035,12/10/2011,10/27/2011 17:48,11/4/2011 12:39,36,3,53,44,611,730.4,243.4667,NULL,NULL,0,0,0,0,0
18036,12/10/2011,4/8/2011 11:26,11/7/2011 14:40,33,3,96,77,234,405.62,135.2067,NULL,NULL,0,0,0,0,0
18037,12/10/2011,12/12/2010 16:20,7/8/2011 13:39,155,6,19,19,20,70.02,11.67,NULL,NULL,0,0,0,0,0
18040,12/10/2011,4/8/2011 8:27,11/20/2011 14:20,20,2,19,18,148,357.2,178.6,NULL,NULL,0,0,0,0,0
18041,12/10/2011,12/2/2010 11:21,11/28/2011 11:39,12,21,472,285,3819,4183.39,199.209,1/6/2011 15:35,1/6/2011 15:35,1,2,2,9,22.25
18042,12/10/2011,10/17/2011 11:49,10/17/2011 11:49,54,1,7,7,33,165.05,165.05,NULL,NULL,0,0,0,0,0
18043,12/10/2011,12/8/2010 12:35,11/15/2011 12:48,25,3,121,106,282,559.51,186.5033,NULL,NULL,0,0,0,0,0
18044,12/10/2011,12/14/2010 12:25,12/5/2011 14:26,5,10,127,88,1033,2088.6,208.86,11/4/2011 15:11,11/4/2011 15:11,1,1,1,1,2.95
18045,12/10/2011,10/25/2011 13:07,10/25/2011 13:07,46,1,47,43,142,189.4,189.4,NULL,NULL,0,0,0,0,0
18048,12/10/2011,5/20/2011 14:54,5/20/2011 14:58,204,2,7,6,127,172.29,86.145,NULL,NULL,0,0,0,0,0
18050,12/10/2011,12/15/2010 14:25,12/15/2010 14:25,360,1,5,5,40,74.4,74.4,NULL,NULL,0,0,0,0,0
18053,12/10/2011,9/30/2011 9:05,9/30/2011 9:05,71,1,20,20,302,300.02,300.02,10/4/2011 17:31,10/4/2011 17:31,1,1,1,1,2.95
18055,12/10/2011,12/5/2010 10:52,12/2/2011 14:25,8,10,360,223,2455,6784.19,678.419,2/22/2011 15:22,2/22/2011 15:22,1,3,3,5,32.05
18056,12/10/2011,2/24/2011 14:27,2/24/2011 14:27,289,1,19,19,211,363.65,363.65,NULL,NULL,0,0,0,0,0
18058,12/10/2011,11/30/2011 8:38,11/30/2011 8:38,10,1,3,3,88,170.16,170.16,NULL,NULL,0,0,0,0,0
18059,12/10/2011,10/3/2011 9:30,11/16/2011 16:49,24,3,18,17,258,306.46,102.1533,11/30/2011 17:02,11/30/2011 17:02,1,2,2,5,9.75
18061,12/10/2011,12/8/2010 13:03,11/18/2011 11:20,22,10,46,18,955,2119.41,211.941,NULL,NULL,0,0,0,0,0
18062,12/10/2011,1/6/2011 10:03,6/19/2011 14:47,174,3,27,23,396,720.52,240.1733,NULL,NULL,0,0,0,0,0
18064,12/10/2011,4/18/2011 15:08,7/29/2011 16:39,134,2,7,7,384,814,407,NULL,NULL,0,0,0,0,0
18065,12/10/2011,12/10/2010 12:44,12/4/2011 10:30,6,14,137,110,1027,2392.83,170.9164,12/16/2010 16:30,12/16/2010 16:30,1,1,1,3,12.75
18066,12/10/2011,9/25/2011 15:30,9/25/2011 15:30,76,1,10,10,108,318,318,NULL,NULL,0,0,0,0,0
18067,12/10/2011,10/30/2011 15:58,10/30/2011 15:58,41,1,37,36,189,396.33,396.33,NULL,NULL,0,0,0,0,0
18068,12/10/2011,2/23/2011 14:50,2/23/2011 14:50,290,1,1,1,6,101.7,101.7,NULL,NULL,0,0,0,0,0
18069,12/10/2011,1/16/2011 15:50,11/13/2011 16:03,27,5,470,334,1311,2036.67,407.334,1/16/2011 14:48,11/13/2011 16:05,2,2,2,3,14.85
18071,12/10/2011,12/9/2010 10:33,3/27/2011 11:59,258,2,25,23,260,453,226.5,NULL,NULL,0,0,0,0,0
18072,12/10/2011,6/7/2011 10:44,6/7/2011 10:44,186,1,18,18,288,247.44,247.44,7/7/2011 17:22,7/7/2011 17:22,1,16,16,240,235.2
18073,12/10/2011,5/26/2011 19:38,8/17/2011 14:02,115,12,69,22,3104,3817.52,318.1267,6/15/2011 12:12,6/15/2011 12:12,1,3,3,10,13.08
18074,12/10/2011,12/1/2010 9:53,12/1/2010 9:53,374,1,13,13,190,489.6,489.6,NULL,NULL,0,0,0,0,0
18075,12/10/2011,12/14/2010 10:48,11/16/2011 15:21,24,10,142,97,1464,2611.75,261.175,12/16/2010 16:42,7/1/2011 15:14,4,11,10,27,73.03
18077,12/10/2011,12/8/2010 10:21,12/1/2011 13:32,9,11,227,101,1878,2633.01,239.3645,NULL,NULL,0,0,0,0,0
18078,12/10/2011,3/25/2011 15:08,5/6/2011 14:32,218,2,29,27,145,336.13,168.065,NULL,NULL,0,0,0,0,0
18079,12/10/2011,4/15/2011 12:14,10/25/2011 15:27,46,4,127,99,7432,3651.97,912.9925,NULL,NULL,0,0,0,0,0
18080,12/10/2011,4/11/2011 10:10,11/21/2011 8:02,19,2,2,2,642,1231.5,615.75,NULL,NULL,0,0,0,0,0
18081,12/10/2011,7/29/2011 11:56,11/3/2011 16:30,37,3,17,14,195,343.45,114.4833,NULL,NULL,0,0,0,0,0
18082,12/10/2011,11/14/2011 12:45,11/14/2011 12:45,26,1,73,62,621,703.37,703.37,NULL,NULL,0,0,0,0,0
18084,12/10/2011,11/23/2011 13:57,11/23/2011 13:57,17,1,1,1,312,90.48,90.48,2/11/2011 16:30,2/11/2011 16:30,1,1,1,1,2.95
18085,12/10/2011,12/1/2010 12:08,1/13/2011 15:17,331,2,29,25,265,689.95,344.975,NULL,NULL,0,0,0,0,0
18086,12/10/2011,3/10/2011 13:34,3/10/2011 13:34,275,1,7,7,106,101.34,101.34,NULL,NULL,0,0,0,0,0
18087,12/10/2011,2/22/2011 10:43,2/22/2011 10:43,291,1,1,1,3906,3202.92,3202.92,2/11/2011 11:24,7/18/2011 13:49,2,5,5,336,285.6
18088,12/10/2011,10/9/2011 13:41,10/9/2011 13:41,62,1,39,35,109,167.67,167.67,NULL,NULL,0,0,0,0,0
18092,12/10/2011,12/9/2010 10:00,12/7/2011 13:14,3,11,89,28,4252,9068.26,824.3873,11/10/2011 14:55,11/10/2011 14:55,1,1,1,2,2.5
18093,12/10/2011,2/10/2011 12:15,9/7/2011 15:43,94,4,36,31,1392,2106.52,526.63,2/18/2011 15:29,2/18/2011 15:29,1,2,2,11,23.1
18094,12/10/2011,2/21/2011 8:50,9/19/2011 9:28,82,7,70,39,2518,3017.3,431.0429,NULL,NULL,0,0,0,0,0
18095,12/10/2011,1/11/2011 12:37,1/31/2011 12:50,313,2,21,20,419,580.05,290.025,NULL,NULL,0,0,0,0,0
18096,12/10/2011,10/7/2011 11:55,11/28/2011 12:44,12,3,213,157,825,911.15,303.7167,NULL,NULL,0,0,0,0,0
18097,12/10/2011,12/20/2010 14:49,12/2/2011 11:16,8,6,108,65,1686,2697.8,449.6333,8/31/2011 13:19,8/31/2011 13:19,1,1,1,1,4.95
18099,12/10/2011,8/4/2011 15:52,8/4/2011 15:52,128,1,19,19,149,168.31,168.31,NULL,NULL,0,0,0,0,0
18101,12/10/2011,7/19/2011 13:05,11/28/2011 13:37,12,2,41,37,88,223.65,111.825,NULL,NULL,0,0,0,0,0
18102,12/10/2011,12/7/2010 16:42,12/9/2011 11:50,1,60,431,150,64124,259657.3,4327.6217,NULL,NULL,0,0,0,0,0
18104,12/10/2011,11/2/2011 14:07,11/2/2011 14:07,38,1,38,38,362,754.64,754.64,NULL,NULL,0,0,0,0,0
18105,12/10/2011,11/2/2011 12:04,11/2/2011 12:04,38,1,18,18,46,113.48,113.48,NULL,NULL,0,0,0,0,0
18106,12/10/2011,1/14/2011 12:23,1/14/2011 12:23,330,1,39,33,128,430.7,430.7,NULL,NULL,0,0,0,0,0
18108,12/10/2011,3/30/2011 13:56,3/30/2011 13:56,255,1,17,17,84,271,271,4/5/2011 8:25,4/5/2011 8:25,1,2,2,2,6.35
18109,12/10/2011,12/5/2010 10:58,12/8/2011 11:36,2,26,444,119,4237,8052.97,309.7296,1/5/2011 12:05,9/9/2011 13:54,5,10,8,18,127.65
18110,12/10/2011,11/20/2011 12:34,11/20/2011 12:34,20,1,46,33,86,236.3,236.3,11/20/2011 12:59,11/20/2011 12:59,1,3,3,7,30.25
18112,12/10/2011,6/26/2011 13:56,11/27/2011 14:43,13,2,26,26,255,352.69,176.345,NULL,NULL,0,0,0,0,0
18113,12/10/2011,12/6/2010 12:31,12/6/2010 12:31,369,1,1,1,72,76.32,76.32,NULL,NULL,0,0,0,0,0
18114,12/10/2011,2/22/2011 13:20,2/22/2011 13:20,291,1,28,28,55,220.1,220.1,NULL,NULL,0,0,0,0,0
18116,12/10/2011,12/10/2010 12:14,10/3/2011 11:00,68,8,377,229,830,1414.43,176.8038,NULL,NULL,0,0,0,0,0
18117,12/10/2011,11/14/2011 12:47,11/14/2011 12:47,26,1,73,67,617,319.47,319.47,NULL,NULL,0,0,0,0,0
18118,12/10/2011,12/5/2010 12:13,11/29/2011 11:32,11,26,1278,423,2870,5651.42,217.3623,2/7/2011 11:58,6/24/2011 10:15,5,5,4,5,58.05
18119,12/10/2011,12/7/2010 11:59,12/7/2010 11:59,368,1,30,29,125,181.12,181.12,NULL,NULL,0,0,0,0,0
18120,12/10/2011,5/9/2011 13:45,5/9/2011 13:45,215,1,17,17,31,111.15,111.15,NULL,NULL,0,0,0,0,0
18121,12/10/2011,7/8/2011 12:14,7/13/2011 12:53,150,2,32,28,450,673.1,336.55,NULL,NULL,0,0,0,0,0
18122,12/10/2011,7/12/2011 11:37,12/1/2011 13:08,9,6,362,238,1224,1824.99,304.165,NULL,NULL,0,0,0,0,0
18123,12/10/2011,11/8/2011 13:31,11/15/2011 14:23,25,2,36,31,594,589.44,294.72,NULL,NULL,0,0,0,0,0
18125,12/10/2011,1/27/2011 15:02,11/10/2011 12:29,30,4,196,164,804,1142.99,285.7475,2/17/2011 12:56,2/17/2011 12:56,1,1,1,1,1.65
18126,12/10/2011,10/10/2011 12:19,10/10/2011 12:19,61,1,55,51,138,204.49,204.49,NULL,NULL,0,0,0,0,0
18127,12/10/2011,7/29/2011 10:06,11/20/2011 14:05,20,3,47,41,188,348.73,116.2433,NULL,NULL,0,0,0,0,0
18129,12/10/2011,4/10/2011 14:16,4/10/2011 14:16,244,1,14,13,48,112.55,112.55,NULL,NULL,0,0,0,0,0
18130,12/10/2011,10/13/2011 15:58,11/24/2011 14:40,16,3,70,58,824,1059.39,353.13,12/1/2011 8:41,12/1/2011 8:41,1,1,1,7,13.65
18133,12/10/2011,5/11/2011 14:14,5/11/2011 14:14,213,1,1,1,1350,931.5,931.5,NULL,NULL,0,0,0,0,0
18135,12/10/2011,6/2/2011 14:04,11/10/2011 19:32,30,5,20,11,349,681.91,136.382,NULL,NULL,0,0,0,0,0
18136,12/10/2011,1/24/2011 12:08,10/7/2011 15:40,64,3,38,34,379,784.33,261.4433,5/17/2011 9:23,5/17/2011 9:23,1,1,1,6,22.5
18138,12/10/2011,2/17/2011 14:51,2/17/2011 14:51,296,1,8,8,38,152.65,152.65,NULL,NULL,0,0,0,0,0
18139,12/10/2011,11/21/2011 14:06,11/22/2011 10:44,18,6,159,35,5557,8438.34,1406.39,NULL,NULL,0,0,0,0,0
18142,12/10/2011,5/8/2011 12:31,7/5/2011 13:19,158,2,15,9,1276,1019.52,509.76,5/12/2011 19:42,7/11/2011 13:34,2,3,2,3,4.62
18143,12/10/2011,7/21/2011 10:44,8/15/2011 12:07,117,2,61,59,570,1000.16,500.08,NULL,NULL,0,0,0,0,0
18144,12/10/2011,12/1/2010 13:45,12/2/2011 12:46,8,12,41,26,1341,2873.75,239.4792,NULL,NULL,0,0,0,0,0
18145,12/10/2011,1/31/2011 12:10,11/27/2011 11:22,13,4,221,174,2625,2861.55,715.3875,NULL,NULL,0,0,0,0,0
18146,12/10/2011,5/3/2011 16:35,7/22/2011 12:08,141,2,10,10,153,160.35,80.175,NULL,NULL,0,0,0,0,0
18147,12/10/2011,8/23/2011 12:22,10/25/2011 11:46,46,2,7,7,203,179.34,89.67,NULL,NULL,0,0,0,0,0
18149,12/10/2011,3/11/2011 12:44,10/20/2011 12:04,51,3,16,11,310,612.08,204.0267,NULL,NULL,0,0,0,0,0
18150,12/10/2011,5/22/2011 10:47,11/7/2011 16:49,33,3,37,29,332,566.58,188.86,NULL,NULL,0,0,0,0,0
18151,12/10/2011,2/23/2011 8:29,7/28/2011 11:35,135,2,38,38,355,653.35,326.675,NULL,NULL,0,0,0,0,0
18154,12/10/2011,10/27/2011 10:40,12/6/2011 16:41,4,2,21,15,255,399.19,199.595,NULL,NULL,0,0,0,0,0
18155,12/10/2011,2/21/2011 10:36,9/25/2011 13:32,76,3,25,19,266,371.62,123.8733,6/27/2011 17:02,6/27/2011 17:02,1,3,3,8,23.8
18156,12/10/2011,12/5/2010 12:29,11/27/2011 12:24,13,2,140,100,301,734.94,367.47,NULL,NULL,0,0,0,0,0
18158,12/10/2011,9/12/2011 9:03,11/30/2011 16:19,10,2,34,24,354,453.4,226.7,9/14/2011 15:49,9/14/2011 15:49,1,1,1,1,1.65
18159,12/10/2011,2/11/2011 14:26,2/11/2011 14:26,302,1,23,23,139,530.15,530.15,NULL,NULL,0,0,0,0,0
18160,12/10/2011,5/23/2011 13:41,10/13/2011 15:50,58,2,39,37,294,638.06,319.03,NULL,NULL,0,0,0,0,0
18161,12/10/2011,1/24/2011 11:56,11/24/2011 16:40,16,5,80,49,812,1618.69,323.738,11/29/2011 15:38,11/29/2011 15:38,1,1,1,2,5.9
18164,12/10/2011,11/2/2011 12:56,11/2/2011 12:56,38,1,24,24,184,399.65,399.65,11/8/2011 17:49,11/8/2011 17:49,1,1,1,1,4.95
18165,12/10/2011,6/15/2011 13:23,6/15/2011 13:23,178,1,10,10,254,302.46,302.46,NULL,NULL,0,0,0,0,0
18167,12/10/2011,8/26/2011 11:40,11/16/2011 15:56,24,3,37,24,382,1384.86,461.62,9/9/2011 13:02,12/6/2011 9:49,3,6,6,23,29.35
18168,12/10/2011,12/2/2010 18:08,6/16/2011 19:21,177,6,131,97,594,1169.94,194.99,12/2/2010 17:14,5/19/2011 19:02,3,9,9,9,36.3
18169,12/10/2011,10/10/2011 12:18,10/10/2011 12:18,61,1,9,9,61,202.65,202.65,NULL,NULL,0,0,0,0,0
18170,12/10/2011,5/6/2011 15:13,11/6/2011 14:35,34,3,38,29,409,980.31,326.77,NULL,NULL,0,0,0,0,0
18171,12/10/2011,1/10/2011 9:55,10/12/2011 9:13,59,5,54,43,481,1231.31,246.262,4/19/2011 16:39,7/4/2011 16:07,2,2,2,4,22.8
18172,12/10/2011,2/23/2011 10:44,11/25/2011 11:12,15,20,189,100,3184,7561.68,378.084,2/18/2011 16:52,10/6/2011 18:40,5,8,7,14,71.51
18173,12/10/2011,3/10/2011 11:56,9/14/2011 11:26,87,4,31,23,1220,2106.84,526.71,NULL,NULL,0,0,0,0,0
18174,12/10/2011,12/2/2011 16:56,12/2/2011 16:56,8,1,1,1,50,104,104,NULL,NULL,0,0,0,0,0
18176,12/10/2011,12/16/2010 15:45,12/16/2010 15:45,359,1,30,30,283,476.35,476.35,12/21/2010 12:33,12/21/2010 12:33,1,3,3,4,27.7
18177,12/10/2011,3/29/2011 8:46,11/8/2011 14:44,32,6,74,53,710,1341.42,223.57,4/21/2011 10:00,4/21/2011 10:00,1,1,1,5,27.25
18178,12/10/2011,12/10/2010 12:42,8/3/2011 9:30,129,4,97,80,983,1590.81,397.7025,4/13/2011 16:03,8/18/2011 6:34,2,2,2,4,17.4
18179,12/10/2011,1/7/2011 14:22,11/30/2011 16:23,10,6,90,86,1360,1793.17,298.8617,NULL,NULL,0,0,0,0,0
18180,12/10/2011,7/20/2011 8:59,12/5/2011 8:39,5,6,119,108,1721,1843.75,307.2917,NULL,NULL,0,0,0,0,0
18181,12/10/2011,11/15/2011 15:08,11/15/2011 15:08,25,1,44,40,146,382.8,382.8,NULL,NULL,0,0,0,0,0
18183,12/10/2011,3/10/2011 10:08,4/26/2011 15:26,228,2,37,36,371,632.07,316.035,3/16/2011 11:39,5/5/2011 17:47,4,7,4,9,31.55
18184,12/10/2011,11/24/2011 15:28,11/24/2011 15:28,16,1,1,1,60,49.8,49.8,NULL,NULL,0,0,0,0,0
18185,12/10/2011,4/4/2011 13:42,4/4/2011 13:42,250,1,17,17,183,304.25,304.25,NULL,NULL,0,0,0,0,0
18188,12/10/2011,2/22/2011 14:43,11/24/2011 16:46,16,3,71,63,1168,2001.04,667.0133,10/24/2011 13:34,10/24/2011 13:34,1,1,1,1,2.55
18189,12/10/2011,3/17/2011 9:49,9/23/2011 12:40,78,2,68,65,566,1090.24,545.12,3/21/2011 16:06,3/21/2011 16:06,1,1,1,2,5.9
18190,12/10/2011,1/13/2011 10:35,5/31/2011 14:48,193,2,15,14,140,284.46,142.23,1/18/2011 15:30,1/18/2011 15:30,1,1,1,1,9.95
18191,12/10/2011,3/23/2011 12:08,3/23/2011 12:08,262,1,7,7,140,207.8,207.8,NULL,NULL,0,0,0,0,0
18192,12/10/2011,9/29/2011 9:53,9/29/2011 9:53,72,1,45,45,339,957.97,957.97,NULL,NULL,0,0,0,0,0
18193,12/10/2011,6/27/2011 13:58,6/27/2011 13:58,166,1,16,16,124,243.76,243.76,12/8/2010 14:20,7/12/2011 10:56,2,2,2,4,30.8
18194,12/10/2011,9/18/2011 13:29,9/18/2011 13:29,83,1,7,7,632,973.84,973.84,10/6/2011 19:54,10/6/2011 19:54,1,2,2,184,77.84
18196,12/10/2011,2/22/2011 16:13,9/5/2011 16:22,96,2,141,131,433,689.13,344.565,NULL,NULL,0,0,0,0,0
18198,12/10/2011,1/7/2011 13:39,12/5/2011 14:49,5,17,159,81,4074,5425.56,319.1506,3/3/2011 11:57,9/23/2011 8:28,4,7,6,235,342.5
18200,12/10/2011,8/25/2011 18:45,8/25/2011 18:45,107,1,32,29,111,163.8,163.8,NULL,NULL,0,0,0,0,0
18202,12/10/2011,2/1/2011 13:36,5/24/2011 12:12,200,3,68,55,581,1396.99,465.6633,NULL,NULL,0,0,0,0,0
18203,12/10/2011,7/5/2011 13:07,7/5/2011 13:07,158,1,19,19,43,160.42,160.42,NULL,NULL,0,0,0,0,0
18204,12/10/2011,5/31/2011 15:26,9/29/2011 16:44,72,3,200,159,1200,1993.7,664.5667,8/25/2011 14:15,8/25/2011 14:15,1,2,2,2,14.4
18205,12/10/2011,9/26/2011 12:02,11/3/2011 13:22,37,2,32,30,192,517.36,258.68,NULL,NULL,0,0,0,0,0
18209,12/10/2011,11/11/2011 12:07,11/11/2011 12:07,29,1,8,8,58,139.1,139.1,NULL,NULL,0,0,0,0,0
18210,12/10/2011,3/17/2011 16:58,12/8/2011 11:02,2,6,134,109,1398,2621.38,436.8967,NULL,NULL,0,0,0,0,0
18211,12/10/2011,3/6/2011 12:09,11/14/2011 8:10,26,5,42,37,359,600.07,120.014,NULL,NULL,0,0,0,0,0
18212,12/10/2011,1/17/2011 16:14,1/17/2011 16:14,327,1,43,30,101,248.42,248.42,NULL,NULL,0,0,0,0,0
18213,12/10/2011,4/17/2011 10:21,4/17/2011 10:21,237,1,15,15,232,232.48,232.48,NULL,NULL,0,0,0,0,0
18215,12/10/2011,9/11/2011 16:05,9/11/2011 16:05,90,1,13,13,118,299.34,299.34,NULL,NULL,0,0,0,0,0
18216,12/10/2011,11/8/2011 16:55,11/8/2011 16:55,32,1,26,26,200,481.75,481.75,NULL,NULL,0,0,0,0,0
18217,12/10/2011,9/30/2011 10:44,11/10/2011 13:18,30,2,31,27,491,621.75,310.875,NULL,NULL,0,0,0,0,0
18218,12/10/2011,3/3/2011 12:24,5/12/2011 12:53,212,2,21,17,584,662.08,331.04,3/17/2011 15:48,5/17/2011 14:16,2,3,3,38,35.7
18219,12/10/2011,12/6/2010 10:05,12/7/2011 11:43,3,10,114,58,885,2069.77,206.977,11/4/2011 13:03,11/4/2011 13:03,1,1,1,2,50
18220,12/10/2011,4/27/2011 9:03,4/27/2011 9:03,227,1,2,2,288,305.28,305.28,5/4/2011 11:23,5/4/2011 11:23,1,2,2,6,7.5
18221,12/10/2011,5/12/2011 14:13,11/17/2011 14:40,23,5,64,59,791,1041.61,208.322,6/13/2011 16:10,6/13/2011 16:10,1,1,1,2,8.3
18222,12/10/2011,9/8/2011 10:45,9/8/2011 10:45,93,1,19,19,335,443,443,NULL,NULL,0,0,0,0,0
18223,12/10/2011,12/16/2010 16:42,12/5/2011 9:11,5,14,272,116,2948,6484.54,463.1814,12/21/2010 12:17,12/8/2011 11:51,12,26,18,57,166.47
18224,12/10/2011,3/21/2011 10:30,3/21/2011 10:30,264,1,10,10,69,158.95,158.95,NULL,NULL,0,0,0,0,0
18225,12/10/2011,12/9/2010 15:46,12/6/2011 13:27,4,12,271,150,3244,5509.12,459.0933,12/3/2010 10:11,9/28/2011 10:15,5,15,14,38,148.1
18226,12/10/2011,1/6/2011 9:00,10/26/2011 13:36,45,11,242,141,3466,5228.05,475.2773,1/12/2011 12:51,11/1/2011 9:57,3,3,3,7,35.95
18227,12/10/2011,5/6/2011 12:23,5/6/2011 12:23,218,1,5,5,21,93.75,93.75,NULL,NULL,0,0,0,0,0
18228,12/10/2011,9/21/2011 10:48,10/14/2011 9:21,57,2,30,23,238,779.9,389.95,10/20/2011 19:21,10/20/2011 19:21,1,2,2,2,10.7
18229,12/10/2011,12/1/2010 16:25,11/28/2011 9:48,12,20,164,66,2488,7276.9,363.845,NULL,NULL,0,0,0,0,0
18230,12/10/2011,2/10/2011 13:06,11/30/2011 13:22,10,7,86,32,1316,2810.2,401.4571,12/9/2010 14:47,11/17/2011 15:24,3,3,2,18,93.6
18231,12/10/2011,2/24/2011 9:08,5/31/2011 14:18,193,5,124,106,821,2083.27,416.654,2/25/2011 12:46,2/25/2011 12:46,1,2,2,13,17.1
18232,12/10/2011,5/26/2011 16:30,9/19/2011 11:49,82,4,37,31,302,592.97,148.2425,6/3/2011 12:11,6/3/2011 12:11,1,3,3,3,10.5
18233,12/10/2011,1/18/2011 8:44,1/18/2011 8:44,326,1,1,1,4,440,440,NULL,NULL,0,0,0,0,0
18235,12/10/2011,5/6/2011 13:35,9/29/2011 8:27,72,3,104,100,1578,1796.48,598.8267,NULL,NULL,0,0,0,0,0
18236,12/10/2011,4/13/2011 9:52,11/10/2011 8:06,30,6,49,42,403,882.24,147.04,NULL,NULL,0,0,0,0,0
18237,12/10/2011,7/28/2011 13:05,12/7/2011 12:49,3,5,61,40,622,987.1,197.42,NULL,NULL,0,0,0,0,0
18239,12/10/2011,12/2/2010 17:48,5/5/2011 12:38,219,5,88,80,795,1561.61,312.322,NULL,NULL,0,0,0,0,0
18240,12/10/2011,10/24/2011 13:06,10/24/2011 13:06,47,1,6,6,126,422.58,422.58,NULL,NULL,0,0,0,0,0
18241,12/10/2011,5/6/2011 9:22,11/30/2011 12:10,10,17,104,60,1051,2073.09,121.9465,8/19/2011 13:13,8/19/2011 13:13,1,1,1,4,15
18242,12/10/2011,5/10/2011 11:20,9/28/2011 13:43,73,4,78,72,1017,2232.49,558.1225,NULL,NULL,0,0,0,0,0
18245,12/10/2011,12/19/2010 14:58,12/2/2011 14:48,8,7,175,153,1788,2567.06,366.7229,2/7/2011 14:46,2/7/2011 14:46,1,2,2,7,59.5
18246,12/10/2011,4/20/2011 13:55,11/16/2011 11:49,24,2,4,3,166,596.1,298.05,NULL,NULL,0,0,0,0,0
18248,12/10/2011,6/6/2011 13:18,8/9/2011 10:19,123,2,47,39,511,804.02,402.01,8/17/2011 17:37,8/18/2011 6:14,2,2,1,10,21
18249,12/10/2011,11/22/2011 15:07,11/22/2011 15:07,18,1,8,8,128,95.34,95.34,NULL,NULL,0,0,0,0,0
18250,12/10/2011,2/2/2011 13:16,2/2/2011 13:16,311,1,21,21,199,349.27,349.27,2/11/2011 13:59,2/11/2011 13:59,1,1,1,1,6.35
18251,12/10/2011,9/13/2011 15:03,9/13/2011 15:03,88,1,16,16,7824,4314.72,4314.72,NULL,NULL,0,0,0,0,0
18252,12/10/2011,6/21/2011 11:47,10/20/2011 12:43,51,2,98,90,239,526.67,263.335,NULL,NULL,0,0,0,0,0
18255,12/10/2011,9/11/2011 13:16,9/11/2011 13:16,90,1,6,6,74,103.3,103.3,NULL,NULL,0,0,0,0,0
18257,12/10/2011,2/16/2011 15:13,10/31/2011 14:48,40,8,118,97,1041,2337.63,292.2038,2/22/2011 11:04,6/1/2011 16:17,3,4,4,30,63.6
18259,12/10/2011,12/8/2010 13:38,11/15/2011 12:34,25,3,42,27,714,2338.6,779.5333,NULL,NULL,0,0,0,0,0
18260,12/10/2011,12/16/2010 18:23,6/20/2011 12:37,173,6,134,86,1478,2643.2,440.5333,1/21/2011 17:04,5/23/2011 17:48,2,6,6,9,48.2
18261,12/10/2011,9/5/2011 9:34,10/27/2011 15:36,44,2,21,19,146,324.24,162.12,NULL,NULL,0,0,0,0,0
18262,12/10/2011,7/22/2011 16:04,7/22/2011 16:04,141,1,13,13,182,149.48,149.48,NULL,NULL,0,0,0,0,0
18263,12/10/2011,4/1/2011 11:48,11/14/2011 9:00,26,3,61,59,1468,1213.16,404.3867,11/16/2011 16:19,11/16/2011 16:19,1,1,1,1,2.08
18265,12/10/2011,7/4/2011 15:26,9/28/2011 14:10,73,2,44,43,309,771.51,385.755,NULL,NULL,0,0,0,0,0
18268,12/10/2011,7/28/2011 19:13,7/28/2011 19:13,135,1,1,1,2,25.5,25.5,7/28/2011 11:16,7/28/2011 11:16,1,1,1,2,25.5
18269,12/10/2011,12/8/2010 13:53,12/8/2010 13:53,367,1,7,7,76,168.6,168.6,12/16/2010 15:39,12/16/2010 15:39,1,1,1,6,29.7
18270,12/10/2011,3/18/2011 12:41,11/1/2011 13:57,39,2,11,11,101,283.15,141.575,4/13/2011 12:39,4/13/2011 12:39,1,1,1,3,38.25
18272,12/10/2011,4/7/2011 9:35,12/7/2011 12:43,3,6,166,99,2050,3078.58,513.0967,5/11/2011 9:49,5/11/2011 9:49,1,4,4,6,13.8
18273,12/10/2011,3/27/2011 11:22,12/7/2011 13:16,3,3,3,1,80,204,68,NULL,NULL,0,0,0,0,0
18274,12/10/2011,11/9/2011 17:03,11/9/2011 17:03,31,1,11,11,88,175.92,175.92,11/22/2011 10:18,11/22/2011 10:18,1,11,11,88,175.92
18276,12/10/2011,10/27/2011 10:54,10/27/2011 10:54,44,1,14,14,186,335.86,335.86,11/18/2011 16:54,11/18/2011 17:01,2,2,1,2,12.5
18277,12/10/2011,10/12/2011 15:22,10/12/2011 15:22,59,1,8,8,68,110.38,110.38,1/25/2011 12:34,1/25/2011 12:34,1,1,1,1,12.75
18278,12/10/2011,9/27/2011 11:58,9/27/2011 11:58,74,1,9,9,66,173.9,173.9,NULL,NULL,0,0,0,0,0
18280,12/10/2011,3/7/2011 9:52,3/7/2011 9:52,278,1,10,10,45,180.6,180.6,NULL,NULL,0,0,0,0,0
18281,12/10/2011,6/12/2011 10:53,6/12/2011 10:53,181,1,7,7,54,80.82,80.82,NULL,NULL,0,0,0,0,0
18282,12/10/2011,8/5/2011 13:35,12/2/2011 11:43,8,2,12,12,103,178.05,89.025,8/9/2011 15:10,8/9/2011 15:10,1,1,1,5,1.45
18283,12/10/2011,1/6/2011 14:14,12/6/2011 12:02,4,16,754,262,1395,2088.93,130.5581,NULL,NULL,0,0,0,0,0
18287,12/10/2011,5/22/2011 10:39,10/28/2011 9:29,43,3,70,59,1586,1837.28,612.4267,NULL,NULL,0,0,0,0,0
