customer_id,reference_date,first_purchase_date,last_purchase_date,recency_days,purchase_frequency,purchase_line_count,distinct_products,purchase_quantity,purchase_value,average_order_value,first_cancellation_date,last_cancellation_date,cancellation_frequency,cancellation_line_count,distinct_cancelled_products,cancelled_quantity,cancellation_value,cluster,segment
12347,2011-12-10,2010-12-07 14:57:00,2011-12-07 15:52:00,3,7,182,103,2458,4310.0,615.7143,,,0,0,0,0,0.0,0,Recent moderate purchasers and minimal cancellations
12348,2011-12-10,2010-12-16 19:09:00,2011-09-25 13:13:00,76,4,27,21,2332,1437.24,359.31,,,0,0,0,0,0.0,0,Recent moderate purchasers and minimal cancellations
12349,2011-12-10,2011-11-21 09:51:00,2011-11-21 09:51:00,19,1,72,72,630,1457.55,1457.55,,,0,0,0,0,0.0,0,Recent moderate purchasers and minimal cancellations
12350,2011-12-10,2011-02-02 16:01:00,2011-02-02 16:01:00,311,1,16,16,196,294.4,294.4,,,0,0,0,0,0.0,2,Less recent infrequent purchasers
12352,2011-12-10,2011-02-16 12:33:00,2011-11-03 14:37:00,37,7,77,57,526,1385.74,197.9629,2011-03-22 16:07:00,2011-03-22 16:07:00,1,7,7,63,120.33,3,Recent moderate purchasers and some cancellation activity
12353,2011-12-10,2011-05-19 17:47:00,2011-05-19 17:47:00,205,1,4,4,20,89.0,89.0,,,0,0,0,0,0.0,2,Less recent infrequent purchasers
12354,2011-12-10,2011-04-21 13:11:00,2011-04-21 13:11:00,233,1,58,58,530,1079.4,1079.4,,,0,0,0,0,0.0,0,Recent moderate purchasers and minimal cancellations
12355,2011-12-10,2011-05-09 13:49:00,2011-05-09 13:49:00,215,1,13,13,240,459.4,459.4,,,0,0,0,0,0.0,2,Less recent infrequent purchasers
12356,2011-12-10,2011-01-18 09:50:00,2011-11-17 08:40:00,23,3,58,52,1573,2487.43,829.1433,,,0,0,0,0,0.0,0,Recent moderate purchasers and minimal cancellations
12357,2011-12-10,2011-11-06 16:07:00,2011-11-06 16:07:00,34,1,131,131,2708,6207.67,6207.67,,,0,0,0,0,0.0,0,Recent moderate purchasers and minimal cancellations
12358,2011-12-10,2011-07-12 10:04:00,2011-12-08 10:26:00,2,2,17,12,242,928.06,464.03,,,0,0,0,0,0.0,0,Recent moderate purchasers and minimal cancellations
12359,2011-12-10,2011-01-12 12:43:00,2011-10-13 12:47:00,58,4,248,214,1622,6372.58,1593.145,2011-04-13 13:38:00,2011-12-02 11:21:00,2,6,6,10,127.05,1,Recent high-activity purchasers and frequent cancellations
12360,2011-12-10,2011-05-23 09:43:00,2011-10-18 15:22:00,53,3,126,104,1156,2302.06,767.3533,,,0,0,0,0,0.0,0,Recent moderate purchasers and minimal cancellations
12361,2011-12-10,2011-02-25 13:51:00,2011-02-25 13:51:00,288,1,9,9,90,174.9,174.9,,,0,0,0,0,0.0,2,Less recent infrequent purchasers
12362,2011-12-10,2011-02-17 10:30:00,2011-12-06 15:40:00,4,10,256,200,2197,4737.23,473.723,2011-02-24 13:05:00,2011-11-28 14:55:00,3,8,8,17,71.65,1,Recent high-activity purchasers and frequent cancellations
12363,2011-12-10,2011-04-11 13:29:00,2011-08-22 10:18:00,110,2,23,23,408,552.0,276.0,,,0,0,0,0,0.0,0,Recent moderate purchasers and minimal cancellations
12364,2011-12-10,2011-08-19 15:24:00,2011-12-02 10:22:00,8,4,81,69,1499,1208.1,302.025,,,0,0,0,0,0.0,0,Recent moderate purchasers and minimal cancellations
12365,2011-12-10,2011-02-21 13:51:00,2011-02-21 13:51:00,292,1,21,21,173,320.69,320.69,,,0,0,0,0,0.0,2,Less recent infrequent purchasers
12367,2011-12-10,2011-12-05 16:48:00,2011-12-05 16:48:00,5,1,10,10,172,150.9,150.9,,,0,0,0,0,0.0,2,Less recent infrequent purchasers
12370,2011-12-10,2010-12-14 12:58:00,2011-10-19 14:51:00,52,4,166,142,2350,3425.69,856.4225,,,0,0,0,0,0.0,0,Recent moderate purchasers and minimal cancellations
12371,2011-12-10,2011-10-11 10:43:00,2011-10-11 10:43:00,60,1,62,62,582,1527.96,1527.96,,,0,0,0,0,0.0,0,Recent moderate purchasers and minimal cancellations
12372,2011-12-10,2011-02-16 12:46:00,2011-09-29 12:12:00,72,3,49,33,788,1196.04,398.68,,,0,0,0,0,0.0,0,Recent moderate purchasers and minimal cancellations
12373,2011-12-10,2011-02-01 13:10:00,2011-02-01 13:10:00,312,1,13,13,196,324.6,324.6,,,0,0,0,0,0.0,2,Less recent infrequent purchasers
12374,2011-12-10,2011-11-14 15:37:00,2011-11-14 15:37:00,26,1,32,32,339,622.93,622.93,,,0,0,0,0,0.0,0,Recent moderate purchasers and minimal cancellations
12375,2011-12-10,2011-09-02 14:23:00,2011-11-29 10:36:00,11,2,15,13,176,377.5,188.75,2011-12-07 11:27:00,2011-12-07 11:27:00,1,1,1,1,2.08,2,Less recent infrequent purchasers
12377,2011-12-10,2010-12-20 09:37:00,2011-01-28 15:45:00,316,2,76,71,942,1548.12,774.06,,,0,0,0,0,0.0,0,Recent moderate purchasers and minimal cancellations
12378,2011-12-10,2011-08-02 10:34:00,2011-08-02 10:34:00,130,1,219,219,2529,4008.62,4008.62,,,0,0,0,0,0.0,0,Recent moderate purchasers and minimal cancellations
12379,2011-12-10,2011-06-22 16:32:00,2011-09-19 10:09:00,82,2,38,38,402,777.24,388.62,2011-07-07 10:26:00,2011-07-07 10:26:00,1,1,1,1,1.95,3,Recent moderate purchasers and some cancellation activity
12380,2011-12-10,2011-06-07 09:49:00,2011-11-18 11:27:00,22,4,100,76,1110,2427.81,606.9525,2011-10-24 16:03:00,2011-10-24 16:03:00,1,1,1,1,4.25,3,Recent moderate purchasers and some cancellation activity
12381,2011-12-10,2011-08-12 09:57:00,2011-12-05 12:44:00,5,3,82,69,797,1474.81,491.6033,2011-08-31 17:10:00,2011-08-31 17:10:00,1,4,4,25,41.35,3,Recent moderate purchasers and some cancellation activity
12383,2011-12-10,2010-12-22 14:28:00,2011-06-08 08:02:00,185,5,94,83,1518,1628.56,325.712,2011-01-19 14:36:00,2011-01-19 14:36:00,1,1,1,3,11.25,3,Recent moderate purchasers and some cancellation activity
12384,2011-12-10,2011-08-10 11:23:00,2011-11-11 08:39:00,29,2,25,25,122,425.27,212.635,2011-09-21 10:00:00,2011-09-21 10:00:00,1,3,3,5,19.11,3,Recent moderate purchasers and some cancellation activity
12386,2011-12-10,2010-12-08 09:53:00,2011-01-06 12:37:00,338,2,10,10,354,401.9,200.95,,,0,0,0,0,0.0,2,Less recent infrequent purchasers
12388,2011-12-10,2011-01-17 11:12:00,2011-11-24 12:30:00,16,6,100,57,1462,2780.66,463.4433,,,0,0,0,0,0.0,0,Recent moderate purchasers and minimal cancellations
12390,2011-12-10,2011-09-21 09:33:00,2011-09-21 09:33:00,80,1,31,31,350,504.84,504.84,,,0,0,0,0,0.0,0,Recent moderate purchasers and minimal cancellations
12391,2011-12-10,2011-11-18 12:07:00,2011-11-18 12:07:00,22,1,100,92,300,460.89,460.89,,,0,0,0,0,0.0,0,Recent moderate purchasers and minimal cancellations
12393,2011-12-10,2011-01-11 09:47:00,2011-09-28 15:41:00,73,4,64,47,816,1582.6,395.65,,,0,0,0,0,0.0,0,Recent moderate purchasers and minimal cancellations
12394,2011-12-10,2011-05-06 14:01:00,2011-10-07 08:08:00,64,2,25,25,808,1080.48,540.24,,,0,0,0,0,0.0,0,Recent moderate purchasers and minimal cancellations
12395,2011-12-10,2010-12-03 16:35:00,2011-11-20 15:21:00,20,12,144,90,2097,2682.63,223.5525,2011-01-05 11:21:00,2011-11-24 12:20:00,3,3,3,5,20.35,3,Recent moderate purchasers and some cancellation activity
12397,2011-12-10,2011-07-27 14:21:00,2011-11-04 09:52:00,36,2,124,109,1250,2214.9,1107.45,,,0,0,0,0,0.0,0,Recent moderate purchasers and minimal cancellations
12398,2011-12-10,2011-10-25 10:27:00,2011-10-25 10:27:00,46,1,84,84,1389,1435.66,1435.66,,,0,0,0,0,0.0,0,Recent moderate purchasers and minimal cancellations
12399,2011-12-10,2011-03-23 09:42:00,2011-08-12 13:15:00,120,4,55,46,1173,1033.65,258.4125,,,0,0,0,0,0.0,0,Recent moderate purchasers and minimal cancellations
12401,2011-12-10,2011-02-09 13:50:00,2011-02-09 13:50:00,304,1,4,4,10,69.3,69.3,,,0,0,0,0,0.0,2,Less recent infrequent purchasers
12402,2011-12-10,2011-01-20 13:49:00,2011-01-20 13:49:00,324,1,10,10,92,195.6,195.6,,,0,0,0,0,0.0,2,Less recent infrequent purchasers
12403,2011-12-10,2011-10-21 10:51:00,2011-10-21 10:51:00,50,1,4,4,94,391.7,391.7,,,0,0,0,0,0.0,2,Less recent infrequent purchasers
12405,2011-12-10,2011-07-14 08:52:00,2011-07-14 08:52:00,149,1,53,53,849,1390.39,1390.39,,,0,0,0,0,0.0,0,Recent moderate purchasers and minimal cancellations
12406,2011-12-10,2011-06-09 10:23:00,2011-11-17 19:22:00,23,2,105,92,1818,3415.3,1707.65,2011-08-09 09:41:00,2011-08-09 09:41:00,1,3,3,9,134.55,3,Recent moderate purchasers and some cancellation activity
12407,2011-12-10,2011-03-20 13:21:00,2011-10-21 10:11:00,50,5,72,56,1403,1507.12,301.424,,,0,0,0,0,0.0,0,Recent moderate purchasers and minimal cancellations
12408,2011-12-10,2011-03-24 14:46:00,2011-11-07 12:27:00,33,5,101,80,1391,2618.55,523.71,2011-04-07 12:20:00,2011-06-29 15:38:00,3,7,7,9,30.98,1,Recent high-activity purchasers and frequent cancellations
12409,2011-12-10,2011-06-10 12:19:00,2011-09-22 10:38:00,79,3,109,91,5551,11072.67,3690.89,2011-08-14 14:33:00,2011-09-21 15:57:00,4,5,4,8,15.74,1,Recent high-activity purchasers and frequent cancellations
12410,2011-12-10,2011-02-04 10:38:00,2011-02-04 10:39:00,309,2,25,25,207,533.33,266.665,2011-02-11 15:47:00,2011-02-11 15:47:00,1,2,2,2,12.25,3,Recent moderate purchasers and some cancellation activity
12412,2011-12-10,2011-06-23 13:51:00,2011-09-26 10:16:00,75,3,58,42,824,1142.88,380.96,,,0,0,0,0,0.0,0,Recent moderate purchasers and minimal cancellations
12413,2011-12-10,2011-01-06 16:12:00,2011-10-04 09:00:00,67,3,36,28,282,686.1,228.7,2011-01-12 09:52:00,2011-01-12 09:52:00,1,1,1,1,9.95,3,Recent moderate purchasers and some cancellation activity
12414,2011-12-10,2011-02-02 14:51:00,2011-05-06 14:51:00,218,3,15,15,297,442.41,147.47,,,0,0,0,0,0.0,2,Less recent infrequent purchasers
12415,2011-12-10,2011-01-06 11:12:00,2011-11-15 14:22:00,25,20,713,443,77373,124564.53,6228.2265,2011-03-03 13:11:00,2011-11-02 12:05:00,4,61,61,427,926.35,1,Recent high-activity purchasers and frequent cancellations
12417,2011-12-10,2010-12-17 11:51:00,2011-12-06 14:52:00,4,9,183,157,1527,3226.1,358.4556,2011-01-06 17:57:00,2011-11-10 15:00:00,3,6,6,13,70.3,1,Recent high-activity purchasers and frequent cancellations
12418,2011-12-10,2011-08-19 11:08:00,2011-08-19 11:08:00,113,1,34,34,407,668.58,668.58,,,0,0,0,0,0.0,0,Recent moderate purchasers and minimal cancellations
12420,2011-12-10,2011-10-07 08:55:00,2011-10-07 08:55:00,64,1,29,29,345,600.39,600.39,,,0,0,0,0,0.0,0,Recent moderate purchasers and minimal cancellations
12421,2011-12-10,2011-01-24 15:09:00,2011-11-24 09:07:00,16,4,41,31,478,639.04,159.76,,,0,0,0,0,0.0,0,Recent moderate purchasers and minimal cancellations
12422,2011-12-10,2011-01-19 09:13:00,2011-09-05 09:48:00,96,3,38,38,367,683.56,227.8533,,,0,0,0,0,0.0,0,Recent moderate purchasers and minimal cancellations
12423,2011-12-10,2010-12-21 10:54:00,2011-12-09 10:10:00,1,8,117,96,1324,1634.31,204.2888,2011-09-02 12:00:00,2011-09-02 12:00:00,1,1,1,12,10.2,3,Recent moderate purchasers and some cancellation activity
12424,2011-12-10,2011-06-30 12:06:00,2011-06-30 12:06:00,163,2,30,30,740,1760.96,880.48,,,0,0,0,0,0.0,0,Recent moderate purchasers and minimal cancellations
12425,2011-12-10,2011-09-22 17:31:00,2011-09-22 17:31:00,79,1,36,36,496,777.2,777.2,,,0,0,0,0,0.0,0,Recent moderate purchasers and minimal cancellations
12426,2011-12-10,2011-05-29 12:26:00,2011-05-29 12:26:00,195,1,29,29,254,510.73,510.73,,,0,0,0,0,0.0,2,Less recent infrequent purchasers
12427,2011-12-10,2010-12-03 10:44:00,2011-11-18 08:56:00,22,3,28,25,526,699.8,233.2667,2010-12-23 10:20:00,2011-11-28 10:48:00,2,4,4,297,117.43,3,Recent moderate purchasers and some cancellation activity
12428,2011-12-10,2011-03-01 09:33:00,2011-11-14 08:22:00,26,8,287,256,3509,6405.26,800.6575,2011-03-21 16:21:00,2011-08-23 10:42:00,3,5,5,32,39.26,1,Recent high-activity purchasers and frequent cancellations
12429,2011-12-10,2010-12-09 12:05:00,2011-11-30 17:22:00,10,4,94,81,1538,3388.4,847.1,,,0,0,0,0,0.0,0,Recent moderate purchasers and minimal cancellations
12430,2011-12-10,2011-10-27 15:09:00,2011-10-27 15:09:00,44,1,10,10,116,216.4,216.4,,,0,0,0,0,0.0,2,Less recent infrequent purchasers
12431,2011-12-10,2010-12-01 10:03:00,2011-11-04 11:55:00,36,15,233,162,2899,6382.45,425.4967,2011-05-31 11:29:00,2011-07-26 10:15:00,3,4,4,50,71.06,1,Recent high-activity purchasers and frequent cancellations
12432,2011-12-10,2011-06-20 13:27:00,2011-10-28 11:43:00,43,4,107,106,1800,4359.32,1089.83,,,0,0,0,0,0.0,0,Recent moderate purchasers and minimal cancellations
12433,2011-12-10,2010-12-01 13:24:00,2011-12-09 10:02:00,1,7,420,219,11071,13375.87,1910.8386,,,0,0,0,0,0.0,0,Recent moderate purchasers and minimal cancellations
12434,2011-12-10,2011-03-24 13:05:00,2011-09-16 12:38:00,85,2,50,46,394,806.14,403.07,2010-12-14 11:12:00,2011-04-04 09:57:00,2,4,4,21,40.95,3,Recent moderate purchasers and some cancellation activity
12435,2011-12-10,2011-03-17 07:40:00,2011-09-21 09:06:00,80,2,36,31,2055,7829.89,3914.945,,,0,0,0,0,0.0,0,Recent moderate purchasers and minimal cancellations
12436,2011-12-10,2011-09-01 12:09:00,2011-09-01 12:09:00,100,1,15,15,209,429.01,429.01,,,0,0,0,0,0.0,2,Less recent infrequent purchasers
12437,2011-12-10,2011-01-12 14:13:00,2011-12-08 11:35:00,2,18,184,117,2894,4447.41,247.0783,2011-01-31 13:28:00,2011-01-31 13:28:00,1,1,1,5,54.75,3,Recent moderate purchasers and some cancellation activity
12438,2011-12-10,2011-07-22 13:29:00,2011-11-25 13:28:00,15,2,96,83,1169,2466.85,1233.425,,,0,0,0,0,0.0,0,Recent moderate purchasers and minimal cancellations
12441,2011-12-10,2010-12-08 10:45:00,2010-12-08 10:45:00,367,1,10,10,120,155.55,155.55,,,0,0,0,0,0.0,2,Less recent infrequent purchasers
12442,2011-12-10,2011-12-06 14:22:00,2011-12-06 14:22:00,4,1,11,11,181,144.06,144.06,,,0,0,0,0,0.0,2,Less recent infrequent purchasers
12444,2011-12-10,2011-06-21 14:00:00,2011-11-18 13:23:00,22,5,172,137,1130,4085.46,817.092,,,0,0,0,0,0.0,0,Recent moderate purchasers and minimal cancellations
12445,2011-12-10,2011-11-17 18:43:00,2011-11-17 18:43:00,23,1,3,3,60,77.4,77.4,,,0,0,0,0,0.0,2,Less recent infrequent purchasers
12446,2011-12-10,2011-10-13 12:50:00,2011-10-13 12:50:00,58,1,57,57,351,1002.31,1002.31,,,0,0,0,0,0.0,0,Recent moderate purchasers and minimal cancellations
12447,2011-12-10,2011-04-10 13:25:00,2011-04-10 13:25:00,244,1,25,25,187,431.49,431.49,,,0,0,0,0,0.0,2,Less recent infrequent purchasers
12448,2011-12-10,2011-10-26 13:46:00,2011-10-26 13:46:00,45,1,21,21,240,365.45,365.45,,,0,0,0,0,0.0,2,Less recent infrequent purchasers
12449,2011-12-10,2011-06-05 15:37:00,2011-11-17 13:46:00,23,4,187,117,1523,3596.29,899.0725,,,0,0,0,0,0.0,0,Recent moderate purchasers and minimal cancellations
12450,2011-12-10,2011-06-19 14:36:00,2011-07-06 14:41:00,157,2,8,7,128,197.88,98.94,,,0,0,0,0,0.0,2,Less recent infrequent purchasers
12451,2011-12-10,2011-01-19 09:05:00,2011-11-29 08:40:00,11,5,353,264,6574,8995.52,1799.104,2011-07-15 15:22:00,2011-07-15 15:22:00,1,1,1,120,102.0,1,Recent high-activity purchasers and frequent cancellations
12452,2011-12-10,2011-11-23 08:05:00,2011-11-23 08:05:00,17,1,20,20,181,348.57,348.57,,,0,0,0,0,0.0,2,Less recent infrequent purchasers
12453,2011-12-10,2011-07-28 14:08:00,2011-07-28 14:08:00,135,1,43,43,473,707.09,707.09,,,0,0,0,0,0.0,0,Recent moderate purchasers and minimal cancellations
12454,2011-12-10,2011-10-14 17:13:00,2011-10-14 17:13:00,57,1,15,15,1006,3528.34,3528.34,2011-10-17 15:07:00,2011-10-17 15:07:00,1,15,15,1006,3528.34,1,Recent high-activity purchasers and frequent cancellations
12455,2011-12-10,2011-02-16 09:56:00,2011-09-27 15:31:00,74,5,85,84,2084,2339.86,467.972,,,0,0,0,0,0.0,0,Recent moderate purchasers and minimal cancellations
12456,2011-12-10,2011-03-30 09:12:00,2011-10-26 14:41:00,45,3,122,104,1618,2581.04,860.3467,2011-08-23 11:02:00,2011-08-23 11:02:00,1,4,4,17,27.15,3,Recent moderate purchasers and some cancellation activity
12457,2011-12-10,2011-04-14 18:57:00,2011-10-04 13:13:00,67,6,59,52,835,2043.23,340.5383,2011-04-20 09:49:00,2011-10-12 13:46:00,5,5,5,149,445.45,1,Recent high-activity purchasers and frequent cancellations
12458,2011-12-10,2011-02-28 10:55:00,2011-09-29 15:25:00,72,2,36,34,502,787.4,393.7,,,0,0,0,0,0.0,0,Recent moderate purchasers and minimal cancellations
12461,2011-12-10,2011-07-08 10:23:00,2011-07-08 10:23:00,155,1,34,34,282,626.88,626.88,,,0,0,0,0,0.0,0,Recent moderate purchasers and minimal cancellations
12462,2011-12-10,2011-02-09 14:44:00,2011-11-21 09:11:00,19,2,60,50,527,937.59,468.795,2011-02-18 12:21:00,2011-12-07 14:02:00,2,10,8,22,65.58,3,Recent moderate purchasers and some cancellation activity
12463,2011-12-10,2011-04-12 12:47:00,2011-10-17 13:44:00,54,4,79,64,768,1200.78,300.195,2011-05-24 17:30:00,2011-10-24 13:43:00,2,4,4,17,35.15,3,Recent moderate purchasers and some cancellation activity
12464,2011-12-10,2011-02-03 13:30:00,2011-11-29 13:33:00,11,8,22,5,95,957.05,119.6313,,,0,0,0,0,0.0,2,Less recent infrequent purchasers
12465,2011-12-10,2011-06-23 13:37:00,2011-11-22 16:34:00,18,2,45,45,475,682.19,341.095,2011-12-02 11:34:00,2011-12-02 11:34:00,1,4,4,4,8.3,3,Recent moderate purchasers and some cancellation activity
12468,2011-12-10,2011-01-27 13:29:00,2011-06-05 11:36:00,188,2,36,35,362,657.54,328.77,2011-07-19 13:42:00,2011-07-19 13:42:00,1,2,2,2,5.5,3,Recent moderate purchasers and some cancellation activity
12471,2011-12-10,2010-12-10 09:35:00,2011-12-07 15:43:00,3,27,439,148,8104,17424.05,645.3352,2010-12-02 10:37:00,2011-11-22 15:30:00,18,70,42,246,1065.13,1,Recent high-activity purchasers and frequent cancellations
12472,2011-12-10,2010-12-05 14:19:00,2011-11-07 14:01:00,33,7,332,218,4120,6068.11,866.8729,2010-12-01 14:33:00,2011-11-09 11:33:00,6,52,41,128,342.63,1,Recent high-activity purchasers and frequent cancellations
12473,2011-12-10,2011-06-01 10:15:00,2011-10-17 11:27:00,54,3,161,138,2419,2596.23,865.41,2011-06-07 15:37:00,2011-06-07 15:37:00,1,7,7,71,40.46,1,Recent high-activity purchasers and frequent cancellations
12474,2011-12-10,2011-01-14 10:06:00,2011-11-22 14:39:00,18,18,408,252,4812,6745.79,374.7661,2010-12-06 12:00:00,2011-11-17 11:52:00,12,33,25,83,259.32,1,Recent high-activity purchasers and frequent cancellations
12475,2011-12-10,2011-10-17 10:10:00,2011-10-17 10:10:00,54,1,35,35,532,669.38,669.38,,,0,0,0,0,0.0,0,Recent moderate purchasers and minimal cancellations
12476,2011-12-10,2010-12-13 14:39:00,2011-11-24 12:40:00,16,11,224,176,2357,5898.42,536.22,2010-12-13 14:37:00,2011-12-08 14:08:00,9,31,27,71,269.84,1,Recent high-activity purchasers and frequent cancellations
12477,2011-12-10,2011-02-11 12:45:00,2011-11-17 09:51:00,23,6,300,191,3653,13219.74,2203.29,2011-02-01 11:09:00,2011-09-09 10:32:00,3,8,8,33,102.73,1,Recent high-activity purchasers and frequent cancellations
12478,2011-12-10,2011-12-06 09:56:00,2011-12-06 09:56:00,4,1,35,35,233,545.99,545.99,,,0,0,0,0,0.0,0,Recent moderate purchasers and minimal cancellations
12479,2011-12-10,2011-11-28 13:26:00,2011-11-28 13:26:00,12,1,30,30,382,473.2,473.2,2011-12-05 16:39:00,2011-12-06 09:25:00,2,4,3,34,49.9,3,Recent moderate purchasers and some cancellation activity
12480,2011-12-10,2011-01-07 15:27:00,2011-11-11 14:52:00,29,4,150,128,1685,2885.63,721.4075,,,0,0,0,0,0.0,0,Recent moderate purchasers and minimal cancellations
12481,2011-12-10,2010-12-09 10:13:00,2011-11-17 08:29:00,23,10,209,149,3272,5020.32,502.032,2011-04-06 11:06:00,2011-04-06 11:06:00,1,1,1,14,5.46,3,Recent moderate purchasers and some cancellation activity
12483,2011-12-10,2011-01-04 14:20:00,2011-11-22 17:02:00,18,8,68,45,1094,1910.98,238.8725,2011-05-03 11:23:00,2011-11-08 13:30:00,3,4,3,10,37.85,3,Recent moderate purchasers and some cancellation activity
12484,2011-12-10,2011-01-07 14:04:00,2011-11-04 15:18:00,36,4,342,255,2170,3953.72,988.43,2011-03-07 11:41:00,2011-10-03 15:41:00,2,4,4,6,46.45,1,Recent high-activity purchasers and frequent cancellations
12488,2011-12-10,2011-09-25 10:34:00,2011-11-30 08:50:00,10,3,54,45,526,1244.66,414.8867,,,0,0,0,0,0.0,0,Recent moderate purchasers and minimal cancellations
12489,2011-12-10,2011-01-07 13:13:00,2011-01-07 13:13:00,337,1,14,14,103,298.93,298.93,,,0,0,0,0,0.0,2,Less recent infrequent purchasers
12490,2011-12-10,2011-01-14 09:13:00,2011-12-04 16:07:00,6,10,235,130,3033,4859.93,485.993,,,0,0,0,0,0.0,0,Recent moderate purchasers and minimal cancellations
12491,2011-12-10,2011-11-01 12:18:00,2011-11-01 12:18:00,39,1,25,24,258,424.4,424.4,,,0,0,0,0,0.0,0,Recent moderate purchasers and minimal cancellations
12492,2011-12-10,2011-08-26 14:51:00,2011-10-07 15:15:00,64,2,18,18,190,227.21,113.605,,,0,0,0,0,0.0,2,Less recent infrequent purchasers
12493,2011-12-10,2011-05-26 14:53:00,2011-06-27 10:17:00,166,2,20,18,204,379.74,189.87,2011-05-31 13:45:00,2011-05-31 13:45:00,1,1,1,1,16.95,2,Less recent infrequent purchasers
12494,2011-12-10,2010-12-09 11:31:00,2011-11-24 09:34:00,16,7,71,62,698,1084.1,154.8714,2010-12-16 10:38:00,2011-11-30 09:21:00,6,6,6,16,88.75,1,Recent high-activity purchasers and frequent cancellations
12497,2011-12-10,2011-09-19 12:29:00,2011-09-19 12:29:00,82,1,13,13,1231,953.1,953.1,,,0,0,0,0,0.0,0,Recent moderate purchasers and minimal cancellations
12498,2011-12-10,2011-10-13 09:30:00,2011-11-18 12:53:00,22,3,21,20,156,349.7,116.5667,,,0,0,0,0,0.0,2,Less recent infrequent purchasers
12500,2011-12-10,2011-01-10 09:48:00,2011-11-16 16:20:00,24,11,52,33,2667,4059.82,369.0745,2011-10-06 09:57:00,2011-11-04 10:28:00,2,3,3,6,33.55,3,Recent moderate purchasers and some cancellation activity
12501,2011-12-10,2011-01-07 12:28:00,2011-01-07 12:28:00,337,1,148,148,1775,2025.39,2025.39,2011-01-28 13:54:00,2011-01-28 13:54:00,1,11,11,61,79.71,1,Recent high-activity purchasers and frequent cancellations
12502,2011-12-10,2011-02-03 10:41:00,2011-09-05 11:52:00,96,5,142,101,794,2995.87,599.174,,,0,0,0,0,0.0,0,Recent moderate purchasers and minimal cancellations
12504,2011-12-10,2011-11-09 14:56:00,2011-11-21 16:02:00,19,2,8,5,87,428.05,214.025,2011-11-18 17:12:00,2011-11-21 16:00:00,2,6,3,39,368.05,3,Recent moderate purchasers and some cancellation activity
12506,2011-12-10,2011-04-21 08:54:00,2011-04-21 08:54:00,233,1,23,23,23,73.5,73.5,,,0,0,0,0,0.0,2,Less recent infrequent purchasers
12507,2011-12-10,2011-02-14 09:24:00,2011-07-28 17:09:00,135,3,19,18,885,1052.81,350.9367,2011-07-07 10:17:00,2011-07-07 10:17:00,1,1,1,11,46.75,3,Recent moderate purchasers and some cancellation activity
12508,2011-12-10,2011-11-10 16:27:00,2011-11-13 15:37:00,27,2,69,57,272,398.27,199.135,,,0,0,0,0,0.0,0,Recent moderate purchasers and minimal cancellations
12509,2011-12-10,2011-02-28 14:45:00,2011-02-28 14:45:00,285,1,6,6,54,158.5,158.5,,,0,0,0,0,0.0,2,Less recent infrequent purchasers
12510,2011-12-10,2011-01-18 14:04:00,2011-07-20 10:15:00,143,2,31,28,347,814.57,407.285,,,0,0,0,0,0.0,0,Recent moderate purchasers and minimal cancellations
12512,2011-12-10,2011-10-04 14:53:00,2011-10-04 14:55:00,67,2,34,31,99,138.03,69.015,,,0,0,0,0,0.0,2,Less recent infrequent purchasers
12513,2011-12-10,2011-08-19 10:51:00,2011-08-19 10:51:00,113,1,34,34,459,558.29,558.29,2011-09-16 12:45:00,2011-09-16 12:45:00,1,1,1,6,25.5,3,Recent moderate purchasers and some cancellation activity
12514,2011-12-10,2011-03-17 16:38:00,2011-03-17 16:38:00,268,1,51,51,440,1017.68,1017.68,,,0,0,0,0,0.0,0,Recent moderate purchasers and minimal cancellations
12515,2011-12-10,2010-12-21 15:43:00,2010-12-21 15:43:00,354,1,15,15,128,278.7,278.7,,,0,0,0,0,0.0,2,Less recent infrequent purchasers
12516,2011-12-10,2011-06-12 11:37:00,2011-09-23 09:13:00,78,2,24,19,868,1186.06,593.03,,,0,0,0,0,0.0,0,Recent moderate purchasers and minimal cancellations
12517,2011-12-10,2011-06-02 15:13:00,2011-11-11 13:57:00,29,4,281,231,1361,2322.84,580.71,2011-11-11 11:40:00,2011-11-11 11:40:00,1,2,2,23,37.95,3,Recent moderate purchasers and some cancellation activity
12518,2011-12-10,2011-08-21 13:18:00,2011-12-09 10:13:00,1,5,119,83,1306,1840.89,368.178,,,0,0,0,0,0.0,0,Recent moderate purchasers and minimal cancellations
12519,2011-12-10,2011-10-07 09:26:00,2011-10-07 09:26:00,64,1,17,16,180,286.84,286.84,,,0,0,0,0,0.0,2,Less recent infrequent purchasers
12520,2011-12-10,2011-03-11 11:35:00,2011-09-21 15:23:00,80,5,147,120,1423,2346.26,469.252,2011-03-17 18:13:00,2011-03-17 18:13:00,1,3,3,9,51.75,3,Recent moderate purchasers and some cancellation activity
12521,2011-12-10,2011-07-20 10:51:00,2011-07-20 10:51:00,143,1,37,37,306,545.68,545.68,,,0,0,0,0,0.0,0,Recent moderate purchasers and minimal cancellations
12522,2011-12-10,2011-10-19 14:41:00,2011-10-31 15:30:00,40,2,10,10,192,156.72,78.36,,,0,0,0,0,0.0,2,Less recent infrequent purchasers
12523,2011-12-10,2011-01-12 09:43:00,2011-11-20 12:55:00,20,11,102,83,860,1699.77,154.5245,2011-11-01 12:23:00,2011-12-08 11:46:00,2,4,4,4,44.2,3,Recent moderate purchasers and some cancellation activity
12524,2011-12-10,2011-01-10 10:35:00,2011-11-30 15:31:00,10,8,136,112,3669,3945.72,493.215,,,0,0,0,0,0.0,0,Recent moderate purchasers and minimal cancellations
12526,2011-12-10,2011-09-06 14:19:00,2011-12-09 12:09:00,1,3,68,63,624,1172.66,390.8867,,,0,0,0,0,0.0,0,Recent moderate purchasers and minimal cancellations
12527,2011-12-10,2011-01-18 12:05:00,2011-09-19 11:55:00,82,3,17,17,233,330.71,110.2367,,,0,0,0,0,0.0,2,Less recent infrequent purchasers
12528,2011-12-10,2011-01-31 09:05:00,2011-11-30 14:40:00,10,6,86,49,740,1645.48,274.2467,2011-03-25 13:37:00,2011-08-19 10:37:00,2,3,2,6,11.2,3,Recent moderate purchasers and some cancellation activity
12530,2011-12-10,2011-01-07 10:04:00,2011-10-11 12:34:00,60,4,62,50,904,1500.28,375.07,2011-08-23 10:38:00,2011-08-23 10:38:00,1,2,2,13,38.65,3,Recent moderate purchasers and some cancellation activity
12531,2011-12-10,2011-11-25 11:12:00,2011-11-25 11:12:00,15,1,17,17,45,125.22,125.22,,,0,0,0,0,0.0,2,Less recent infrequent purchasers
12532,2011-12-10,2011-11-09 13:47:00,2011-11-09 13:47:00,31,1,15,15,151,313.83,313.83,,,0,0,0,0,0.0,2,Less recent infrequent purchasers
12534,2011-12-10,2011-08-01 10:26:00,2011-08-01 10:26:00,131,1,62,62,645,981.18,981.18,,,0,0,0,0,0.0,0,Recent moderate purchasers and minimal cancellations
12535,2011-12-10,2011-06-06 12:47:00,2011-09-09 08:48:00,92,2,34,28,219,716.35,358.175,,,0,0,0,0,0.0,0,Recent moderate purchasers and minimal cancellations
12536,2011-12-10,2011-10-11 14:52:00,2011-10-11 14:52:00,60,1,259,259,2801,4279.71,4279.71,2011-12-02 12:43:00,2011-12-02 12:43:00,1,9,9,129,128.45,1,Recent high-activity purchasers and frequent cancellations
12538,2011-12-10,2011-11-10 17:16:00,2011-11-10 17:16:00,30,1,21,21,191,363.95,363.95,,,0,0,0,0,0.0,2,Less recent infrequent purchasers
12539,2011-12-10,2011-01-10 09:11:00,2011-11-17 13:30:00,23,4,273,157,2067,5568.35,1392.0875,,,0,0,0,0,0.0,0,Recent moderate purchasers and minimal cancellations
12540,2011-12-10,2010-12-13 09:39:00,2011-11-20 11:31:00,20,17,461,276,6620,11580.24,681.1906,2011-01-20 11:53:00,2011-09-20 16:33:00,2,3,3,8,91.2,1,Recent high-activity purchasers and frequent cancellations
12541,2011-12-10,2011-03-04 09:32:00,2011-11-10 10:40:00,30,3,49,45,675,841.18,280.3933,,,0,0,0,0,0.0,0,Recent moderate purchasers and minimal cancellations
12544,2011-12-10,2011-11-03 16:15:00,2011-11-03 16:15:00,37,1,18,18,134,316.7,316.7,2011-11-10 11:12:00,2011-11-10 11:12:00,1,1,1,4,17.0,3,Recent moderate purchasers and some cancellation activity
12545,2011-12-10,2011-03-25 12:04:00,2011-09-25 13:39:00,76,2,48,41,517,832.39,416.195,,,0,0,0,0,0.0,0,Recent moderate purchasers and minimal cancellations
12546,2011-12-10,2011-09-23 09:44:00,2011-10-24 12:09:00,47,2,67,58,628,1021.5,510.75,2011-10-04 10:38:00,2011-10-04 10:38:00,1,1,1,16,20.0,3,Recent moderate purchasers and some cancellation activity
12547,2011-12-10,2011-03-04 12:46:00,2011-05-26 12:38:00,198,2,6,6,132,151.8,75.9,,,0,0,0,0,0.0,2,Less recent infrequent purchasers
12548,2011-12-10,2011-06-26 15:35:00,2011-06-26 15:35:00,167,1,4,4,48,67.2,67.2,,,0,0,0,0,0.0,2,Less recent infrequent purchasers
12550,2011-12-10,2011-09-21 14:35:00,2011-09-21 14:35:00,80,1,56,56,564,824.83,824.83,,,0,0,0,0,0.0,0,Recent moderate purchasers and minimal cancellations
12551,2011-12-10,2010-12-17 11:23:00,2010-12-17 11:23:00,358,1,10,10,100,168.0,168.0,,,0,0,0,0,0.0,2,Less recent infrequent purchasers
12552,2011-12-10,2011-10-31 12:11:00,2011-10-31 12:11:00,40,1,19,19,85,317.82,317.82,,,0,0,0,0,0.0,2,Less recent infrequent purchasers
12553,2011-12-10,2011-01-14 10:42:00,2011-12-01 16:38:00,9,10,182,94,1942,3278.28,327.828,2011-01-25 12:36:00,2011-11-30 11:39:00,4,5,5,41,40.03,1,Recent high-activity purchasers and frequent cancellations
12556,2011-12-10,2011-07-11 13:35:00,2011-10-20 13:06:00,51,2,121,100,358,603.71,301.855,,,0,0,0,0,0.0,0,Recent moderate purchasers and minimal cancellations
12557,2011-12-10,2010-12-03 12:20:00,2011-11-23 16:59:00,17,5,33,15,4384,11990.96,2398.192,,,0,0,0,0,0.0,0,Recent moderate purchasers and minimal cancellations
12558,2011-12-10,2011-12-02 10:41:00,2011-12-02 10:41:00,8,1,11,11,196,269.96,269.96,2011-12-08 10:14:00,2011-12-08 10:14:00,1,11,11,196,269.96,3,Recent moderate purchasers and some cancellation activity
12559,2011-12-10,2011-01-24 10:12:00,2011-02-02 09:49:00,311,2,20,20,281,525.71,262.855,2011-02-02 09:39:00,2011-02-02 09:39:00,1,1,1,2,25.5,3,Recent moderate purchasers and some cancellation activity
12560,2011-12-10,2011-07-19 15:55:00,2011-12-04 13:54:00,6,2,103,90,1098,1918.01,959.005,2011-08-31 12:39:00,2011-08-31 12:39:00,1,6,6,32,32.62,3,Recent moderate purchasers and some cancellation activity
12561,2011-12-10,2011-02-10 11:39:00,2011-02-10 11:39:00,303,1,16,16,177,238.85,238.85,,,0,0,0,0,0.0,2,Less recent infrequent purchasers
12562,2011-12-10,2011-05-25 12:44:00,2011-12-01 17:20:00,9,7,161,98,1757,3385.74,483.6771,,,0,0,0,0,0.0,0,Recent moderate purchasers and minimal cancellations
12564,2011-12-10,2011-03-23 14:55:00,2011-03-23 14:55:00,262,1,20,20,130,402.9,402.9,,,0,0,0,0,0.0,2,Less recent infrequent purchasers
12565,2011-12-10,2011-02-24 10:34:00,2011-02-24 10:34:00,289,1,9,9,80,145.92,145.92,2011-03-03 11:43:00,2011-03-03 11:43:00,1,1,1,5,14.75,2,Less recent infrequent purchasers
12566,2011-12-10,2011-09-14 14:30:00,2011-09-14 14:30:00,87,1,18,18,262,297.65,297.65,2011-09-28 09:57:00,2011-09-28 09:57:00,1,1,1,1,4.95,2,Less recent infrequent purchasers
12567,2011-12-10,2010-12-05 11:57:00,2011-11-17 11:02:00,23,10,438,322,4261,8609.28,860.928,2011-06-08 09:14:00,2011-06-08 09:14:00,1,17,17,216,286.34,1,Recent high-activity purchasers and frequent cancellations
12569,2011-12-10,2011-04-01 13:47:00,2011-12-07 16:24:00,3,32,157,91,1747,3152.69,98.5216,2011-04-19 12:23:00,2011-04-19 12:23:00,1,1,1,6,23.7,3,Recent moderate purchasers and some cancellation activity
12571,2011-12-10,2011-08-10 12:35:00,2011-10-31 10:19:00,40,2,34,31,523,519.61,259.805,,,0,0,0,0,0.0,0,Recent moderate purchasers and minimal cancellations
12572,2011-12-10,2011-10-19 08:20:00,2011-12-01 09:20:00,9,2,58,52,446,912.42,456.21,2011-10-23 09:42:00,2011-10-23 09:42:00,1,2,2,2,15.7,3,Recent moderate purchasers and some cancellation activity
12573,2011-12-10,2011-04-26 15:52:00,2011-04-26 15:52:00,228,1,28,26,84,160.54,160.54,,,0,0,0,0,0.0,2,Less recent infrequent purchasers
12574,2011-12-10,2011-01-28 09:20:00,2011-01-28 09:20:00,316,1,10,10,59,182.45,182.45,,,0,0,0,0,0.0,2,Less recent infrequent purchasers
12576,2011-12-10,2011-02-08 11:31:00,2011-11-04 10:11:00,36,5,88,72,967,1315.83,263.166,2011-07-25 11:36:00,2011-07-25 11:36:00,1,1,1,3,8.85,3,Recent moderate purchasers and some cancellation activity
12577,2011-12-10,2010-12-15 16:21:00,2011-11-04 13:24:00,36,3,146,136,471,653.85,217.95,2011-11-04 13:28:00,2011-11-04 13:28:00,1,1,1,6,62.4,3,Recent moderate purchasers and some cancellation activity
12578,2011-12-10,2011-01-13 15:34:00,2011-11-18 13:30:00,22,2,112,110,1182,2402.51,1201.255,2011-01-05 10:46:00,2011-01-27 10:01:00,2,6,6,25,41.15,1,Recent high-activity purchasers and frequent cancellations
12579,2011-12-10,2011-09-22 17:15:00,2011-09-22 17:15:00,79,1,28,28,282,386.42,386.42,2011-09-27 13:57:00,2011-09-27 13:57:00,1,1,1,6,11.7,3,Recent moderate purchasers and some cancellation activity
12580,2011-12-10,2011-04-07 10:24:00,2011-04-07 10:24:00,247,1,23,23,236,379.7,379.7,,,0,0,0,0,0.0,2,Less recent infrequent purchasers
12581,2011-12-10,2011-10-31 08:56:00,2011-10-31 08:56:00,40,1,14,14,160,179.71,179.71,,,0,0,0,0,0.0,2,Less recent infrequent purchasers
12582,2011-12-10,2011-02-24 11:42:00,2011-04-15 08:45:00,239,2,20,20,296,351.36,175.68,,,0,0,0,0,0.0,2,Less recent infrequent purchasers
12583,2011-12-10,2010-12-01 08:45:00,2011-12-07 08:07:00,3,15,232,114,5028,6705.38,447.0253,2011-09-26 12:21:00,2011-10-14 10:01:00,2,3,3,50,76.04,1,Recent high-activity purchasers and frequent cancellations
12584,2011-12-10,2011-03-04 15:15:00,2011-12-06 09:35:00,4,9,95,43,413,2254.15,250.4611,2011-03-14 11:45:00,2011-11-30 16:37:00,9,30,15,62,444.2,1,Recent high-activity purchasers and frequent cancellations
12585,2011-12-10,2010-12-23 12:58:00,2011-04-19 13:39:00,235,2,85,76,1267,1824.1,912.05,2011-01-05 15:32:00,2011-04-14 16:53:00,2,10,10,21,57.29,3,Recent moderate purchasers and some cancellation activity
12586,2011-12-10,2011-11-22 16:24:00,2011-11-22 16:24:00,18,1,11,11,79,196.94,196.94,2010-12-06 09:31:00,2010-12-06 09:31:00,1,1,1,2,17.0,2,Less recent infrequent purchasers
12587,2011-12-10,2011-12-02 12:47:00,2011-12-02 12:47:00,8,1,3,3,50,104.0,104.0,,,0,0,0,0,0.0,2,Less recent infrequent purchasers
12588,2011-12-10,2011-10-31 15:01:00,2011-10-31 15:01:00,40,1,9,9,52,174.9,174.9,,,0,0,0,0,0.0,2,Less recent infrequent purchasers
12589,2011-12-10,2011-07-18 12:05:00,2011-11-11 10:19:00,29,2,33,28,302,574.68,287.34,,,0,0,0,0,0.0,0,Recent moderate purchasers and minimal cancellations
12590,2011-12-10,2011-05-12 14:46:00,2011-05-12 14:46:00,212,1,67,67,4282,9341.26,9341.26,2011-06-02 14:25:00,2011-06-02 14:25:00,1,2,2,4,2.88,3,Recent moderate purchasers and some cancellation activity
12591,2011-12-10,2011-01-26 14:35:00,2011-01-26 14:35:00,318,1,25,25,225,368.85,368.85,,,0,0,0,0,0.0,2,Less recent infrequent purchasers
12592,2011-12-10,2011-05-10 13:44:00,2011-09-08 15:04:00,93,2,16,10,288,401.6,200.8,,,0,0,0,0,0.0,2,Less recent infrequent purchasers
12593,2011-12-10,2011-05-05 09:29:00,2011-08-23 12:43:00,109,3,20,13,204,382.1,127.3667,,,0,0,0,0,0.0,2,Less recent infrequent purchasers
12594,2011-12-10,2011-01-21 09:52:00,2011-11-02 12:20:00,38,9,114,49,1772,3208.22,356.4689,,,0,0,0,0,0.0,0,Recent moderate purchasers and minimal cancellations
12596,2011-12-10,2011-04-11 13:22:00,2011-10-19 13:02:00,52,2,25,24,468,450.27,225.135,,,0,0,0,0,0.0,0,Recent moderate purchasers and minimal cancellations
12597,2011-12-10,2011-03-16 14:00:00,2011-11-20 13:33:00,20,4,202,183,2214,3195.22,798.805,2011-11-07 14:43:00,2011-11-07 14:43:00,1,8,8,49,128.09,1,Recent high-activity purchasers and frequent cancellations
12598,2011-12-10,2011-02-28 11:58:00,2011-11-30 12:18:00,10,7,127,83,1952,2807.08,401.0114,2011-03-07 13:32:00,2011-03-07 13:32:00,1,1,1,24,20.4,3,Recent moderate purchasers and some cancellation activity
12599,2011-12-10,2011-02-08 13:28:00,2011-11-10 13:34:00,30,7,55,31,948,888.58,126.94,,,0,0,0,0,0.0,0,Recent moderate purchasers and minimal cancellations
12600,2011-12-10,2010-12-03 12:57:00,2011-11-11 10:29:00,29,10,54,31,758,2311.04,231.104,,,0,0,0,0,0.0,0,Recent moderate purchasers and minimal cancellations
12601,2011-12-10,2011-01-11 10:38:00,2011-06-03 10:17:00,190,5,23,20,240,487.06,97.412,2011-05-31 10:44:00,2011-05-31 10:44:00,1,1,1,1,7.5,3,Recent moderate purchasers and some cancellation activity
12602,2011-12-10,2011-10-12 11:22:00,2011-10-12 11:22:00,59,1,12,12,162,153.12,153.12,,,0,0,0,0,0.0,2,Less recent infrequent purchasers
12603,2011-12-10,2011-11-18 10:42:00,2011-11-18 10:42:00,22,1,1,1,56,613.2,613.2,,,0,0,0,0,0.0,2,Less recent infrequent purchasers
12604,2011-12-10,2011-03-23 12:06:00,2011-09-21 14:08:00,80,2,15,14,200,236.18,118.09,,,0,0,0,0,0.0,2,Less recent infrequent purchasers
12607,2011-12-10,2011-10-10 16:06:00,2011-10-10 16:06:00,61,1,101,101,1228,1579.51,1579.51,2011-10-12 16:17:00,2011-10-12 16:17:00,1,101,101,1228,1579.51,1,Recent high-activity purchasers and frequent cancellations
12609,2011-12-10,2011-01-25 15:13:00,2011-09-22 16:34:00,79,3,57,56,639,964.85,321.6167,,,0,0,0,0,0.0,0,Recent moderate purchasers and minimal cancellations
12610,2011-12-10,2011-08-05 13:52:00,2011-11-17 09:34:00,23,4,102,84,1039,1747.54,436.885,2011-08-11 10:58:00,2011-11-14 12:13:00,2,5,5,21,41.55,3,Recent moderate purchasers and some cancellation activity
12611,2011-12-10,2011-10-18 13:12:00,2011-10-18 13:12:00,53,1,65,65,846,1193.32,1193.32,,,0,0,0,0,0.0,0,Recent moderate purchasers and minimal cancellations
12612,2011-12-10,2011-09-26 15:35:00,2011-09-26 15:35:00,75,1,18,18,260,668.04,668.04,2011-10-13 12:12:00,2011-10-13 12:12:00,1,2,2,11,60.45,3,Recent moderate purchasers and some cancellation activity
12613,2011-12-10,2011-03-22 15:42:00,2011-10-13 14:59:00,58,4,149,123,1630,3092.38,773.095,2011-11-08 13:30:00,2011-11-08 13:30:00,1,10,10,48,125.4,1,Recent high-activity purchasers and frequent cancellations
12614,2011-12-10,2011-03-07 10:22:00,2011-03-07 10:22:00,278,1,20,20,76,315.6,315.6,,,0,0,0,0,0.0,2,Less recent infrequent purchasers
12615,2011-12-10,2011-06-24 13:35:00,2011-12-07 15:02:00,3,4,101,81,1365,2093.19,523.2975,,,0,0,0,0,0.0,0,Recent moderate purchasers and minimal cancellations
12616,2011-12-10,2011-02-15 14:17:00,2011-09-05 15:17:00,96,2,30,24,280,641.3,320.65,2011-02-22 16:15:00,2011-09-15 17:02:00,3,4,4,11,56.05,3,Recent moderate purchasers and some cancellation activity
12617,2011-12-10,2011-11-10 14:39:00,2011-11-10 14:39:00,30,1,42,39,213,355.53,355.53,,,0,0,0,0,0.0,0,Recent moderate purchasers and minimal cancellations
12618,2011-12-10,2011-11-18 11:10:00,2011-11-18 11:10:00,22,1,10,10,95,137.31,137.31,,,0,0,0,0,0.0,2,Less recent infrequent purchasers
12619,2011-12-10,2011-03-31 13:10:00,2011-11-23 14:52:00,17,8,82,48,3360,2945.56,368.195,2011-09-28 14:04:00,2011-11-10 12:10:00,3,4,4,23,36.75,1,Recent high-activity purchasers and frequent cancellations
12620,2011-12-10,2011-05-19 12:10:00,2011-11-25 10:20:00,15,3,90,87,1178,1295.91,431.97,,,0,0,0,0,0.0,0,Recent moderate purchasers and minimal cancellations
12621,2011-12-10,2010-12-09 10:16:00,2011-12-08 11:25:00,2,20,449,260,7369,12411.67,620.5835,2010-12-16 10:28:00,2011-09-09 10:11:00,3,7,7,36,77.6,1,Recent high-activity purchasers and frequent cancellations
12622,2011-12-10,2011-04-21 16:39:00,2011-04-21 16:39:00,233,1,10,10,68,162.1,162.1,,,0,0,0,0,0.0,2,Less recent infrequent purchasers
12623,2011-12-10,2011-03-08 13:50:00,2011-03-08 13:50:00,277,1,17,17,189,269.1,269.1,,,0,0,0,0,0.0,2,Less recent infrequent purchasers
12624,2011-12-10,2011-06-15 12:34:00,2011-08-25 15:04:00,107,2,36,35,351,569.13,284.565,,,0,0,0,0,0.0,0,Recent moderate purchasers and minimal cancellations
12625,2011-12-10,2011-01-24 13:27:00,2011-05-12 09:54:00,212,2,84,72,1597,2413.82,1206.91,2011-02-03 10:14:00,2011-02-03 10:14:00,1,4,4,34,51.5,3,Recent moderate purchasers and some cancellation activity
12626,2011-12-10,2011-01-17 11:01:00,2011-11-16 16:06:00,24,9,285,231,3416,5954.48,661.6089,2011-01-21 11:35:00,2011-07-26 15:10:00,4,13,12,103,232.13,1,Recent high-activity purchasers and frequent cancellations
12627,2011-12-10,2011-07-22 13:59:00,2011-11-29 12:07:00,11,6,224,161,2730,4082.53,680.4217,,,0,0,0,0,0.0,0,Recent moderate purchasers and minimal cancellations
12628,2011-12-10,2011-10-06 09:28:00,2011-12-05 13:15:00,5,3,38,33,445,732.46,244.1533,2011-11-21 11:48:00,2011-11-21 11:48:00,1,2,2,3,16.85,3,Recent moderate purchasers and some cancellation activity
12630,2011-12-10,2011-10-27 10:41:00,2011-11-30 10:48:00,10,2,62,59,542,1030.88,515.44,,,0,0,0,0,0.0,0,Recent moderate purchasers and minimal cancellations
12631,2011-12-10,2011-10-13 13:53:00,2011-10-13 13:53:00,58,1,30,30,232,480.5,480.5,,,0,0,0,0,0.0,0,Recent moderate purchasers and minimal cancellations
12633,2011-12-10,2011-02-25 08:44:00,2011-10-12 11:40:00,59,4,97,72,1149,1929.98,482.495,2011-06-06 11:17:00,2011-06-06 11:17:00,1,2,2,13,23.35,3,Recent moderate purchasers and some cancellation activity
12635,2011-12-10,2011-07-08 08:43:00,2011-09-11 11:04:00,90,2,99,95,1162,1509.18,754.59,,,0,0,0,0,0.0,0,Recent moderate purchasers and minimal cancellations
12637,2011-12-10,2011-01-20 10:47:00,2011-10-03 13:46:00,68,8,387,204,2991,5823.9,727.9875,2011-01-27 09:40:00,2011-01-27 09:40:00,1,3,3,9,14.65,1,Recent high-activity purchasers and frequent cancellations
12638,2011-12-10,2011-11-06 13:11:00,2011-11-06 13:11:00,34,1,38,38,573,511.69,511.69,,,0,0,0,0,0.0,0,Recent moderate purchasers and minimal cancellations
12639,2011-12-10,2011-04-15 12:48:00,2011-04-15 12:48:00,239,1,21,21,198,366.1,366.1,,,0,0,0,0,0.0,2,Less recent infrequent purchasers
12640,2011-12-10,2011-09-19 12:01:00,2011-11-16 11:52:00,24,3,50,46,301,994.58,331.5267,,,0,0,0,0,0.0,0,Recent moderate purchasers and minimal cancellations
12641,2011-12-10,2011-08-16 13:26:00,2011-08-16 13:26:00,116,1,9,9,71,145.9,145.9,,,0,0,0,0,0.0,2,Less recent infrequent purchasers
12642,2011-12-10,2011-08-24 09:23:00,2011-11-14 15:03:00,26,3,44,38,546,905.26,301.7533,,,0,0,0,0,0.0,0,Recent moderate purchasers and minimal cancellations
12643,2011-12-10,2011-01-11 11:48:00,2011-08-03 12:56:00,129,6,18,10,1788,3041.64,506.94,,,0,0,0,0,0.0,0,Recent moderate purchasers and minimal cancellations
12644,2011-12-10,2011-08-02 10:33:00,2011-08-02 10:33:00,130,1,31,31,325,477.91,477.91,,,0,0,0,0,0.0,0,Recent moderate purchasers and minimal cancellations
12645,2011-12-10,2011-01-27 13:08:00,2011-11-06 12:38:00,34,4,69,57,1076,1631.18,407.795,2011-09-01 10:27:00,2011-09-01 10:27:00,1,1,1,12,19.8,3,Recent moderate purchasers and some cancellation activity
12646,2011-12-10,2011-10-21 12:52:00,2011-12-05 10:14:00,5,2,45,43,897,1346.97,673.485,,,0,0,0,0,0.0,0,Recent moderate purchasers and minimal cancellations
12647,2011-12-10,2010-12-05 14:02:00,2011-11-17 12:56:00,23,12,109,77,1399,3146.82,262.235,2010-12-15 14:25:00,2010-12-15 14:25:00,1,6,6,12,52.9,1,Recent high-activity purchasers and frequent cancellations
12648,2011-12-10,2011-07-08 11:55:00,2011-07-08 11:55:00,155,1,20,20,159,300.05,300.05,,,0,0,0,0,0.0,2,Less recent infrequent purchasers
12649,2011-12-10,2011-05-11 14:37:00,2011-08-24 14:41:00,108,3,29,27,583,569.51,189.8367,2010-12-09 14:42:00,2010-12-09 14:42:00,1,2,2,12,19.8,3,Recent moderate purchasers and some cancellation activity
12650,2011-12-10,2011-12-06 16:34:00,2011-12-06 16:34:00,4,1,19,19,250,242.44,242.44,,,0,0,0,0,0.0,2,Less recent infrequent purchasers
12651,2011-12-10,2011-01-09 12:46:00,2011-01-09 12:46:00,335,1,9,9,78,114.0,114.0,,,0,0,0,0,0.0,2,Less recent infrequent purchasers
12652,2011-12-10,2011-01-12 15:00:00,2011-01-12 15:00:00,332,1,47,47,498,793.98,793.98,2011-01-21 17:01:00,2011-01-21 17:01:00,1,3,3,3,5.45,3,Recent moderate purchasers and some cancellation activity
12653,2011-12-10,2011-02-16 10:53:00,2011-07-14 10:41:00,149,2,43,37,919,2209.85,1104.925,,,0,0,0,0,0.0,0,Recent moderate purchasers and minimal cancellations
12654,2011-12-10,2011-02-17 13:16:00,2011-11-29 10:10:00,11,5,34,30,260,529.98,105.996,,,0,0,0,0,0.0,0,Recent moderate purchasers and minimal cancellations
12656,2011-12-10,2011-04-20 09:20:00,2011-11-22 13:42:00,18,5,121,88,1699,3619.17,723.834,2011-04-11 09:45:00,2011-11-08 08:55:00,3,4,4,15,68.45,1,Recent high-activity purchasers and frequent cancellations
12657,2011-12-10,2011-09-22 11:40:00,2011-11-28 15:47:00,12,4,44,34,1032,1427.18,356.795,2011-11-28 15:43:00,2011-11-28 15:43:00,1,8,8,386,419.12,1,Recent high-activity purchasers and frequent cancellations
12658,2011-12-10,2011-11-21 10:22:00,2011-11-21 10:22:00,19,1,35,35,317,632.05,632.05,,,0,0,0,0,0.0,0,Recent moderate purchasers and minimal cancellations
12659,2011-12-10,2011-11-10 11:53:00,2011-11-10 11:53:00,30,1,4,4,104,73.68,73.68,,,0,0,0,0,0.0,2,Less recent infrequent purchasers
12660,2011-12-10,2011-11-28 13:26:00,2011-11-28 13:26:00,12,1,12,12,126,227.1,227.1,,,0,0,0,0,0.0,2,Less recent infrequent purchasers
12662,2011-12-10,2010-12-01 13:04:00,2011-12-09 11:59:00,1,11,220,128,2041,3543.78,322.1618,2011-02-08 11:45:00,2011-02-08 11:45:00,1,2,2,18,32.7,3,Recent moderate purchasers and some cancellation activity
12664,2011-12-10,2011-01-21 11:42:00,2011-12-01 17:07:00,9,9,28,9,1188,4391.88,487.9867,,,0,0,0,0,0.0,0,Recent moderate purchasers and minimal cancellations
12665,2011-12-10,2011-01-19 08:34:00,2011-01-19 08:34:00,325,1,2,2,36,45.0,45.0,2011-01-12 09:41:00,2011-01-12 09:41:00,1,1,1,1,1.25,2,Less recent infrequent purchasers
12667,2011-12-10,2011-10-12 17:00:00,2011-10-12 17:00:00,59,1,32,32,391,460.13,460.13,,,0,0,0,0,0.0,0,Recent moderate purchasers and minimal cancellations
12668,2011-12-10,2010-12-19 12:46:00,2011-11-28 10:56:00,12,4,157,114,1599,3177.15,794.2875,2011-04-05 09:53:00,2011-12-02 15:10:00,2,7,7,39,63.97,1,Recent high-activity purchasers and frequent cancellations
12669,2011-12-10,2011-03-28 10:15:00,2011-07-12 09:54:00,151,2,98,96,1104,1427.73,713.865,,,0,0,0,0,0.0,0,Recent moderate purchasers and minimal cancellations
12670,2011-12-10,2011-04-21 10:16:00,2011-11-29 15:23:00,11,5,87,57,1383,2744.05,548.81,2011-11-17 09:39:00,2011-11-17 09:39:00,1,2,2,6,9.9,3,Recent moderate purchasers and some cancellation activity
12672,2011-12-10,2011-01-14 09:20:00,2011-01-14 09:20:00,330,1,10,10,78,225.9,225.9,,,0,0,0,0,0.0,2,Less recent infrequent purchasers
12673,2011-12-10,2011-01-17 11:46:00,2011-12-04 13:55:00,6,2,41,41,349,574.52,287.26,,,0,0,0,0,0.0,0,Recent moderate purchasers and minimal cancellations
12674,2011-12-10,2011-05-16 09:10:00,2011-11-01 12:12:00,39,4,79,51,1126,1844.6,461.15,2011-06-30 14:58:00,2011-11-28 12:22:00,3,8,6,31,51.29,1,Recent high-activity purchasers and frequent cancellations
12676,2011-12-10,2011-02-01 15:41:00,2011-11-15 12:25:00,25,6,39,32,664,1091.39,181.8983,,,0,0,0,0,0.0,0,Recent moderate purchasers and minimal cancellations
12678,2011-12-10,2010-12-21 14:26:00,2011-10-28 13:04:00,43,9,156,103,10900,16331.46,1814.6067,2011-06-17 10:06:00,2011-06-17 10:06:00,1,2,2,24,40.2,1,Recent high-activity purchasers and frequent cancellations
12679,2011-12-10,2011-03-01 12:26:00,2011-10-12 12:30:00,59,4,44,42,545,951.02,237.755,2011-03-08 14:35:00,2011-10-18 13:43:00,5,8,6,24,54.35,3,Recent moderate purchasers and some cancellation activity
12680,2011-12-10,2011-08-18 15:44:00,2011-12-09 12:50:00,1,4,49,32,439,790.81,197.7025,,,0,0,0,0,0.0,0,Recent moderate purchasers and minimal cancellations
12681,2011-12-10,2010-12-07 10:08:00,2011-11-25 11:33:00,15,22,616,266,7457,12365.54,562.07,2011-01-25 12:39:00,2011-09-27 15:48:00,4,7,6,15,55.95,1,Recent high-activity purchasers and frequent cancellations
12682,2011-12-10,2010-12-03 13:59:00,2011-12-06 10:00:00,4,31,496,208,5505,11028.22,355.749,,,0,0,0,0,0.0,0,Recent moderate purchasers and minimal cancellations
12683,2011-12-10,2010-12-09 10:37:00,2011-12-05 16:28:00,5,14,331,176,4934,7612.57,543.755,2011-01-05 11:36:00,2011-11-03 14:00:00,5,18,15,84,255.48,1,Recent high-activity purchasers and frequent cancellations
12684,2011-12-10,2011-05-10 12:55:00,2011-12-02 09:53:00,8,6,98,59,1973,2073.63,345.605,,,0,0,0,0,0.0,0,Recent moderate purchasers and minimal cancellations
12685,2011-12-10,2011-09-07 10:28:00,2011-11-11 13:46:00,29,6,151,116,1507,2575.08,429.18,,,0,0,0,0,0.0,0,Recent moderate purchasers and minimal cancellations
12686,2011-12-10,2010-12-03 09:51:00,2010-12-03 09:51:00,372,1,6,6,106,71.14,71.14,,,0,0,0,0,0.0,2,Less recent infrequent purchasers
12688,2011-12-10,2011-08-18 08:49:00,2011-08-18 08:49:00,114,1,171,171,3028,4873.81,4873.81,,,0,0,0,0,0.0,0,Recent moderate purchasers and minimal cancellations
12689,2011-12-10,2011-08-04 10:04:00,2011-11-14 08:31:00,26,2,70,56,622,1139.61,569.805,,,0,0,0,0,0.0,0,Recent moderate purchasers and minimal cancellations
12690,2011-12-10,2011-05-18 09:09:00,2011-05-18 09:09:00,206,1,15,15,103,335.01,335.01,,,0,0,0,0,0.0,2,Less recent infrequent purchasers
12691,2011-12-10,2010-12-17 14:46:00,2011-11-11 16:49:00,29,5,27,20,388,927.8,185.56,,,0,0,0,0,0.0,0,Recent moderate purchasers and minimal cancellations
12693,2011-12-10,2011-01-24 12:58:00,2011-08-04 17:51:00,128,4,35,34,247,711.91,177.9775,2011-03-24 11:19:00,2011-08-11 09:16:00,2,2,2,5,24.95,3,Recent moderate purchasers and some cancellation activity
12694,2011-12-10,2011-06-09 17:48:00,2011-09-30 13:06:00,71,2,35,31,503,761.67,380.835,,,0,0,0,0,0.0,0,Recent moderate purchasers and minimal cancellations
12695,2011-12-10,2011-05-13 13:15:00,2011-12-02 13:22:00,8,4,27,23,220,582.1,145.525,,,0,0,0,0,0.0,0,Recent moderate purchasers and minimal cancellations
12697,2011-12-10,2011-06-23 15:44:00,2011-11-11 08:47:00,29,3,38,36,503,757.59,252.53,2011-08-17 17:19:00,2011-11-18 16:17:00,2,2,2,9,18.57,3,Recent moderate purchasers and some cancellation activity
12700,2011-12-10,2011-05-08 16:10:00,2011-12-02 10:47:00,8,4,264,192,2944,4525.99,1131.4975,,,0,0,0,0,0.0,0,Recent moderate purchasers and minimal cancellations
12701,2011-12-10,2011-04-11 13:02:00,2011-09-21 10:47:00,80,2,51,49,674,725.71,362.855,,,0,0,0,0,0.0,0,Recent moderate purchasers and minimal cancellations
12702,2011-12-10,2011-11-20 10:36:00,2011-11-20 10:36:00,20,1,11,11,52,201.0,201.0,,,0,0,0,0,0.0,2,Less recent infrequent purchasers
12703,2011-12-10,2011-09-29 17:52:00,2011-09-29 17:52:00,72,1,20,20,163,265.55,265.55,2011-10-06 19:23:00,2011-10-06 19:23:00,1,1,1,3,8.85,2,Less recent infrequent purchasers
12704,2011-12-10,2011-06-23 10:20:00,2011-12-02 13:15:00,8,8,81,63,991,1740.84,217.605,,,0,0,0,0,0.0,0,Recent moderate purchasers and minimal cancellations
12705,2011-12-10,2010-12-17 15:58:00,2011-11-24 13:17:00,16,8,328,227,3970,6382.29,797.7863,2011-04-26 11:19:00,2011-10-04 12:47:00,5,14,13,24,54.05,1,Recent high-activity purchasers and frequent cancellations
12707,2011-12-10,2011-02-21 08:38:00,2011-02-21 08:38:00,292,1,33,33,256,603.42,603.42,,,0,0,0,0,0.0,2,Less recent infrequent purchasers
12708,2011-12-10,2010-12-06 10:43:00,2011-11-10 09:52:00,30,10,147,85,1292,2442.91,244.291,2011-03-11 09:39:00,2011-10-10 11:20:00,6,17,14,37,96.59,1,Recent high-activity purchasers and frequent cancellations
12709,2011-12-10,2010-12-08 09:49:00,2011-11-24 15:38:00,16,15,203,92,3919,9430.52,628.7013,2011-01-27 12:00:00,2011-12-06 16:42:00,11,48,29,103,440.77,1,Recent high-activity purchasers and frequent cancellations
12710,2011-12-10,2011-05-22 14:05:00,2011-09-04 12:00:00,97,3,74,74,844,1023.02,341.0067,2011-06-02 11:54:00,2011-06-02 11:54:00,1,2,2,2,18.45,3,Recent moderate purchasers and some cancellation activity
12712,2011-12-10,2010-12-03 14:30:00,2011-11-11 08:19:00,29,13,120,57,1036,3928.13,302.1638,2010-12-08 13:43:00,2011-11-17 09:15:00,4,8,7,17,136.5,1,Recent high-activity purchasers and frequent cancellations
12713,2011-12-10,2011-12-09 12:16:00,2011-12-09 12:16:00,1,1,37,37,505,794.55,794.55,,,0,0,0,0,0.0,0,Recent moderate purchasers and minimal cancellations
12714,2011-12-10,2011-02-18 10:53:00,2011-11-30 15:43:00,10,5,254,215,3046,4294.86,858.972,,,0,0,0,0,0.0,0,Recent moderate purchasers and minimal cancellations
12715,2011-12-10,2011-08-25 15:22:00,2011-08-25 15:22:00,107,1,20,19,195,273.86,273.86,,,0,0,0,0,0.0,2,Less recent infrequent purchasers
12716,2011-12-10,2011-07-29 13:28:00,2011-12-06 08:55:00,4,2,67,59,703,963.49,481.745,,,0,0,0,0,0.0,0,Recent moderate purchasers and minimal cancellations
12717,2011-12-10,2011-04-08 10:32:00,2011-07-11 14:47:00,152,2,53,48,502,830.98,415.49,,,0,0,0,0,0.0,0,Recent moderate purchasers and minimal cancellations
12718,2011-12-10,2011-09-29 16:38:00,2011-09-29 16:38:00,72,1,18,18,201,202.25,202.25,,,0,0,0,0,0.0,2,Less recent infrequent purchasers
12719,2011-12-10,2011-10-05 14:50:00,2011-12-04 13:45:00,6,2,37,33,370,572.95,286.475,2011-10-11 10:39:00,2011-10-11 10:39:00,1,3,3,13,36.85,3,Recent moderate purchasers and some cancellation activity
12720,2011-12-10,2010-12-05 15:21:00,2011-12-07 08:03:00,3,25,342,210,4635,5115.73,204.6292,2011-05-11 10:17:00,2011-10-19 16:44:00,3,4,4,17,50.45,1,Recent high-activity purchasers and frequent cancellations
12721,2011-12-10,2010-12-20 11:38:00,2011-11-08 12:13:00,32,6,155,132,1944,2386.13,397.6883,2010-12-09 10:14:00,2010-12-09 10:14:00,1,3,3,5,27.15,3,Recent moderate purchasers and some cancellation activity
12722,2011-12-10,2011-07-12 11:55:00,2011-09-15 14:50:00,86,4,52,49,565,979.63,244.9075,2011-07-21 17:30:00,2011-07-28 13:41:00,2,4,2,6,93.3,3,Recent moderate purchasers and some cancellation activity
12723,2011-12-10,2011-10-05 15:52:00,2011-12-06 10:19:00,4,5,68,52,433,707.07,141.414,,,0,0,0,0,0.0,0,Recent moderate purchasers and minimal cancellations
12724,2011-12-10,2011-01-11 15:00:00,2011-12-04 16:02:00,6,4,49,46,439,923.41,230.8525,,,0,0,0,0,0.0,0,Recent moderate purchasers and minimal cancellations
12725,2011-12-10,2010-12-03 15:45:00,2010-12-03 15:45:00,372,1,23,23,162,371.8,371.8,,,0,0,0,0,0.0,2,Less recent infrequent purchasers
12726,2011-12-10,2010-12-17 12:56:00,2011-11-11 13:35:00,29,7,117,56,3132,2411.1,344.4429,,,0,0,0,0,0.0,0,Recent moderate purchasers and minimal cancellations
12727,2011-12-10,2011-01-23 15:17:00,2011-11-29 11:46:00,11,7,132,108,2068,3440.7,491.5286,2011-03-15 10:24:00,2011-03-15 10:24:00,1,1,1,12,15.0,3,Recent moderate purchasers and some cancellation activity
12728,2011-12-10,2011-01-11 13:31:00,2011-09-29 15:31:00,72,4,42,37,413,728.33,182.0825,,,0,0,0,0,0.0,0,Recent moderate purchasers and minimal cancellations
12729,2011-12-10,2011-08-18 11:40:00,2011-08-18 11:40:00,114,1,25,25,231,417.01,417.01,,,0,0,0,0,0.0,2,Less recent infrequent purchasers
12731,2011-12-10,2010-12-10 10:56:00,2011-11-16 11:59:00,24,12,273,108,8429,18751.91,1562.6592,2011-04-18 11:31:00,2011-10-10 11:56:00,2,2,2,70,91.5,1,Recent high-activity purchasers and frequent cancellations
12732,2011-12-10,2011-06-13 11:33:00,2011-06-13 11:33:00,180,1,11,11,110,218.26,218.26,,,0,0,0,0,0.0,2,Less recent infrequent purchasers
12733,2011-12-10,2011-04-19 16:19:00,2011-04-19 16:19:00,235,1,22,22,137,383.95,383.95,,,0,0,0,0,0.0,2,Less recent infrequent purchasers
12734,2011-12-10,2010-12-22 12:47:00,2010-12-22 12:47:00,353,1,4,4,88,110.4,110.4,,,0,0,0,0,0.0,2,Less recent infrequent purchasers
12735,2011-12-10,2011-01-06 14:26:00,2011-01-28 13:37:00,316,2,41,37,363,689.57,344.785,,,0,0,0,0,0.0,0,Recent moderate purchasers and minimal cancellations
12736,2011-12-10,2011-01-11 07:57:00,2011-01-11 07:57:00,333,1,3,3,168,144.0,144.0,,,0,0,0,0,0.0,2,Less recent infrequent purchasers
12738,2011-12-10,2010-12-02 18:27:00,2010-12-02 18:27:00,373,1,10,10,147,137.35,137.35,,,0,0,0,0,0.0,2,Less recent infrequent purchasers
12739,2011-12-10,2011-09-01 17:45:00,2011-09-01 17:45:00,100,1,37,37,485,975.54,975.54,,,0,0,0,0,0.0,0,Recent moderate purchasers and minimal cancellations
12740,2011-12-10,2011-10-07 10:44:00,2011-10-07 10:44:00,64,1,27,27,342,427.6,427.6,,,0,0,0,0,0.0,0,Recent moderate purchasers and minimal cancellations
12743,2011-12-10,2011-07-28 16:06:00,2011-07-28 16:21:00,135,2,134,114,319,546.43,273.215,,,0,0,0,0,0.0,0,Recent moderate purchasers and minimal cancellations
12744,2011-12-10,2011-01-25 13:26:00,2011-10-14 14:54:00,57,4,215,177,5234,9120.39,2280.0975,,,0,0,0,0,0.0,0,Recent moderate purchasers and minimal cancellations
12747,2011-12-10,2010-12-05 15:38:00,2011-12-07 14:34:00,3,11,103,42,1275,4196.01,381.4555,,,0,0,0,0,0.0,0,Recent moderate purchasers and minimal cancellations
12748,2011-12-10,2010-12-01 12:48:00,2011-12-09 12:20:00,1,206,4580,1766,25511,32317.32,156.8802,2010-12-05 12:58:00,2011-11-29 18:19:00,11,43,42,1535,1830.79,1,Recent high-activity purchasers and frequent cancellations
12749,2011-12-10,2011-05-10 15:25:00,2011-12-06 09:56:00,4,5,198,159,1470,4040.88,808.176,2011-05-23 17:08:00,2011-08-18 06:19:00,3,32,32,49,222.68,1,Recent high-activity purchasers and frequent cancellations
12750,2011-12-10,2011-08-03 09:13:00,2011-08-03 09:13:00,129,1,15,15,137,275.88,275.88,,,0,0,0,0,0.0,2,Less recent infrequent purchasers
12752,2011-12-10,2011-09-19 13:32:00,2011-09-19 13:32:00,82,1,53,53,2262,4366.78,4366.78,,,0,0,0,0,0.0,0,Recent moderate purchasers and minimal cancellations
12753,2011-12-10,2010-12-12 11:44:00,2011-11-17 10:52:00,23,6,197,132,11421,21429.39,3571.565,2011-01-06 18:06:00,2011-12-06 11:40:00,5,33,29,171,405.38,1,Recent high-activity purchasers and frequent cancellations
12754,2011-12-10,2011-02-04 10:31:00,2011-04-18 09:00:00,236,3,63,49,6481,3010.74,1003.58,,,0,0,0,0,0.0,0,Recent moderate purchasers and minimal cancellations
12755,2011-12-10,2010-12-09 10:44:00,2011-03-04 12:42:00,281,2,4,4,1491,3811.95,1905.975,2011-04-04 10:12:00,2011-04-04 10:12:00,1,1,1,624,1591.2,3,Recent moderate purchasers and some cancellation activity
12756,2011-12-10,2011-09-14 09:31:00,2011-09-14 09:31:00,87,1,4,4,144,112.08,112.08,,,0,0,0,0,0.0,2,Less recent infrequent purchasers
12757,2011-12-10,2011-05-12 19:01:00,2011-11-24 12:30:00,16,9,365,235,2394,4199.2,466.5778,2011-08-03 10:43:00,2011-08-03 10:43:00,1,1,1,12,15.0,3,Recent moderate purchasers and some cancellation activity
12758,2011-12-10,2011-03-08 12:05:00,2011-08-15 10:22:00,117,2,97,84,2135,2791.59,1395.795,,,0,0,0,0,0.0,0,Recent moderate purchasers and minimal cancellations
12759,2011-12-10,2011-03-09 08:09:00,2011-10-18 14:49:00,53,3,92,80,894,1411.44,470.48,,,0,0,0,0,0.0,0,Recent moderate purchasers and minimal cancellations
12762,2011-12-10,2011-11-14 14:23:00,2011-12-02 10:23:00,8,2,67,61,1220,1702.52,851.26,,,0,0,0,0,0.0,0,Recent moderate purchasers and minimal cancellations
12763,2011-12-10,2010-12-05 15:46:00,2011-07-24 14:12:00,139,2,18,16,316,494.08,247.04,,,0,0,0,0,0.0,2,Less recent infrequent purchasers
12764,2011-12-10,2011-01-27 10:19:00,2011-01-27 10:19:00,317,1,45,45,386,1693.88,1693.88,,,0,0,0,0,0.0,0,Recent moderate purchasers and minimal cancellations
12766,2011-12-10,2010-12-08 13:53:00,2011-12-06 08:46:00,4,7,306,204,3627,6457.63,922.5186,,,0,0,0,0,0.0,0,Recent moderate purchasers and minimal cancellations
12769,2011-12-10,2011-04-15 10:25:00,2011-04-15 10:25:00,239,1,32,32,356,1143.6,1143.6,,,0,0,0,0,0.0,0,Recent moderate purchasers and minimal cancellations
12770,2011-12-10,2011-05-13 09:33:00,2011-05-13 09:33:00,211,1,12,12,743,1351.45,1351.45,,,0,0,0,0,0.0,0,Recent moderate purchasers and minimal cancellations
12772,2011-12-10,2011-10-11 09:19:00,2011-10-11 09:19:00,60,1,54,54,551,752.47,752.47,,,0,0,0,0,0.0,0,Recent moderate purchasers and minimal cancellations
12775,2011-12-10,2011-02-01 13:45:00,2011-11-22 16:33:00,18,5,61,46,870,1281.04,256.208,2011-02-03 12:39:00,2011-02-03 12:39:00,1,1,1,24,34.8,3,Recent moderate purchasers and some cancellation activity
12778,2011-12-10,2011-01-31 14:35:00,2011-11-20 11:30:00,20,6,44,39,817,693.23,115.5383,,,0,0,0,0,0.0,0,Recent moderate purchasers and minimal cancellations
12779,2011-12-10,2010-12-03 13:40:00,2011-11-02 11:43:00,38,8,149,88,2024,3981.36,497.67,2011-03-21 12:20:00,2011-11-18 17:10:00,4,10,10,28,112.66,1,Recent high-activity purchasers and frequent cancellations
12781,2011-12-10,2011-02-28 08:43:00,2011-10-07 10:37:00,64,2,24,24,670,786.74,393.37,2011-04-01 15:00:00,2011-11-18 09:50:00,2,4,2,78,115.02,3,Recent moderate purchasers and some cancellation activity
12782,2011-12-10,2010-12-17 11:30:00,2011-12-05 09:16:00,5,5,98,80,1072,1938.92,387.784,2011-01-05 10:50:00,2011-01-05 10:50:00,1,4,4,16,57.6,3,Recent moderate purchasers and some cancellation activity
12783,2011-12-10,2011-09-25 15:35:00,2011-12-07 15:56:00,3,4,78,74,611,1295.87,323.9675,,,0,0,0,0,0.0,0,Recent moderate purchasers and minimal cancellations
12784,2011-12-10,2011-11-24 12:53:00,2011-11-24 12:53:00,16,1,58,53,298,518.42,518.42,,,0,0,0,0,0.0,0,Recent moderate purchasers and minimal cancellations
12785,2011-12-10,2010-12-10 13:48:00,2010-12-10 13:48:00,365,1,13,13,129,255.95,255.95,2011-12-07 12:46:00,2011-12-07 12:46:00,1,1,1,3,6.24,2,Less recent infrequent purchasers
12787,2011-12-10,2011-05-31 09:36:00,2011-11-30 08:44:00,10,3,17,16,258,418.66,139.5533,,,0,0,0,0,0.0,2,Less recent infrequent purchasers
12789,2011-12-10,2011-10-05 13:34:00,2011-10-05 13:34:00,66,1,3,3,3,76.85,76.85,,,0,0,0,0,0.0,2,Less recent infrequent purchasers
12790,2011-12-10,2011-05-31 14:14:00,2011-05-31 14:14:00,193,1,20,20,164,294.92,294.92,,,0,0,0,0,0.0,2,Less recent infrequent purchasers
12791,2011-12-10,2010-12-01 11:27:00,2010-12-01 11:27:00,374,1,1,1,96,177.6,177.6,,,0,0,0,0,0.0,2,Less recent infrequent purchasers
12792,2011-12-10,2011-03-28 11:36:00,2011-03-28 11:36:00,257,1,24,24,215,344.54,344.54,,,0,0,0,0,0.0,2,Less recent infrequent purchasers
12793,2011-12-10,2010-12-03 15:14:00,2011-01-09 12:12:00,335,2,22,20,292,461.48,230.74,,,0,0,0,0,0.0,2,Less recent infrequent purchasers
12794,2011-12-10,2011-09-02 12:01:00,2011-10-17 14:54:00,54,2,45,43,592,860.41,430.205,,,0,0,0,0,0.0,0,Recent moderate purchasers and minimal cancellations
12795,2011-12-10,2011-11-21 10:27:00,2011-11-21 10:27:00,19,1,13,13,64,318.48,318.48,,,0,0,0,0,0.0,2,Less recent infrequent purchasers
12797,2011-12-10,2010-12-09 10:55:00,2010-12-09 10:55:00,366,1,12,12,117,226.03,226.03,2010-12-14 15:56:00,2010-12-14 16:24:00,2,4,4,39,59.85,3,Recent moderate purchasers and some cancellation activity
12798,2011-12-10,2011-06-22 10:11:00,2011-11-29 15:52:00,11,3,8,6,5256,6977.04,2325.68,,,0,0,0,0,0.0,0,Recent moderate purchasers and minimal cancellations
12802,2011-12-10,2011-06-06 09:36:00,2011-06-06 09:36:00,187,1,24,24,312,397.58,397.58,2011-06-09 09:44:00,2011-06-09 09:44:00,1,1,1,12,15.0,3,Recent moderate purchasers and some cancellation activity
12808,2011-12-10,2010-12-06 10:27:00,2011-11-03 10:05:00,37,3,27,26,187,455.65,151.8833,,,0,0,0,0,0.0,0,Recent moderate purchasers and minimal cancellations
12809,2011-12-10,2011-06-15 10:51:00,2011-06-15 10:51:00,178,1,24,24,217,405.31,405.31,2011-06-24 15:15:00,2011-06-24 15:15:00,1,1,1,1,4.95,2,Less recent infrequent purchasers
12811,2011-12-10,2011-02-28 15:39:00,2011-03-23 10:55:00,262,2,28,26,227,458.85,229.425,,,0,0,0,0,0.0,2,Less recent infrequent purchasers
12812,2011-12-10,2011-10-26 09:54:00,2011-10-26 09:54:00,45,1,15,15,164,229.64,229.64,,,0,0,0,0,0.0,2,Less recent infrequent purchasers
12814,2011-12-10,2011-08-30 12:11:00,2011-08-30 12:11:00,102,1,1,1,48,85.92,85.92,,,0,0,0,0,0.0,2,Less recent infrequent purchasers
12815,2011-12-10,2011-05-25 13:34:00,2011-07-15 10:21:00,148,2,45,37,374,863.46,431.73,,,0,0,0,0,0.0,0,Recent moderate purchasers and minimal cancellations
12816,2011-12-10,2011-06-16 13:24:00,2011-09-05 12:41:00,96,2,27,26,125,452.2,226.1,,,0,0,0,0,0.0,2,Less recent infrequent purchasers
12817,2011-12-10,2011-03-03 16:28:00,2011-03-03 16:28:00,282,1,3,3,52,126.04,126.04,,,0,0,0,0,0.0,2,Less recent infrequent purchasers
12818,2011-12-10,2011-03-23 12:06:00,2011-03-23 12:06:00,262,1,13,13,920,1182.08,1182.08,2011-06-14 13:54:00,2011-06-14 13:54:00,1,2,2,6,24.2,3,Recent moderate purchasers and some cancellation activity
12820,2011-12-10,2011-01-17 12:34:00,2011-12-06 15:12:00,4,4,59,55,722,942.34,235.585,,,0,0,0,0,0.0,0,Recent moderate purchasers and minimal cancellations
12821,2011-12-10,2011-05-09 15:51:00,2011-05-09 15:51:00,215,1,6,6,70,92.72,92.72,,,0,0,0,0,0.0,2,Less recent infrequent purchasers
12822,2011-12-10,2011-09-13 13:46:00,2011-09-30 10:04:00,71,2,46,41,550,948.88,474.44,2011-09-14 15:37:00,2011-09-14 15:37:00,1,1,1,2,29.9,3,Recent moderate purchasers and some cancellation activity
12823,2011-12-10,2011-02-16 12:15:00,2011-09-26 07:35:00,75,5,5,1,230,1759.5,351.9,,,0,0,0,0,0.0,2,Less recent infrequent purchasers
12824,2011-12-10,2011-10-11 12:49:00,2011-10-11 12:49:00,60,1,25,25,232,397.12,397.12,,,0,0,0,0,0.0,0,Recent moderate purchasers and minimal cancellations
12826,2011-12-10,2010-12-09 15:21:00,2011-12-07 10:25:00,3,7,88,57,1055,1452.22,207.46,2011-06-24 11:47:00,2011-06-24 11:47:00,1,3,3,4,6.6,3,Recent moderate purchasers and some cancellation activity
12827,2011-12-10,2011-10-26 15:44:00,2011-12-04 12:17:00,6,3,25,19,197,430.15,143.3833,,,0,0,0,0,0.0,2,Less recent infrequent purchasers
12828,2011-12-10,2011-08-01 16:16:00,2011-12-07 08:45:00,3,6,56,46,494,1018.71,169.785,,,0,0,0,0,0.0,0,Recent moderate purchasers and minimal cancellations
12829,2011-12-10,2010-12-14 14:54:00,2011-01-07 11:13:00,337,2,11,9,376,293.0,146.5,2011-01-21 12:56:00,2011-01-21 12:56:00,1,1,1,1,39.95,2,Less recent infrequent purchasers
12830,2011-12-10,2011-06-21 10:53:00,2011-11-02 11:54:00,38,6,38,13,9848,6814.64,1135.7733,2011-07-21 14:32:00,2011-07-21 14:32:00,1,1,1,1,66.24,3,Recent moderate purchasers and some cancellation activity
12831,2011-12-10,2011-03-22 13:02:00,2011-03-22 13:02:00,263,1,9,9,135,215.05,215.05,,,0,0,0,0,0.0,2,Less recent infrequent purchasers
12832,2011-12-10,2011-09-02 13:48:00,2011-11-07 13:30:00,33,2,27,27,195,383.03,191.515,,,0,0,0,0,0.0,2,Less recent infrequent purchasers
12833,2011-12-10,2011-07-17 13:46:00,2011-07-17 13:46:00,146,1,24,24,156,417.38,417.38,,,0,0,0,0,0.0,2,Less recent infrequent purchasers
12834,2011-12-10,2011-03-02 09:49:00,2011-03-02 09:49:00,283,1,18,18,110,312.38,312.38,,,0,0,0,0,0.0,2,Less recent infrequent purchasers
12836,2011-12-10,2011-02-01 11:19:00,2011-10-11 15:10:00,60,4,175,148,1064,2612.86,653.215,,,0,0,0,0,0.0,0,Recent moderate purchasers and minimal cancellations
12837,2011-12-10,2011-06-19 16:07:00,2011-06-19 16:07:00,174,1,12,12,24,134.1,134.1,,,0,0,0,0,0.0,2,Less recent infrequent purchasers
12838,2011-12-10,2010-12-01 11:57:00,2011-11-06 12:20:00,34,2,123,115,359,683.13,341.565,,,0,0,0,0,0.0,0,Recent moderate purchasers and minimal cancellations
12839,2011-12-10,2010-12-07 15:48:00,2011-12-07 12:33:00,3,14,314,95,3807,5591.42,399.3871,2011-03-07 13:01:00,2011-03-07 13:01:00,1,1,1,2,3.3,3,Recent moderate purchasers and some cancellation activity
12840,2011-12-10,2011-04-27 12:21:00,2011-07-19 09:29:00,144,4,113,67,1511,2726.77,681.6925,2011-05-04 15:44:00,2011-05-05 17:58:00,2,3,2,6,12.5,3,Recent moderate purchasers and some cancellation activity
12841,2011-12-10,2010-12-03 10:43:00,2011-12-05 11:13:00,5,25,420,229,2757,4022.35,160.894,2011-10-05 12:14:00,2011-10-05 12:14:00,1,19,19,74,145.95,1,Recent high-activity purchasers and frequent cancellations
12842,2011-12-10,2011-02-04 12:36:00,2011-09-30 15:33:00,71,2,34,34,547,1118.99,559.495,,,0,0,0,0,0.0,0,Recent moderate purchasers and minimal cancellations
12843,2011-12-10,2011-03-20 14:38:00,2011-10-05 12:09:00,66,8,103,69,781,1702.26,212.7825,2011-06-15 12:51:00,2011-06-15 12:51:00,1,5,5,28,21.5,3,Recent moderate purchasers and some cancellation activity
12844,2011-12-10,2011-08-01 13:11:00,2011-11-10 13:31:00,30,2,52,47,125,325.96,162.98,,,0,0,0,0,0.0,0,Recent moderate purchasers and minimal cancellations
12845,2011-12-10,2011-02-22 14:10:00,2011-03-17 13:34:00,268,4,27,26,204,354.09,88.5225,,,0,0,0,0,0.0,2,Less recent infrequent purchasers
12847,2011-12-10,2011-11-17 13:16:00,2011-11-17 13:16:00,23,1,91,72,909,871.54,871.54,,,0,0,0,0,0.0,0,Recent moderate purchasers and minimal cancellations
12849,2011-12-10,2011-03-16 12:26:00,2011-11-08 13:41:00,32,2,49,46,605,1033.25,516.625,,,0,0,0,0,0.0,0,Recent moderate purchasers and minimal cancellations
12851,2011-12-10,2011-09-04 12:41:00,2011-09-04 12:41:00,97,1,50,43,109,135.18,135.18,,,0,0,0,0,0.0,2,Less recent infrequent purchasers
12852,2011-12-10,2011-02-18 08:47:00,2011-02-18 08:47:00,295,1,17,17,149,311.55,311.55,2011-02-22 14:56:00,2011-02-22 14:56:00,1,3,3,4,11.8,3,Recent moderate purchasers and some cancellation activity
12853,2011-12-10,2011-01-28 10:28:00,2011-07-28 11:29:00,135,6,78,66,800,1957.1,326.1833,2011-01-31 15:59:00,2011-08-24 11:00:00,3,6,6,18,75.4,3,Recent moderate purchasers and some cancellation activity
12854,2011-12-10,2011-01-25 13:35:00,2011-09-22 12:15:00,79,3,110,95,627,1324.5,441.5,2011-01-25 12:11:00,2011-04-12 12:35:00,2,5,5,5,35.35,3,Recent moderate purchasers and some cancellation activity
12855,2011-12-10,2010-12-02 09:37:00,2010-12-02 09:37:00,373,1,3,3,30,38.1,38.1,,,0,0,0,0,0.0,2,Less recent infrequent purchasers
12856,2011-12-10,2011-10-07 12:38:00,2011-12-02 10:52:00,8,6,314,155,1079,2179.93,363.3217,2011-10-26 12:54:00,2011-11-11 10:24:00,2,3,3,3,17.25,3,Recent moderate purchasers and some cancellation activity
12857,2011-12-10,2011-02-10 12:32:00,2011-05-13 10:20:00,211,2,46,37,343,1106.4,553.2,,,0,0,0,0,0.0,0,Recent moderate purchasers and minimal cancellations
12863,2011-12-10,2011-10-18 14:15:00,2011-10-18 14:15:00,53,1,5,5,188,521.2,521.2,2011-05-24 17:17:00,2011-05-24 17:17:00,1,1,1,2,17.0,2,Less recent infrequent purchasers
12864,2011-12-10,2011-07-24 13:03:00,2011-07-24 13:03:00,139,1,3,3,216,147.12,147.12,,,0,0,0,0,0.0,2,Less recent infrequent purchasers
12865,2011-12-10,2011-08-08 10:11:00,2011-11-13 14:31:00,27,2,95,86,925,1568.23,784.115,2010-12-15 11:39:00,2010-12-15 11:39:00,1,1,1,48,20.16,3,Recent moderate purchasers and some cancellation activity
12866,2011-12-10,2011-03-01 14:11:00,2011-03-01 14:11:00,284,1,25,25,167,499.12,499.12,,,0,0,0,0,0.0,2,Less recent infrequent purchasers
12867,2011-12-10,2010-12-14 16:39:00,2011-11-13 15:30:00,27,7,538,240,4298,4036.82,576.6886,2010-12-14 15:16:00,2011-11-13 13:39:00,3,12,11,23,46.35,1,Recent high-activity purchasers and frequent cancellations
12868,2011-12-10,2010-12-01 12:50:00,2011-06-07 10:42:00,186,6,107,72,928,1607.06,267.8433,,,0,0,0,0,0.0,0,Recent moderate purchasers and minimal cancellations
12871,2011-12-10,2011-05-16 13:32:00,2011-09-16 15:07:00,85,2,11,8,200,380.64,190.32,,,0,0,0,0,0.0,2,Less recent infrequent purchasers
12872,2011-12-10,2010-12-09 14:44:00,2011-01-17 10:52:00,327,2,66,58,319,599.97,299.985,,,0,0,0,0,0.0,0,Recent moderate purchasers and minimal cancellations
12873,2011-12-10,2011-03-02 14:58:00,2011-03-02 14:58:00,283,1,4,4,128,374.0,374.0,,,0,0,0,0,0.0,2,Less recent infrequent purchasers
12875,2011-12-10,2010-12-12 12:03:00,2011-07-19 15:30:00,144,2,2,1,2019,343.23,171.615,,,0,0,0,0,0.0,2,Less recent infrequent purchasers
12876,2011-12-10,2011-05-27 13:34:00,2011-10-13 12:26:00,58,2,83,66,1930,2053.02,1026.51,,,0,0,0,0,0.0,0,Recent moderate purchasers and minimal cancellations
12877,2011-12-10,2010-12-16 12:23:00,2011-12-06 10:30:00,4,12,154,100,1178,1535.77,127.9808,,,0,0,0,0,0.0,0,Recent moderate purchasers and minimal cancellations
12878,2011-12-10,2011-03-18 14:02:00,2011-04-17 13:07:00,237,2,47,38,547,854.99,427.495,2011-11-21 14:30:00,2011-11-21 14:30:00,1,2,2,11,13.35,3,Recent moderate purchasers and some cancellation activity
12879,2011-12-10,2011-09-09 12:11:00,2011-10-26 12:24:00,45,3,10,7,370,573.22,191.0733,2011-09-22 15:17:00,2011-09-22 15:17:00,1,2,2,7,20.65,3,Recent moderate purchasers and some cancellation activity
12881,2011-12-10,2011-03-09 11:44:00,2011-03-09 11:44:00,276,1,7,7,21,298.0,298.0,,,0,0,0,0,0.0,2,Less recent infrequent purchasers
12882,2011-12-10,2011-11-06 11:22:00,2011-11-30 16:18:00,10,2,13,12,246,1463.04,731.52,,,0,0,0,0,0.0,0,Recent moderate purchasers and minimal cancellations
12883,2011-12-10,2011-09-11 15:18:00,2011-11-15 09:32:00,25,4,42,39,196,703.47,175.8675,,,0,0,0,0,0.0,0,Recent moderate purchasers and minimal cancellations
12884,2011-12-10,2011-09-12 13:10:00,2011-09-12 13:10:00,89,1,7,7,43,309.05,309.05,,,0,0,0,0,0.0,2,Less recent infrequent purchasers
12885,2011-12-10,2011-08-08 11:45:00,2011-10-07 13:40:00,64,3,71,66,655,1175.22,391.74,2011-08-11 11:48:00,2011-08-11 11:48:00,1,1,1,1,16.95,3,Recent moderate purchasers and some cancellation activity
12886,2011-12-10,2011-05-04 11:21:00,2011-10-03 10:09:00,68,2,82,75,770,1378.4,689.2,2011-05-10 16:27:00,2011-05-10 16:27:00,1,4,4,9,27.31,3,Recent moderate purchasers and some cancellation activity
12888,2011-12-10,2011-03-29 14:31:00,2011-05-09 16:02:00,215,2,5,4,76,354.12,177.06,2011-04-01 13:17:00,2011-05-03 11:58:00,2,2,2,8,40.35,2,Less recent infrequent purchasers
12890,2011-12-10,2011-11-15 17:26:00,2011-11-15 17:26:00,25,1,82,78,259,380.47,380.47,,,0,0,0,0,0.0,0,Recent moderate purchasers and minimal cancellations
12891,2011-12-10,2011-02-20 11:28:00,2011-06-07 12:31:00,186,3,3,2,950,331.0,110.3333,,,0,0,0,0,0.0,2,Less recent infrequent purchasers
12893,2011-12-10,2011-11-09 12:34:00,2011-11-09 12:34:00,31,1,34,27,96,188.14,188.14,,,0,0,0,0,0.0,2,Less recent infrequent purchasers
12895,2011-12-10,2011-09-14 08:35:00,2011-10-28 13:51:00,43,2,22,22,210,372.8,186.4,2011-09-23 08:54:00,2011-09-23 08:54:00,1,2,2,6,25.5,3,Recent moderate purchasers and some cancellation activity
12897,2011-12-10,2011-02-11 11:40:00,2011-05-19 12:13:00,205,2,4,3,110,216.5,108.25,,,0,0,0,0,0.0,2,Less recent infrequent purchasers
12901,2011-12-10,2011-03-14 10:41:00,2011-12-01 10:07:00,9,28,116,30,23075,17654.54,630.5193,2011-05-10 12:04:00,2011-10-16 10:52:00,7,8,7,2016,1345.6,1,Recent high-activity purchasers and frequent cancellations
12902,2011-12-10,2011-03-20 12:06:00,2011-03-20 12:06:00,265,1,10,10,66,138.68,138.68,,,0,0,0,0,0.0,2,Less recent infrequent purchasers
12904,2011-12-10,2011-06-20 13:18:00,2011-11-21 14:34:00,19,2,72,59,302,509.58,254.79,,,0,0,0,0,0.0,0,Recent moderate purchasers and minimal cancellations
12906,2011-12-10,2011-09-22 15:03:00,2011-11-28 09:55:00,12,5,63,55,1749,2919.81,583.962,,,0,0,0,0,0.0,0,Recent moderate purchasers and minimal cancellations
12908,2011-12-10,2011-01-31 12:37:00,2011-06-16 15:39:00,177,2,2,1,1200,750.0,375.0,2011-01-31 12:36:00,2011-01-31 12:36:00,1,1,1,600,390.0,3,Recent moderate purchasers and some cancellation activity
12909,2011-12-10,2011-03-31 12:51:00,2011-10-31 12:43:00,40,5,91,78,1280,2178.67,435.734,2011-05-26 19:56:00,2011-09-23 07:58:00,3,5,4,10,49.84,3,Recent moderate purchasers and some cancellation activity
12910,2011-12-10,2011-04-12 10:01:00,2011-11-16 14:28:00,24,8,75,48,1692,3075.04,384.38,,,0,0,0,0,0.0,0,Recent moderate purchasers and minimal cancellations
12912,2011-12-10,2011-10-30 11:35:00,2011-12-07 08:55:00,3,5,24,17,670,1662.3,332.46,,,0,0,0,0,0.0,0,Recent moderate purchasers and minimal cancellations
12913,2011-12-10,2010-12-06 16:36:00,2011-12-05 12:11:00,5,5,48,36,1417,2453.63,490.726,,,0,0,0,0,0.0,0,Recent moderate purchasers and minimal cancellations
12915,2011-12-10,2010-12-02 12:33:00,2011-07-14 11:34:00,149,2,22,19,93,363.65,181.825,,,0,0,0,0,0.0,2,Less recent infrequent purchasers
12916,2011-12-10,2011-01-23 10:43:00,2011-07-24 10:35:00,139,4,107,53,1119,3006.15,751.5375,2011-03-27 10:47:00,2011-03-27 10:47:00,1,2,2,8,23.8,3,Recent moderate purchasers and some cancellation activity
12917,2011-12-10,2011-08-03 16:42:00,2011-08-03 16:42:00,129,1,2,2,120,594.0,594.0,,,0,0,0,0,0.0,2,Less recent infrequent purchasers
12919,2011-12-10,2011-06-23 09:22:00,2011-12-01 13:47:00,9,6,50,34,673,1335.19,222.5317,2011-06-27 11:18:00,2011-09-15 17:37:00,2,2,2,5,33.75,3,Recent moderate purchasers and some cancellation activity
12920,2011-12-10,2011-11-22 15:05:00,2011-11-22 15:05:00,18,1,28,27,129,164.23,164.23,,,0,0,0,0,0.0,2,Less recent infrequent purchasers
12921,2011-12-10,2010-12-01 15:06:00,2011-11-30 16:22:00,10,37,720,233,9526,16587.09,448.2997,2011-02-14 13:42:00,2011-12-06 09:56:00,13,21,16,72,197.35,1,Recent high-activity purchasers and frequent cancellations
12922,2011-12-10,2011-07-01 15:35:00,2011-07-01 15:35:00,162,1,28,28,370,405.38,405.38,,,0,0,0,0,0.0,2,Less recent infrequent purchasers
12923,2011-12-10,2011-10-06 16:20:00,2011-10-06 16:20:00,65,1,28,27,68,175.72,175.72,,,0,0,0,0,0.0,2,Less recent infrequent purchasers
12924,2011-12-10,2011-01-16 11:49:00,2011-09-12 13:55:00,89,4,29,21,480,925.75,231.4375,2011-03-17 09:32:00,2011-03-17 09:32:00,1,1,1,1,3.75,3,Recent moderate purchasers and some cancellation activity
12925,2011-12-10,2011-09-26 11:05:00,2011-12-05 11:11:00,5,2,44,41,540,679.05,339.525,,,0,0,0,0,0.0,0,Recent moderate purchasers and minimal cancellations
12928,2011-12-10,2010-12-15 15:45:00,2011-11-04 14:24:00,36,5,84,59,1472,2062.7,412.54,,,0,0,0,0,0.0,0,Recent moderate purchasers and minimal cancellations
12929,2011-12-10,2011-02-01 12:08:00,2011-02-01 12:08:00,312,1,8,8,37,117.85,117.85,2011-08-09 14:30:00,2011-08-09 14:30:00,1,1,1,1,12.75,2,Less recent infrequent purchasers
12930,2011-12-10,2011-06-21 13:25:00,2011-09-22 15:18:00,79,2,25,20,252,415.8,207.9,2011-07-18 13:20:00,2011-07-18 13:21:00,2,2,1,2,5.9,3,Recent moderate purchasers and some cancellation activity
12931,2011-12-10,2010-12-17 09:45:00,2011-11-18 12:39:00,22,15,82,28,28004,42055.96,2803.7307,2011-08-31 13:10:00,2011-11-11 17:01:00,4,19,15,4427,8511.15,1,Recent high-activity purchasers and frequent cancellations
12933,2011-12-10,2011-03-01 11:30:00,2011-11-15 16:38:00,25,3,106,102,499,607.53,202.51,2011-03-01 11:31:00,2011-03-01 11:31:00,1,1,1,1,1.25,0,Recent moderate purchasers and minimal cancellations
12935,2011-12-10,2011-01-24 13:58:00,2011-12-07 17:25:00,3,7,129,80,1853,2160.7,308.6714,2011-05-25 16:57:00,2011-05-25 16:57:00,1,1,1,1,4.25,3,Recent moderate purchasers and some cancellation activity
12936,2011-12-10,2011-09-22 13:51:00,2011-11-22 17:32:00,18,4,62,56,559,1063.9,265.975,2011-11-22 16:18:00,2011-11-22 16:18:00,1,1,1,20,51.0,3,Recent moderate purchasers and some cancellation activity
12937,2011-12-10,2011-03-17 14:19:00,2011-11-24 15:05:00,16,4,120,81,1007,1504.27,376.0675,,,0,0,0,0,0.0,0,Recent moderate purchasers and minimal cancellations
12938,2011-12-10,2011-11-14 11:21:00,2011-11-14 11:21:00,26,1,9,9,140,114.14,114.14,,,0,0,0,0,0.0,2,Less recent infrequent purchasers
12939,2011-12-10,2011-01-09 11:20:00,2011-10-06 14:33:00,65,8,47,21,4876,11581.8,1447.725,,,0,0,0,0,0.0,0,Recent moderate purchasers and minimal cancellations
12940,2011-12-10,2011-09-13 10:16:00,2011-10-16 12:09:00,55,2,99,87,411,913.54,456.77,2011-09-30 10:46:00,2011-10-24 14:04:00,2,4,4,5,37.25,3,Recent moderate purchasers and some cancellation activity
12942,2011-12-10,2010-12-09 09:34:00,2011-07-31 14:39:00,132,3,75,68,203,683.9,227.9667,,,0,0,0,0,0.0,0,Recent moderate purchasers and minimal cancellations
12944,2011-12-10,2010-12-20 10:41:00,2011-11-04 11:04:00,36,2,30,29,289,604.51,302.255,,,0,0,0,0,0.0,0,Recent moderate purchasers and minimal cancellations
12945,2011-12-10,2011-02-24 14:15:00,2011-02-24 14:15:00,289,1,23,23,165,462.95,462.95,,,0,0,0,0,0.0,2,Less recent infrequent purchasers
12947,2011-12-10,2010-12-01 16:21:00,2011-07-19 10:06:00,144,6,97,83,1165,1603.99,267.3317,2010-12-15 16:57:00,2011-06-21 18:03:00,5,6,6,8,196.7,1,Recent high-activity purchasers and frequent cancellations
12948,2011-12-10,2011-03-20 10:17:00,2011-11-23 17:10:00,17,7,116,82,1080,2064.95,294.9929,2011-08-31 11:34:00,2011-08-31 11:34:00,1,2,2,3,11.25,3,Recent moderate purchasers and some cancellation activity
12949,2011-12-10,2011-04-01 13:20:00,2011-11-09 11:25:00,31,8,215,166,2381,4167.22,520.9025,2011-04-07 10:59:00,2011-04-08 09:51:00,2,4,4,18,24.2,1,Recent high-activity purchasers and frequent cancellations
12950,2011-12-10,2011-11-15 13:48:00,2011-12-07 13:17:00,3,3,23,13,1380,1843.0,614.3333,,,0,0,0,0,0.0,0,Recent moderate purchasers and minimal cancellations
12951,2011-12-10,2011-01-13 10:33:00,2011-12-01 12:14:00,9,6,63,53,503,1064.07,177.345,2011-02-14 13:40:00,2011-06-29 15:20:00,2,2,2,3,22.0,3,Recent moderate purchasers and some cancellation activity
12952,2011-12-10,2011-09-22 16:37:00,2011-12-04 10:35:00,6,4,79,64,653,1387.79,346.9475,2011-11-10 14:53:00,2011-11-10 14:53:00,1,1,1,1,4.95,3,Recent moderate purchasers and some cancellation activity
12953,2011-12-10,2011-11-30 09:24:00,2011-11-30 09:24:00,10,1,17,17,84,329.85,329.85,,,0,0,0,0,0.0,2,Less recent infrequent purchasers
12955,2011-12-10,2011-03-17 09:03:00,2011-12-08 16:29:00,2,11,180,81,3664,4757.16,432.4691,2011-06-27 17:06:00,2011-08-25 11:10:00,3,3,2,22,22.9,1,Recent high-activity purchasers and frequent cancellations
12956,2011-12-10,2011-02-06 16:08:00,2011-02-06 16:08:00,307,1,19,19,34,108.07,108.07,,,0,0,0,0,0.0,2,Less recent infrequent purchasers
12957,2011-12-10,2011-01-04 12:18:00,2011-11-30 09:53:00,10,8,238,208,2549,4017.54,502.1925,2011-01-06 17:38:00,2011-12-05 16:32:00,4,6,6,18,38.5,1,Recent high-activity purchasers and frequent cancellations
12962,2011-12-10,2011-08-18 13:38:00,2011-12-02 15:55:00,8,2,16,15,129,266.39,133.195,,,0,0,0,0,0.0,2,Less recent infrequent purchasers
12963,2011-12-10,2010-12-09 09:14:00,2011-12-01 12:55:00,9,8,95,75,881,1856.63,232.0788,,,0,0,0,0,0.0,0,Recent moderate purchasers and minimal cancellations
12965,2011-12-10,2011-09-11 15:31:00,2011-09-11 15:31:00,90,1,109,108,283,771.91,771.91,,,0,0,0,0,0.0,0,Recent moderate purchasers and minimal cancellations
12966,2011-12-10,2011-11-30 12:38:00,2011-11-30 12:38:00,10,1,10,10,75,160.18,160.18,,,0,0,0,0,0.0,2,Less recent infrequent purchasers
12967,2011-12-10,2010-12-03 09:49:00,2010-12-16 19:10:00,359,2,19,19,438,1660.9,830.45,2011-02-10 17:06:00,2011-12-06 14:19:00,2,14,14,195,466.15,3,Recent moderate purchasers and some cancellation activity
12968,2011-12-10,2011-08-19 15:44:00,2011-08-19 15:44:00,113,1,5,5,73,135.95,135.95,,,0,0,0,0,0.0,2,Less recent infrequent purchasers
12970,2011-12-10,2011-01-21 14:04:00,2011-12-02 14:30:00,8,4,151,116,310,452.24,113.06,,,0,0,0,0,0.0,0,Recent moderate purchasers and minimal cancellations
12971,2011-12-10,2010-12-02 16:42:00,2011-12-06 12:20:00,4,86,305,94,9289,11189.91,130.1152,2010-12-21 10:16:00,2011-07-19 12:47:00,2,2,2,85,256.15,1,Recent high-activity purchasers and frequent cancellations
12974,2011-12-10,2011-05-26 09:33:00,2011-05-26 09:33:00,198,1,8,8,24,144.8,144.8,,,0,0,0,0,0.0,2,Less recent infrequent purchasers
12976,2011-12-10,2011-05-12 09:55:00,2011-05-12 09:55:00,212,1,22,22,561,738.6,738.6,,,0,0,0,0,0.0,0,Recent moderate purchasers and minimal cancellations
12977,2011-12-10,2011-07-06 16:40:00,2011-07-06 16:40:00,157,1,9,9,12,39.24,39.24,,,0,0,0,0,0.0,2,Less recent infrequent purchasers
12980,2011-12-10,2010-12-16 11:36:00,2011-07-05 09:34:00,158,9,20,6,886,7374.9,819.4333,2010-12-23 12:55:00,2011-07-07 11:42:00,3,4,3,22,282.84,3,Recent moderate purchasers and some cancellation activity
12981,2011-12-10,2011-07-29 14:14:00,2011-11-10 12:00:00,30,2,20,12,242,372.22,186.11,,,0,0,0,0,0.0,2,Less recent infrequent purchasers
12982,2011-12-10,2011-04-11 11:51:00,2011-04-11 11:51:00,243,1,28,28,288,390.54,390.54,2011-04-14 10:49:00,2011-04-14 10:49:00,1,6,6,10,13.34,3,Recent moderate purchasers and some cancellation activity
12984,2011-12-10,2011-11-21 12:37:00,2011-11-21 12:37:00,19,1,4,4,26,97.5,97.5,,,0,0,0,0,0.0,2,Less recent infrequent purchasers
12985,2011-12-10,2011-11-11 12:44:00,2011-12-09 10:46:00,1,2,76,73,1533,1239.38,619.69,2011-12-08 18:51:00,2011-12-08 18:51:00,1,2,2,120,23.76,3,Recent moderate purchasers and some cancellation activity
12987,2011-12-10,2011-05-26 12:00:00,2011-09-27 12:03:00,74,2,28,27,219,558.7,279.35,2011-06-01 15:13:00,2011-06-01 15:13:00,1,2,2,2,13.7,3,Recent moderate purchasers and some cancellation activity
12988,2011-12-10,2011-02-20 14:31:00,2011-02-20 14:31:00,293,1,92,75,136,535.32,535.32,,,0,0,0,0,0.0,0,Recent moderate purchasers and minimal cancellations
12989,2011-12-10,2010-12-10 13:24:00,2011-12-06 15:28:00,4,15,64,41,2943,6924.11,461.6073,2011-02-17 15:02:00,2011-12-06 13:37:00,4,4,2,28,69.6,1,Recent high-activity purchasers and frequent cancellations
12990,2011-12-10,2011-02-02 15:39:00,2011-11-08 13:01:00,32,3,13,8,200,409.5,136.5,,,0,0,0,0,0.0,2,Less recent infrequent purchasers
12991,2011-12-10,2011-08-19 14:39:00,2011-11-16 15:34:00,24,2,31,31,405,503.76,251.88,,,0,0,0,0,0.0,0,Recent moderate purchasers and minimal cancellations
12993,2011-12-10,2011-02-14 14:29:00,2011-11-16 15:49:00,24,4,27,26,240,414.76,103.69,,,0,0,0,0,0.0,0,Recent moderate purchasers and minimal cancellations
12994,2011-12-10,2011-03-16 08:31:00,2011-12-05 15:43:00,5,3,61,52,459,974.42,324.8067,2011-03-21 16:15:00,2011-08-24 09:24:00,2,12,10,19,72.2,3,Recent moderate purchasers and some cancellation activity
12995,2011-12-10,2011-09-15 15:44:00,2011-09-15 15:44:00,86,1,3,3,108,211.32,211.32,2011-09-23 09:20:00,2011-09-23 09:20:00,1,2,2,10,10.6,2,Less recent infrequent purchasers
12997,2011-12-10,2011-01-26 15:49:00,2011-11-17 15:47:00,23,4,59,45,664,1226.89,306.7225,2011-01-28 15:57:00,2011-09-15 10:08:00,3,8,6,16,28.95,3,Recent moderate purchasers and some cancellation activity
12999,2011-12-10,2011-04-08 10:26:00,2011-05-27 13:24:00,197,3,28,25,342,455.88,151.96,,,0,0,0,0,0.0,2,Less recent infrequent purchasers
13000,2011-12-10,2010-12-10 10:26:00,2011-08-25 10:43:00,107,3,31,30,379,534.85,178.2833,,,0,0,0,0,0.0,0,Recent moderate purchasers and minimal cancellations
13001,2011-12-10,2011-01-17 12:45:00,2011-12-05 14:51:00,5,13,339,166,5505,9818.82,755.2938,2011-02-16 14:13:00,2011-02-16 14:13:00,2,3,3,8,20.9,1,Recent high-activity purchasers and frequent cancellations
13002,2011-12-10,2011-01-25 15:18:00,2011-01-25 15:18:00,319,1,7,7,73,120.95,120.95,,,0,0,0,0,0.0,2,Less recent infrequent purchasers
13003,2011-12-10,2011-05-09 08:23:00,2011-08-26 10:50:00,106,3,6,4,103,149.05,49.6833,,,0,0,0,0,0.0,2,Less recent infrequent purchasers
13004,2011-12-10,2010-12-17 08:20:00,2011-11-28 11:27:00,12,18,404,277,4822,5655.91,314.2172,2011-05-23 10:34:00,2011-10-27 13:35:00,4,5,4,26,42.48,1,Recent high-activity purchasers and frequent cancellations
13005,2011-12-10,2011-04-07 13:32:00,2011-06-19 10:53:00,174,2,26,21,172,513.7,256.85,2011-04-08 12:37:00,2011-04-08 12:37:00,1,3,3,5,44.75,3,Recent moderate purchasers and some cancellation activity
13006,2011-12-10,2011-10-14 13:49:00,2011-10-14 13:49:00,57,1,4,4,55,81.57,81.57,,,0,0,0,0,0.0,2,Less recent infrequent purchasers
13008,2011-12-10,2011-01-20 14:24:00,2011-01-20 14:24:00,324,1,14,14,175,229.47,229.47,2010-12-14 10:28:00,2010-12-14 10:28:00,1,1,1,60,51.0,3,Recent moderate purchasers and some cancellation activity
13011,2011-12-10,2010-12-02 17:22:00,2010-12-02 17:22:00,373,1,3,3,13,50.55,50.55,,,0,0,0,0,0.0,2,Less recent infrequent purchasers
13012,2011-12-10,2011-02-18 09:43:00,2011-11-30 13:05:00,10,8,89,67,824,1661.84,207.73,2011-06-13 16:14:00,2011-11-18 16:12:00,2,17,17,152,345.12,1,Recent high-activity purchasers and frequent cancellations
13013,2011-12-10,2010-12-03 12:28:00,2011-12-08 15:01:00,2,13,219,155,2224,4810.94,370.0723,2011-07-12 11:10:00,2011-07-15 13:58:00,2,3,2,7,23.95,1,Recent high-activity purchasers and frequent cancellations
13014,2011-12-10,2011-03-03 18:28:00,2011-11-29 12:27:00,11,10,109,67,905,3466.28,346.628,2011-03-10 11:15:00,2011-12-07 09:24:00,6,14,12,21,100.85,1,Recent high-activity purchasers and frequent cancellations
13015,2011-12-10,2011-04-04 14:28:00,2011-10-17 13:19:00,54,5,176,156,1617,3346.28,669.256,,,0,0,0,0,0.0,0,Recent moderate purchasers and minimal cancellations
13016,2011-12-10,2011-08-08 15:00:00,2011-09-27 14:08:00,74,3,47,39,527,789.89,263.2967,,,0,0,0,0,0.0,0,Recent moderate purchasers and minimal cancellations
13017,2011-12-10,2011-12-02 15:53:00,2011-12-02 15:53:00,8,1,1,1,48,204.0,204.0,,,0,0,0,0,0.0,2,Less recent infrequent purchasers
13018,2011-12-10,2011-02-17 11:05:00,2011-11-23 13:28:00,17,28,458,313,5435,7277.7,259.9179,2011-03-02 17:19:00,2011-03-02 17:19:00,1,1,1,1,4.95,3,Recent moderate purchasers and some cancellation activity
13021,2011-12-10,2010-12-16 10:12:00,2011-12-05 16:37:00,5,9,131,101,1352,2616.38,290.7089,2010-12-09 14:12:00,2011-07-05 13:18:00,3,3,3,16,31.98,3,Recent moderate purchasers and some cancellation activity
13023,2011-12-10,2011-08-02 09:34:00,2011-10-06 16:27:00,65,2,38,35,280,599.9,299.95,,,0,0,0,0,0.0,0,Recent moderate purchasers and minimal cancellations
13026,2011-12-10,2011-03-09 11:35:00,2011-12-08 16:58:00,2,5,40,32,1620,975.36,195.072,2011-09-15 16:42:00,2011-11-15 10:52:00,2,2,2,33,31.59,3,Recent moderate purchasers and some cancellation activity
13027,2011-12-10,2010-12-20 12:45:00,2011-08-18 09:39:00,114,6,26,6,17280,6912.0,1152.0,,,0,0,0,0,0.0,0,Recent moderate purchasers and minimal cancellations
13028,2011-12-10,2011-10-25 14:09:00,2011-11-17 11:10:00,23,2,45,40,798,661.32,330.66,2011-11-01 09:41:00,2011-11-01 09:41:00,1,2,2,2,1.64,3,Recent moderate purchasers and some cancellation activity
13029,2011-12-10,2010-12-21 13:53:00,2011-11-09 09:13:00,31,3,10,8,134,1247.5,415.8333,,,0,0,0,0,0.0,2,Less recent infrequent purchasers
13030,2011-12-10,2010-12-06 14:31:00,2011-11-28 14:30:00,12,2,99,76,394,799.48,399.74,,,0,0,0,0,0.0,0,Recent moderate purchasers and minimal cancellations
13032,2011-12-10,2011-09-13 16:40:00,2011-10-18 15:54:00,53,2,71,55,375,1010.18,505.09,2011-11-01 09:56:00,2011-11-01 09:56:00,1,4,4,8,13.66,3,Recent moderate purchasers and some cancellation activity
13033,2011-12-10,2010-12-17 14:23:00,2010-12-17 14:23:00,358,1,11,11,83,190.55,190.55,,,0,0,0,0,0.0,2,Less recent infrequent purchasers
13034,2011-12-10,2010-12-05 14:52:00,2011-10-16 12:21:00,55,2,37,37,369,642.77,321.385,,,0,0,0,0,0.0,0,Recent moderate purchasers and minimal cancellations
13035,2011-12-10,2011-03-24 09:21:00,2011-09-27 08:57:00,74,2,27,23,644,921.88,460.94,2011-10-13 12:23:00,2011-10-13 12:23:00,1,3,3,17,35.25,3,Recent moderate purchasers and some cancellation activity
13037,2011-12-10,2011-03-28 15:42:00,2011-07-24 15:46:00,139,3,48,44,431,881.07,293.69,,,0,0,0,0,0.0,0,Recent moderate purchasers and minimal cancellations
13038,2011-12-10,2011-02-22 11:43:00,2011-09-20 14:37:00,81,3,28,24,360,908.46,302.82,,,0,0,0,0,0.0,0,Recent moderate purchasers and minimal cancellations
13040,2011-12-10,2011-11-06 13:53:00,2011-12-01 10:38:00,9,2,43,38,355,676.99,338.495,,,0,0,0,0,0.0,0,Recent moderate purchasers and minimal cancellations
13043,2011-12-10,2011-03-11 14:52:00,2011-03-11 14:52:00,274,1,13,13,254,516.42,516.42,2011-03-31 12:14:00,2011-03-31 12:14:00,1,1,1,3,44.85,3,Recent moderate purchasers and some cancellation activity
13044,2011-12-10,2011-02-21 15:20:00,2011-02-21 15:20:00,292,1,33,33,429,560.47,560.47,,,0,0,0,0,0.0,0,Recent moderate purchasers and minimal cancellations
13045,2011-12-10,2011-09-01 15:04:00,2011-09-01 15:04:00,100,1,18,18,221,305.28,305.28,,,0,0,0,0,0.0,2,Less recent infrequent purchasers
13046,2011-12-10,2011-03-18 15:43:00,2011-11-09 08:36:00,31,2,35,33,264,629.31,314.655,,,0,0,0,0,0.0,0,Recent moderate purchasers and minimal cancellations
13047,2011-12-10,2010-12-01 08:34:00,2011-10-14 11:15:00,57,9,171,105,1390,3232.59,359.1767,2011-01-06 18:02:00,2011-10-24 14:02:00,7,23,20,35,143.49,1,Recent high-activity purchasers and frequent cancellations
13048,2011-12-10,2011-01-16 14:36:00,2011-11-25 13:23:00,15,4,136,77,1238,1835.91,458.9775,2011-08-19 11:18:00,2011-08-19 11:18:00,1,1,1,8,30.0,3,Recent moderate purchasers and some cancellation activity
13049,2011-12-10,2011-01-25 16:33:00,2011-10-06 15:31:00,65,2,14,14,268,656.68,328.34,,,0,0,0,0,0.0,2,Less recent infrequent purchasers
13050,2011-12-10,2010-12-08 09:30:00,2011-11-25 09:18:00,15,17,402,245,3747,5833.11,343.1241,2010-12-14 10:02:00,2011-11-30 17:28:00,11,19,19,41,152.25,1,Recent high-activity purchasers and frequent cancellations
13052,2011-12-10,2011-05-11 14:12:00,2011-05-11 14:12:00,213,1,18,18,222,348.15,348.15,,,0,0,0,0,0.0,2,Less recent infrequent purchasers
13055,2011-12-10,2011-05-10 08:58:00,2011-09-22 14:26:00,79,3,76,74,894,1214.41,404.8033,2011-10-06 18:57:00,2011-10-06 18:57:00,1,2,2,3,12.45,3,Recent moderate purchasers and some cancellation activity
13058,2011-12-10,2011-07-11 12:01:00,2011-11-15 12:43:00,25,3,8,5,52,271.4,90.4667,,,0,0,0,0,0.0,2,Less recent infrequent purchasers
13059,2011-12-10,2011-04-04 10:40:00,2011-04-04 10:40:00,250,1,8,8,35,183.4,183.4,,,0,0,0,0,0.0,2,Less recent infrequent purchasers
13060,2011-12-10,2011-03-31 11:37:00,2011-03-31 11:37:00,254,1,15,15,123,307.53,307.53,,,0,0,0,0,0.0,2,Less recent infrequent purchasers
13061,2011-12-10,2011-09-28 16:04:00,2011-09-28 16:04:00,73,1,10,10,107,248.61,248.61,,,0,0,0,0,0.0,2,Less recent infrequent purchasers
13062,2011-12-10,2011-06-01 15:12:00,2011-06-01 15:12:00,192,1,10,10,342,331.98,331.98,,,0,0,0,0,0.0,2,Less recent infrequent purchasers
13064,2011-12-10,2011-01-16 13:41:00,2011-11-27 12:31:00,13,4,69,51,516,1119.49,279.8725,,,0,0,0,0,0.0,0,Recent moderate purchasers and minimal cancellations
13065,2011-12-10,2010-12-01 16:52:00,2010-12-01 16:52:00,374,1,14,14,74,205.86,205.86,,,0,0,0,0,0.0,2,Less recent infrequent purchasers
13066,2011-12-10,2011-11-07 17:06:00,2011-11-15 12:57:00,25,2,48,48,322,470.8,235.4,2011-11-15 13:39:00,2011-11-15 13:39:00,1,1,1,2,39.9,3,Recent moderate purchasers and some cancellation activity
13067,2011-12-10,2011-09-18 13:38:00,2011-09-18 13:38:00,83,1,15,14,32,115.46,115.46,,,0,0,0,0,0.0,2,Less recent infrequent purchasers
13068,2011-12-10,2011-01-24 08:20:00,2011-11-29 15:00:00,11,2,2,1,200,344.0,172.0,,,0,0,0,0,0.0,2,Less recent infrequent purchasers
13069,2011-12-10,2010-12-05 11:02:00,2011-12-09 08:39:00,1,24,425,281,5885,4436.12,184.8383,2011-04-14 17:43:00,2011-11-25 15:18:00,3,45,43,419,718.3,1,Recent high-activity purchasers and frequent cancellations
13070,2011-12-10,2011-05-31 13:45:00,2011-05-31 13:45:00,193,1,9,9,110,228.8,228.8,,,0,0,0,0,0.0,2,Less recent infrequent purchasers
13072,2011-12-10,2011-03-18 08:12:00,2011-03-18 08:12:00,267,1,7,7,69,177.15,177.15,,,0,0,0,0,0.0,2,Less recent infrequent purchasers
13075,2011-12-10,2011-08-02 10:19:00,2011-08-02 10:19:00,130,1,22,22,485,919.61,919.61,,,0,0,0,0,0.0,0,Recent moderate purchasers and minimal cancellations
13077,2011-12-10,2010-12-08 14:59:00,2011-12-08 19:24:00,2,4,112,99,863,729.27,182.3175,,,0,0,0,0,0.0,0,Recent moderate purchasers and minimal cancellations
13078,2011-12-10,2010-12-08 09:07:00,2011-12-06 15:36:00,4,26,358,95,5630,12627.94,485.69,2010-12-14 11:18:00,2011-12-08 18:48:00,17,22,16,73,195.66,1,Recent high-activity purchasers and frequent cancellations
13079,2011-12-10,2011-07-22 14:41:00,2011-12-05 16:53:00,5,5,6,2,62,220.1,44.02,,,0,0,0,0,0.0,2,Less recent infrequent purchasers
13080,2011-12-10,2011-06-13 14:59:00,2011-06-13 14:59:00,180,1,6,6,120,58.08,58.08,,,0,0,0,0,0.0,2,Less recent infrequent purchasers
13081,2011-12-10,2010-12-03 17:20:00,2011-11-28 10:54:00,12,11,1024,503,19068,28337.38,2576.1255,2011-01-05 15:43:00,2011-12-08 13:13:00,9,32,31,138,365.3,1,Recent high-activity purchasers and frequent cancellations
13082,2011-12-10,2011-01-05 15:42:00,2011-08-05 16:16:00,127,9,73,63,4324,3613.63,401.5144,2011-04-19 10:52:00,2011-04-19 10:52:00,1,2,2,11,18.15,3,Recent moderate purchasers and some cancellation activity
13083,2011-12-10,2011-09-25 10:46:00,2011-12-05 15:01:00,5,2,18,15,187,303.75,151.875,,,0,0,0,0,0.0,2,Less recent infrequent purchasers
13085,2011-12-10,2011-02-17 13:57:00,2011-07-05 12:11:00,158,2,22,17,216,416.08,208.04,2011-04-28 16:15:00,2011-04-28 16:15:00,1,7,7,108,143.7,3,Recent moderate purchasers and some cancellation activity
13089,2011-12-10,2010-12-05 10:27:00,2011-12-07 09:02:00,3,97,1818,636,31070,58825.83,606.4519,2010-12-20 12:23:00,2011-10-17 10:57:00,21,39,17,283,1439.95,1,Recent high-activity purchasers and frequent cancellations
13090,2011-12-10,2010-12-02 07:48:00,2011-12-01 12:39:00,9,13,154,97,2262,8895.82,684.2938,2011-01-20 16:16:00,2011-10-07 15:52:00,4,6,6,69,221.43,1,Recent high-activity purchasers and frequent cancellations
13091,2011-12-10,2011-11-11 15:54:00,2011-11-11 15:54:00,29,1,21,21,466,345.82,345.82,2011-11-18 16:48:00,2011-11-18 16:48:00,1,3,3,16,26.0,3,Recent moderate purchasers and some cancellation activity
13092,2011-12-10,2010-12-15 12:27:00,2011-09-30 11:18:00,71,5,25,19,279,477.83,95.566,2011-03-23 08:59:00,2011-03-23 08:59:00,1,1,1,8,18.0,3,Recent moderate purchasers and some cancellation activity
13093,2011-12-10,2010-12-01 15:00:00,2011-03-09 12:14:00,276,8,159,97,3961,7832.47,979.0588,2011-01-12 12:47:00,2011-03-17 17:16:00,5,11,10,18,91.0,1,Recent high-activity purchasers and frequent cancellations
13094,2011-12-10,2010-12-06 10:34:00,2011-11-18 14:07:00,22,12,24,4,1716,1927.32,160.61,2011-03-10 10:38:00,2011-06-10 09:30:00,4,6,3,174,218.46,1,Recent high-activity purchasers and frequent cancellations
13095,2011-12-10,2011-09-30 12:03:00,2011-09-30 12:03:00,71,1,6,6,144,74.4,74.4,,,0,0,0,0,0.0,2,Less recent infrequent purchasers
13097,2011-12-10,2010-12-14 15:13:00,2011-11-07 10:43:00,33,10,423,214,2363,6010.42,601.042,2011-02-20 12:31:00,2011-09-23 11:31:00,4,13,12,21,102.15,1,Recent high-activity purchasers and frequent cancellations
13098,2011-12-10,2011-01-26 13:46:00,2011-12-08 14:14:00,2,28,572,156,15968,28882.44,1031.5157,2011-01-26 15:04:00,2011-12-06 11:32:00,13,33,28,57,223.56,1,Recent high-activity purchasers and frequent cancellations
13099,2011-12-10,2011-09-01 17:40:00,2011-09-01 17:40:00,100,1,1,1,288,207.36,207.36,,,0,0,0,0,0.0,2,Less recent infrequent purchasers
13101,2011-12-10,2011-04-19 14:37:00,2011-04-19 14:37:00,235,1,8,8,113,101.19,101.19,,,0,0,0,0,0.0,2,Less recent infrequent purchasers
13102,2011-12-10,2010-12-09 13:38:00,2011-12-08 12:52:00,2,24,304,140,4204,6424.09,267.6704,2011-01-21 11:50:00,2011-04-28 18:16:00,3,6,6,44,87.8,1,Recent high-activity purchasers and frequent cancellations
13103,2011-12-10,2011-10-31 09:38:00,2011-10-31 09:38:00,40,1,8,8,82,243.94,243.94,,,0,0,0,0,0.0,2,Less recent infrequent purchasers
13104,2011-12-10,2010-12-20 11:58:00,2011-12-06 13:10:00,4,6,20,14,504,1098.48,183.08,,,0,0,0,0,0.0,0,Recent moderate purchasers and minimal cancellations
13106,2011-12-10,2011-07-29 15:12:00,2011-07-29 15:12:00,134,1,1,1,18,76.5,76.5,2011-08-03 11:50:00,2011-08-03 11:50:00,1,1,1,4,17.0,2,Less recent infrequent purchasers
13107,2011-12-10,2011-01-10 12:28:00,2011-10-26 14:52:00,45,4,58,54,1293,1531.62,382.905,2011-01-14 17:00:00,2011-01-14 17:00:00,1,2,2,5,7.55,3,Recent moderate purchasers and some cancellation activity
13108,2011-12-10,2010-12-02 10:35:00,2010-12-02 10:35:00,373,1,10,10,298,350.06,350.06,,,0,0,0,0,0.0,2,Less recent infrequent purchasers
13109,2011-12-10,2011-07-05 14:56:00,2011-10-11 10:16:00,60,2,47,41,520,786.54,393.27,2011-07-28 11:27:00,2011-12-07 12:38:00,3,3,2,6,19.7,3,Recent moderate purchasers and some cancellation activity
13110,2011-12-10,2011-02-01 15:24:00,2011-11-08 14:30:00,32,7,145,109,388,1488.67,212.6671,2011-02-10 14:11:00,2011-02-10 14:11:00,1,1,1,4,35.8,3,Recent moderate purchasers and some cancellation activity
13113,2011-12-10,2010-12-08 13:21:00,2011-12-09 12:49:00,1,24,200,95,3045,12245.96,510.2483,2010-12-08 13:07:00,2011-10-10 10:52:00,15,78,47,449,1722.31,1,Recent high-activity purchasers and frequent cancellations
13115,2011-12-10,2011-06-08 16:15:00,2011-11-28 12:38:00,12,4,120,88,1567,2294.78,573.695,2010-12-08 15:01:00,2011-12-01 09:39:00,10,12,12,33,89.15,1,Recent high-activity purchasers and frequent cancellations
13116,2011-12-10,2011-07-24 14:33:00,2011-07-24 14:33:00,139,1,30,30,291,501.14,501.14,2011-08-14 14:36:00,2011-08-14 14:36:00,1,1,1,1,15.95,3,Recent moderate purchasers and some cancellation activity
13117,2011-12-10,2010-12-02 13:11:00,2011-11-18 12:02:00,22,8,76,66,945,984.91,123.1138,,,0,0,0,0,0.0,0,Recent moderate purchasers and minimal cancellations
13118,2011-12-10,2011-02-24 12:32:00,2011-11-20 12:46:00,20,5,79,68,410,1197.81,239.562,2011-02-24 09:59:00,2011-11-20 12:46:00,2,3,3,21,72.81,3,Recent moderate purchasers and some cancellation activity
13120,2011-12-10,2011-04-15 10:19:00,2011-04-15 10:19:00,239,1,1,1,12,30.6,30.6,,,0,0,0,0,0.0,2,Less recent infrequent purchasers
13121,2011-12-10,2011-03-15 16:47:00,2011-03-15 16:47:00,270,1,50,50,252,283.73,283.73,2011-03-15 16:51:00,2011-03-15 16:51:00,1,3,3,25,29.0,3,Recent moderate purchasers and some cancellation activity
13122,2011-12-10,2011-04-13 14:12:00,2011-09-06 15:53:00,95,2,55,54,585,922.39,461.195,,,0,0,0,0,0.0,0,Recent moderate purchasers and minimal cancellations
13124,2011-12-10,2010-12-15 15:00:00,2011-09-11 12:45:00,90,3,235,185,2147,3866.33,1288.7767,,,0,0,0,0,0.0,0,Recent moderate purchasers and minimal cancellations
13126,2011-12-10,2010-12-08 11:42:00,2011-12-05 10:00:00,5,8,140,124,2143,2099.64,262.455,2011-01-11 11:39:00,2011-11-01 09:39:00,2,2,2,13,43.35,3,Recent moderate purchasers and some cancellation activity
13127,2011-12-10,2011-09-23 10:26:00,2011-09-23 10:26:00,78,1,15,15,127,259.17,259.17,,,0,0,0,0,0.0,2,Less recent infrequent purchasers
13130,2011-12-10,2011-09-06 15:30:00,2011-09-06 15:30:00,95,1,2,2,32,64.0,64.0,,,0,0,0,0,0.0,2,Less recent infrequent purchasers
13131,2011-12-10,2011-06-05 10:54:00,2011-11-16 13:21:00,24,3,44,30,447,1073.3,357.7667,2011-10-06 18:45:00,2011-10-06 18:45:00,1,2,2,4,34.0,3,Recent moderate purchasers and some cancellation activity
13132,2011-12-10,2011-03-23 12:44:00,2011-03-23 12:44:00,262,1,3,3,20,77.3,77.3,,,0,0,0,0,0.0,2,Less recent infrequent purchasers
13133,2011-12-10,2011-02-08 15:48:00,2011-03-11 10:31:00,274,2,7,7,32,109.8,54.9,,,0,0,0,0,0.0,2,Less recent infrequent purchasers
13134,2011-12-10,2011-04-13 12:57:00,2011-09-15 10:35:00,86,4,98,94,1059,1793.58,448.395,2011-04-19 16:33:00,2011-09-28 09:22:00,3,7,7,15,52.95,1,Recent high-activity purchasers and frequent cancellations
13135,2011-12-10,2011-05-27 10:52:00,2011-05-27 10:52:00,197,1,1,1,4300,3096.0,3096.0,,,0,0,0,0,0.0,0,Recent moderate purchasers and minimal cancellations
13136,2011-12-10,2011-05-11 12:47:00,2011-10-14 13:41:00,57,5,127,94,1328,2607.61,521.522,2010-12-09 15:34:00,2011-10-20 19:13:00,6,12,12,16,62.23,1,Recent high-activity purchasers and frequent cancellations
13137,2011-12-10,2011-02-04 11:54:00,2011-11-29 12:09:00,11,8,704,345,2226,3650.41,456.3013,2011-09-09 09:38:00,2011-09-09 09:38:00,1,1,1,1,45.33,3,Recent moderate purchasers and some cancellation activity
13138,2011-12-10,2010-12-02 15:03:00,2011-11-17 16:51:00,23,6,63,31,473,962.39,160.3983,,,0,0,0,0,0.0,0,Recent moderate purchasers and minimal cancellations
13139,2011-12-10,2011-03-25 11:57:00,2011-11-23 13:54:00,17,7,170,132,2425,5064.94,723.5629,2011-11-14 13:42:00,2011-11-14 13:42:00,1,4,4,7,9.15,3,Recent moderate purchasers and some cancellation activity
13140,2011-12-10,2010-12-08 15:12:00,2011-08-23 15:33:00,109,3,46,40,186,423.72,141.24,,,0,0,0,0,0.0,0,Recent moderate purchasers and minimal cancellations
13141,2011-12-10,2011-01-28 13:04:00,2011-09-16 09:54:00,85,5,135,113,1548,2388.75,477.75,2011-02-01 15:49:00,2011-02-01 15:49:00,1,1,1,1,2.95,3,Recent moderate purchasers and some cancellation activity
13142,2011-12-10,2011-11-20 16:07:00,2011-11-20 16:07:00,20,1,23,23,258,307.09,307.09,,,0,0,0,0,0.0,2,Less recent infrequent purchasers
13144,2011-12-10,2011-01-11 11:15:00,2011-01-11 11:15:00,333,1,3,3,21,110.95,110.95,,,0,0,0,0,0.0,2,Less recent infrequent purchasers
13145,2011-12-10,2010-12-02 18:06:00,2011-10-31 12:45:00,40,4,6,5,145,618.52,154.63,2011-09-14 11:39:00,2011-09-14 11:39:00,1,1,1,3,3.75,2,Less recent infrequent purchasers
13146,2011-12-10,2011-11-13 15:29:00,2011-11-13 15:29:00,27,1,17,16,154,228.91,228.91,,,0,0,0,0,0.0,2,Less recent infrequent purchasers
13147,2011-12-10,2011-09-01 12:28:00,2011-11-29 13:59:00,11,4,4,1,144,712.8,178.2,,,0,0,0,0,0.0,2,Less recent infrequent purchasers
13148,2011-12-10,2010-12-10 13:06:00,2011-11-10 15:23:00,30,12,319,231,1975,3707.12,308.9267,2010-12-21 10:47:00,2011-08-24 16:20:00,5,28,27,147,358.64,1,Recent high-activity purchasers and frequent cancellations
13149,2011-12-10,2011-02-23 13:57:00,2011-11-25 13:09:00,15,4,86,76,1280,1676.06,419.015,,,0,0,0,0,0.0,0,Recent moderate purchasers and minimal cancellations
13151,2011-12-10,2011-02-17 12:29:00,2011-02-17 12:29:00,296,1,74,73,363,1257.87,1257.87,2011-05-20 12:55:00,2011-05-20 12:55:00,1,1,1,2,7.5,3,Recent moderate purchasers and some cancellation activity
13153,2011-12-10,2011-12-04 12:14:00,2011-12-04 12:14:00,6,1,15,15,418,486.22,486.22,,,0,0,0,0,0.0,0,Recent moderate purchasers and minimal cancellations
13155,2011-12-10,2010-12-06 12:44:00,2011-11-06 15:41:00,34,4,85,67,497,971.76,242.94,,,0,0,0,0,0.0,0,Recent moderate purchasers and minimal cancellations
13157,2011-12-10,2011-02-14 14:03:00,2011-10-21 13:50:00,50,4,87,69,1439,1741.22,435.305,2011-04-18 13:28:00,2011-04-18 13:28:00,1,2,2,9,19.65,3,Recent moderate purchasers and some cancellation activity
13158,2011-12-10,2011-01-25 09:58:00,2011-09-06 11:58:00,95,4,79,59,784,1201.06,300.265,,,0,0,0,0,0.0,0,Recent moderate purchasers and minimal cancellations
13159,2011-12-10,2011-08-16 11:44:00,2011-12-01 11:20:00,9,4,121,114,1059,1437.85,359.4625,2011-08-26 14:35:00,2011-08-26 14:35:00,1,1,1,14,58.1,3,Recent moderate purchasers and some cancellation activity
13160,2011-12-10,2011-11-17 13:07:00,2011-11-17 13:07:00,23,1,4,4,56,91.8,91.8,,,0,0,0,0,0.0,2,Less recent infrequent purchasers
13161,2011-12-10,2011-01-30 14:03:00,2011-01-30 14:03:00,314,1,8,8,29,112.75,112.75,,,0,0,0,0,0.0,2,Less recent infrequent purchasers
13162,2011-12-10,2011-01-09 10:43:00,2011-08-09 15:59:00,123,4,79,74,1713,1688.29,422.0725,2011-01-11 16:59:00,2011-01-11 16:59:00,1,3,3,50,43.3,3,Recent moderate purchasers and some cancellation activity
13165,2011-12-10,2010-12-23 14:06:00,2011-10-24 15:05:00,47,2,42,40,1376,1021.48,510.74,,,0,0,0,0,0.0,0,Recent moderate purchasers and minimal cancellations
13166,2011-12-10,2011-03-01 15:16:00,2011-03-01 15:16:00,284,1,41,39,216,417.2,417.2,2011-03-02 14:28:00,2011-03-02 14:28:00,1,1,1,2,2.5,2,Less recent infrequent purchasers
13167,2011-12-10,2011-07-19 12:13:00,2011-11-21 12:24:00,19,4,64,50,773,779.33,194.8325,,,0,0,0,0,0.0,0,Recent moderate purchasers and minimal cancellations
13168,2011-12-10,2011-01-25 13:55:00,2011-11-03 12:56:00,37,4,131,102,682,1319.19,329.7975,2011-05-24 13:25:00,2011-05-24 13:25:00,1,2,2,2,9.05,3,Recent moderate purchasers and some cancellation activity
13169,2011-12-10,2011-04-01 14:24:00,2011-10-07 12:11:00,64,2,13,11,272,712.88,356.44,,,0,0,0,0,0.0,2,Less recent infrequent purchasers
13170,2011-12-10,2011-11-13 12:19:00,2011-11-13 12:19:00,27,1,32,29,147,116.01,116.01,,,0,0,0,0,0.0,2,Less recent infrequent purchasers
13171,2011-12-10,2011-02-13 14:16:00,2011-11-18 10:27:00,22,3,46,37,229,468.41,156.1367,2011-11-23 10:49:00,2011-12-01 15:06:00,2,2,1,2,41.6,3,Recent moderate purchasers and some cancellation activity
13173,2011-12-10,2010-12-07 14:30:00,2011-12-05 15:51:00,5,2,43,41,277,353.65,176.825,,,0,0,0,0,0.0,0,Recent moderate purchasers and minimal cancellations
13174,2011-12-10,2010-12-05 16:24:00,2011-11-23 14:35:00,17,3,313,227,1394,2813.03,937.6767,,,0,0,0,0,0.0,0,Recent moderate purchasers and minimal cancellations
13176,2011-12-10,2011-10-24 15:43:00,2011-10-24 15:43:00,47,1,72,66,453,492.84,492.84,,,0,0,0,0,0.0,0,Recent moderate purchasers and minimal cancellations
13177,2011-12-10,2011-10-06 09:56:00,2011-10-06 09:56:00,65,1,17,17,91,282.45,282.45,,,0,0,0,0,0.0,2,Less recent infrequent purchasers
13178,2011-12-10,2010-12-14 12:22:00,2011-11-13 16:14:00,27,11,265,95,3570,5725.47,520.4973,,,0,0,0,0,0.0,0,Recent moderate purchasers and minimal cancellations
13182,2011-12-10,2011-10-25 13:46:00,2011-10-25 13:46:00,46,1,11,11,201,121.18,121.18,,,0,0,0,0,0.0,2,Less recent infrequent purchasers
13183,2011-12-10,2011-01-09 10:50:00,2011-12-02 10:30:00,8,9,94,51,2208,3957.78,439.7533,,,0,0,0,0,0.0,0,Recent moderate purchasers and minimal cancellations
13184,2011-12-10,2011-02-22 17:25:00,2011-11-25 12:02:00,15,10,180,137,1691,1700.29,170.029,2011-04-01 12:19:00,2011-07-11 12:43:00,2,2,2,30,52.5,3,Recent moderate purchasers and some cancellation activity
13185,2011-12-10,2011-03-17 11:56:00,2011-03-17 11:56:00,268,1,1,1,12,71.4,71.4,,,0,0,0,0,0.0,2,Less recent infrequent purchasers
13186,2011-12-10,2011-08-03 09:09:00,2011-10-31 11:40:00,40,3,79,69,820,1575.89,525.2967,2011-08-08 12:32:00,2011-08-11 10:14:00,2,5,3,16,36.2,3,Recent moderate purchasers and some cancellation activity
13187,2011-12-10,2011-01-06 18:57:00,2011-01-06 18:57:00,338,1,37,37,95,236.02,236.02,,,0,0,0,0,0.0,2,Less recent infrequent purchasers
13188,2011-12-10,2011-11-28 15:28:00,2011-11-28 15:28:00,12,1,1,1,24,99.6,99.6,,,0,0,0,0,0.0,2,Less recent infrequent purchasers
13189,2011-12-10,2011-08-16 13:12:00,2011-11-21 10:39:00,19,2,29,29,842,260.68,130.34,,,0,0,0,0,0.0,0,Recent moderate purchasers and minimal cancellations
13192,2011-12-10,2011-05-18 14:57:00,2011-09-05 14:13:00,96,2,63,57,595,911.94,455.97,,,0,0,0,0,0.0,0,Recent moderate purchasers and minimal cancellations
13193,2011-12-10,2011-10-09 14:30:00,2011-10-09 14:30:00,62,1,29,22,50,117.88,117.88,,,0,0,0,0,0.0,2,Less recent infrequent purchasers
13194,2011-12-10,2011-07-27 09:01:00,2011-07-27 09:01:00,136,1,3,3,26,60.7,60.7,,,0,0,0,0,0.0,2,Less recent infrequent purchasers
13196,2011-12-10,2011-03-22 14:24:00,2011-11-28 13:54:00,12,4,110,97,1224,1797.78,449.445,,,0,0,0,0,0.0,0,Recent moderate purchasers and minimal cancellations
13198,2011-12-10,2010-12-13 09:29:00,2011-11-29 15:17:00,11,6,226,199,2648,3401.24,566.8733,2010-12-14 16:19:00,2011-10-07 09:21:00,2,3,3,3,17.15,3,Recent moderate purchasers and some cancellation activity
13199,2011-12-10,2010-12-08 10:51:00,2011-12-06 12:30:00,4,37,118,47,6175,9802.12,264.9222,2011-06-15 11:46:00,2011-06-15 11:46:00,1,1,1,4,13.16,3,Recent moderate purchasers and some cancellation activity
13200,2011-12-10,2011-08-05 14:50:00,2011-11-20 15:35:00,20,4,46,42,516,870.09,217.5225,,,0,0,0,0,0.0,0,Recent moderate purchasers and minimal cancellations
13203,2011-12-10,2011-04-11 14:40:00,2011-11-30 10:45:00,10,4,57,56,800,869.46,217.365,,,0,0,0,0,0.0,0,Recent moderate purchasers and minimal cancellations
13207,2011-12-10,2011-07-12 11:35:00,2011-11-24 14:52:00,16,2,8,7,130,250.26,125.13,,,0,0,0,0,0.0,2,Less recent infrequent purchasers
13208,2011-12-10,2011-02-03 19:32:00,2011-10-11 16:25:00,60,5,147,123,768,1199.42,239.884,,,0,0,0,0,0.0,0,Recent moderate purchasers and minimal cancellations
13209,2011-12-10,2010-12-13 10:31:00,2011-11-09 13:54:00,31,8,321,255,4253,5891.61,736.4513,2010-12-16 15:30:00,2011-08-24 09:13:00,3,8,8,21,71.45,1,Recent high-activity purchasers and frequent cancellations
13210,2011-12-10,2011-09-07 08:18:00,2011-09-07 08:18:00,94,1,22,22,316,353.48,353.48,,,0,0,0,0,0.0,2,Less recent infrequent purchasers
13211,2011-12-10,2010-12-13 16:17:00,2011-11-29 14:43:00,11,3,56,45,874,1197.42,399.14,,,0,0,0,0,0.0,0,Recent moderate purchasers and minimal cancellations
13212,2011-12-10,2011-10-09 14:48:00,2011-11-20 12:40:00,20,3,142,128,310,788.08,262.6933,2011-11-30 15:12:00,2011-11-30 15:12:00,1,1,1,1,7.5,3,Recent moderate purchasers and some cancellation activity
13213,2011-12-10,2011-05-24 12:22:00,2011-10-14 11:42:00,57,5,90,82,1360,1520.58,304.116,2011-06-16 14:56:00,2011-06-16 14:56:00,1,2,2,3,2.15,3,Recent moderate purchasers and some cancellation activity
13216,2011-12-10,2011-03-17 12:18:00,2011-03-17 12:18:00,268,1,5,5,297,333.74,333.74,,,0,0,0,0,0.0,2,Less recent infrequent purchasers
13217,2011-12-10,2011-07-06 12:08:00,2011-08-09 15:32:00,123,3,4,3,262,533.98,177.9933,2011-07-20 12:32:00,2011-08-09 15:30:00,2,3,3,148,400.36,3,Recent moderate purchasers and some cancellation activity
13218,2011-12-10,2011-08-04 16:59:00,2011-08-04 16:59:00,128,1,5,5,88,62.64,62.64,,,0,0,0,0,0.0,2,Less recent infrequent purchasers
13220,2011-12-10,2011-04-17 10:59:00,2011-09-22 13:38:00,79,4,21,18,196,819.29,204.8225,,,0,0,0,0,0.0,0,Recent moderate purchasers and minimal cancellations
13221,2011-12-10,2010-12-15 13:24:00,2011-04-13 16:58:00,241,2,65,61,243,844.86,422.43,,,0,0,0,0,0.0,0,Recent moderate purchasers and minimal cancellations
13223,2011-12-10,2011-04-21 15:16:00,2011-05-23 13:03:00,201,2,5,5,88,163.2,81.6,,,0,0,0,0,0.0,2,Less recent infrequent purchasers
13224,2011-12-10,2011-07-11 14:10:00,2011-10-10 14:55:00,61,2,107,100,1515,2152.95,1076.475,2011-10-10 15:00:00,2011-10-10 15:00:00,1,1,1,6,5.1,3,Recent moderate purchasers and some cancellation activity
13225,2011-12-10,2010-12-13 09:49:00,2011-12-06 13:29:00,4,7,32,23,3416,6463.84,923.4057,2011-03-31 12:11:00,2011-03-31 12:11:00,1,2,1,64,380.8,3,Recent moderate purchasers and some cancellation activity
13226,2011-12-10,2011-03-11 14:35:00,2011-03-11 14:35:00,274,1,16,16,80,108.21,108.21,,,0,0,0,0,0.0,2,Less recent infrequent purchasers
13227,2011-12-10,2011-05-22 11:47:00,2011-05-22 11:47:00,202,1,9,9,99,257.7,257.7,,,0,0,0,0,0.0,2,Less recent infrequent purchasers
13228,2011-12-10,2011-09-19 14:28:00,2011-09-19 14:28:00,82,1,2,2,200,358.0,358.0,,,0,0,0,0,0.0,2,Less recent infrequent purchasers
13229,2011-12-10,2011-04-28 12:07:00,2011-04-28 12:07:00,226,1,10,10,63,160.95,160.95,,,0,0,0,0,0.0,2,Less recent infrequent purchasers
13230,2011-12-10,2010-12-09 19:28:00,2011-12-05 16:03:00,5,14,611,393,1665,2806.97,200.4979,2011-07-24 16:20:00,2011-07-24 16:20:00,1,1,1,121,43.56,1,Recent high-activity purchasers and frequent cancellations
13232,2011-12-10,2011-04-10 13:48:00,2011-11-27 10:39:00,13,7,206,146,776,1357.0,193.8571,,,0,0,0,0,0.0,0,Recent moderate purchasers and minimal cancellations
13233,2011-12-10,2011-01-07 14:49:00,2011-09-26 13:25:00,75,2,43,43,1004,605.12,302.56,,,0,0,0,0,0.0,0,Recent moderate purchasers and minimal cancellations
13235,2011-12-10,2011-05-11 17:13:00,2011-05-11 17:13:00,213,1,58,53,441,1031.07,1031.07,,,0,0,0,0,0.0,0,Recent moderate purchasers and minimal cancellations
13236,2011-12-10,2011-08-25 08:58:00,2011-11-15 12:50:00,25,2,36,34,416,744.85,372.425,2011-09-12 17:17:00,2011-09-12 17:17:00,1,3,3,5,17.58,3,Recent moderate purchasers and some cancellation activity
13238,2011-12-10,2010-12-14 14:37:00,2011-11-22 15:37:00,18,4,31,20,298,700.73,175.1825,2011-11-28 15:30:00,2011-11-28 15:30:00,1,1,1,2,19.9,3,Recent moderate purchasers and some cancellation activity
13239,2011-12-10,2011-03-23 10:25:00,2011-03-23 10:25:00,262,1,21,21,327,329.56,329.56,,,0,0,0,0,0.0,2,Less recent infrequent purchasers
13240,2011-12-10,2010-12-09 12:49:00,2011-09-04 14:08:00,97,4,66,58,297,648.7,162.175,,,0,0,0,0,0.0,0,Recent moderate purchasers and minimal cancellations
13242,2011-12-10,2011-05-10 12:26:00,2011-08-19 12:53:00,113,3,13,12,130,270.4,90.1333,,,0,0,0,0,0.0,2,Less recent infrequent purchasers
13243,2011-12-10,2011-05-20 13:14:00,2011-05-20 13:14:00,204,1,58,56,233,600.07,600.07,,,0,0,0,0,0.0,0,Recent moderate purchasers and minimal cancellations
13244,2011-12-10,2011-09-08 11:46:00,2011-09-08 11:46:00,93,1,27,27,38,121.74,121.74,,,0,0,0,0,0.0,2,Less recent infrequent purchasers
13245,2011-12-10,2011-10-20 11:40:00,2011-10-20 11:40:00,51,1,16,16,125,430.5,430.5,,,0,0,0,0,0.0,2,Less recent infrequent purchasers
13246,2011-12-10,2011-01-13 13:36:00,2011-11-21 16:50:00,19,6,141,110,1602,1987.3,331.2167,2011-11-21 16:27:00,2011-11-21 16:27:00,1,2,2,50,65.2,3,Recent moderate purchasers and some cancellation activity
13247,2011-12-10,2011-09-18 11:31:00,2011-11-22 10:59:00,18,4,25,18,328,501.12,125.28,,,0,0,0,0,0.0,0,Recent moderate purchasers and minimal cancellations
13248,2011-12-10,2011-06-03 13:05:00,2011-08-07 12:40:00,125,2,26,25,305,465.68,232.84,,,0,0,0,0,0.0,2,Less recent infrequent purchasers
13249,2011-12-10,2011-03-23 15:26:00,2011-09-08 13:26:00,93,3,23,21,546,711.41,237.1367,,,0,0,0,0,0.0,0,Recent moderate purchasers and minimal cancellations
13253,2011-12-10,2011-01-04 15:43:00,2011-07-06 10:09:00,157,2,36,35,1572,1030.4,515.2,,,0,0,0,0,0.0,0,Recent moderate purchasers and minimal cancellations
13255,2011-12-10,2010-12-01 11:58:00,2011-11-30 13:14:00,10,2,13,13,177,399.51,199.755,2011-12-06 10:56:00,2011-12-06 10:56:00,1,1,1,3,8.85,3,Recent moderate purchasers and some cancellation activity
13258,2011-12-10,2011-05-18 13:11:00,2011-11-28 09:31:00,12,3,38,28,287,698.58,232.86,,,0,0,0,0,0.0,0,Recent moderate purchasers and minimal cancellations
13259,2011-12-10,2011-10-09 10:48:00,2011-10-09 10:48:00,62,1,87,77,132,292.32,292.32,,,0,0,0,0,0.0,0,Recent moderate purchasers and minimal cancellations
13260,2011-12-10,2011-10-09 13:21:00,2011-10-09 13:21:00,62,1,8,8,142,557.62,557.62,,,0,0,0,0,0.0,2,Less recent infrequent purchasers
13261,2011-12-10,2011-02-27 10:41:00,2011-03-16 12:22:00,269,2,9,8,210,944.1,472.05,,,0,0,0,0,0.0,2,Less recent infrequent purchasers
13262,2011-12-10,2011-03-21 15:06:00,2011-03-21 15:06:00,264,1,11,11,125,200.29,200.29,,,0,0,0,0,0.0,2,Less recent infrequent purchasers
13263,2011-12-10,2011-01-18 16:31:00,2011-12-08 13:59:00,2,34,1672,448,4773,7428.85,218.4956,,,0,0,0,0,0.0,0,Recent moderate purchasers and minimal cancellations
13265,2011-12-10,2011-03-11 09:54:00,2011-10-17 15:02:00,54,5,91,66,1752,2107.66,421.532,,,0,0,0,0,0.0,0,Recent moderate purchasers and minimal cancellations
13266,2011-12-10,2011-03-28 10:14:00,2011-11-28 14:39:00,12,12,187,82,4428,3834.26,319.5217,2010-12-15 16:56:00,2011-11-18 09:54:00,7,15,12,129,116.59,1,Recent high-activity purchasers and frequent cancellations
13267,2011-12-10,2010-12-08 09:20:00,2011-12-07 11:12:00,3,19,211,88,1969,4521.49,237.9732,2010-12-08 14:54:00,2011-12-01 08:56:00,8,13,12,30,117.05,1,Recent high-activity purchasers and frequent cancellations
13268,2011-12-10,2011-03-17 13:20:00,2011-11-22 11:34:00,18,10,439,256,3582,3192.65,319.265,2011-03-30 15:40:00,2011-11-14 13:10:00,4,7,7,23,47.05,1,Recent high-activity purchasers and frequent cancellations
13269,2011-12-10,2010-12-05 11:51:00,2011-12-08 14:53:00,2,15,316,177,3514,5346.23,356.4153,2011-05-10 09:59:00,2011-10-24 15:57:00,2,4,4,5,30.31,1,Recent high-activity purchasers and frequent cancellations
13270,2011-12-10,2010-12-08 14:53:00,2010-12-08 14:53:00,367,1,1,1,200,590.0,590.0,,,0,0,0,0,0.0,2,Less recent infrequent purchasers
13271,2011-12-10,2011-11-02 14:31:00,2011-11-02 14:31:00,38,1,96,79,253,217.38,217.38,2011-11-02 14:43:00,2011-11-02 14:43:00,1,5,5,72,39.12,3,Recent moderate purchasers and some cancellation activity
13272,2011-12-10,2011-09-11 12:06:00,2011-11-08 14:00:00,32,2,15,15,96,276.56,138.28,,,0,0,0,0,0.0,2,Less recent infrequent purchasers
13273,2011-12-10,2011-08-18 14:02:00,2011-08-18 14:02:00,114,1,16,16,153,138.98,138.98,,,0,0,0,0,0.0,2,Less recent infrequent purchasers
13276,2011-12-10,2011-09-01 10:03:00,2011-10-07 12:44:00,64,2,30,30,161,590.93,295.465,,,0,0,0,0,0.0,0,Recent moderate purchasers and minimal cancellations
13277,2011-12-10,2011-07-29 10:06:00,2011-11-24 09:21:00,16,4,8,5,176,258.4,64.6,,,0,0,0,0,0.0,2,Less recent infrequent purchasers
13278,2011-12-10,2011-10-30 11:49:00,2011-10-30 11:49:00,41,1,46,46,537,542.73,542.73,,,0,0,0,0,0.0,0,Recent moderate purchasers and minimal cancellations
13279,2011-12-10,2011-09-22 17:24:00,2011-09-22 17:24:00,79,1,9,9,73,137.75,137.75,2011-10-06 18:51:00,2011-10-06 18:51:00,1,2,2,3,11.45,2,Less recent infrequent purchasers
13280,2011-12-10,2011-01-06 17:10:00,2011-08-09 13:14:00,123,3,85,67,522,814.86,271.62,,,0,0,0,0,0.0,0,Recent moderate purchasers and minimal cancellations
13282,2011-12-10,2011-05-03 12:03:00,2011-11-21 15:33:00,19,3,37,29,307,1132.14,377.38,2011-05-12 11:23:00,2011-09-22 10:08:00,3,3,3,18,84.3,3,Recent moderate purchasers and some cancellation activity
13283,2011-12-10,2011-06-07 12:39:00,2011-10-11 09:50:00,60,2,7,7,90,93.66,46.83,,,0,0,0,0,0.0,2,Less recent infrequent purchasers
13284,2011-12-10,2011-01-13 09:23:00,2011-01-13 09:23:00,331,1,13,13,91,201.19,201.19,2011-01-21 10:25:00,2011-01-21 10:25:00,1,1,1,12,5.04,2,Less recent infrequent purchasers
13285,2011-12-10,2011-02-22 17:13:00,2011-11-16 13:19:00,24,4,187,157,2051,2709.12,677.28,,,0,0,0,0,0.0,0,Recent moderate purchasers and minimal cancellations
13291,2011-12-10,2011-07-07 10:36:00,2011-07-07 10:36:00,156,1,42,41,233,361.11,361.11,,,0,0,0,0,0.0,0,Recent moderate purchasers and minimal cancellations
13292,2011-12-10,2011-02-28 15:00:00,2011-11-01 10:04:00,39,2,31,29,347,578.94,289.47,,,0,0,0,0,0.0,0,Recent moderate purchasers and minimal cancellations
13294,2011-12-10,2011-04-04 12:37:00,2011-06-03 08:54:00,190,2,54,48,453,873.74,436.87,,,0,0,0,0,0.0,0,Recent moderate purchasers and minimal cancellations
13295,2011-12-10,2010-12-15 11:21:00,2010-12-15 11:21:00,360,1,10,10,82,201.2,201.2,2010-12-02 17:36:00,2010-12-02 17:36:00,1,1,1,1,3.25,2,Less recent infrequent purchasers
13296,2011-12-10,2011-07-25 13:46:00,2011-07-25 13:46:00,138,1,5,5,78,87.4,87.4,,,0,0,0,0,0.0,2,Less recent infrequent purchasers
13297,2011-12-10,2011-10-03 15:08:00,2011-12-02 09:32:00,8,4,59,52,963,2089.85,522.4625,,,0,0,0,0,0.0,0,Recent moderate purchasers and minimal cancellations
13298,2011-12-10,2011-12-08 13:11:00,2011-12-08 13:11:00,2,1,2,2,96,360.0,360.0,,,0,0,0,0,0.0,2,Less recent infrequent purchasers
13299,2011-12-10,2011-03-16 12:55:00,2011-03-16 12:55:00,269,1,5,5,30,142.5,142.5,,,0,0,0,0,0.0,2,Less recent infrequent purchasers
13300,2011-12-10,2011-06-23 13:09:00,2011-06-23 13:09:00,170,1,20,20,203,371.89,371.89,2011-06-28 11:59:00,2011-06-28 11:59:00,1,2,2,2,6.6,3,Recent moderate purchasers and some cancellation activity
13301,2011-12-10,2011-02-20 13:13:00,2011-08-28 11:25:00,104,4,80,74,343,600.19,150.0475,,,0,0,0,0,0.0,0,Recent moderate purchasers and minimal cancellations
13302,2011-12-10,2011-07-07 17:56:00,2011-07-07 17:56:00,156,1,1,1,5,63.75,63.75,,,0,0,0,0,0.0,2,Less recent infrequent purchasers
13304,2011-12-10,2010-12-23 14:35:00,2010-12-23 14:35:00,352,1,21,21,238,300.42,300.42,,,0,0,0,0,0.0,2,Less recent infrequent purchasers
13305,2011-12-10,2010-12-02 12:10:00,2011-12-05 15:15:00,5,10,81,50,1232,2000.86,200.086,,,0,0,0,0,0.0,0,Recent moderate purchasers and minimal cancellations
13307,2011-12-10,2011-08-11 17:14:00,2011-08-11 17:14:00,121,1,1,1,4,15.0,15.0,,,0,0,0,0,0.0,2,Less recent infrequent purchasers
13308,2011-12-10,2011-05-20 13:13:00,2011-11-17 09:31:00,23,3,54,49,843,1385.51,461.8367,2011-06-02 14:12:00,2011-06-02 14:12:00,1,3,3,3,17.9,3,Recent moderate purchasers and some cancellation activity
13309,2011-12-10,2011-02-04 12:29:00,2011-12-02 16:34:00,8,5,107,82,1544,1456.79,291.358,,,0,0,0,0,0.0,0,Recent moderate purchasers and minimal cancellations
13310,2011-12-10,2011-01-19 14:50:00,2011-11-11 17:23:00,29,3,72,65,587,1132.03,377.3433,2011-01-25 12:47:00,2011-12-01 08:23:00,3,5,5,12,48.4,3,Recent moderate purchasers and some cancellation activity
13311,2011-12-10,2011-07-12 14:26:00,2011-12-05 12:55:00,5,2,26,25,305,598.57,299.285,,,0,0,0,0,0.0,0,Recent moderate purchasers and minimal cancellations
13313,2011-12-10,2011-01-04 10:00:00,2011-11-17 16:48:00,23,5,78,47,851,1555.32,311.064,,,0,0,0,0,0.0,0,Recent moderate purchasers and minimal cancellations
13314,2011-12-10,2011-09-27 10:20:00,2011-12-08 12:29:00,2,3,62,55,560,775.94,258.6467,2011-10-19 14:13:00,2011-10-19 14:13:00,1,13,12,76,197.28,3,Recent moderate purchasers and some cancellation activity
13316,2011-12-10,2011-03-30 13:01:00,2011-11-02 13:40:00,38,4,87,66,6948,5977.73,1494.4325,2011-03-31 10:36:00,2011-03-31 10:36:00,1,1,1,1,162.24,3,Recent moderate purchasers and some cancellation activity
13317,2011-12-10,2010-12-16 09:22:00,2011-10-04 13:35:00,67,6,124,100,1035,2273.68,378.9467,2011-04-18 14:15:00,2011-10-06 19:21:00,3,11,11,32,133.61,1,Recent high-activity purchasers and frequent cancellations
13318,2011-12-10,2011-11-02 13:26:00,2011-12-08 18:51:00,2,3,20,14,304,640.76,213.5867,,,0,0,0,0,0.0,0,Recent moderate purchasers and minimal cancellations
13319,2011-12-10,2010-12-09 10:04:00,2011-12-04 13:34:00,6,26,476,209,4724,10845.55,417.1365,2010-12-07 11:47:00,2011-09-15 17:04:00,10,24,20,38,181.21,1,Recent high-activity purchasers and frequent cancellations
13320,2011-12-10,2011-05-10 10:29:00,2011-09-22 18:07:00,79,4,106,77,1096,1548.7,387.175,2011-05-12 19:44:00,2011-09-30 12:52:00,2,4,4,30,57.0,3,Recent moderate purchasers and some cancellation activity
13321,2011-12-10,2011-09-14 15:18:00,2011-09-28 15:24:00,73,2,11,10,372,567.36,283.68,,,0,0,0,0,0.0,2,Less recent infrequent purchasers
13322,2011-12-10,2011-11-22 14:21:00,2011-11-22 14:21:00,18,1,25,25,117,199.48,199.48,,,0,0,0,0,0.0,2,Less recent infrequent purchasers
13323,2011-12-10,2011-09-16 13:23:00,2011-12-06 17:12:00,4,5,21,6,175,787.85,157.57,,,0,0,0,0,0.0,2,Less recent infrequent purchasers
13324,2011-12-10,2010-12-14 09:50:00,2011-11-03 16:28:00,37,10,75,25,5205,7121.95,712.195,2011-04-12 16:39:00,2011-11-07 15:51:00,2,2,2,5,49.15,3,Recent moderate purchasers and some cancellation activity
13325,2011-12-10,2011-09-19 10:36:00,2011-09-19 10:36:00,82,1,12,12,240,675.3,675.3,,,0,0,0,0,0.0,2,Less recent infrequent purchasers
13327,2011-12-10,2010-12-09 15:32:00,2011-11-01 10:21:00,39,8,108,74,1600,3627.77,453.4713,2011-07-26 10:25:00,2011-07-26 10:25:00,1,1,1,12,10.2,3,Recent moderate purchasers and some cancellation activity
13328,2011-12-10,2011-01-27 15:22:00,2011-01-27 15:22:00,317,1,17,17,680,1308.48,1308.48,,,0,0,0,0,0.0,0,Recent moderate purchasers and minimal cancellations
13329,2011-12-10,2010-12-08 10:11:00,2011-11-08 10:29:00,32,2,17,16,463,789.0,394.5,2010-12-14 10:21:00,2010-12-20 13:57:00,2,2,2,36,48.6,3,Recent moderate purchasers and some cancellation activity
13330,2011-12-10,2011-01-28 10:08:00,2011-09-08 12:27:00,93,3,53,37,751,1140.93,380.31,,,0,0,0,0,0.0,0,Recent moderate purchasers and minimal cancellations
13332,2011-12-10,2011-11-25 13:30:00,2011-11-25 13:30:00,15,1,21,21,179,350.9,350.9,,,0,0,0,0,0.0,2,Less recent infrequent purchasers
13334,2011-12-10,2011-02-07 11:42:00,2011-09-18 15:21:00,83,3,268,207,1774,3536.82,1178.94,,,0,0,0,0,0.0,0,Recent moderate purchasers and minimal cancellations
13336,2011-12-10,2011-09-23 14:05:00,2011-09-23 14:05:00,78,1,51,51,559,795.12,795.12,,,0,0,0,0,0.0,0,Recent moderate purchasers and minimal cancellations
13338,2011-12-10,2011-07-05 09:06:00,2011-07-05 09:06:00,158,1,17,17,254,422.02,422.02,2011-07-08 14:53:00,2011-07-08 14:53:00,1,4,4,8,40.2,3,Recent moderate purchasers and some cancellation activity
13339,2011-12-10,2011-05-23 08:31:00,2011-05-23 08:31:00,201,1,54,54,326,860.12,860.12,,,0,0,0,0,0.0,0,Recent moderate purchasers and minimal cancellations
13340,2011-12-10,2011-03-08 11:39:00,2011-10-25 13:15:00,46,7,134,128,5770,10736.48,1533.7829,,,0,0,0,0,0.0,0,Recent moderate purchasers and minimal cancellations
13341,2011-12-10,2011-03-24 09:50:00,2011-03-24 09:50:00,261,1,42,42,301,775.85,775.85,,,0,0,0,0,0.0,0,Recent moderate purchasers and minimal cancellations
13343,2011-12-10,2011-06-15 12:24:00,2011-06-15 12:24:00,178,1,18,18,134,303.43,303.43,2011-06-20 11:37:00,2011-06-20 11:37:00,1,3,3,9,49.5,3,Recent moderate purchasers and some cancellation activity
13344,2011-12-10,2011-03-07 10:28:00,2011-10-03 09:45:00,68,3,119,115,971,2543.72,847.9067,,,0,0,0,0,0.0,0,Recent moderate purchasers and minimal cancellations
13345,2011-12-10,2011-02-25 09:01:00,2011-02-25 09:01:00,288,1,19,19,140,339.5,339.5,2011-03-08 08:34:00,2011-03-08 08:34:00,1,2,2,2,11.9,2,Less recent infrequent purchasers
13347,2011-12-10,2011-09-30 13:28:00,2011-09-30 13:28:00,71,1,7,7,204,291.36,291.36,,,0,0,0,0,0.0,2,Less recent infrequent purchasers
13348,2011-12-10,2011-10-06 17:28:00,2011-10-06 17:28:00,65,1,14,14,136,233.76,233.76,,,0,0,0,0,0.0,2,Less recent infrequent purchasers
13349,2011-12-10,2011-11-29 08:07:00,2011-11-29 08:07:00,11,1,15,15,224,197.32,197.32,,,0,0,0,0,0.0,2,Less recent infrequent purchasers
13350,2011-12-10,2011-09-21 13:33:00,2011-11-23 16:33:00,17,2,38,35,285,879.12,439.56,2011-10-20 18:24:00,2011-10-20 18:24:00,1,3,3,3,68.4,3,Recent moderate purchasers and some cancellation activity
13351,2011-12-10,2011-10-04 12:55:00,2011-10-04 12:55:00,67,1,15,15,116,323.94,323.94,,,0,0,0,0,0.0,2,Less recent infrequent purchasers
13352,2011-12-10,2011-10-10 13:55:00,2011-10-10 13:55:00,61,1,23,23,320,347.98,347.98,2011-12-02 11:58:00,2011-12-02 11:58:00,1,3,3,6,8.7,3,Recent moderate purchasers and some cancellation activity
13354,2011-12-10,2011-09-29 13:17:00,2011-09-29 13:17:00,72,1,51,51,604,743.53,743.53,,,0,0,0,0,0.0,0,Recent moderate purchasers and minimal cancellations
13355,2011-12-10,2011-08-09 14:48:00,2011-08-09 14:48:00,123,1,32,32,314,674.7,674.7,,,0,0,0,0,0.0,0,Recent moderate purchasers and minimal cancellations
13356,2011-12-10,2011-09-20 14:33:00,2011-09-20 14:33:00,81,1,42,42,325,768.24,768.24,,,0,0,0,0,0.0,0,Recent moderate purchasers and minimal cancellations
13357,2011-12-10,2011-03-27 13:56:00,2011-03-27 13:56:00,258,1,90,85,322,609.95,609.95,,,0,0,0,0,0.0,0,Recent moderate purchasers and minimal cancellations
13358,2011-12-10,2011-03-16 11:52:00,2011-03-16 11:52:00,269,1,28,28,284,389.03,389.03,,,0,0,0,0,0.0,2,Less recent infrequent purchasers
13359,2011-12-10,2011-10-07 09:30:00,2011-10-07 09:30:00,64,1,22,22,160,389.56,389.56,2011-10-11 16:48:00,2011-10-11 16:48:00,1,1,1,2,8.3,3,Recent moderate purchasers and some cancellation activity
13362,2011-12-10,2011-02-25 11:33:00,2011-11-30 14:41:00,10,4,166,128,1382,3090.74,772.685,2011-12-06 13:57:00,2011-12-06 13:57:00,1,3,3,3,5.25,3,Recent moderate purchasers and some cancellation activity
13363,2011-12-10,2011-10-27 10:46:00,2011-11-22 12:40:00,18,2,58,46,708,892.5,446.25,,,0,0,0,0,0.0,0,Recent moderate purchasers and minimal cancellations
13364,2011-12-10,2011-09-29 18:13:00,2011-09-29 18:13:00,72,1,9,9,70,127.46,127.46,2011-10-04 09:48:00,2011-10-04 09:48:00,1,9,9,70,127.46,3,Recent moderate purchasers and some cancellation activity
13365,2011-12-10,2011-05-06 12:00:00,2011-11-06 12:36:00,34,2,128,122,1247,2225.37,1112.685,2011-12-01 08:39:00,2011-12-01 08:39:00,1,4,4,9,34.15,3,Recent moderate purchasers and some cancellation activity
13366,2011-12-10,2011-10-20 13:37:00,2011-10-20 13:37:00,51,1,1,1,144,56.16,56.16,,,0,0,0,0,0.0,2,Less recent infrequent purchasers
13368,2011-12-10,2011-01-06 12:32:00,2011-03-28 09:59:00,257,2,28,28,326,573.4,286.7,,,0,0,0,0,0.0,2,Less recent infrequent purchasers
13369,2011-12-10,2010-12-09 11:30:00,2010-12-09 11:30:00,366,1,13,13,148,258.28,258.28,2010-12-20 14:02:00,2010-12-20 14:02:00,1,5,5,22,44.53,3,Recent moderate purchasers and some cancellation activity
13370,2011-12-10,2010-12-03 10:26:00,2010-12-03 10:26:00,372,1,39,39,343,754.87,754.87,2010-12-08 15:57:00,2010-12-08 15:57:00,1,5,5,7,33.55,3,Recent moderate purchasers and some cancellation activity
13372,2011-12-10,2011-09-11 12:46:00,2011-09-11 12:46:00,90,1,22,22,158,328.64,328.64,,,0,0,0,0,0.0,2,Less recent infrequent purchasers
13373,2011-12-10,2011-03-08 14:35:00,2011-10-10 10:51:00,61,3,158,135,1651,3312.25,1104.0833,,,0,0,0,0,0.0,0,Recent moderate purchasers and minimal cancellations
13375,2011-12-10,2011-09-12 10:19:00,2011-09-12 10:19:00,89,1,37,37,442,778.65,778.65,2011-09-19 16:01:00,2011-09-19 16:01:00,1,1,1,1,5.75,3,Recent moderate purchasers and some cancellation activity
13376,2011-12-10,2011-04-19 13:03:00,2011-09-01 16:16:00,100,3,50,44,490,869.76,289.92,,,0,0,0,0,0.0,0,Recent moderate purchasers and minimal cancellations
13379,2011-12-10,2011-07-26 12:26:00,2011-11-13 13:45:00,27,3,97,85,601,572.56,190.8533,,,0,0,0,0,0.0,0,Recent moderate purchasers and minimal cancellations
13381,2011-12-10,2011-02-14 10:10:00,2011-11-08 11:58:00,32,6,172,77,2029,3639.31,606.5517,2011-11-18 16:59:00,2011-11-18 16:59:00,1,1,1,2,12.5,3,Recent moderate purchasers and some cancellation activity
13382,2011-12-10,2011-03-04 10:03:00,2011-03-04 10:03:00,281,1,15,15,131,222.99,222.99,,,0,0,0,0,0.0,2,Less recent infrequent purchasers
13384,2011-12-10,2011-06-14 12:47:00,2011-11-09 11:04:00,31,7,152,123,2422,4151.93,593.1329,2011-06-21 18:02:00,2011-08-10 13:06:00,2,3,3,7,29.65,3,Recent moderate purchasers and some cancellation activity
13385,2011-12-10,2011-01-14 09:52:00,2011-01-14 09:52:00,330,1,35,35,281,534.57,534.57,,,0,0,0,0,0.0,2,Less recent infrequent purchasers
13388,2011-12-10,2011-07-31 12:52:00,2011-07-31 12:52:00,132,2,35,35,282,677.1,338.55,2011-08-10 13:35:00,2011-08-10 13:35:00,1,1,1,1,49.95,3,Recent moderate purchasers and some cancellation activity
13389,2011-12-10,2011-04-21 12:12:00,2011-11-28 14:01:00,12,3,50,49,428,782.96,260.9867,,,0,0,0,0,0.0,0,Recent moderate purchasers and minimal cancellations
13390,2011-12-10,2011-09-26 08:38:00,2011-09-26 08:38:00,75,1,13,13,224,544.08,544.08,,,0,0,0,0,0.0,2,Less recent infrequent purchasers
13391,2011-12-10,2011-05-20 10:50:00,2011-05-20 10:50:00,204,1,1,1,4,59.8,59.8,,,0,0,0,0,0.0,2,Less recent infrequent purchasers
13394,2011-12-10,2011-02-03 10:39:00,2011-12-08 11:36:00,2,8,155,124,2392,2520.02,315.0025,2011-11-02 12:32:00,2011-11-02 12:32:00,1,8,8,176,201.72,1,Recent high-activity purchasers and frequent cancellations
13395,2011-12-10,2011-06-07 15:04:00,2011-06-07 15:04:00,186,1,21,21,336,307.72,307.72,,,0,0,0,0,0.0,2,Less recent infrequent purchasers
13396,2011-12-10,2011-01-24 13:37:00,2011-11-10 16:59:00,30,2,43,42,600,1360.99,680.495,2011-01-31 11:15:00,2011-11-18 09:42:00,2,4,4,8,35.7,3,Recent moderate purchasers and some cancellation activity
13397,2011-12-10,2011-01-04 13:50:00,2011-09-28 10:56:00,73,5,38,28,430,1544.13,308.826,2011-06-13 17:18:00,2011-06-13 17:18:00,1,1,1,1,4.95,3,Recent moderate purchasers and some cancellation activity
13398,2011-12-10,2011-05-31 13:17:00,2011-05-31 13:17:00,193,1,26,26,281,457.34,457.34,,,0,0,0,0,0.0,2,Less recent infrequent purchasers
13402,2011-12-10,2010-12-02 17:12:00,2011-08-04 15:51:00,128,2,39,32,479,621.23,310.615,,,0,0,0,0,0.0,0,Recent moderate purchasers and minimal cancellations
13403,2011-12-10,2011-11-22 08:28:00,2011-11-22 08:28:00,18,1,3,3,44,75.0,75.0,,,0,0,0,0,0.0,2,Less recent infrequent purchasers
13404,2011-12-10,2011-05-11 11:57:00,2011-12-08 15:37:00,2,2,11,11,111,252.49,126.245,,,0,0,0,0,0.0,2,Less recent infrequent purchasers
13405,2011-12-10,2011-01-26 09:27:00,2011-05-19 16:31:00,205,2,25,24,163,557.45,278.725,,,0,0,0,0,0.0,2,Less recent infrequent purchasers
13408,2011-12-10,2010-12-01 10:39:00,2011-12-08 09:05:00,2,62,478,234,16232,28117.04,453.5006,2010-12-02 17:31:00,2011-12-01 11:21:00,17,21,12,111,574.05,1,Recent high-activity purchasers and frequent cancellations
13410,2011-12-10,2011-02-21 14:38:00,2011-11-15 15:33:00,25,5,28,15,518,1003.06,200.612,2011-03-02 15:24:00,2011-12-01 08:58:00,2,2,2,5,14.15,3,Recent moderate purchasers and some cancellation activity
13411,2011-12-10,2011-08-24 13:57:00,2011-08-24 13:57:00,108,1,18,17,72,213.55,213.55,,,0,0,0,0,0.0,2,Less recent infrequent purchasers
13414,2011-12-10,2011-02-16 12:13:00,2011-07-29 11:45:00,134,3,24,23,1574,1390.5,463.5,,,0,0,0,0,0.0,0,Recent moderate purchasers and minimal cancellations
13416,2011-12-10,2011-09-19 14:43:00,2011-10-27 08:56:00,44,2,19,11,142,712.5,356.25,,,0,0,0,0,0.0,2,Less recent infrequent purchasers
13417,2011-12-10,2011-05-18 16:26:00,2011-12-05 08:49:00,5,2,28,26,162,640.83,320.415,,,0,0,0,0,0.0,0,Recent moderate purchasers and minimal cancellations
13418,2011-12-10,2010-12-02 10:45:00,2011-11-28 10:23:00,12,18,304,223,3918,6127.43,340.4128,2011-04-04 15:34:00,2011-10-11 16:27:00,5,10,10,79,281.99,1,Recent high-activity purchasers and frequent cancellations
13419,2011-12-10,2011-10-07 12:49:00,2011-10-07 12:49:00,64,1,16,16,275,221.06,221.06,,,0,0,0,0,0.0,2,Less recent infrequent purchasers
13420,2011-12-10,2011-06-22 11:35:00,2011-07-13 08:48:00,150,2,8,8,101,159.85,79.925,2011-07-06 13:42:00,2011-07-28 12:10:00,2,2,2,13,19.5,2,Less recent infrequent purchasers
13421,2011-12-10,2011-02-22 15:46:00,2011-10-30 14:21:00,41,2,103,87,1156,1840.58,920.29,2011-02-22 15:48:00,2011-02-22 15:48:00,1,1,1,1,2.1,3,Recent moderate purchasers and some cancellation activity
13422,2011-12-10,2011-10-06 13:42:00,2011-10-06 13:42:00,65,1,127,127,1326,2626.3,2626.3,2011-10-19 13:45:00,2011-10-19 13:45:00,1,1,1,5,24.75,3,Recent moderate purchasers and some cancellation activity
13425,2011-12-10,2011-02-18 08:34:00,2011-08-23 17:13:00,109,3,77,65,1122,1609.21,536.4033,,,0,0,0,0,0.0,0,Recent moderate purchasers and minimal cancellations
13426,2011-12-10,2010-12-15 12:43:00,2011-12-09 08:59:00,1,10,157,103,2245,3641.32,364.132,2011-09-30 12:50:00,2011-09-30 12:50:00,1,1,1,20,83.0,3,Recent moderate purchasers and some cancellation activity
13427,2011-12-10,2011-05-08 15:58:00,2011-11-20 13:02:00,20,3,29,25,545,582.6,194.2,,,0,0,0,0,0.0,0,Recent moderate purchasers and minimal cancellations
13428,2011-12-10,2011-11-29 14:20:00,2011-11-29 14:20:00,11,1,74,70,156,218.47,218.47,,,0,0,0,0,0.0,0,Recent moderate purchasers and minimal cancellations
13429,2011-12-10,2011-09-25 15:59:00,2011-11-29 09:10:00,11,4,67,55,1390,1006.8,251.7,,,0,0,0,0,0.0,0,Recent moderate purchasers and minimal cancellations
13430,2011-12-10,2011-09-14 14:26:00,2011-11-21 08:19:00,19,2,49,48,751,679.45,339.725,2011-09-23 09:16:00,2011-09-28 11:45:00,2,4,4,12,27.38,3,Recent moderate purchasers and some cancellation activity
13431,2011-12-10,2011-09-12 11:25:00,2011-10-03 13:49:00,68,2,46,44,672,1269.1,634.55,,,0,0,0,0,0.0,0,Recent moderate purchasers and minimal cancellations
13434,2011-12-10,2011-09-04 10:35:00,2011-09-26 14:30:00,75,2,10,9,300,534.24,267.12,,,0,0,0,0,0.0,2,Less recent infrequent purchasers
13435,2011-12-10,2011-06-03 17:07:00,2011-12-04 14:45:00,6,7,101,68,2129,3809.89,544.27,2011-09-23 08:22:00,2011-12-04 14:59:00,2,2,2,4,15.4,3,Recent moderate purchasers and some cancellation activity
13436,2011-12-10,2011-12-08 10:33:00,2011-12-08 10:33:00,2,1,12,12,76,196.89,196.89,,,0,0,0,0,0.0,2,Less recent infrequent purchasers
13437,2011-12-10,2011-06-02 14:30:00,2011-11-25 14:00:00,15,7,167,143,1283,3408.06,486.8657,,,0,0,0,0,0.0,0,Recent moderate purchasers and minimal cancellations
13439,2011-12-10,2011-03-29 14:20:00,2011-03-29 14:20:00,256,1,54,54,242,283.71,283.71,,,0,0,0,0,0.0,2,Less recent infrequent purchasers
13441,2011-12-10,2011-09-09 09:38:00,2011-09-09 09:38:00,92,1,13,13,204,296.64,296.64,,,0,0,0,0,0.0,2,Less recent infrequent purchasers
13447,2011-12-10,2011-11-04 10:10:00,2011-11-16 13:38:00,24,3,59,55,584,1129.14,376.38,2011-11-14 13:35:00,2011-11-14 13:35:00,1,3,3,7,24.91,3,Recent moderate purchasers and some cancellation activity
13448,2011-12-10,2010-12-01 10:52:00,2011-11-23 12:33:00,17,6,195,137,1660,3539.37,589.895,2010-12-10 14:32:00,2011-09-21 12:50:00,4,4,4,22,73.7,1,Recent high-activity purchasers and frequent cancellations
13449,2011-12-10,2011-11-16 08:28:00,2011-11-16 08:28:00,24,1,19,19,222,291.88,291.88,,,0,0,0,0,0.0,2,Less recent infrequent purchasers
13450,2011-12-10,2011-05-05 19:48:00,2011-11-13 11:54:00,27,6,71,32,1982,2043.72,340.62,,,0,0,0,0,0.0,0,Recent moderate purchasers and minimal cancellations
13451,2011-12-10,2011-01-09 15:35:00,2011-11-13 15:58:00,27,5,443,315,2149,2976.15,595.23,2011-03-15 13:01:00,2011-03-15 13:01:00,1,1,1,6,59.7,3,Recent moderate purchasers and some cancellation activity
13452,2011-12-10,2011-03-14 11:38:00,2011-03-25 14:19:00,260,2,2,1,2,590.0,295.0,,,0,0,0,0,0.0,2,Less recent infrequent purchasers
13453,2011-12-10,2011-02-23 09:44:00,2011-06-27 09:34:00,166,2,17,16,134,356.98,178.49,,,0,0,0,0,0.0,2,Less recent infrequent purchasers
13455,2011-12-10,2010-12-08 13:11:00,2011-11-15 11:21:00,25,2,46,42,354,1058.34,529.17,2011-01-14 16:55:00,2011-05-23 14:33:00,2,7,7,9,50.99,3,Recent moderate purchasers and some cancellation activity
13456,2011-12-10,2011-05-16 15:34:00,2011-11-22 09:18:00,18,6,62,42,764,1751.72,291.9533,2011-06-09 19:36:00,2011-06-09 19:36:00,1,2,2,9,28.9,3,Recent moderate purchasers and some cancellation activity
13458,2011-12-10,2010-12-15 12:05:00,2011-12-02 15:29:00,8,14,382,242,5508,9646.57,689.0407,2010-12-22 13:59:00,2011-11-21 16:55:00,8,12,11,48,108.65,1,Recent high-activity purchasers and frequent cancellations
13460,2011-12-10,2011-10-21 09:50:00,2011-11-10 17:17:00,30,2,17,16,286,183.44,91.72,,,0,0,0,0,0.0,2,Less recent infrequent purchasers
13461,2011-12-10,2011-06-29 10:23:00,2011-11-01 09:01:00,39,3,27,14,1170,1445.0,481.6667,,,0,0,0,0,0.0,0,Recent moderate purchasers and minimal cancellations
13462,2011-12-10,2011-04-01 11:20:00,2011-04-01 11:20:00,253,1,9,9,62,151.5,151.5,2011-06-09 19:53:00,2011-06-09 19:53:00,1,1,1,1,8.25,2,Less recent infrequent purchasers
13464,2011-12-10,2011-10-12 15:01:00,2011-10-12 15:01:00,59,1,41,41,403,674.68,674.68,,,0,0,0,0,0.0,0,Recent moderate purchasers and minimal cancellations
13466,2011-12-10,2011-06-08 16:39:00,2011-06-08 16:39:00,185,1,17,17,259,307.9,307.9,2011-08-31 15:29:00,2011-08-31 15:29:00,1,1,1,1,9.95,2,Less recent infrequent purchasers
13467,2011-12-10,2011-11-03 16:56:00,2011-11-29 10:01:00,11,2,99,89,584,1083.71,541.855,,,0,0,0,0,0.0,0,Recent moderate purchasers and minimal cancellations
13468,2011-12-10,2010-12-01 15:08:00,2011-12-08 10:39:00,2,37,302,184,2589,5704.97,154.1884,2011-05-27 10:34:00,2011-12-01 08:25:00,4,4,4,8,48.22,1,Recent high-activity purchasers and frequent cancellations
13470,2011-12-10,2011-08-16 17:06:00,2011-09-01 14:57:00,100,2,10,7,100,165.0,82.5,,,0,0,0,0,0.0,2,Less recent infrequent purchasers
13471,2011-12-10,2011-10-23 13:10:00,2011-12-08 15:44:00,2,4,260,214,1590,2531.58,632.895,,,0,0,0,0,0.0,0,Recent moderate purchasers and minimal cancellations
13473,2011-12-10,2011-01-11 08:45:00,2011-10-10 11:20:00,61,2,21,21,266,422.64,211.32,2011-01-13 12:56:00,2011-01-13 12:56:00,1,1,1,6,5.1,3,Recent moderate purchasers and some cancellation activity
13474,2011-12-10,2011-04-17 13:53:00,2011-04-17 13:53:00,237,1,64,59,132,229.59,229.59,,,0,0,0,0,0.0,2,Less recent infrequent purchasers
13475,2011-12-10,2011-02-14 12:36:00,2011-06-01 13:52:00,192,4,86,64,1012,1431.78,357.945,,,0,0,0,0,0.0,0,Recent moderate purchasers and minimal cancellations
13476,2011-12-10,2011-03-03 14:43:00,2011-06-14 12:00:00,179,2,58,56,417,1238.47,619.235,2011-03-10 15:06:00,2011-06-07 16:01:00,2,3,3,3,145.7,3,Recent moderate purchasers and some cancellation activity
13477,2011-12-10,2011-02-21 12:29:00,2011-11-02 12:04:00,38,6,79,57,1021,1454.58,242.43,2011-03-02 16:53:00,2011-03-29 09:19:00,2,2,2,3,13.05,3,Recent moderate purchasers and some cancellation activity
13479,2011-12-10,2011-04-19 11:27:00,2011-05-23 10:45:00,201,2,15,14,134,300.95,150.475,2011-05-25 16:49:00,2011-05-25 16:49:00,1,1,1,1,9.95,2,Less recent infrequent purchasers
13481,2011-12-10,2011-03-28 09:07:00,2011-10-25 09:07:00,46,5,109,98,1142,1804.56,360.912,2010-12-06 15:12:00,2011-09-26 11:59:00,3,3,2,15,27.75,3,Recent moderate purchasers and some cancellation activity
13482,2011-12-10,2011-04-21 17:03:00,2011-04-21 17:03:00,233,1,11,11,116,184.64,184.64,,,0,0,0,0,0.0,2,Less recent infrequent purchasers
13483,2011-12-10,2011-10-05 11:53:00,2011-10-05 11:53:00,66,1,10,10,160,140.34,140.34,,,0,0,0,0,0.0,2,Less recent infrequent purchasers
13484,2011-12-10,2011-04-12 16:30:00,2011-04-12 16:30:00,242,1,8,8,44,313.8,313.8,,,0,0,0,0,0.0,2,Less recent infrequent purchasers
13485,2011-12-10,2011-04-20 13:58:00,2011-04-20 13:58:00,234,1,23,23,277,454.24,454.24,,,0,0,0,0,0.0,2,Less recent infrequent purchasers
13486,2011-12-10,2011-07-07 17:19:00,2011-09-22 13:13:00,79,3,69,69,669,1122.41,374.1367,,,0,0,0,0,0.0,0,Recent moderate purchasers and minimal cancellations
13487,2011-12-10,2010-12-21 14:54:00,2011-10-13 12:07:00,58,3,34,26,265,575.4,191.8,,,0,0,0,0,0.0,0,Recent moderate purchasers and minimal cancellations
13488,2011-12-10,2010-12-07 13:01:00,2011-11-22 14:41:00,18,13,422,271,4518,8968.31,689.87,2011-01-06 17:27:00,2011-07-21 12:07:00,4,5,5,6,57.7,1,Recent high-activity purchasers and frequent cancellations
13489,2011-12-10,2011-02-18 10:42:00,2011-08-26 13:16:00,106,4,14,11,560,449.52,112.38,,,0,0,0,0,0.0,2,Less recent infrequent purchasers
13491,2011-12-10,2010-12-02 14:30:00,2011-10-19 08:32:00,52,10,86,73,903,1215.82,121.582,,,0,0,0,0,0.0,0,Recent moderate purchasers and minimal cancellations
13492,2011-12-10,2011-05-09 10:06:00,2011-07-26 14:25:00,137,3,50,38,408,1269.84,423.28,,,0,0,0,0,0.0,0,Recent moderate purchasers and minimal cancellations
13493,2011-12-10,2011-02-25 16:42:00,2011-03-09 15:35:00,276,2,6,5,377,498.63,249.315,,,0,0,0,0,0.0,2,Less recent infrequent purchasers
13494,2011-12-10,2011-02-01 11:58:00,2011-02-01 11:58:00,312,1,18,18,162,316.26,316.26,,,0,0,0,0,0.0,2,Less recent infrequent purchasers
13495,2011-12-10,2010-12-06 15:14:00,2011-12-02 11:21:00,8,5,48,34,829,2044.87,408.974,2010-12-08 13:23:00,2010-12-08 13:23:00,1,4,4,15,54.75,3,Recent moderate purchasers and some cancellation activity
13496,2011-12-10,2010-12-15 10:17:00,2011-11-29 10:58:00,11,2,35,28,341,653.33,326.665,2010-12-16 17:33:00,2010-12-16 17:33:00,1,1,1,12,35.4,3,Recent moderate purchasers and some cancellation activity
13497,2011-12-10,2010-12-06 11:37:00,2011-03-02 09:04:00,283,2,19,19,163,348.05,174.025,2010-12-06 11:42:00,2010-12-06 11:42:00,1,1,1,4,27.0,2,Less recent infrequent purchasers
13499,2011-12-10,2011-03-15 08:52:00,2011-11-22 11:21:00,18,5,42,31,1365,1159.11,231.822,2011-05-06 15:10:00,2011-10-06 18:28:00,2,3,3,7,12.15,3,Recent moderate purchasers and some cancellation activity
13500,2011-12-10,2011-08-09 12:20:00,2011-11-16 15:35:00,24,3,65,60,609,1166.77,388.9233,2011-11-11 10:40:00,2011-11-11 10:40:00,1,2,2,24,30.0,3,Recent moderate purchasers and some cancellation activity
13501,2011-12-10,2011-02-24 18:59:00,2011-02-24 18:59:00,289,1,52,52,560,1340.32,1340.32,2011-04-11 09:35:00,2011-04-11 09:35:00,1,1,1,3,29.85,3,Recent moderate purchasers and some cancellation activity
13502,2011-12-10,2011-01-20 09:03:00,2011-11-23 10:39:00,17,3,18,17,264,292.0,97.3333,,,0,0,0,0,0.0,2,Less recent infrequent purchasers
13503,2011-12-10,2011-09-29 13:23:00,2011-09-29 13:23:00,72,1,17,17,248,216.85,216.85,,,0,0,0,0,0.0,2,Less recent infrequent purchasers
13504,2011-12-10,2011-10-06 13:20:00,2011-10-06 13:20:00,65,1,22,22,178,295.93,295.93,,,0,0,0,0,0.0,2,Less recent infrequent purchasers
13505,2011-12-10,2011-04-21 12:07:00,2011-09-28 11:56:00,73,4,211,181,2467,3633.63,908.4075,2011-05-03 11:27:00,2011-10-03 12:14:00,4,12,11,25,110.75,1,Recent high-activity purchasers and frequent cancellations
13506,2011-12-10,2010-12-05 12:15:00,2011-01-27 13:53:00,317,2,26,26,324,458.52,229.26,2011-01-31 15:27:00,2011-01-31 15:27:00,1,3,3,3,5.7,3,Recent moderate purchasers and some cancellation activity
13507,2011-12-10,2011-07-17 11:50:00,2011-12-06 13:13:00,4,4,162,146,1597,2479.16,619.79,,,0,0,0,0,0.0,0,Recent moderate purchasers and minimal cancellations
13508,2011-12-10,2011-04-10 11:58:00,2011-04-10 11:58:00,244,1,12,12,24,110.97,110.97,,,0,0,0,0,0.0,2,Less recent infrequent purchasers
13509,2011-12-10,2011-02-28 13:27:00,2011-12-01 10:10:00,9,6,43,26,1105,964.72,160.7867,,,0,0,0,0,0.0,0,Recent moderate purchasers and minimal cancellations
13510,2011-12-10,2011-06-09 09:32:00,2011-12-08 13:46:00,2,4,115,86,1386,1791.56,447.89,2011-07-07 12:49:00,2011-07-07 12:49:00,1,2,2,4,6.4,3,Recent moderate purchasers and some cancellation activity
13512,2011-12-10,2011-03-24 10:03:00,2011-03-24 10:03:00,261,1,15,15,143,251.21,251.21,,,0,0,0,0,0.0,2,Less recent infrequent purchasers
13513,2011-12-10,2011-08-05 11:50:00,2011-08-05 11:50:00,127,1,10,10,109,205.1,205.1,,,0,0,0,0,0.0,2,Less recent infrequent purchasers
13514,2011-12-10,2011-09-27 09:39:00,2011-09-27 09:39:00,74,1,4,4,40,152.2,152.2,,,0,0,0,0,0.0,2,Less recent infrequent purchasers
13515,2011-12-10,2011-04-06 10:33:00,2011-09-28 11:26:00,73,4,59,50,681,891.12,222.78,,,0,0,0,0,0.0,0,Recent moderate purchasers and minimal cancellations
13516,2011-12-10,2011-04-15 11:06:00,2011-11-18 13:15:00,22,3,43,42,984,1374.41,458.1367,,,0,0,0,0,0.0,0,Recent moderate purchasers and minimal cancellations
13517,2011-12-10,2011-06-13 08:44:00,2011-10-11 11:43:00,60,3,141,125,1369,2128.42,709.4733,2011-06-20 13:33:00,2011-08-24 10:25:00,2,2,2,9,19.35,3,Recent moderate purchasers and some cancellation activity
13518,2011-12-10,2011-09-15 10:29:00,2011-09-15 10:29:00,86,1,38,36,392,659.44,659.44,,,0,0,0,0,0.0,0,Recent moderate purchasers and minimal cancellations
13519,2011-12-10,2011-09-22 18:24:00,2011-09-22 18:24:00,79,1,8,8,23,122.75,122.75,2011-10-20 15:56:00,2011-10-20 15:56:00,1,1,1,1,11.95,2,Less recent infrequent purchasers
13520,2011-12-10,2010-12-03 10:36:00,2011-10-12 10:20:00,59,6,87,48,1633,2984.35,497.3917,2011-08-03 11:23:00,2011-08-03 11:23:00,1,1,1,4,16.6,3,Recent moderate purchasers and some cancellation activity
13521,2011-12-10,2011-11-29 15:09:00,2011-12-08 13:50:00,2,3,435,312,733,1092.39,364.13,,,0,0,0,0,0.0,0,Recent moderate purchasers and minimal cancellations
13522,2011-12-10,2011-11-09 15:11:00,2011-11-09 15:11:00,31,1,5,5,44,125.8,125.8,,,0,0,0,0,0.0,2,Less recent infrequent purchasers
13523,2011-12-10,2010-12-08 14:22:00,2011-11-06 15:11:00,34,5,172,157,1752,3964.88,792.976,2011-06-16 09:55:00,2011-06-16 09:55:00,1,5,5,7,209.5,1,Recent high-activity purchasers and frequent cancellations
13524,2011-12-10,2011-05-04 12:26:00,2011-10-30 12:34:00,41,5,25,16,322,650.18,130.036,,,0,0,0,0,0.0,0,Recent moderate purchasers and minimal cancellations
13525,2011-12-10,2011-04-05 15:36:00,2011-11-25 12:01:00,15,2,6,5,394,628.78,314.39,,,0,0,0,0,0.0,2,Less recent infrequent purchasers
13527,2011-12-10,2011-01-17 11:17:00,2011-11-06 12:04:00,34,7,223,153,1692,2287.51,326.7871,2011-09-11 12:14:00,2011-09-11 12:14:00,1,1,1,19,23.75,3,Recent moderate purchasers and some cancellation activity
13529,2011-12-10,2011-05-19 11:50:00,2011-09-22 09:15:00,79,2,15,15,74,307.76,153.88,,,0,0,0,0,0.0,2,Less recent infrequent purchasers
13531,2011-12-10,2010-12-08 15:03:00,2011-05-18 16:56:00,206,2,22,17,174,483.8,241.9,,,0,0,0,0,0.0,2,Less recent infrequent purchasers
13532,2011-12-10,2011-11-06 12:25:00,2011-11-06 12:25:00,34,1,66,66,129,210.31,210.31,,,0,0,0,0,0.0,0,Recent moderate purchasers and minimal cancellations
13533,2011-12-10,2011-03-17 12:47:00,2011-06-10 11:54:00,183,3,76,61,204,270.79,90.2633,,,0,0,0,0,0.0,2,Less recent infrequent purchasers
13534,2011-12-10,2010-12-16 15:23:00,2011-12-07 14:52:00,3,25,296,119,2961,5870.08,234.8032,2010-12-23 11:50:00,2011-11-04 13:22:00,18,46,32,85,257.0,1,Recent high-activity purchasers and frequent cancellations
13536,2011-12-10,2011-09-25 13:30:00,2011-12-08 16:38:00,2,7,179,91,2136,3448.29,492.6129,,,0,0,0,0,0.0,0,Recent moderate purchasers and minimal cancellations
13538,2011-12-10,2011-01-28 10:40:00,2011-10-27 16:34:00,44,7,25,10,175,1280.85,182.9786,,,0,0,0,0,0.0,0,Recent moderate purchasers and minimal cancellations
13539,2011-12-10,2011-02-03 15:23:00,2011-09-15 10:18:00,86,3,37,35,320,631.34,210.4467,2011-04-14 11:27:00,2011-04-14 11:27:00,1,1,1,6,25.5,3,Recent moderate purchasers and some cancellation activity
13544,2011-12-10,2011-04-13 12:09:00,2011-10-31 11:57:00,40,2,87,76,127,291.41,145.705,,,0,0,0,0,0.0,0,Recent moderate purchasers and minimal cancellations
13546,2011-12-10,2011-05-23 12:14:00,2011-11-27 14:50:00,13,3,98,72,359,626.99,208.9967,,,0,0,0,0,0.0,0,Recent moderate purchasers and minimal cancellations
13548,2011-12-10,2011-04-10 11:35:00,2011-09-04 14:50:00,97,2,124,114,441,682.41,341.205,,,0,0,0,0,0.0,0,Recent moderate purchasers and minimal cancellations
13549,2011-12-10,2011-04-11 13:42:00,2011-11-14 09:20:00,26,7,51,37,458,918.2,131.1714,2011-05-24 16:59:00,2011-05-24 16:59:00,1,1,1,1,2.08,3,Recent moderate purchasers and some cancellation activity
13551,2011-12-10,2011-01-24 14:46:00,2011-01-24 14:46:00,320,1,4,4,12,91.8,91.8,,,0,0,0,0,0.0,2,Less recent infrequent purchasers
13552,2011-12-10,2011-01-28 10:10:00,2011-10-04 15:19:00,67,12,109,82,1417,3740.07,311.6725,2011-05-05 17:29:00,2011-09-19 14:46:00,4,12,11,31,200.54,1,Recent high-activity purchasers and frequent cancellations
13555,2011-12-10,2011-05-22 11:06:00,2011-09-27 12:36:00,74,4,136,128,2660,4149.28,1037.32,,,0,0,0,0,0.0,0,Recent moderate purchasers and minimal cancellations
13557,2011-12-10,2011-03-04 12:14:00,2011-11-11 15:24:00,29,2,34,31,546,584.06,292.03,,,0,0,0,0,0.0,0,Recent moderate purchasers and minimal cancellations
13558,2011-12-10,2011-10-02 13:01:00,2011-12-04 11:24:00,6,4,175,123,344,605.06,151.265,,,0,0,0,0,0.0,0,Recent moderate purchasers and minimal cancellations
13560,2011-12-10,2011-12-02 13:11:00,2011-12-02 13:11:00,8,1,33,32,64,174.37,174.37,,,0,0,0,0,0.0,2,Less recent infrequent purchasers
13561,2011-12-10,2011-05-08 12:39:00,2011-05-08 12:39:00,216,1,14,14,83,141.86,141.86,,,0,0,0,0,0.0,2,Less recent infrequent purchasers
13562,2011-12-10,2011-04-08 12:42:00,2011-09-19 10:51:00,82,3,82,50,757,1799.33,599.7767,,,0,0,0,0,0.0,0,Recent moderate purchasers and minimal cancellations
13563,2011-12-10,2011-07-22 17:21:00,2011-09-16 14:45:00,85,2,49,49,209,777.53,388.765,,,0,0,0,0,0.0,0,Recent moderate purchasers and minimal cancellations
13564,2011-12-10,2010-12-06 17:26:00,2010-12-20 16:50:00,355,2,82,67,660,1198.38,599.19,,,0,0,0,0,0.0,0,Recent moderate purchasers and minimal cancellations
13565,2011-12-10,2011-01-09 14:28:00,2011-11-20 14:33:00,20,2,38,35,172,240.22,120.11,,,0,0,0,0,0.0,2,Less recent infrequent purchasers
13566,2011-12-10,2011-09-18 12:40:00,2011-10-30 11:59:00,41,2,176,134,575,874.71,437.355,,,0,0,0,0,0.0,0,Recent moderate purchasers and minimal cancellations
13568,2011-12-10,2011-06-19 14:42:00,2011-06-19 14:42:00,174,1,44,41,70,192.85,192.85,,,0,0,0,0,0.0,2,Less recent infrequent purchasers
13569,2011-12-10,2010-12-07 12:29:00,2011-11-22 13:07:00,18,2,84,72,163,372.25,186.125,,,0,0,0,0,0.0,0,Recent moderate purchasers and minimal cancellations
13570,2011-12-10,2011-04-10 13:36:00,2011-04-10 13:36:00,244,1,27,27,161,239.49,239.49,,,0,0,0,0,0.0,2,Less recent infrequent purchasers
13571,2011-12-10,2011-03-31 12:43:00,2011-11-27 10:47:00,13,12,341,157,1759,2092.32,174.36,,,0,0,0,0,0.0,0,Recent moderate purchasers and minimal cancellations
13572,2011-12-10,2011-05-18 11:59:00,2011-05-18 11:59:00,206,1,33,32,534,1384.25,1384.25,,,0,0,0,0,0.0,0,Recent moderate purchasers and minimal cancellations
13573,2011-12-10,2011-03-31 14:47:00,2011-10-20 14:33:00,51,2,26,24,303,294.4,147.2,,,0,0,0,0,0.0,2,Less recent infrequent purchasers
13575,2011-12-10,2011-06-16 14:24:00,2011-11-16 13:14:00,24,5,46,41,449,732.07,146.414,,,0,0,0,0,0.0,0,Recent moderate purchasers and minimal cancellations
13576,2011-12-10,2010-12-01 17:24:00,2011-11-29 15:34:00,11,18,126,78,2646,6717.34,373.1856,2011-01-11 11:46:00,2011-08-24 08:55:00,2,4,4,6,14.04,1,Recent high-activity purchasers and frequent cancellations
13577,2011-12-10,2011-04-12 10:33:00,2011-11-14 15:19:00,26,4,83,61,791,1687.6,421.9,2011-09-12 09:43:00,2011-09-12 09:43:00,1,2,2,20,29.3,3,Recent moderate purchasers and some cancellation activity
13579,2011-12-10,2010-12-05 16:10:00,2011-11-25 08:41:00,15,2,23,19,176,467.04,233.52,,,0,0,0,0,0.0,2,Less recent infrequent purchasers
13581,2011-12-10,2011-02-03 14:41:00,2011-02-03 14:41:00,310,1,10,10,30,118.0,118.0,,,0,0,0,0,0.0,2,Less recent infrequent purchasers
13583,2011-12-10,2011-07-07 10:40:00,2011-07-07 10:40:00,156,1,53,53,725,781.03,781.03,,,0,0,0,0,0.0,0,Recent moderate purchasers and minimal cancellations
13584,2011-12-10,2011-02-06 12:49:00,2011-02-06 12:49:00,307,1,24,24,37,142.4,142.4,,,0,0,0,0,0.0,2,Less recent infrequent purchasers
13587,2011-12-10,2011-10-07 12:31:00,2011-10-07 12:31:00,64,1,8,8,180,712.4,712.4,2011-10-27 14:24:00,2011-11-08 11:17:00,2,3,3,20,365.4,3,Recent moderate purchasers and some cancellation activity
13588,2011-12-10,2011-03-29 15:53:00,2011-11-24 10:42:00,16,9,174,131,2606,2478.95,275.4389,2011-08-08 13:40:00,2011-11-11 13:30:00,3,5,4,32,29.42,1,Recent high-activity purchasers and frequent cancellations
13589,2011-12-10,2011-06-13 12:44:00,2011-11-25 12:10:00,15,2,21,21,114,379.65,189.825,,,0,0,0,0,0.0,2,Less recent infrequent purchasers
13590,2011-12-10,2011-02-09 13:25:00,2011-11-28 12:54:00,12,6,87,70,1848,1981.92,330.32,2011-07-21 17:56:00,2011-07-21 17:56:00,1,2,2,2,5.8,3,Recent moderate purchasers and some cancellation activity
13591,2011-12-10,2011-03-18 12:18:00,2011-10-06 12:26:00,65,3,58,56,485,1117.13,372.3767,,,0,0,0,0,0.0,0,Recent moderate purchasers and minimal cancellations
13592,2011-12-10,2011-03-20 14:01:00,2011-11-04 09:49:00,36,4,16,15,84,247.96,61.99,,,0,0,0,0,0.0,2,Less recent infrequent purchasers
13593,2011-12-10,2011-01-07 16:32:00,2011-08-23 13:35:00,109,5,128,77,731,2037.08,407.416,2011-03-21 12:10:00,2011-03-21 12:10:00,1,1,1,24,46.8,3,Recent moderate purchasers and some cancellation activity
13594,2011-12-10,2011-10-18 10:19:00,2011-10-18 10:19:00,53,1,26,26,359,396.97,396.97,,,0,0,0,0,0.0,0,Recent moderate purchasers and minimal cancellations
13596,2011-12-10,2011-11-27 11:57:00,2011-12-04 12:01:00,6,2,166,133,406,697.04,348.52,,,0,0,0,0,0.0,0,Recent moderate purchasers and minimal cancellations
13598,2011-12-10,2011-10-23 14:28:00,2011-10-23 14:28:00,48,1,40,33,58,180.17,180.17,2011-10-23 14:35:00,2011-10-23 14:35:00,1,1,1,1,12.75,2,Less recent infrequent purchasers
13599,2011-12-10,2010-12-08 10:11:00,2011-12-08 16:10:00,2,21,247,171,3294,5153.67,245.4129,2010-12-14 09:58:00,2011-12-08 19:26:00,12,16,14,124,121.35,1,Recent high-activity purchasers and frequent cancellations
13600,2011-12-10,2011-01-31 15:27:00,2011-01-31 15:27:00,313,1,19,19,324,219.52,219.52,,,0,0,0,0,0.0,2,Less recent infrequent purchasers
13601,2011-12-10,2011-05-12 16:52:00,2011-10-25 17:31:00,46,2,99,90,548,693.32,346.66,,,0,0,0,0,0.0,0,Recent moderate purchasers and minimal cancellations
13602,2011-12-10,2011-10-06 11:47:00,2011-10-06 11:47:00,65,1,23,23,267,428.89,428.89,,,0,0,0,0,0.0,0,Recent moderate purchasers and minimal cancellations
13603,2011-12-10,2011-11-13 15:57:00,2011-11-13 15:57:00,27,1,27,27,164,164.34,164.34,,,0,0,0,0,0.0,2,Less recent infrequent purchasers
13606,2011-12-10,2011-02-01 11:42:00,2011-11-10 17:46:00,30,3,43,40,279,280.54,93.5133,,,0,0,0,0,0.0,0,Recent moderate purchasers and minimal cancellations
13607,2011-12-10,2011-10-30 16:17:00,2011-10-30 16:17:00,41,1,98,93,290,678.01,678.01,,,0,0,0,0,0.0,0,Recent moderate purchasers and minimal cancellations
13610,2011-12-10,2011-02-27 14:44:00,2011-11-27 15:38:00,13,7,226,165,516,1131.88,161.6971,2011-04-10 14:26:00,2011-10-16 15:03:00,2,2,2,2,16.45,3,Recent moderate purchasers and some cancellation activity
13611,2011-12-10,2010-12-15 10:31:00,2011-09-11 14:51:00,90,3,74,67,766,1171.8,390.6,2011-06-27 17:04:00,2011-06-27 17:04:00,1,2,2,4,13.6,3,Recent moderate purchasers and some cancellation activity
13614,2011-12-10,2011-01-13 12:37:00,2011-11-15 14:47:00,25,4,201,171,570,1610.46,402.615,,,0,0,0,0,0.0,0,Recent moderate purchasers and minimal cancellations
13615,2011-12-10,2011-01-25 08:21:00,2011-01-25 08:21:00,319,1,23,23,189,417.69,417.69,2011-01-31 11:29:00,2011-01-31 11:29:00,1,1,1,6,17.7,3,Recent moderate purchasers and some cancellation activity
13617,2011-12-10,2011-06-12 12:55:00,2011-10-30 13:50:00,41,3,44,31,300,544.18,181.3933,,,0,0,0,0,0.0,0,Recent moderate purchasers and minimal cancellations
13618,2011-12-10,2011-06-19 11:09:00,2011-06-19 11:09:00,174,1,13,13,246,177.34,177.34,,,0,0,0,0,0.0,2,Less recent infrequent purchasers
13621,2011-12-10,2011-08-15 08:26:00,2011-08-15 08:26:00,117,1,19,19,343,213.85,213.85,,,0,0,0,0,0.0,2,Less recent infrequent purchasers
13623,2011-12-10,2011-02-15 13:08:00,2011-11-09 12:00:00,31,5,81,75,294,747.78,149.556,2011-02-15 12:55:00,2011-11-09 11:59:00,2,4,4,4,31.54,3,Recent moderate purchasers and some cancellation activity
13626,2011-12-10,2011-04-01 10:05:00,2011-04-01 10:05:00,253,1,19,19,209,257.23,257.23,,,0,0,0,0,0.0,2,Less recent infrequent purchasers
13627,2011-12-10,2010-12-17 09:52:00,2011-10-11 14:20:00,60,5,92,84,1269,1638.47,327.694,2011-07-11 11:09:00,2011-09-22 15:08:00,2,2,2,3,14.45,3,Recent moderate purchasers and some cancellation activity
13629,2011-12-10,2011-01-05 12:09:00,2011-11-16 13:21:00,24,11,59,28,4372,7792.36,708.3964,,,0,0,0,0,0.0,0,Recent moderate purchasers and minimal cancellations
13630,2011-12-10,2011-02-27 12:49:00,2011-12-04 15:16:00,6,7,71,51,1391,2031.78,290.2543,2011-03-03 11:35:00,2011-09-05 10:58:00,4,9,6,14,36.1,1,Recent high-activity purchasers and frequent cancellations
13631,2011-12-10,2011-03-17 17:13:00,2011-09-01 09:57:00,100,11,11,6,467,3070.42,279.1291,2011-07-28 19:27:00,2011-07-28 19:27:00,1,1,1,7,48.65,3,Recent moderate purchasers and some cancellation activity
13632,2011-12-10,2011-04-10 15:07:00,2011-11-15 10:51:00,25,5,146,121,1037,2121.27,424.254,2011-06-19 12:25:00,2011-06-19 12:25:00,1,1,1,1,4.25,3,Recent moderate purchasers and some cancellation activity
13634,2011-12-10,2011-01-16 15:30:00,2011-11-06 13:40:00,34,5,188,156,704,1575.16,315.032,,,0,0,0,0,0.0,0,Recent moderate purchasers and minimal cancellations
13635,2011-12-10,2011-10-03 10:55:00,2011-10-03 10:55:00,68,1,62,62,677,1071.03,1071.03,,,0,0,0,0,0.0,0,Recent moderate purchasers and minimal cancellations
13636,2011-12-10,2011-02-27 14:29:00,2011-11-03 10:30:00,37,5,63,57,592,949.12,189.824,2011-04-05 08:24:00,2011-04-05 08:24:00,1,1,1,6,7.5,3,Recent moderate purchasers and some cancellation activity
13637,2011-12-10,2011-04-27 13:06:00,2011-10-18 13:32:00,53,3,100,78,408,809.25,269.75,,,0,0,0,0,0.0,0,Recent moderate purchasers and minimal cancellations
13638,2011-12-10,2011-11-24 10:38:00,2011-11-24 10:38:00,16,1,8,8,93,122.64,122.64,,,0,0,0,0,0.0,2,Less recent infrequent purchasers
13639,2011-12-10,2011-09-26 13:36:00,2011-09-26 13:36:00,75,1,40,39,800,1033.34,1033.34,,,0,0,0,0,0.0,0,Recent moderate purchasers and minimal cancellations
13642,2011-12-10,2011-05-08 12:34:00,2011-05-08 12:34:00,216,1,66,57,173,354.8,354.8,,,0,0,0,0,0.0,0,Recent moderate purchasers and minimal cancellations
13643,2011-12-10,2011-06-07 11:40:00,2011-11-08 15:37:00,32,3,28,24,273,519.44,173.1467,,,0,0,0,0,0.0,0,Recent moderate purchasers and minimal cancellations
13644,2011-12-10,2011-08-26 11:53:00,2011-11-23 14:07:00,17,4,146,144,2067,2624.26,656.065,2011-12-01 08:18:00,2011-12-01 08:18:00,1,2,2,7,26.74,3,Recent moderate purchasers and some cancellation activity
13645,2011-12-10,2011-08-11 16:11:00,2011-08-11 16:11:00,121,1,5,5,158,252.1,252.1,,,0,0,0,0,0.0,2,Less recent infrequent purchasers
13647,2011-12-10,2011-04-19 09:49:00,2011-11-30 12:00:00,10,4,79,65,895,1678.12,419.53,2011-10-06 16:20:00,2011-10-06 16:20:00,1,1,1,1,7.9,3,Recent moderate purchasers and some cancellation activity
13649,2011-12-10,2010-12-08 14:46:00,2011-03-28 11:51:00,257,2,23,23,139,346.6,173.3,,,0,0,0,0,0.0,2,Less recent infrequent purchasers
13650,2011-12-10,2011-03-17 12:37:00,2011-11-23 12:22:00,17,6,96,79,922,1836.34,306.0567,2011-05-18 09:20:00,2011-05-18 09:20:00,1,2,2,4,27.0,3,Recent moderate purchasers and some cancellation activity
13651,2011-12-10,2011-10-31 12:11:00,2011-10-31 12:11:00,40,1,5,5,32,79.2,79.2,,,0,0,0,0,0.0,2,Less recent infrequent purchasers
13652,2011-12-10,2010-12-06 09:21:00,2011-10-25 08:51:00,46,3,63,48,578,1095.08,365.0267,,,0,0,0,0,0.0,0,Recent moderate purchasers and minimal cancellations
13654,2011-12-10,2011-03-11 12:54:00,2011-10-27 16:24:00,44,6,166,157,2182,2707.33,451.2217,,,0,0,0,0,0.0,0,Recent moderate purchasers and minimal cancellations
13655,2011-12-10,2011-04-12 09:53:00,2011-08-17 14:25:00,115,2,56,52,605,932.97,466.485,,,0,0,0,0,0.0,0,Recent moderate purchasers and minimal cancellations
13656,2011-12-10,2011-01-06 15:42:00,2011-06-28 10:31:00,165,2,49,49,490,379.65,189.825,,,0,0,0,0,0.0,0,Recent moderate purchasers and minimal cancellations
13657,2011-12-10,2011-05-22 12:35:00,2011-11-29 12:32:00,11,2,15,15,208,367.14,183.57,,,0,0,0,0,0.0,2,Less recent infrequent purchasers
13658,2011-12-10,2011-05-19 17:15:00,2011-11-30 10:13:00,10,5,108,91,1019,2639.17,527.834,2011-05-26 11:02:00,2011-06-13 17:21:00,2,4,4,10,217.7,3,Recent moderate purchasers and some cancellation activity
13659,2011-12-10,2011-01-23 12:08:00,2011-05-18 12:37:00,206,2,104,92,894,1573.2,786.6,2011-05-26 19:56:00,2011-05-26 19:56:00,1,4,4,15,22.35,3,Recent moderate purchasers and some cancellation activity
13662,2011-12-10,2011-03-25 13:23:00,2011-09-15 12:04:00,86,3,53,50,543,897.76,299.2533,2011-03-29 14:17:00,2011-06-10 09:37:00,4,5,5,5,18.68,3,Recent moderate purchasers and some cancellation activity
13663,2011-12-10,2011-06-13 15:44:00,2011-06-13 15:44:00,180,1,13,13,91,189.47,189.47,,,0,0,0,0,0.0,2,Less recent infrequent purchasers
13666,2011-12-10,2011-02-25 13:05:00,2011-10-10 15:39:00,61,3,12,12,41,84.65,28.2167,,,0,0,0,0,0.0,2,Less recent infrequent purchasers
13667,2011-12-10,2011-07-13 15:42:00,2011-07-13 15:42:00,150,1,87,82,154,305.02,305.02,,,0,0,0,0,0.0,0,Recent moderate purchasers and minimal cancellations
13668,2011-12-10,2010-12-12 12:35:00,2011-12-07 12:11:00,3,21,470,284,3742,6363.59,303.0281,2011-01-09 10:59:00,2011-12-07 12:14:00,8,31,24,105,147.52,1,Recent high-activity purchasers and frequent cancellations
13669,2011-12-10,2011-07-13 11:44:00,2011-10-20 09:32:00,51,2,9,9,237,218.55,109.275,,,0,0,0,0,0.0,2,Less recent infrequent purchasers
13670,2011-12-10,2011-09-25 15:25:00,2011-09-25 15:25:00,76,1,25,25,282,349.7,349.7,,,0,0,0,0,0.0,2,Less recent infrequent purchasers
13672,2011-12-10,2011-01-11 13:54:00,2011-02-11 13:53:00,302,2,6,4,57,186.39,93.195,2011-01-10 12:02:00,2011-02-11 13:46:00,3,9,4,57,186.39,3,Recent moderate purchasers and some cancellation activity
13673,2011-12-10,2011-11-07 15:40:00,2011-11-21 12:11:00,19,2,65,47,119,396.92,198.46,,,0,0,0,0,0.0,0,Recent moderate purchasers and minimal cancellations
13675,2011-12-10,2011-02-28 12:14:00,2011-07-11 12:57:00,152,2,25,25,330,486.82,243.41,,,0,0,0,0,0.0,2,Less recent infrequent purchasers
13678,2011-12-10,2011-07-11 10:14:00,2011-07-11 10:14:00,152,1,16,16,924,232.6,232.6,,,0,0,0,0,0.0,2,Less recent infrequent purchasers
13680,2011-12-10,2011-01-04 14:12:00,2011-12-08 13:47:00,2,4,195,164,1936,3722.42,930.605,2011-01-07 10:56:00,2011-01-07 10:56:00,1,21,21,669,1520.11,1,Recent high-activity purchasers and frequent cancellations
13681,2011-12-10,2011-07-07 15:21:00,2011-11-22 11:13:00,18,4,57,37,360,827.83,206.9575,,,0,0,0,0,0.0,0,Recent moderate purchasers and minimal cancellations
13682,2011-12-10,2011-06-05 14:06:00,2011-06-05 14:06:00,188,1,3,3,10,59.5,59.5,,,0,0,0,0,0.0,2,Less recent infrequent purchasers
13684,2011-12-10,2011-02-27 10:13:00,2011-02-27 10:13:00,286,1,30,29,39,67.23,67.23,2011-02-27 10:25:00,2011-02-27 10:25:00,1,1,1,1,3.0,2,Less recent infrequent purchasers
13685,2011-12-10,2011-10-10 12:59:00,2011-12-07 11:41:00,3,7,39,29,5056,3119.44,445.6343,,,0,0,0,0,0.0,0,Recent moderate purchasers and minimal cancellations
13686,2011-12-10,2011-06-10 09:10:00,2011-06-10 09:10:00,183,1,8,8,70,72.0,72.0,,,0,0,0,0,0.0,2,Less recent infrequent purchasers
13689,2011-12-10,2011-10-07 13:21:00,2011-10-07 13:21:00,64,1,6,6,512,910.0,910.0,,,0,0,0,0,0.0,2,Less recent infrequent purchasers
13690,2011-12-10,2011-10-11 15:03:00,2011-10-11 15:03:00,60,1,9,9,67,172.25,172.25,,,0,0,0,0,0.0,2,Less recent infrequent purchasers
13692,2011-12-10,2011-04-17 12:57:00,2011-11-15 11:17:00,25,3,53,48,1226,1488.32,496.1067,2011-05-03 08:49:00,2011-05-03 08:49:00,1,1,1,1,14.95,3,Recent moderate purchasers and some cancellation activity
13694,2011-12-10,2010-12-01 12:12:00,2011-12-06 09:32:00,4,50,568,366,63312,65039.62,1300.7924,2010-12-20 13:51:00,2011-11-14 12:57:00,9,16,14,1506,2362.52,1,Recent high-activity purchasers and frequent cancellations
13695,2011-12-10,2011-03-25 11:31:00,2011-11-08 14:26:00,32,15,86,45,1599,2444.13,162.942,,,0,0,0,0,0.0,0,Recent moderate purchasers and minimal cancellations
13697,2011-12-10,2011-11-01 09:14:00,2011-11-01 09:14:00,39,1,12,12,177,151.3,151.3,,,0,0,0,0,0.0,2,Less recent infrequent purchasers
13699,2011-12-10,2011-07-07 16:51:00,2011-07-07 16:51:00,156,1,14,14,66,308.58,308.58,,,0,0,0,0,0.0,2,Less recent infrequent purchasers
13700,2011-12-10,2011-01-16 13:18:00,2011-11-13 13:00:00,27,10,197,139,2304,2265.12,226.512,,,0,0,0,0,0.0,0,Recent moderate purchasers and minimal cancellations
13703,2011-12-10,2011-01-25 13:10:00,2011-01-25 13:10:00,319,1,1,1,10,99.5,99.5,,,0,0,0,0,0.0,2,Less recent infrequent purchasers
13704,2011-12-10,2011-09-12 14:40:00,2011-12-04 15:13:00,6,9,134,111,1531,2308.06,256.4511,2011-10-06 18:44:00,2011-10-06 18:44:00,1,1,1,3,12.75,3,Recent moderate purchasers and some cancellation activity
13705,2011-12-10,2010-12-01 10:29:00,2011-12-02 12:32:00,8,3,28,25,363,711.86,237.2867,,,0,0,0,0,0.0,0,Recent moderate purchasers and minimal cancellations
13706,2011-12-10,2011-02-10 09:21:00,2011-02-10 09:21:00,303,1,20,20,189,330.79,330.79,,,0,0,0,0,0.0,2,Less recent infrequent purchasers
13707,2011-12-10,2011-01-28 13:27:00,2011-03-17 18:03:00,268,2,48,48,351,806.41,403.205,,,0,0,0,0,0.0,0,Recent moderate purchasers and minimal cancellations
13708,2011-12-10,2011-03-13 13:46:00,2011-03-13 13:46:00,272,1,50,48,305,294.88,294.88,,,0,0,0,0,0.0,2,Less recent infrequent purchasers
13709,2011-12-10,2011-01-28 14:57:00,2011-12-06 10:28:00,4,13,336,244,3516,6328.05,486.7731,2011-08-09 14:23:00,2011-11-08 16:17:00,4,10,10,15,78.94,1,Recent high-activity purchasers and frequent cancellations
13710,2011-12-10,2011-11-08 08:16:00,2011-11-08 08:16:00,32,1,8,8,176,180.48,180.48,,,0,0,0,0,0.0,2,Less recent infrequent purchasers
13711,2011-12-10,2011-05-05 10:29:00,2011-05-05 10:31:00,219,2,13,11,140,252.06,126.03,,,0,0,0,0,0.0,2,Less recent infrequent purchasers
13712,2011-12-10,2011-04-07 12:33:00,2011-04-07 12:33:00,247,1,10,10,352,228.84,228.84,,,0,0,0,0,0.0,2,Less recent infrequent purchasers
13715,2011-12-10,2010-12-02 08:52:00,2011-03-03 19:21:00,282,5,105,89,563,1079.34,215.868,2010-12-12 12:51:00,2011-01-06 17:32:00,3,3,3,8,25.4,3,Recent moderate purchasers and some cancellation activity
13716,2011-12-10,2011-03-15 13:49:00,2011-03-15 13:49:00,270,1,21,21,138,138.28,138.28,,,0,0,0,0,0.0,2,Less recent infrequent purchasers
13717,2011-12-10,2011-02-14 13:21:00,2011-11-07 14:13:00,33,6,102,92,1959,1445.01,240.835,2011-04-20 15:56:00,2011-04-20 15:56:00,1,1,1,1,12.75,3,Recent moderate purchasers and some cancellation activity
13718,2011-12-10,2011-02-17 11:58:00,2011-04-07 13:24:00,247,2,12,9,173,306.55,153.275,,,0,0,0,0,0.0,2,Less recent infrequent purchasers
13719,2011-12-10,2011-04-19 13:56:00,2011-11-24 15:26:00,16,5,60,56,609,1041.68,208.336,,,0,0,0,0,0.0,0,Recent moderate purchasers and minimal cancellations
13720,2011-12-10,2011-03-30 09:17:00,2011-08-15 12:46:00,117,4,42,41,500,784.9,196.225,,,0,0,0,0,0.0,0,Recent moderate purchasers and minimal cancellations
13721,2011-12-10,2011-11-03 14:05:00,2011-11-03 14:05:00,37,1,28,28,316,524.14,524.14,,,0,0,0,0,0.0,0,Recent moderate purchasers and minimal cancellations
13722,2011-12-10,2011-03-02 11:43:00,2011-07-31 12:44:00,132,3,85,75,1401,2375.41,791.8033,2011-08-11 15:26:00,2011-08-11 15:26:00,1,1,1,1,6.25,3,Recent moderate purchasers and some cancellation activity
13723,2011-12-10,2011-05-06 17:04:00,2011-05-06 17:04:00,218,1,6,6,43,199.85,199.85,,,0,0,0,0,0.0,2,Less recent infrequent purchasers
13725,2011-12-10,2011-02-04 12:18:00,2011-10-21 10:03:00,50,8,104,95,806,1980.56,247.57,2011-02-11 17:14:00,2011-09-29 11:34:00,3,14,14,147,170.75,1,Recent high-activity purchasers and frequent cancellations
13726,2011-12-10,2011-08-31 11:06:00,2011-11-01 10:49:00,39,2,42,39,1054,1079.66,539.83,,,0,0,0,0,0.0,0,Recent moderate purchasers and minimal cancellations
13727,2011-12-10,2011-11-06 12:16:00,2011-11-11 09:46:00,29,2,20,19,162,333.48,166.74,,,0,0,0,0,0.0,2,Less recent infrequent purchasers
13728,2011-12-10,2011-02-02 12:09:00,2011-11-03 10:49:00,37,6,63,38,458,1016.14,169.3567,,,0,0,0,0,0.0,0,Recent moderate purchasers and minimal cancellations
13730,2011-12-10,2011-07-01 12:47:00,2011-07-27 08:35:00,136,2,43,38,488,752.6,376.3,,,0,0,0,0,0.0,0,Recent moderate purchasers and minimal cancellations
13731,2011-12-10,2011-04-07 10:10:00,2011-05-04 14:33:00,220,2,38,36,278,610.59,305.295,,,0,0,0,0,0.0,0,Recent moderate purchasers and minimal cancellations
13732,2011-12-10,2011-11-11 15:49:00,2011-11-11 15:49:00,29,1,33,33,498,491.86,491.86,,,0,0,0,0,0.0,0,Recent moderate purchasers and minimal cancellations
13735,2011-12-10,2011-04-19 13:49:00,2011-11-15 11:14:00,25,4,196,158,1130,2885.24,721.31,2011-04-19 12:40:00,2011-11-15 10:34:00,4,12,12,47,119.06,1,Recent high-activity purchasers and frequent cancellations
13736,2011-12-10,2011-03-24 13:04:00,2011-12-04 15:19:00,6,2,191,166,497,731.9,365.95,2011-03-24 13:09:00,2011-03-24 13:09:00,1,3,3,4,7.9,3,Recent moderate purchasers and some cancellation activity
13737,2011-12-10,2011-05-23 16:32:00,2011-05-23 16:32:00,201,1,30,29,125,339.6,339.6,,,0,0,0,0,0.0,2,Less recent infrequent purchasers
13739,2011-12-10,2011-11-21 13:35:00,2011-11-21 13:35:00,19,1,3,3,54,216.9,216.9,,,0,0,0,0,0.0,2,Less recent infrequent purchasers
13740,2011-12-10,2011-04-13 10:32:00,2011-04-13 10:32:00,241,1,23,23,425,350.75,350.75,,,0,0,0,0,0.0,2,Less recent infrequent purchasers
13741,2011-12-10,2011-05-06 13:43:00,2011-09-29 09:19:00,72,3,34,34,218,668.43,222.81,2011-05-12 19:38:00,2011-05-12 19:38:00,1,1,1,1,2.1,3,Recent moderate purchasers and some cancellation activity
13742,2011-12-10,2011-01-23 14:59:00,2011-11-23 11:07:00,17,12,321,200,1124,3131.02,260.9183,2011-01-23 15:48:00,2011-06-27 11:14:00,2,2,2,8,28.6,3,Recent moderate purchasers and some cancellation activity
13743,2011-12-10,2011-03-25 14:46:00,2011-12-07 10:09:00,3,7,41,8,1776,1341.6,191.6571,2011-07-12 14:49:00,2011-07-12 14:49:00,1,1,1,1,1.45,3,Recent moderate purchasers and some cancellation activity
13744,2011-12-10,2011-02-20 14:08:00,2011-09-05 15:19:00,96,2,72,54,1249,1156.36,578.18,,,0,0,0,0,0.0,0,Recent moderate purchasers and minimal cancellations
13745,2011-12-10,2011-06-30 16:43:00,2011-06-30 16:43:00,163,1,25,25,496,300.04,300.04,2011-07-11 14:21:00,2011-07-11 14:21:00,1,1,1,10,8.5,3,Recent moderate purchasers and some cancellation activity
13747,2011-12-10,2010-12-01 10:37:00,2010-12-01 10:37:00,374,1,1,1,8,79.6,79.6,,,0,0,0,0,0.0,2,Less recent infrequent purchasers
13748,2011-12-10,2010-12-01 09:00:00,2011-09-05 09:45:00,96,5,28,24,439,948.25,189.65,,,0,0,0,0,0.0,0,Recent moderate purchasers and minimal cancellations
13750,2011-12-10,2011-01-07 11:49:00,2011-10-17 12:16:00,54,5,24,20,516,1647.26,329.452,,,0,0,0,0,0.0,0,Recent moderate purchasers and minimal cancellations
13751,2011-12-10,2011-02-24 15:56:00,2011-02-24 15:56:00,289,1,9,9,152,296.25,296.25,,,0,0,0,0,0.0,2,Less recent infrequent purchasers
13752,2011-12-10,2011-04-07 12:04:00,2011-08-07 14:16:00,125,6,75,63,875,1156.28,192.7133,,,0,0,0,0,0.0,0,Recent moderate purchasers and minimal cancellations
13753,2011-12-10,2011-02-25 12:48:00,2011-02-25 12:48:00,288,1,35,35,512,741.26,741.26,,,0,0,0,0,0.0,0,Recent moderate purchasers and minimal cancellations
13754,2011-12-10,2011-01-26 14:58:00,2011-07-11 11:51:00,152,2,12,11,214,282.6,141.3,,,0,0,0,0,0.0,2,Less recent infrequent purchasers
13755,2011-12-10,2011-10-07 15:45:00,2011-12-06 12:26:00,4,9,342,232,1264,2161.35,240.15,2011-11-14 12:08:00,2011-11-14 12:08:00,1,1,1,23,6.67,3,Recent moderate purchasers and some cancellation activity
13756,2011-12-10,2010-12-07 11:41:00,2011-12-07 16:44:00,3,14,142,66,3188,5189.52,370.68,2011-11-21 14:40:00,2011-11-21 14:40:00,1,1,1,24,44.4,3,Recent moderate purchasers and some cancellation activity
13758,2011-12-10,2010-12-01 12:08:00,2011-11-28 11:11:00,12,7,117,104,1844,3190.55,455.7929,,,0,0,0,0,0.0,0,Recent moderate purchasers and minimal cancellations
13759,2011-12-10,2011-09-29 15:40:00,2011-11-06 14:47:00,34,2,25,24,287,659.41,329.705,,,0,0,0,0,0.0,0,Recent moderate purchasers and minimal cancellations
13760,2011-12-10,2011-03-28 12:52:00,2011-10-16 16:13:00,55,2,57,50,197,286.79,143.395,,,0,0,0,0,0.0,0,Recent moderate purchasers and minimal cancellations
13761,2011-12-10,2011-06-13 08:43:00,2011-10-20 14:01:00,51,2,70,68,642,1070.65,535.325,,,0,0,0,0,0.0,0,Recent moderate purchasers and minimal cancellations
13762,2011-12-10,2011-05-05 09:15:00,2011-05-05 09:15:00,219,1,7,7,272,306.72,306.72,2011-05-19 15:23:00,2011-05-19 15:23:00,1,7,7,272,306.72,3,Recent moderate purchasers and some cancellation activity
13763,2011-12-10,2011-10-07 15:13:00,2011-10-07 15:13:00,64,1,15,15,728,1714.96,1714.96,2011-06-21 17:40:00,2011-07-04 14:53:00,2,2,2,3,25.5,3,Recent moderate purchasers and some cancellation activity
13764,2011-12-10,2011-01-06 14:53:00,2011-09-30 12:03:00,71,3,207,182,929,1518.76,506.2533,,,0,0,0,0,0.0,0,Recent moderate purchasers and minimal cancellations
13767,2011-12-10,2010-12-01 10:47:00,2011-12-07 15:00:00,3,37,368,55,7322,17220.36,465.4151,2010-12-02 14:25:00,2011-11-10 14:48:00,15,31,14,64,274.65,1,Recent high-activity purchasers and frequent cancellations
13769,2011-12-10,2010-12-07 13:28:00,2011-12-07 15:08:00,3,10,135,73,1163,2796.51,279.651,2010-12-14 11:56:00,2011-11-10 14:52:00,6,8,6,11,24.64,1,Recent high-activity purchasers and frequent cancellations
13771,2011-12-10,2011-04-06 15:47:00,2011-10-06 14:18:00,65,4,119,114,1477,2634.45,658.6125,2011-06-13 16:08:00,2011-06-13 16:08:00,1,1,1,1,2.75,3,Recent moderate purchasers and some cancellation activity
13772,2011-12-10,2011-04-14 12:31:00,2011-11-06 11:43:00,34,3,177,141,546,1132.13,377.3767,,,0,0,0,0,0.0,0,Recent moderate purchasers and minimal cancellations
13774,2011-12-10,2011-09-19 12:06:00,2011-09-19 12:06:00,82,1,22,22,192,345.0,345.0,,,0,0,0,0,0.0,2,Less recent infrequent purchasers
13777,2011-12-10,2010-12-01 16:01:00,2011-12-09 12:25:00,1,33,197,36,12897,25977.16,787.1867,2010-12-09 14:30:00,2011-11-30 14:46:00,7,20,16,90,219.06,1,Recent high-activity purchasers and frequent cancellations
13778,2011-12-10,2011-08-28 15:25:00,2011-08-28 15:25:00,104,1,9,9,70,178.7,178.7,,,0,0,0,0,0.0,2,Less recent infrequent purchasers
13780,2011-12-10,2011-06-22 11:43:00,2011-12-02 13:49:00,8,2,57,56,318,360.01,180.005,,,0,0,0,0,0.0,0,Recent moderate purchasers and minimal cancellations
13781,2011-12-10,2011-04-03 12:08:00,2011-04-03 12:08:00,251,1,17,17,30,127.84,127.84,,,0,0,0,0,0.0,2,Less recent infrequent purchasers
13782,2011-12-10,2011-01-16 11:08:00,2011-11-27 11:54:00,13,6,115,96,371,912.0,152.0,,,0,0,0,0,0.0,0,Recent moderate purchasers and minimal cancellations
13784,2011-12-10,2011-01-11 14:38:00,2011-11-30 09:33:00,10,11,31,9,2493,2462.79,223.89,,,0,0,0,0,0.0,0,Recent moderate purchasers and minimal cancellations
13786,2011-12-10,2010-12-07 13:53:00,2010-12-07 13:53:00,368,1,7,7,136,230.4,230.4,,,0,0,0,0,0.0,2,Less recent infrequent purchasers
13787,2011-12-10,2010-12-10 14:45:00,2011-09-25 12:06:00,76,2,31,24,337,309.04,154.52,,,0,0,0,0,0.0,2,Less recent infrequent purchasers
13790,2011-12-10,2011-12-05 15:48:00,2011-12-05 15:48:00,5,1,45,45,748,348.8,348.8,,,0,0,0,0,0.0,0,Recent moderate purchasers and minimal cancellations
13791,2011-12-10,2011-06-24 16:38:00,2011-08-04 11:44:00,128,2,11,7,1200,1516.0,758.0,2011-10-27 14:38:00,2011-10-27 14:38:00,1,6,6,372,468.32,3,Recent moderate purchasers and some cancellation activity
13792,2011-12-10,2011-02-25 14:03:00,2011-10-04 14:31:00,67,2,13,13,92,195.55,97.775,,,0,0,0,0,0.0,2,Less recent infrequent purchasers
13798,2011-12-10,2010-12-02 17:24:00,2011-12-08 15:51:00,2,57,349,113,23948,37153.85,651.8219,2010-12-10 15:01:00,2011-10-07 12:11:00,6,90,35,434,802.43,1,Recent high-activity purchasers and frequent cancellations
13799,2011-12-10,2011-02-18 14:18:00,2011-08-15 12:07:00,117,2,39,32,402,688.86,344.43,,,0,0,0,0,0.0,0,Recent moderate purchasers and minimal cancellations
13800,2011-12-10,2011-02-03 12:27:00,2011-02-03 12:27:00,310,1,33,33,331,558.32,558.32,,,0,0,0,0,0.0,2,Less recent infrequent purchasers
13801,2011-12-10,2011-10-04 10:15:00,2011-10-04 10:15:00,67,1,23,23,168,324.8,324.8,,,0,0,0,0,0.0,2,Less recent infrequent purchasers
13802,2011-12-10,2011-02-01 12:03:00,2011-07-24 10:54:00,139,3,60,55,2572,4599.42,1533.14,2010-12-14 09:54:00,2011-07-24 13:26:00,3,6,6,291,693.15,1,Recent high-activity purchasers and frequent cancellations
13803,2011-12-10,2011-03-29 12:57:00,2011-03-29 12:57:00,256,1,17,17,121,277.07,277.07,,,0,0,0,0,0.0,2,Less recent infrequent purchasers
13804,2011-12-10,2011-02-23 09:09:00,2011-11-09 12:32:00,31,7,137,124,1498,2635.79,376.5414,,,0,0,0,0,0.0,0,Recent moderate purchasers and minimal cancellations
13805,2011-12-10,2011-08-02 15:29:00,2011-10-18 14:50:00,53,2,13,10,1900,924.6,462.3,,,0,0,0,0,0.0,0,Recent moderate purchasers and minimal cancellations
13806,2011-12-10,2011-10-07 11:43:00,2011-10-07 11:43:00,64,1,10,10,56,256.38,256.38,,,0,0,0,0,0.0,2,Less recent infrequent purchasers
13807,2011-12-10,2010-12-07 15:48:00,2010-12-07 15:48:00,368,1,7,7,36,112.6,112.6,,,0,0,0,0,0.0,2,Less recent infrequent purchasers
13808,2011-12-10,2011-09-04 12:07:00,2011-12-04 12:18:00,6,5,76,70,782,1747.66,349.532,,,0,0,0,0,0.0,0,Recent moderate purchasers and minimal cancellations
13809,2011-12-10,2011-02-07 13:15:00,2011-02-07 13:15:00,306,1,12,11,29,155.05,155.05,,,0,0,0,0,0.0,2,Less recent infrequent purchasers
13810,2011-12-10,2011-10-14 12:57:00,2011-11-11 08:33:00,29,2,32,30,307,827.51,413.755,,,0,0,0,0,0.0,0,Recent moderate purchasers and minimal cancellations
13811,2011-12-10,2011-04-14 18:40:00,2011-06-09 09:54:00,184,2,10,5,63,519.75,259.875,,,0,0,0,0,0.0,2,Less recent infrequent purchasers
13812,2011-12-10,2011-08-26 12:54:00,2011-10-28 14:27:00,43,3,33,32,330,485.0,161.6667,,,0,0,0,0,0.0,0,Recent moderate purchasers and minimal cancellations
13813,2011-12-10,2011-07-28 10:33:00,2011-10-31 10:38:00,40,4,65,53,541,1168.86,292.215,2011-08-05 12:49:00,2011-08-05 12:49:00,1,2,2,2,13.45,3,Recent moderate purchasers and some cancellation activity
13814,2011-12-10,2011-07-25 13:54:00,2011-09-08 13:48:00,93,2,57,37,864,1579.12,789.56,2011-10-14 16:57:00,2011-10-14 16:57:00,1,1,1,2,17.0,3,Recent moderate purchasers and some cancellation activity
13815,2011-12-10,2011-01-25 12:16:00,2011-11-17 14:19:00,23,4,173,131,2540,3667.36,916.84,2011-07-14 11:00:00,2011-07-14 11:00:00,1,1,1,3,12.45,3,Recent moderate purchasers and some cancellation activity
13816,2011-12-10,2011-10-06 14:37:00,2011-11-16 08:38:00,24,2,26,24,265,499.67,249.835,2011-10-13 11:49:00,2011-11-14 13:13:00,2,5,5,9,16.63,3,Recent moderate purchasers and some cancellation activity
13817,2011-12-10,2010-12-23 11:46:00,2011-11-10 17:49:00,30,2,22,19,208,328.98,164.49,,,0,0,0,0,0.0,2,Less recent infrequent purchasers
13819,2011-12-10,2011-01-24 10:38:00,2011-02-11 10:38:00,302,3,36,26,1109,1140.35,380.1167,,,0,0,0,0,0.0,0,Recent moderate purchasers and minimal cancellations
13821,2011-12-10,2011-03-23 11:30:00,2011-07-18 09:49:00,145,2,59,51,153,385.64,192.82,,,0,0,0,0,0.0,0,Recent moderate purchasers and minimal cancellations
13822,2011-12-10,2011-10-30 15:55:00,2011-12-04 12:13:00,6,2,96,90,611,632.0,316.0,,,0,0,0,0,0.0,0,Recent moderate purchasers and minimal cancellations
13823,2011-12-10,2011-09-09 10:42:00,2011-11-21 10:22:00,19,2,40,39,439,957.66,478.83,,,0,0,0,0,0.0,0,Recent moderate purchasers and minimal cancellations
13824,2011-12-10,2011-02-02 13:07:00,2011-11-07 12:41:00,33,5,46,34,768,1698.94,339.788,,,0,0,0,0,0.0,0,Recent moderate purchasers and minimal cancellations
13826,2011-12-10,2011-06-16 13:48:00,2011-06-16 13:48:00,177,1,10,10,82,189.5,189.5,2011-07-04 16:27:00,2011-07-04 16:27:00,1,1,1,1,9.95,2,Less recent infrequent purchasers
13827,2011-12-10,2011-07-19 15:38:00,2011-10-13 12:38:00,58,3,93,83,141,412.05,137.35,,,0,0,0,0,0.0,0,Recent moderate purchasers and minimal cancellations
13828,2011-12-10,2011-11-17 16:02:00,2011-11-17 16:02:00,23,1,15,15,311,209.49,209.49,,,0,0,0,0,0.0,2,Less recent infrequent purchasers
13831,2011-12-10,2010-12-05 12:13:00,2011-11-23 15:41:00,17,6,74,58,745,2202.99,367.165,,,0,0,0,0,0.0,0,Recent moderate purchasers and minimal cancellations
13832,2011-12-10,2011-11-20 15:36:00,2011-11-20 15:36:00,20,1,3,3,28,52.2,52.2,2011-11-22 12:31:00,2011-11-22 12:31:00,1,1,1,3,11.25,2,Less recent infrequent purchasers
13833,2011-12-10,2011-07-03 13:27:00,2011-07-03 13:27:00,160,1,29,28,118,384.8,384.8,,,0,0,0,0,0.0,2,Less recent infrequent purchasers
13835,2011-12-10,2011-05-08 15:22:00,2011-11-14 15:37:00,26,4,55,48,442,834.57,208.6425,,,0,0,0,0,0.0,0,Recent moderate purchasers and minimal cancellations
13837,2011-12-10,2011-01-26 12:15:00,2011-05-12 12:10:00,212,2,19,17,183,271.24,135.62,,,0,0,0,0,0.0,2,Less recent infrequent purchasers
13838,2011-12-10,2010-12-05 10:45:00,2011-12-04 11:00:00,6,4,174,144,263,691.73,172.9325,,,0,0,0,0,0.0,0,Recent moderate purchasers and minimal cancellations
13841,2011-12-10,2011-04-01 12:10:00,2011-04-01 12:10:00,253,1,1,1,100,85.0,85.0,,,0,0,0,0,0.0,2,Less recent infrequent purchasers
13842,2011-12-10,2010-12-08 10:39:00,2011-10-12 10:51:00,59,9,206,155,1768,3385.62,376.18,,,0,0,0,0,0.0,0,Recent moderate purchasers and minimal cancellations
13844,2011-12-10,2011-11-28 13:21:00,2011-11-28 13:21:00,12,1,20,20,196,361.62,361.62,,,0,0,0,0,0.0,2,Less recent infrequent purchasers
13845,2011-12-10,2011-10-06 08:25:00,2011-10-06 08:25:00,65,1,9,9,182,312.98,312.98,,,0,0,0,0,0.0,2,Less recent infrequent purchasers
13846,2011-12-10,2010-12-14 16:07:00,2011-11-15 12:07:00,25,3,55,55,388,865.06,288.3533,2011-04-08 12:09:00,2011-04-08 12:09:00,1,3,3,5,17.45,3,Recent moderate purchasers and some cancellation activity
13848,2011-12-10,2010-12-08 15:10:00,2011-09-08 12:58:00,93,3,5,3,3700,1255.0,418.3333,,,0,0,0,0,0.0,0,Recent moderate purchasers and minimal cancellations
13849,2011-12-10,2011-06-22 10:11:00,2011-10-19 10:59:00,52,2,101,97,1016,1537.95,768.975,,,0,0,0,0,0.0,0,Recent moderate purchasers and minimal cancellations
13850,2011-12-10,2011-08-02 14:04:00,2011-08-02 14:04:00,130,1,93,93,944,1595.48,1595.48,2011-09-12 18:00:00,2011-09-12 18:00:00,1,1,1,3,8.67,3,Recent moderate purchasers and some cancellation activity
13851,2011-12-10,2011-02-24 17:18:00,2011-09-05 12:36:00,96,3,81,77,1705,2651.46,883.82,,,0,0,0,0,0.0,0,Recent moderate purchasers and minimal cancellations
13853,2011-12-10,2011-10-13 14:18:00,2011-10-13 14:18:00,58,1,23,23,312,1090.14,1090.14,2011-12-01 08:12:00,2011-12-01 08:12:00,1,1,1,8,33.2,3,Recent moderate purchasers and some cancellation activity
13854,2011-12-10,2010-12-09 10:48:00,2011-12-01 09:06:00,9,25,110,39,2296,8109.52,324.3808,2010-12-23 11:47:00,2011-06-03 09:18:00,4,4,3,18,84.5,1,Recent high-activity purchasers and frequent cancellations
13856,2011-12-10,2011-05-20 13:13:00,2011-06-24 10:03:00,169,3,14,10,494,388.5,129.5,2011-06-13 11:53:00,2011-06-13 15:37:00,2,3,2,10,25.1,3,Recent moderate purchasers and some cancellation activity
13858,2011-12-10,2011-10-13 16:17:00,2011-10-13 16:17:00,58,1,11,11,75,216.17,216.17,,,0,0,0,0,0.0,2,Less recent infrequent purchasers
13859,2011-12-10,2011-01-17 16:14:00,2011-01-17 16:14:00,327,1,28,27,129,201.16,201.16,,,0,0,0,0,0.0,2,Less recent infrequent purchasers
13860,2011-12-10,2011-09-14 09:27:00,2011-12-08 12:57:00,2,5,76,58,591,1245.9,249.18,2011-09-19 16:37:00,2011-09-19 16:37:00,1,1,1,2,5.9,3,Recent moderate purchasers and some cancellation activity
13862,2011-12-10,2011-01-11 15:13:00,2011-11-21 16:24:00,19,8,139,97,1688,2209.36,276.17,2011-01-14 17:11:00,2011-06-07 15:42:00,2,3,3,6,22.05,3,Recent moderate purchasers and some cancellation activity
13863,2011-12-10,2011-04-06 10:20:00,2011-04-06 10:20:00,248,1,20,20,224,305.78,305.78,2011-04-08 17:03:00,2011-04-08 17:03:00,1,2,2,5,6.22,3,Recent moderate purchasers and some cancellation activity
13865,2011-12-10,2011-02-23 12:04:00,2011-10-12 13:31:00,59,4,30,26,204,501.56,125.39,,,0,0,0,0,0.0,0,Recent moderate purchasers and minimal cancellations
13866,2011-12-10,2011-09-26 14:54:00,2011-09-26 14:54:00,75,1,7,7,57,145.67,145.67,,,0,0,0,0,0.0,2,Less recent infrequent purchasers
13867,2011-12-10,2011-05-05 17:28:00,2011-11-08 15:48:00,32,3,61,51,513,1015.29,338.43,,,0,0,0,0,0.0,0,Recent moderate purchasers and minimal cancellations
13868,2011-12-10,2011-11-01 12:45:00,2011-12-02 16:32:00,8,2,33,32,1964,3192.54,1596.27,,,0,0,0,0,0.0,0,Recent moderate purchasers and minimal cancellations
13869,2011-12-10,2010-12-17 15:14:00,2011-08-08 13:53:00,124,4,307,234,1721,3104.95,776.2375,,,0,0,0,0,0.0,0,Recent moderate purchasers and minimal cancellations
13870,2011-12-10,2011-02-25 09:09:00,2011-12-07 13:23:00,3,8,115,91,1325,2770.94,346.3675,2011-06-28 11:31:00,2011-11-02 12:35:00,2,3,3,5,19.69,3,Recent moderate purchasers and some cancellation activity
13871,2011-12-10,2011-02-04 09:30:00,2011-11-17 10:49:00,23,13,336,155,2806,6403.25,492.5577,2011-09-15 16:28:00,2011-09-15 16:28:00,1,2,2,5,13.45,3,Recent moderate purchasers and some cancellation activity
13873,2011-12-10,2011-02-03 09:37:00,2011-08-12 10:08:00,120,3,23,21,140,389.6,129.8667,2011-02-08 14:32:00,2011-02-08 14:32:00,1,1,1,2,7.9,2,Less recent infrequent purchasers
13874,2011-12-10,2010-12-16 18:20:00,2010-12-16 18:20:00,359,1,18,18,180,540.45,540.45,,,0,0,0,0,0.0,2,Less recent infrequent purchasers
13875,2011-12-10,2011-02-11 15:39:00,2011-10-17 09:36:00,54,5,104,79,1316,1786.79,357.358,,,0,0,0,0,0.0,0,Recent moderate purchasers and minimal cancellations
13876,2011-12-10,2011-10-07 10:22:00,2011-10-07 10:22:00,64,1,7,7,36,122.7,122.7,,,0,0,0,0,0.0,2,Less recent infrequent purchasers
13877,2011-12-10,2011-09-14 15:49:00,2011-09-14 15:49:00,87,1,3,3,108,117.24,117.24,,,0,0,0,0,0.0,2,Less recent infrequent purchasers
13878,2011-12-10,2011-10-16 12:19:00,2011-10-16 12:19:00,55,1,36,35,475,1281.53,1281.53,,,0,0,0,0,0.0,0,Recent moderate purchasers and minimal cancellations
13880,2011-12-10,2010-12-07 14:00:00,2011-11-18 13:44:00,22,13,165,125,1842,3219.77,247.6746,,,0,0,0,0,0.0,0,Recent moderate purchasers and minimal cancellations
13881,2011-12-10,2011-02-01 10:14:00,2011-12-06 12:50:00,4,20,178,72,10118,17159.52,857.976,2011-06-29 10:30:00,2011-11-11 11:15:00,2,2,2,56,170.0,1,Recent high-activity purchasers and frequent cancellations
13882,2011-12-10,2011-10-06 15:28:00,2011-12-07 11:16:00,3,5,65,54,953,1191.13,238.226,2011-11-01 10:01:00,2011-11-01 10:01:00,1,1,1,3,59.85,3,Recent moderate purchasers and some cancellation activity
13883,2011-12-10,2011-03-31 17:17:00,2011-11-29 10:45:00,11,5,142,108,1436,2674.48,534.896,2011-01-17 16:45:00,2011-12-08 19:20:00,4,12,11,67,132.23,1,Recent high-activity purchasers and frequent cancellations
13884,2011-12-10,2011-03-01 13:40:00,2011-12-02 16:30:00,8,5,59,45,300,787.6,157.52,2011-03-07 12:54:00,2011-03-07 12:54:00,1,1,1,3,6.3,3,Recent moderate purchasers and some cancellation activity
13885,2011-12-10,2011-05-23 08:52:00,2011-06-03 15:07:00,190,2,28,28,182,506.8,253.4,,,0,0,0,0,0.0,2,Less recent infrequent purchasers
13886,2011-12-10,2011-09-29 13:17:00,2011-09-29 13:17:00,72,1,16,16,126,243.56,243.56,,,0,0,0,0,0.0,2,Less recent infrequent purchasers
13887,2011-12-10,2011-05-19 17:22:00,2011-05-19 17:22:00,205,1,19,19,147,349.55,349.55,,,0,0,0,0,0.0,2,Less recent infrequent purchasers
13888,2011-12-10,2011-05-05 14:41:00,2011-08-12 10:13:00,120,2,40,38,258,605.63,302.815,,,0,0,0,0,0.0,0,Recent moderate purchasers and minimal cancellations
13889,2011-12-10,2011-09-08 09:13:00,2011-09-08 09:13:00,93,1,15,15,146,416.9,416.9,,,0,0,0,0,0.0,2,Less recent infrequent purchasers
13890,2011-12-10,2010-12-16 09:31:00,2011-12-08 15:36:00,2,10,110,74,831,1883.81,188.381,2011-01-26 17:11:00,2011-11-21 11:29:00,4,4,3,5,22.95,3,Recent moderate purchasers and some cancellation activity
13892,2011-12-10,2011-04-07 12:04:00,2011-11-13 11:50:00,27,4,27,26,983,632.97,158.2425,,,0,0,0,0,0.0,0,Recent moderate purchasers and minimal cancellations
13893,2011-12-10,2011-02-15 11:30:00,2011-02-15 11:30:00,298,1,21,21,190,821.1,821.1,,,0,0,0,0,0.0,2,Less recent infrequent purchasers
13894,2011-12-10,2011-02-02 12:54:00,2011-11-16 09:44:00,24,3,27,25,354,564.62,188.2067,2011-02-10 16:33:00,2011-11-17 13:35:00,2,3,3,15,28.65,3,Recent moderate purchasers and some cancellation activity
13895,2011-12-10,2011-06-28 10:17:00,2011-11-11 16:57:00,29,4,118,97,1365,2593.07,648.2675,2011-11-18 17:15:00,2011-11-18 17:15:00,1,1,1,1,4.95,3,Recent moderate purchasers and some cancellation activity
13897,2011-12-10,2011-10-20 14:30:00,2011-10-20 14:30:00,51,1,17,17,200,311.16,311.16,,,0,0,0,0,0.0,2,Less recent infrequent purchasers
13898,2011-12-10,2011-01-18 10:28:00,2011-01-18 10:28:00,326,1,12,12,133,155.93,155.93,,,0,0,0,0,0.0,2,Less recent infrequent purchasers
13899,2011-12-10,2011-03-10 09:30:00,2011-11-23 13:40:00,17,2,19,19,156,388.52,194.26,,,0,0,0,0,0.0,2,Less recent infrequent purchasers
13900,2011-12-10,2011-03-22 10:13:00,2011-06-09 19:26:00,184,3,43,42,430,740.95,246.9833,,,0,0,0,0,0.0,0,Recent moderate purchasers and minimal cancellations
13901,2011-12-10,2011-01-25 09:01:00,2011-09-28 14:48:00,73,5,149,144,1739,2867.2,573.44,,,0,0,0,0,0.0,0,Recent moderate purchasers and minimal cancellations
13904,2011-12-10,2011-02-18 11:18:00,2011-11-02 13:41:00,38,2,26,24,332,332.64,166.32,,,0,0,0,0,0.0,2,Less recent infrequent purchasers
13908,2011-12-10,2011-03-08 12:04:00,2011-09-21 11:49:00,80,4,121,103,1477,2319.55,579.8875,2011-05-12 19:43:00,2011-05-12 19:43:00,1,4,4,8,22.5,3,Recent moderate purchasers and some cancellation activity
13911,2011-12-10,2011-02-04 14:46:00,2011-10-13 15:43:00,58,9,148,120,2731,2580.91,286.7678,,,0,0,0,0,0.0,0,Recent moderate purchasers and minimal cancellations
13914,2011-12-10,2011-11-03 16:28:00,2011-11-28 10:35:00,12,2,33,28,380,626.45,313.225,2011-12-06 10:54:00,2011-12-06 10:54:00,1,1,1,1,12.5,3,Recent moderate purchasers and some cancellation activity
13917,2011-12-10,2011-06-01 12:46:00,2011-10-21 09:56:00,50,2,18,16,228,272.04,136.02,,,0,0,0,0,0.0,2,Less recent infrequent purchasers
13918,2011-12-10,2011-03-31 18:05:00,2011-10-21 12:25:00,50,2,30,30,1140,1212.84,606.42,,,0,0,0,0,0.0,0,Recent moderate purchasers and minimal cancellations
13919,2011-12-10,2011-08-10 10:15:00,2011-10-11 14:24:00,60,2,26,23,472,348.81,174.405,2011-10-17 15:24:00,2011-10-17 15:24:00,1,5,5,37,34.65,3,Recent moderate purchasers and some cancellation activity
13922,2011-12-10,2010-12-23 10:38:00,2010-12-23 10:38:00,352,1,7,7,93,172.25,172.25,,,0,0,0,0,0.0,2,Less recent infrequent purchasers
13923,2011-12-10,2011-10-17 12:33:00,2011-10-17 12:33:00,54,1,20,20,185,351.13,351.13,,,0,0,0,0,0.0,2,Less recent infrequent purchasers
13924,2011-12-10,2011-09-28 15:07:00,2011-12-08 09:39:00,2,6,117,90,1575,1838.85,306.475,2011-10-06 15:46:00,2011-11-30 11:05:00,5,20,13,43,156.77,1,Recent high-activity purchasers and frequent cancellations
13925,2011-12-10,2011-07-28 12:09:00,2011-09-08 12:47:00,93,4,41,28,331,678.25,169.5625,2011-08-18 06:30:00,2011-11-03 13:00:00,2,4,4,4,61.6,3,Recent moderate purchasers and some cancellation activity
13926,2011-12-10,2011-11-16 13:16:00,2011-11-16 13:16:00,24,1,11,11,104,223.85,223.85,,,0,0,0,0,0.0,2,Less recent infrequent purchasers
13927,2011-12-10,2011-09-26 12:00:00,2011-09-26 12:00:00,75,1,21,21,214,348.99,348.99,,,0,0,0,0,0.0,2,Less recent infrequent purchasers
13928,2011-12-10,2011-07-29 15:59:00,2011-11-29 10:33:00,11,4,27,23,129,464.57,116.1425,,,0,0,0,0,0.0,2,Less recent infrequent purchasers
13929,2011-12-10,2011-01-17 15:11:00,2011-06-23 15:26:00,170,2,9,8,143,842.65,421.325,2011-01-21 16:11:00,2011-01-21 16:11:00,1,1,1,4,39.8,3,Recent moderate purchasers and some cancellation activity
13930,2011-12-10,2011-07-26 11:00:00,2011-10-13 09:45:00,58,2,17,15,274,337.34,168.67,,,0,0,0,0,0.0,2,Less recent infrequent purchasers
13931,2011-12-10,2011-03-04 08:43:00,2011-09-05 10:12:00,96,2,58,56,725,1237.53,618.765,2011-09-15 10:03:00,2011-09-15 10:03:00,1,1,1,4,6.6,3,Recent moderate purchasers and some cancellation activity
13932,2011-12-10,2011-02-18 12:02:00,2011-02-18 12:02:00,295,1,16,16,72,307.4,307.4,,,0,0,0,0,0.0,2,Less recent infrequent purchasers
13933,2011-12-10,2011-07-14 13:35:00,2011-08-22 14:03:00,110,2,23,23,205,608.79,304.395,,,0,0,0,0,0.0,2,Less recent infrequent purchasers
13934,2011-12-10,2011-03-21 08:39:00,2011-03-21 08:39:00,264,1,31,31,390,922.1,922.1,,,0,0,0,0,0.0,0,Recent moderate purchasers and minimal cancellations
13936,2011-12-10,2011-06-13 08:47:00,2011-06-13 08:47:00,180,1,26,26,330,376.58,376.58,2011-06-21 17:44:00,2011-06-21 17:44:00,1,1,1,6,15.3,3,Recent moderate purchasers and some cancellation activity
13937,2011-12-10,2011-06-23 16:35:00,2011-06-23 16:35:00,170,1,9,9,123,158.85,158.85,,,0,0,0,0,0.0,2,Less recent infrequent purchasers
13938,2011-12-10,2011-11-04 14:37:00,2011-11-04 14:37:00,36,1,7,7,70,71.66,71.66,,,0,0,0,0,0.0,2,Less recent infrequent purchasers
13939,2011-12-10,2011-02-01 11:30:00,2011-11-16 13:33:00,24,3,45,43,847,568.55,189.5167,2011-02-02 12:40:00,2011-02-02 12:40:00,1,1,1,4,11.8,3,Recent moderate purchasers and some cancellation activity
13940,2011-12-10,2011-07-18 16:05:00,2011-11-22 15:15:00,18,4,49,39,516,839.14,209.785,,,0,0,0,0,0.0,0,Recent moderate purchasers and minimal cancellations
13941,2011-12-10,2010-12-02 10:17:00,2011-11-18 09:43:00,22,5,45,24,2364,5112.96,1022.592,2010-12-03 16:21:00,2011-07-19 15:47:00,2,2,2,57,200.55,3,Recent moderate purchasers and some cancellation activity
13946,2011-12-10,2011-03-17 10:02:00,2011-09-21 13:33:00,80,3,11,11,443,561.57,187.19,,,0,0,0,0,0.0,2,Less recent infrequent purchasers
13947,2011-12-10,2011-10-05 14:42:00,2011-10-05 14:42:00,66,1,5,5,44,90.6,90.6,,,0,0,0,0,0.0,2,Less recent infrequent purchasers
13948,2011-12-10,2010-12-14 10:18:00,2010-12-14 10:18:00,361,1,3,3,40,102.0,102.0,,,0,0,0,0,0.0,2,Less recent infrequent purchasers
13949,2011-12-10,2011-09-06 11:55:00,2011-12-07 09:35:00,3,6,160,124,2474,2427.32,404.5533,,,0,0,0,0,0.0,0,Recent moderate purchasers and minimal cancellations
13950,2011-12-10,2011-04-07 11:29:00,2011-11-28 14:44:00,12,4,34,32,322,730.06,182.515,2011-11-15 12:16:00,2011-11-15 12:16:00,1,1,1,2,16.5,3,Recent moderate purchasers and some cancellation activity
13951,2011-12-10,2011-02-18 15:21:00,2011-06-16 16:43:00,177,3,39,38,459,674.45,224.8167,,,0,0,0,0,0.0,0,Recent moderate purchasers and minimal cancellations
13952,2011-12-10,2011-04-15 09:27:00,2011-05-06 09:00:00,218,2,136,119,1430,3251.07,1625.535,2011-05-12 19:27:00,2011-05-12 19:27:00,1,1,1,6,4.98,3,Recent moderate purchasers and some cancellation activity
13953,2011-12-10,2010-12-22 10:29:00,2011-12-02 16:04:00,8,7,20,8,2724,3515.68,502.24,,,0,0,0,0,0.0,0,Recent moderate purchasers and minimal cancellations
13954,2011-12-10,2011-09-30 10:52:00,2011-12-08 12:50:00,2,2,25,24,150,439.92,219.96,2011-10-13 10:49:00,2011-10-13 10:49:00,1,5,5,9,61.33,3,Recent moderate purchasers and some cancellation activity
13955,2011-12-10,2011-02-07 12:24:00,2011-07-08 17:19:00,155,2,33,33,154,322.96,161.48,,,0,0,0,0,0.0,2,Less recent infrequent purchasers
13956,2011-12-10,2011-03-13 12:51:00,2011-12-04 13:20:00,6,5,152,123,491,1026.42,205.284,,,0,0,0,0,0.0,0,Recent moderate purchasers and minimal cancellations
13959,2011-12-10,2010-12-12 13:56:00,2011-09-21 15:06:00,80,3,92,79,357,598.2,199.4,,,0,0,0,0,0.0,0,Recent moderate purchasers and minimal cancellations
13960,2011-12-10,2011-09-29 12:39:00,2011-11-18 15:27:00,22,2,12,11,142,230.22,115.11,,,0,0,0,0,0.0,2,Less recent infrequent purchasers
13962,2011-12-10,2011-04-08 11:21:00,2011-11-18 08:47:00,22,2,11,11,87,169.55,84.775,,,0,0,0,0,0.0,2,Less recent infrequent purchasers
13963,2011-12-10,2010-12-07 09:21:00,2011-02-04 14:43:00,309,4,35,35,460,664.54,166.135,,,0,0,0,0,0.0,2,Less recent infrequent purchasers
13967,2011-12-10,2011-07-17 12:02:00,2011-07-17 12:02:00,146,1,2,2,42,80.7,80.7,,,0,0,0,0,0.0,2,Less recent infrequent purchasers
13969,2011-12-10,2010-12-09 19:32:00,2011-12-02 15:11:00,8,18,626,334,4542,9053.94,502.9967,2011-10-27 15:04:00,2011-12-02 15:09:00,2,7,7,59,67.25,1,Recent high-activity purchasers and frequent cancellations
13971,2011-12-10,2011-02-27 12:27:00,2011-11-21 12:06:00,19,8,149,118,1844,2758.26,344.7825,2011-03-17 18:16:00,2011-12-01 08:27:00,3,9,8,26,56.04,1,Recent high-activity purchasers and frequent cancellations
13972,2011-12-10,2011-05-22 11:34:00,2011-09-30 11:54:00,71,2,15,15,187,190.25,95.125,,,0,0,0,0,0.0,2,Less recent infrequent purchasers
13973,2011-12-10,2011-02-25 15:21:00,2011-02-25 15:21:00,288,1,11,11,109,264.7,264.7,,,0,0,0,0,0.0,2,Less recent infrequent purchasers
13974,2011-12-10,2011-10-21 14:41:00,2011-10-21 14:41:00,50,1,28,28,249,413.59,413.59,,,0,0,0,0,0.0,0,Recent moderate purchasers and minimal cancellations
13975,2011-12-10,2011-03-08 12:19:00,2011-11-08 13:19:00,32,6,338,240,1732,2526.28,421.0467,2011-03-11 09:48:00,2011-03-11 09:48:00,1,2,2,7,23.05,3,Recent moderate purchasers and some cancellation activity
13976,2011-12-10,2011-05-17 09:13:00,2011-05-17 09:13:00,207,1,10,10,154,357.98,357.98,,,0,0,0,0,0.0,2,Less recent infrequent purchasers
13978,2011-12-10,2011-10-25 15:04:00,2011-11-25 11:36:00,15,2,15,14,315,196.79,98.395,,,0,0,0,0,0.0,2,Less recent infrequent purchasers
13979,2011-12-10,2011-09-27 13:32:00,2011-09-27 13:32:00,74,1,54,54,639,869.87,869.87,,,0,0,0,0,0.0,0,Recent moderate purchasers and minimal cancellations
13980,2011-12-10,2011-10-10 13:34:00,2011-10-10 13:34:00,61,1,11,11,172,200.14,200.14,,,0,0,0,0,0.0,2,Less recent infrequent purchasers
13982,2011-12-10,2010-12-09 13:57:00,2011-10-31 16:24:00,40,4,111,72,1136,1871.81,467.9525,2011-06-29 15:14:00,2011-06-29 15:14:00,1,4,4,4,10.7,3,Recent moderate purchasers and some cancellation activity
13983,2011-12-10,2010-12-08 10:38:00,2011-11-10 11:06:00,30,12,107,91,1183,2603.43,216.9525,2011-10-06 18:39:00,2011-10-06 18:39:00,1,5,5,13,12.97,3,Recent moderate purchasers and some cancellation activity
13984,2011-12-10,2010-12-08 15:58:00,2011-11-13 12:38:00,27,5,16,14,679,920.51,184.102,2011-07-07 17:16:00,2011-07-07 17:16:00,1,1,1,408,432.48,3,Recent moderate purchasers and some cancellation activity
13985,2011-12-10,2011-03-20 13:48:00,2011-12-05 17:06:00,5,15,349,108,3445,7060.13,470.6753,2011-06-10 12:14:00,2011-06-10 12:14:00,1,2,2,8,35.6,1,Recent high-activity purchasers and frequent cancellations
13986,2011-12-10,2011-11-22 15:00:00,2011-11-22 15:00:00,18,1,13,12,430,320.46,320.46,,,0,0,0,0,0.0,2,Less recent infrequent purchasers
13988,2011-12-10,2011-03-30 11:48:00,2011-11-20 10:15:00,20,6,234,188,3044,4147.96,691.3267,2011-05-27 11:00:00,2011-11-10 14:28:00,3,5,5,19,49.16,1,Recent high-activity purchasers and frequent cancellations
13989,2011-12-10,2011-04-14 15:39:00,2011-10-05 09:47:00,66,2,41,33,1313,1266.08,633.04,,,0,0,0,0,0.0,0,Recent moderate purchasers and minimal cancellations
13990,2011-12-10,2011-05-10 15:19:00,2011-05-10 15:19:00,214,1,16,16,190,311.3,311.3,,,0,0,0,0,0.0,2,Less recent infrequent purchasers
13991,2011-12-10,2011-07-19 12:58:00,2011-11-27 16:18:00,13,6,83,57,997,854.97,142.495,2011-10-27 14:27:00,2011-10-27 14:27:00,1,2,2,2,5.34,3,Recent moderate purchasers and some cancellation activity
13992,2011-12-10,2011-11-09 15:23:00,2011-11-09 15:23:00,31,1,5,5,64,76.8,76.8,,,0,0,0,0,0.0,2,Less recent infrequent purchasers
13993,2011-12-10,2011-01-13 10:43:00,2011-10-28 09:06:00,43,9,120,65,899,3451.36,383.4844,2011-04-27 16:53:00,2011-11-07 13:00:00,3,4,3,8,56.7,3,Recent moderate purchasers and some cancellation activity
13994,2011-12-10,2011-07-14 18:28:00,2011-12-06 11:05:00,4,6,155,122,940,2313.14,385.5233,,,0,0,0,0,0.0,0,Recent moderate purchasers and minimal cancellations
13995,2011-12-10,2011-04-08 08:20:00,2011-11-24 14:22:00,16,5,86,55,879,1393.69,278.738,2011-04-11 16:05:00,2011-04-11 16:05:00,1,1,1,12,10.2,3,Recent moderate purchasers and some cancellation activity
13999,2011-12-10,2010-12-13 11:23:00,2011-11-29 13:40:00,11,12,208,102,2243,3901.81,325.1508,2011-06-21 17:43:00,2011-09-14 15:38:00,3,4,3,12,36.55,1,Recent high-activity purchasers and frequent cancellations
14000,2011-12-10,2011-05-12 16:50:00,2011-05-12 16:50:00,212,1,15,15,710,635.66,635.66,2011-05-17 13:44:00,2011-05-17 13:44:00,1,1,1,3,1.95,3,Recent moderate purchasers and some cancellation activity
14001,2011-12-10,2010-12-01 12:58:00,2011-10-25 10:31:00,46,3,39,34,962,2043.08,681.0267,,,0,0,0,0,0.0,0,Recent moderate purchasers and minimal cancellations
14002,2011-12-10,2011-07-06 14:59:00,2011-07-28 15:55:00,135,2,47,47,877,529.73,264.865,,,0,0,0,0,0.0,0,Recent moderate purchasers and minimal cancellations
14004,2011-12-10,2011-02-24 09:28:00,2011-10-27 14:40:00,44,7,171,102,2668,4582.64,654.6629,,,0,0,0,0,0.0,0,Recent moderate purchasers and minimal cancellations
14005,2011-12-10,2011-05-08 10:33:00,2011-11-30 12:41:00,10,5,84,53,2478,2874.72,574.944,,,0,0,0,0,0.0,0,Recent moderate purchasers and minimal cancellations
14006,2011-12-10,2011-01-31 15:11:00,2011-08-16 09:39:00,116,3,30,22,641,962.19,320.73,,,0,0,0,0,0.0,0,Recent moderate purchasers and minimal cancellations
14009,2011-12-10,2011-05-18 13:00:00,2011-05-25 15:47:00,199,2,42,42,365,695.61,347.805,2011-05-23 17:14:00,2011-05-23 17:14:00,1,2,2,4,9.68,3,Recent moderate purchasers and some cancellation activity
14012,2011-12-10,2011-03-07 12:26:00,2011-03-07 12:26:00,278,1,11,11,160,328.8,328.8,,,0,0,0,0,0.0,2,Less recent infrequent purchasers
14013,2011-12-10,2011-03-09 08:59:00,2011-08-21 15:01:00,111,3,34,30,462,473.02,157.6733,,,0,0,0,0,0.0,0,Recent moderate purchasers and minimal cancellations
14014,2011-12-10,2011-09-23 13:18:00,2011-09-23 13:18:00,78,1,39,39,1076,505.18,505.18,,,0,0,0,0,0.0,0,Recent moderate purchasers and minimal cancellations
14015,2011-12-10,2011-10-18 10:02:00,2011-10-18 10:02:00,53,1,20,20,378,917.34,917.34,,,0,0,0,0,0.0,0,Recent moderate purchasers and minimal cancellations
14016,2011-12-10,2010-12-17 14:21:00,2011-07-01 11:29:00,162,4,160,153,2124,4291.21,1072.8025,2011-07-08 14:27:00,2011-07-08 14:27:00,1,1,1,1,12.75,3,Recent moderate purchasers and some cancellation activity
14019,2011-12-10,2011-07-24 15:39:00,2011-10-24 10:13:00,47,3,66,37,1037,1421.61,473.87,2011-09-15 16:45:00,2011-09-15 16:45:00,1,2,2,3,22.65,3,Recent moderate purchasers and some cancellation activity
14020,2011-12-10,2011-09-12 15:32:00,2011-11-23 09:22:00,17,2,39,37,441,642.8,321.4,,,0,0,0,0,0.0,0,Recent moderate purchasers and minimal cancellations
14021,2011-12-10,2011-03-28 15:10:00,2011-07-07 15:46:00,156,3,22,22,192,631.9,210.6333,,,0,0,0,0,0.0,2,Less recent infrequent purchasers
14022,2011-12-10,2011-04-28 14:39:00,2011-04-28 14:39:00,226,1,28,28,487,440.0,440.0,,,0,0,0,0,0.0,2,Less recent infrequent purchasers
14023,2011-12-10,2011-04-03 15:50:00,2011-12-02 13:58:00,8,2,31,30,345,584.07,292.035,,,0,0,0,0,0.0,0,Recent moderate purchasers and minimal cancellations
14024,2011-12-10,2011-08-07 13:31:00,2011-08-10 11:30:00,122,2,16,16,150,327.7,163.85,,,0,0,0,0,0.0,2,Less recent infrequent purchasers
14027,2011-12-10,2011-10-10 09:01:00,2011-10-10 09:01:00,61,1,6,6,62,104.82,104.82,,,0,0,0,0,0.0,2,Less recent infrequent purchasers
14029,2011-12-10,2011-07-18 16:57:00,2011-10-07 14:46:00,64,2,15,15,198,467.66,233.83,,,0,0,0,0,0.0,2,Less recent infrequent purchasers
14030,2011-12-10,2010-12-08 16:11:00,2011-11-21 16:48:00,19,8,243,210,1479,2360.09,295.0113,,,0,0,0,0,0.0,0,Recent moderate purchasers and minimal cancellations
14031,2011-12-10,2010-12-02 16:34:00,2011-12-02 17:13:00,8,19,250,119,5788,17286.86,909.8347,2010-12-09 17:32:00,2011-10-03 16:49:00,4,8,8,418,2652.22,1,Recent high-activity purchasers and frequent cancellations
14032,2011-12-10,2010-12-08 10:53:00,2011-12-07 15:23:00,3,11,143,53,2032,2975.59,270.5082,2010-12-14 10:01:00,2011-11-23 11:34:00,7,9,8,24,45.75,1,Recent high-activity purchasers and frequent cancellations
14034,2011-12-10,2011-07-05 13:06:00,2011-11-17 14:02:00,23,3,89,82,423,651.82,217.2733,2011-07-05 13:10:00,2011-07-05 13:10:00,1,3,3,108,139.8,3,Recent moderate purchasers and some cancellation activity
14035,2011-12-10,2011-02-15 12:48:00,2011-11-11 10:03:00,29,5,65,40,738,1413.02,282.604,,,0,0,0,0,0.0,0,Recent moderate purchasers and minimal cancellations
14036,2011-12-10,2011-02-28 09:26:00,2011-02-28 09:26:00,285,1,38,38,268,626.65,626.65,,,0,0,0,0,0.0,0,Recent moderate purchasers and minimal cancellations
14037,2011-12-10,2010-12-10 11:39:00,2011-06-16 13:57:00,177,2,28,27,46,147.2,73.6,,,0,0,0,0,0.0,2,Less recent infrequent purchasers
14038,2011-12-10,2011-05-16 14:05:00,2011-09-22 13:37:00,79,3,92,64,965,1560.38,520.1267,2011-05-23 17:29:00,2011-05-23 17:29:00,1,1,1,2,5.9,3,Recent moderate purchasers and some cancellation activity
14039,2011-12-10,2011-11-06 13:48:00,2011-11-06 13:48:00,34,1,6,6,92,152.2,152.2,,,0,0,0,0,0.0,2,Less recent infrequent purchasers
14040,2011-12-10,2011-01-12 14:57:00,2011-10-30 12:42:00,41,12,235,146,1554,3614.92,301.2433,2011-06-21 17:25:00,2011-09-06 14:05:00,2,5,5,29,68.68,1,Recent high-activity purchasers and frequent cancellations
14041,2011-12-10,2011-03-18 13:25:00,2011-03-18 13:25:00,267,1,21,21,94,141.41,141.41,,,0,0,0,0,0.0,2,Less recent infrequent purchasers
14044,2011-12-10,2011-02-03 11:39:00,2011-11-13 12:05:00,27,4,209,165,308,652.82,163.205,,,0,0,0,0,0.0,0,Recent moderate purchasers and minimal cancellations
14045,2011-12-10,2010-12-01 11:32:00,2011-08-22 15:27:00,110,4,6,4,535,1659.75,414.9375,,,0,0,0,0,0.0,2,Less recent infrequent purchasers
14046,2011-12-10,2011-02-28 14:48:00,2011-02-28 14:48:00,285,1,13,13,443,151.59,151.59,,,0,0,0,0,0.0,2,Less recent infrequent purchasers
14047,2011-12-10,2010-12-02 10:09:00,2011-12-01 11:43:00,9,5,32,22,381,1308.61,261.722,2010-12-09 15:01:00,2011-01-07 09:21:00,2,2,1,4,18.6,3,Recent moderate purchasers and some cancellation activity
14048,2011-12-10,2011-02-07 14:53:00,2011-02-07 14:53:00,306,1,85,83,288,409.93,409.93,2011-03-07 13:49:00,2011-03-07 13:49:00,1,3,3,14,34.8,3,Recent moderate purchasers and some cancellation activity
14049,2011-12-10,2011-01-26 11:27:00,2011-11-23 12:20:00,17,4,488,348,3870,5681.72,1420.43,2011-01-26 10:30:00,2011-11-23 10:30:00,2,17,15,24,42.57,1,Recent high-activity purchasers and frequent cancellations
14050,2011-12-10,2011-08-25 13:46:00,2011-11-08 10:00:00,32,2,54,49,689,746.36,373.18,,,0,0,0,0,0.0,0,Recent moderate purchasers and minimal cancellations
14051,2011-12-10,2010-12-08 12:49:00,2011-12-09 10:20:00,1,23,209,51,3755,15595.39,678.0604,2011-03-07 11:18:00,2011-05-17 15:24:00,3,5,5,15,133.05,1,Recent high-activity purchasers and frequent cancellations
14052,2011-12-10,2011-11-20 12:30:00,2011-11-20 12:30:00,20,1,56,56,89,225.36,225.36,,,0,0,0,0,0.0,2,Less recent infrequent purchasers
14053,2011-12-10,2011-07-03 12:21:00,2011-08-07 14:27:00,125,2,4,2,215,260.25,130.125,,,0,0,0,0,0.0,2,Less recent infrequent purchasers
14054,2011-12-10,2011-10-05 15:49:00,2011-10-05 15:49:00,66,1,6,6,62,92.46,92.46,,,0,0,0,0,0.0,2,Less recent infrequent purchasers
14055,2011-12-10,2011-08-25 15:04:00,2011-08-25 15:04:00,107,1,10,10,216,725.64,725.64,,,0,0,0,0,0.0,2,Less recent infrequent purchasers
14056,2011-12-10,2011-02-28 15:19:00,2011-12-08 13:36:00,2,23,1106,320,4273,8214.65,357.1587,2011-05-06 16:44:00,2011-10-18 15:33:00,6,21,20,39,89.41,1,Recent high-activity purchasers and frequent cancellations
14057,2011-12-10,2010-12-14 12:11:00,2011-11-16 10:32:00,24,17,284,179,4876,6217.96,365.7624,2011-03-10 12:04:00,2011-03-10 12:04:00,1,7,7,168,70.56,1,Recent high-activity purchasers and frequent cancellations
14059,2011-12-10,2011-03-18 10:06:00,2011-03-18 10:06:00,267,1,8,8,128,183.6,183.6,,,0,0,0,0,0.0,2,Less recent infrequent purchasers
14060,2011-12-10,2010-12-02 12:11:00,2011-12-05 12:29:00,5,19,202,86,5386,6140.42,323.18,2011-09-15 09:51:00,2011-09-15 09:51:00,1,1,1,12,5.04,3,Recent moderate purchasers and some cancellation activity
14062,2011-12-10,2010-12-10 15:56:00,2011-11-30 10:04:00,10,12,111,60,5593,10464.85,872.0708,,,0,0,0,0,0.0,0,Recent moderate purchasers and minimal cancellations
14064,2011-12-10,2011-03-10 12:59:00,2011-11-10 13:14:00,30,5,80,59,1788,1353.74,270.748,2011-04-13 14:24:00,2011-11-10 12:04:00,2,2,2,438,165.42,3,Recent moderate purchasers and some cancellation activity
14066,2011-12-10,2011-03-18 12:21:00,2011-03-18 12:21:00,267,1,7,7,45,152.55,152.55,,,0,0,0,0,0.0,2,Less recent infrequent purchasers
14067,2011-12-10,2011-09-04 12:00:00,2011-10-07 10:21:00,64,2,52,51,361,374.7,187.35,,,0,0,0,0,0.0,0,Recent moderate purchasers and minimal cancellations
14068,2011-12-10,2011-01-23 16:02:00,2011-01-23 16:02:00,321,1,24,22,73,265.85,265.85,,,0,0,0,0,0.0,2,Less recent infrequent purchasers
14071,2011-12-10,2011-03-20 11:33:00,2011-12-06 12:27:00,4,8,322,270,957,1424.0,178.0,2011-04-12 11:58:00,2011-04-12 11:58:00,1,9,9,95,131.41,1,Recent high-activity purchasers and frequent cancellations
14073,2011-12-10,2011-11-07 15:49:00,2011-11-07 15:49:00,33,1,13,13,130,151.04,151.04,2011-11-18 16:14:00,2011-11-18 16:14:00,1,1,1,2,11.5,2,Less recent infrequent purchasers
14075,2011-12-10,2011-03-23 16:35:00,2011-12-05 08:38:00,5,3,43,33,754,942.26,314.0867,,,0,0,0,0,0.0,0,Recent moderate purchasers and minimal cancellations
14076,2011-12-10,2011-08-02 15:19:00,2011-08-02 15:19:00,130,1,46,43,81,122.47,122.47,,,0,0,0,0,0.0,2,Less recent infrequent purchasers
14077,2011-12-10,2011-03-10 15:52:00,2011-10-30 12:35:00,41,5,42,33,268,499.42,99.884,,,0,0,0,0,0.0,0,Recent moderate purchasers and minimal cancellations
14078,2011-12-10,2010-12-01 12:54:00,2011-08-30 12:16:00,102,6,65,46,310,1049.37,174.895,,,0,0,0,0,0.0,0,Recent moderate purchasers and minimal cancellations
14079,2011-12-10,2011-08-07 12:10:00,2011-08-07 12:10:00,125,1,12,12,301,375.1,375.1,,,0,0,0,0,0.0,2,Less recent infrequent purchasers
14080,2011-12-10,2011-11-07 11:09:00,2011-11-07 11:09:00,33,1,4,4,48,45.6,45.6,,,0,0,0,0,0.0,2,Less recent infrequent purchasers
14081,2011-12-10,2010-12-05 15:47:00,2011-02-10 16:17:00,303,2,153,126,596,934.52,467.26,2011-02-10 14:52:00,2011-03-17 14:24:00,2,3,3,3,29.85,3,Recent moderate purchasers and some cancellation activity
14082,2011-12-10,2010-12-10 11:02:00,2010-12-10 11:02:00,365,1,29,28,110,182.25,182.25,,,0,0,0,0,0.0,2,Less recent infrequent purchasers
14083,2011-12-10,2010-12-03 12:24:00,2011-12-05 13:14:00,5,9,181,162,732,1018.43,113.1589,,,0,0,0,0,0.0,0,Recent moderate purchasers and minimal cancellations
14085,2011-12-10,2010-12-06 12:39:00,2011-12-07 13:46:00,3,18,450,272,3184,4448.54,247.1411,2010-12-13 13:28:00,2010-12-13 13:28:00,1,1,1,1,12.75,3,Recent moderate purchasers and some cancellation activity
14087,2011-12-10,2011-12-07 12:41:00,2011-12-07 12:41:00,3,1,69,61,251,194.42,194.42,2011-12-07 12:28:00,2011-12-07 12:28:00,1,1,1,1,12.75,3,Recent moderate purchasers and some cancellation activity
14088,2011-12-10,2011-01-21 13:07:00,2011-11-29 16:16:00,11,13,589,379,12665,50491.81,3883.9854,2011-07-13 13:56:00,2011-07-13 13:56:00,1,1,1,72,76.32,1,Recent high-activity purchasers and frequent cancellations
14089,2011-12-10,2011-10-14 10:38:00,2011-10-14 10:38:00,57,1,14,13,134,161.0,161.0,,,0,0,0,0,0.0,2,Less recent infrequent purchasers
14090,2011-12-10,2011-01-19 10:51:00,2011-01-19 10:51:00,325,1,1,1,72,76.32,76.32,,,0,0,0,0,0.0,2,Less recent infrequent purchasers
14092,2011-12-10,2010-12-16 15:47:00,2011-12-02 12:13:00,8,14,214,117,2066,4076.91,291.2079,2010-12-02 09:10:00,2011-10-06 19:24:00,3,3,3,5,13.81,1,Recent high-activity purchasers and frequent cancellations
14093,2011-12-10,2011-11-27 16:27:00,2011-11-27 16:27:00,13,1,105,95,406,442.85,442.85,,,0,0,0,0,0.0,0,Recent moderate purchasers and minimal cancellations
14096,2011-12-10,2011-08-30 10:49:00,2011-12-05 17:17:00,5,17,5095,1118,16336,53258.43,3132.8488,2011-08-30 10:49:00,2011-12-05 17:17:00,16,16,1,16,7933.43,1,Recent high-activity purchasers and frequent cancellations
14098,2011-12-10,2011-11-03 10:13:00,2011-11-03 10:13:00,37,1,21,21,104,147.35,147.35,,,0,0,0,0,0.0,2,Less recent infrequent purchasers
14099,2011-12-10,2010-12-20 11:14:00,2011-11-23 13:53:00,17,11,250,167,2179,3104.17,282.1973,2011-06-22 16:36:00,2011-06-22 16:36:00,1,2,2,2,11.2,3,Recent moderate purchasers and some cancellation activity
14100,2011-12-10,2011-07-25 11:01:00,2011-07-25 11:01:00,138,1,26,24,64,194.9,194.9,,,0,0,0,0,0.0,2,Less recent infrequent purchasers
14101,2011-12-10,2011-01-17 13:09:00,2011-09-27 12:28:00,74,6,35,15,6942,5976.79,996.1317,,,0,0,0,0,0.0,0,Recent moderate purchasers and minimal cancellations
14102,2011-12-10,2011-10-26 12:46:00,2011-12-04 15:38:00,6,5,79,35,961,1360.28,272.056,2011-11-02 14:10:00,2011-11-17 10:54:00,3,5,5,23,45.55,3,Recent moderate purchasers and some cancellation activity
14104,2011-12-10,2011-06-27 12:49:00,2011-07-08 12:50:00,155,2,21,21,72,216.21,108.105,,,0,0,0,0,0.0,2,Less recent infrequent purchasers
14105,2011-12-10,2011-04-14 17:58:00,2011-04-14 17:58:00,240,1,74,74,800,1266.23,1266.23,2011-09-15 16:13:00,2011-09-15 16:13:00,1,2,2,2,5.9,3,Recent moderate purchasers and some cancellation activity
14107,2011-12-10,2010-12-10 13:29:00,2011-10-19 12:12:00,52,7,123,61,1793,2703.23,386.1757,2010-12-20 12:19:00,2010-12-20 12:19:00,1,1,1,5,14.75,3,Recent moderate purchasers and some cancellation activity
14108,2011-12-10,2011-08-30 11:32:00,2011-11-09 10:41:00,31,2,34,33,381,597.91,298.955,2011-09-09 12:38:00,2011-09-09 12:38:00,1,1,1,1,3.75,3,Recent moderate purchasers and some cancellation activity
14109,2011-12-10,2011-09-28 10:18:00,2011-09-28 10:18:00,73,1,9,9,88,144.2,144.2,2011-11-16 13:51:00,2011-11-16 13:51:00,1,5,5,32,64.0,3,Recent moderate purchasers and some cancellation activity
14110,2011-12-10,2011-03-18 09:59:00,2011-12-06 12:26:00,4,12,155,94,2445,5683.15,473.5958,2011-04-08 17:14:00,2011-04-08 17:14:00,1,1,1,2,13.5,3,Recent moderate purchasers and some cancellation activity
14111,2011-12-10,2011-04-12 11:36:00,2011-11-25 13:44:00,15,4,9,9,457,677.85,169.4625,2011-09-15 16:11:00,2011-09-15 16:11:00,1,1,1,1,4.25,3,Recent moderate purchasers and some cancellation activity
14112,2011-12-10,2011-03-09 11:28:00,2011-11-17 12:30:00,23,7,160,117,1651,2915.15,416.45,2011-03-17 18:29:00,2011-11-04 12:57:00,5,13,13,43,140.98,1,Recent high-activity purchasers and frequent cancellations
14113,2011-12-10,2010-12-20 12:14:00,2011-12-06 12:18:00,4,4,34,26,745,1840.42,460.105,2010-12-20 11:56:00,2011-10-20 19:13:00,4,6,4,110,462.5,1,Recent high-activity purchasers and frequent cancellations
14114,2011-12-10,2011-01-13 11:05:00,2011-03-11 09:42:00,274,2,15,15,101,386.53,193.265,,,0,0,0,0,0.0,2,Less recent infrequent purchasers
14116,2011-12-10,2011-08-10 12:44:00,2011-11-20 10:29:00,20,5,72,61,707,1382.74,276.548,,,0,0,0,0,0.0,0,Recent moderate purchasers and minimal cancellations
14117,2011-12-10,2011-07-19 09:49:00,2011-07-19 09:49:00,144,1,3,3,72,90.0,90.0,,,0,0,0,0,0.0,2,Less recent infrequent purchasers
14121,2011-12-10,2011-10-11 10:39:00,2011-12-06 12:19:00,4,4,159,148,2082,2780.15,695.0375,2011-10-24 16:10:00,2011-12-01 09:29:00,2,2,2,4,39.85,3,Recent moderate purchasers and some cancellation activity
14124,2011-12-10,2011-09-16 13:32:00,2011-09-16 13:32:00,85,1,5,4,1618,419.58,419.58,,,0,0,0,0,0.0,2,Less recent infrequent purchasers
14125,2011-12-10,2011-09-22 15:40:00,2011-11-29 12:47:00,11,3,167,159,1640,2740.43,913.4767,,,0,0,0,0,0.0,0,Recent moderate purchasers and minimal cancellations
14126,2011-12-10,2011-11-29 12:21:00,2011-12-02 11:45:00,8,3,14,13,507,691.13,230.3767,2011-12-02 11:45:00,2011-12-02 11:45:00,1,1,1,50,62.5,3,Recent moderate purchasers and some cancellation activity
14127,2011-12-10,2011-02-02 12:26:00,2011-08-09 10:49:00,123,3,44,39,321,709.71,236.57,,,0,0,0,0,0.0,0,Recent moderate purchasers and minimal cancellations
14128,2011-12-10,2011-03-29 10:49:00,2011-10-10 12:00:00,61,2,46,40,564,637.5,318.75,,,0,0,0,0,0.0,0,Recent moderate purchasers and minimal cancellations
14129,2011-12-10,2011-03-24 08:44:00,2011-12-08 11:02:00,2,5,52,31,592,1123.86,224.772,,,0,0,0,0,0.0,0,Recent moderate purchasers and minimal cancellations
14130,2011-12-10,2011-01-24 16:05:00,2011-01-24 16:05:00,320,1,67,66,258,483.86,483.86,,,0,0,0,0,0.0,0,Recent moderate purchasers and minimal cancellations
14132,2011-12-10,2011-06-09 12:04:00,2011-12-07 13:35:00,3,11,200,100,3368,3586.03,326.0027,2011-11-18 16:20:00,2011-11-18 16:20:00,1,1,1,2,5.9,3,Recent moderate purchasers and some cancellation activity
14133,2011-12-10,2011-01-28 11:27:00,2011-08-02 11:34:00,130,3,28,25,348,605.64,201.88,2011-02-03 12:59:00,2011-02-11 16:12:00,2,2,2,6,15.3,3,Recent moderate purchasers and some cancellation activity
14135,2011-12-10,2010-12-02 10:27:00,2011-12-08 11:38:00,2,15,134,95,3850,4690.31,312.6873,,,0,0,0,0,0.0,0,Recent moderate purchasers and minimal cancellations
14138,2011-12-10,2011-10-07 09:38:00,2011-12-08 12:44:00,2,2,47,40,610,982.38,491.19,,,0,0,0,0,0.0,0,Recent moderate purchasers and minimal cancellations
14139,2011-12-10,2011-10-24 13:34:00,2011-10-24 13:34:00,47,1,26,26,510,415.82,415.82,,,0,0,0,0,0.0,0,Recent moderate purchasers and minimal cancellations
14140,2011-12-10,2011-11-08 11:20:00,2011-12-06 09:05:00,4,2,66,60,811,935.05,467.525,2011-11-18 16:18:00,2011-11-18 16:18:00,1,1,1,2,15.0,3,Recent moderate purchasers and some cancellation activity
14141,2011-12-10,2011-08-26 14:40:00,2011-12-07 09:53:00,3,4,40,27,355,915.13,228.7825,2011-09-23 09:19:00,2011-10-06 18:14:00,2,6,6,18,36.1,3,Recent moderate purchasers and some cancellation activity
14142,2011-12-10,2010-12-01 16:33:00,2010-12-01 16:33:00,374,1,22,22,313,311.81,311.81,,,0,0,0,0,0.0,2,Less recent infrequent purchasers
14143,2011-12-10,2011-07-29 09:48:00,2011-07-29 09:48:00,134,1,7,7,30,115.8,115.8,,,0,0,0,0,0.0,2,Less recent infrequent purchasers
14145,2011-12-10,2011-05-06 13:01:00,2011-10-24 12:10:00,47,4,11,6,756,3742.2,935.55,2011-07-29 15:12:00,2011-07-29 15:12:00,1,1,1,120,594.0,3,Recent moderate purchasers and some cancellation activity
14146,2011-12-10,2010-12-17 15:52:00,2011-12-01 10:18:00,9,5,210,183,2437,4191.0,838.2,2011-01-28 09:32:00,2011-01-28 09:32:00,1,35,35,551,1241.43,1,Recent high-activity purchasers and frequent cancellations
14147,2011-12-10,2011-02-27 11:42:00,2011-09-22 18:10:00,79,2,5,4,108,483.4,241.7,2011-10-21 13:36:00,2011-10-21 13:36:00,1,1,1,12,15.0,2,Less recent infrequent purchasers
14148,2011-12-10,2011-04-20 12:02:00,2011-04-20 12:02:00,234,1,3,3,16,157.2,157.2,,,0,0,0,0,0.0,2,Less recent infrequent purchasers
14149,2011-12-10,2011-05-03 09:44:00,2011-05-03 09:44:00,221,1,28,28,218,446.62,446.62,2011-05-05 11:22:00,2011-05-11 12:34:00,2,12,12,89,187.19,3,Recent moderate purchasers and some cancellation activity
14150,2011-12-10,2010-12-15 10:04:00,2011-11-04 10:05:00,36,2,26,23,496,658.64,329.32,,,0,0,0,0,0.0,0,Recent moderate purchasers and minimal cancellations
14152,2011-12-10,2011-04-19 15:46:00,2011-09-25 12:54:00,76,2,49,47,711,621.29,310.645,2011-04-21 17:00:00,2011-04-21 17:00:00,1,1,1,12,10.2,3,Recent moderate purchasers and some cancellation activity
14154,2011-12-10,2011-04-14 15:58:00,2011-04-14 16:26:00,240,2,52,52,465,1345.62,672.81,,,0,0,0,0,0.0,0,Recent moderate purchasers and minimal cancellations
14155,2011-12-10,2011-03-18 14:13:00,2011-03-18 14:13:00,267,1,6,6,25,118.75,118.75,,,0,0,0,0,0.0,2,Less recent infrequent purchasers
14156,2011-12-10,2010-12-03 11:48:00,2011-11-30 10:54:00,10,54,1387,713,57872,116729.63,2161.6598,2010-12-02 17:08:00,2011-11-23 10:57:00,10,19,16,859,2874.31,1,Recent high-activity purchasers and frequent cancellations
14157,2011-12-10,2011-02-27 13:04:00,2011-11-20 11:32:00,20,2,48,45,284,432.88,216.44,2011-02-27 15:07:00,2011-02-27 15:07:00,1,1,1,11,32.45,3,Recent moderate purchasers and some cancellation activity
14158,2011-12-10,2011-10-30 15:08:00,2011-10-30 15:08:00,41,1,41,41,781,507.66,507.66,,,0,0,0,0,0.0,0,Recent moderate purchasers and minimal cancellations
14159,2011-12-10,2010-12-12 11:17:00,2011-11-20 12:36:00,20,11,1203,500,4405,4690.64,426.4218,2011-06-23 10:42:00,2011-09-19 10:11:00,3,8,8,13,14.71,1,Recent high-activity purchasers and frequent cancellations
14161,2011-12-10,2010-12-05 13:18:00,2011-05-08 11:41:00,216,3,108,87,455,1110.52,370.1733,,,0,0,0,0,0.0,0,Recent moderate purchasers and minimal cancellations
14162,2011-12-10,2011-02-20 12:32:00,2011-06-19 11:36:00,174,2,25,25,142,289.36,144.68,,,0,0,0,0,0.0,2,Less recent infrequent purchasers
14163,2011-12-10,2011-04-14 17:33:00,2011-09-13 15:18:00,88,4,52,36,893,2445.91,611.4775,,,0,0,0,0,0.0,0,Recent moderate purchasers and minimal cancellations
14164,2011-12-10,2011-09-20 12:18:00,2011-09-30 12:24:00,71,2,29,28,1033,1631.77,815.885,,,0,0,0,0,0.0,0,Recent moderate purchasers and minimal cancellations
14165,2011-12-10,2011-03-09 12:39:00,2011-03-09 12:39:00,276,1,25,23,54,122.54,122.54,,,0,0,0,0,0.0,2,Less recent infrequent purchasers
14167,2011-12-10,2011-01-12 15:44:00,2011-10-31 14:29:00,40,4,52,27,150,574.84,143.71,,,0,0,0,0,0.0,0,Recent moderate purchasers and minimal cancellations
14171,2011-12-10,2011-09-02 16:43:00,2011-09-02 16:43:00,99,1,58,57,167,363.79,363.79,,,0,0,0,0,0.0,0,Recent moderate purchasers and minimal cancellations
14173,2011-12-10,2011-05-04 14:03:00,2011-11-29 11:54:00,11,4,29,28,150,450.84,112.71,,,0,0,0,0,0.0,0,Recent moderate purchasers and minimal cancellations
14174,2011-12-10,2011-11-06 13:17:00,2011-11-06 13:17:00,34,1,26,26,94,134.46,134.46,,,0,0,0,0,0.0,2,Less recent infrequent purchasers
14175,2011-12-10,2011-01-14 12:22:00,2011-10-11 11:55:00,60,3,149,139,1515,3222.3,1074.1,2011-01-21 13:07:00,2011-10-19 13:42:00,4,15,15,54,114.24,1,Recent high-activity purchasers and frequent cancellations
14176,2011-12-10,2010-12-07 11:45:00,2011-02-15 13:12:00,298,4,31,28,209,576.9,144.225,2010-12-14 09:56:00,2010-12-14 09:56:00,1,1,1,2,2.9,2,Less recent infrequent purchasers
14177,2011-12-10,2011-06-13 11:10:00,2011-09-14 15:11:00,87,4,42,37,205,559.41,139.8525,2011-09-16 09:52:00,2011-09-16 09:52:00,1,1,1,1,4.95,3,Recent moderate purchasers and some cancellation activity
14178,2011-12-10,2011-06-10 12:51:00,2011-12-01 12:01:00,9,7,325,190,1503,1600.93,228.7043,,,0,0,0,0,0.0,0,Recent moderate purchasers and minimal cancellations
14179,2011-12-10,2011-10-18 14:00:00,2011-10-30 12:07:00,41,2,165,135,330,719.78,359.89,,,0,0,0,0,0.0,0,Recent moderate purchasers and minimal cancellations
14180,2011-12-10,2010-12-02 13:08:00,2011-11-29 10:56:00,11,25,240,112,719,4748.52,189.9408,2011-01-28 09:34:00,2011-05-11 15:46:00,6,8,8,9,107.75,1,Recent high-activity purchasers and frequent cancellations
14184,2011-12-10,2011-10-04 12:43:00,2011-10-04 12:43:00,67,1,24,24,127,452.89,452.89,,,0,0,0,0,0.0,2,Less recent infrequent purchasers
14185,2011-12-10,2011-01-12 13:52:00,2011-01-12 13:52:00,332,1,3,3,6,197.65,197.65,,,0,0,0,0,0.0,2,Less recent infrequent purchasers
14188,2011-12-10,2011-02-02 13:46:00,2011-11-09 12:45:00,31,6,65,34,1162,2054.36,342.3933,2011-08-25 16:08:00,2011-12-01 09:46:00,4,6,4,17,35.45,3,Recent moderate purchasers and some cancellation activity
14189,2011-12-10,2010-12-06 11:42:00,2011-12-07 15:55:00,3,15,265,176,3937,4654.08,310.272,2011-02-14 16:39:00,2011-12-01 11:13:00,9,12,9,18,49.77,1,Recent high-activity purchasers and frequent cancellations
14191,2011-12-10,2011-05-03 10:30:00,2011-12-08 09:23:00,2,13,259,145,3662,4684.76,360.3662,2011-05-27 11:17:00,2011-05-27 11:17:00,1,4,4,5,24.75,1,Recent high-activity purchasers and frequent cancellations
14193,2011-12-10,2011-03-15 11:38:00,2011-10-03 09:34:00,68,2,42,35,445,853.39,426.695,,,0,0,0,0,0.0,0,Recent moderate purchasers and minimal cancellations
14194,2011-12-10,2011-02-04 14:51:00,2011-12-05 10:38:00,5,21,579,269,5840,11349.52,540.4533,2011-03-25 11:31:00,2011-11-30 17:32:00,11,25,24,57,132.77,1,Recent high-activity purchasers and frequent cancellations
14195,2011-12-10,2011-04-01 16:50:00,2011-05-22 10:29:00,202,2,7,7,760,1012.0,506.0,2011-04-14 11:26:00,2011-04-14 11:26:00,1,1,1,58,49.3,3,Recent moderate purchasers and some cancellation activity
14196,2011-12-10,2011-08-25 10:25:00,2011-08-25 10:25:00,107,1,6,6,142,335.52,335.52,,,0,0,0,0,0.0,2,Less recent infrequent purchasers
14198,2011-12-10,2011-04-14 14:54:00,2011-11-21 16:35:00,19,4,39,35,290,701.4,175.35,2011-04-27 16:44:00,2011-12-05 16:34:00,3,5,5,10,37.9,3,Recent moderate purchasers and some cancellation activity
14199,2011-12-10,2011-05-05 13:44:00,2011-05-05 13:44:00,219,1,2,2,28,185.4,185.4,,,0,0,0,0,0.0,2,Less recent infrequent purchasers
14201,2011-12-10,2010-12-15 13:25:00,2011-10-10 13:27:00,61,7,37,32,590,747.44,106.7771,2011-05-12 19:41:00,2011-05-16 11:09:00,2,2,1,12,59.4,3,Recent moderate purchasers and some cancellation activity
14204,2011-12-10,2011-12-07 13:38:00,2011-12-07 13:38:00,3,1,44,36,82,161.03,161.03,,,0,0,0,0,0.0,2,Less recent infrequent purchasers
14205,2011-12-10,2011-03-20 15:07:00,2011-11-23 10:55:00,17,2,24,23,204,466.7,233.35,2010-12-09 13:38:00,2010-12-09 13:38:00,1,14,14,104,238.2,3,Recent moderate purchasers and some cancellation activity
14206,2011-12-10,2011-04-14 16:38:00,2011-04-14 16:38:00,240,1,20,20,276,328.16,328.16,2010-12-14 10:31:00,2010-12-14 10:31:00,1,1,1,2,19.9,2,Less recent infrequent purchasers
14208,2011-12-10,2011-09-06 12:48:00,2011-09-06 12:48:00,95,1,10,10,114,151.74,151.74,,,0,0,0,0,0.0,2,Less recent infrequent purchasers
14209,2011-12-10,2011-01-11 12:56:00,2011-11-29 10:18:00,11,6,87,55,691,2073.43,345.5717,2011-05-17 14:09:00,2011-05-17 14:09:00,1,1,1,3,6.3,3,Recent moderate purchasers and some cancellation activity
14210,2011-12-10,2010-12-03 12:43:00,2011-08-26 12:36:00,106,6,102,66,760,1905.84,317.64,2011-09-09 12:55:00,2011-09-09 12:55:00,1,1,1,1,4.95,3,Recent moderate purchasers and some cancellation activity
14211,2011-12-10,2011-02-17 15:50:00,2011-10-17 13:23:00,54,9,112,87,1242,2241.1,249.0111,2011-02-23 11:35:00,2011-10-06 17:55:00,4,6,6,10,32.8,1,Recent high-activity purchasers and frequent cancellations
14212,2011-12-10,2011-09-11 12:45:00,2011-09-11 12:45:00,90,1,9,9,1152,1070.48,1070.48,,,0,0,0,0,0.0,0,Recent moderate purchasers and minimal cancellations
14214,2011-12-10,2011-03-07 12:26:00,2011-11-09 10:31:00,31,5,67,64,751,1004.38,200.876,2011-03-10 15:27:00,2011-03-11 14:29:00,2,3,2,3,4.15,3,Recent moderate purchasers and some cancellation activity
14215,2011-12-10,2010-12-06 15:34:00,2011-11-28 12:19:00,12,6,108,98,1358,1789.72,298.2867,2011-01-25 12:52:00,2011-01-25 12:52:00,1,1,1,4,11.8,3,Recent moderate purchasers and some cancellation activity
14216,2011-12-10,2011-11-02 10:51:00,2011-12-06 14:56:00,4,4,58,46,593,1824.3,456.075,,,0,0,0,0,0.0,0,Recent moderate purchasers and minimal cancellations
14217,2011-12-10,2010-12-08 13:28:00,2011-12-08 11:53:00,2,17,100,78,689,2004.98,117.94,2010-12-09 15:29:00,2011-11-30 15:18:00,7,7,5,12,79.62,1,Recent high-activity purchasers and frequent cancellations
14218,2011-12-10,2011-10-28 10:00:00,2011-10-28 10:00:00,43,1,12,12,160,169.48,169.48,,,0,0,0,0,0.0,2,Less recent infrequent purchasers
14219,2011-12-10,2011-12-05 16:23:00,2011-12-05 16:23:00,5,1,7,7,78,89.94,89.94,,,0,0,0,0,0.0,2,Less recent infrequent purchasers
14220,2011-12-10,2010-12-16 18:18:00,2011-04-06 13:23:00,248,2,21,21,272,632.4,316.2,,,0,0,0,0,0.0,2,Less recent infrequent purchasers
14221,2011-12-10,2011-01-04 15:33:00,2011-10-28 13:42:00,43,9,193,123,2191,3432.8,381.4222,2011-06-08 13:50:00,2011-06-08 13:50:00,1,1,1,1,4.95,3,Recent moderate purchasers and some cancellation activity
14222,2011-12-10,2011-06-15 16:42:00,2011-06-15 16:42:00,178,1,41,41,607,683.17,683.17,,,0,0,0,0,0.0,0,Recent moderate purchasers and minimal cancellations
14223,2011-12-10,2011-03-20 16:02:00,2011-09-08 13:38:00,93,3,60,50,585,991.13,330.3767,2011-03-24 10:13:00,2011-03-24 10:13:00,1,1,1,2,15.9,3,Recent moderate purchasers and some cancellation activity
14224,2011-12-10,2011-01-23 13:58:00,2011-08-21 13:24:00,111,4,118,105,514,1050.12,262.53,,,0,0,0,0,0.0,0,Recent moderate purchasers and minimal cancellations
14226,2011-12-10,2011-03-15 15:36:00,2011-11-11 11:34:00,29,5,67,64,1308,2232.19,446.438,2011-03-17 15:46:00,2011-05-24 17:27:00,2,6,6,7,30.55,3,Recent moderate purchasers and some cancellation activity
14227,2011-12-10,2011-02-28 12:27:00,2011-11-13 15:48:00,27,10,175,117,1820,3350.96,335.096,2011-03-10 10:34:00,2011-10-27 13:41:00,5,8,7,9,35.25,1,Recent high-activity purchasers and frequent cancellations
14229,2011-12-10,2011-01-10 12:03:00,2011-10-19 10:03:00,52,3,40,29,610,1547.2,515.7333,2011-01-13 12:41:00,2011-01-28 14:07:00,2,3,3,20,96.6,3,Recent moderate purchasers and some cancellation activity
14231,2011-12-10,2011-02-24 11:55:00,2011-06-09 11:05:00,184,3,50,47,409,925.71,308.57,2011-03-02 15:54:00,2011-06-13 15:35:00,2,4,4,7,103.65,3,Recent moderate purchasers and some cancellation activity
14232,2011-12-10,2011-03-20 12:44:00,2011-10-28 11:09:00,43,5,115,81,1941,2048.07,409.614,2011-03-27 12:04:00,2011-11-08 12:17:00,3,3,3,4,4.14,3,Recent moderate purchasers and some cancellation activity
14233,2011-12-10,2011-01-26 12:43:00,2011-10-21 15:54:00,50,4,35,30,680,1462.72,365.68,2011-10-27 09:25:00,2011-10-27 09:25:00,1,1,1,9,15.21,3,Recent moderate purchasers and some cancellation activity
14234,2011-12-10,2011-10-13 13:58:00,2011-11-17 17:53:00,23,4,159,122,963,775.46,193.865,,,0,0,0,0,0.0,0,Recent moderate purchasers and minimal cancellations
14235,2011-12-10,2011-03-24 13:23:00,2011-09-25 14:37:00,76,5,79,65,1959,3144.86,628.972,2011-11-29 13:26:00,2011-11-29 13:26:00,1,1,1,12,51.0,3,Recent moderate purchasers and some cancellation activity
14236,2011-12-10,2010-12-02 18:49:00,2011-09-20 09:13:00,81,2,15,15,310,490.86,245.43,,,0,0,0,0,0.0,2,Less recent infrequent purchasers
14237,2011-12-10,2010-12-01 13:20:00,2010-12-01 13:20:00,374,1,9,9,38,161.0,161.0,,,0,0,0,0,0.0,2,Less recent infrequent purchasers
14238,2011-12-10,2011-01-17 14:40:00,2011-01-17 14:40:00,327,1,8,8,111,146.85,146.85,,,0,0,0,0,0.0,2,Less recent infrequent purchasers
14239,2011-12-10,2011-01-27 14:45:00,2011-10-27 14:40:00,44,11,112,83,993,2380.85,216.4409,2011-03-03 16:25:00,2011-05-23 10:02:00,2,4,4,7,57.35,3,Recent moderate purchasers and some cancellation activity
14240,2011-12-10,2011-04-28 11:40:00,2011-11-09 13:45:00,31,2,42,37,418,890.34,445.17,,,0,0,0,0,0.0,0,Recent moderate purchasers and minimal cancellations
14241,2011-12-10,2011-06-09 11:46:00,2011-06-09 11:46:00,184,1,10,10,146,213.7,213.7,,,0,0,0,0,0.0,2,Less recent infrequent purchasers
14242,2011-12-10,2011-01-18 08:53:00,2011-04-19 11:46:00,235,2,16,13,123,280.55,140.275,,,0,0,0,0,0.0,2,Less recent infrequent purchasers
14243,2011-12-10,2010-12-09 08:34:00,2011-12-01 11:12:00,9,10,141,99,1221,2588.77,258.877,2011-03-02 15:58:00,2011-09-09 12:53:00,4,7,7,17,52.89,1,Recent high-activity purchasers and frequent cancellations
14245,2011-12-10,2011-03-21 10:41:00,2011-05-04 08:40:00,220,2,108,107,976,1693.45,846.725,2011-03-29 10:55:00,2011-06-16 14:33:00,3,4,4,5,15.97,3,Recent moderate purchasers and some cancellation activity
14246,2011-12-10,2011-04-08 08:25:00,2011-08-21 11:50:00,111,3,75,57,804,1474.06,491.3533,,,0,0,0,0,0.0,0,Recent moderate purchasers and minimal cancellations
14247,2011-12-10,2011-03-06 15:21:00,2011-03-06 15:21:00,279,1,20,19,47,136.77,136.77,,,0,0,0,0,0.0,2,Less recent infrequent purchasers
14248,2011-12-10,2011-01-25 14:45:00,2011-01-25 14:45:00,319,1,8,8,102,302.58,302.58,,,0,0,0,0,0.0,2,Less recent infrequent purchasers
14250,2011-12-10,2011-09-11 13:44:00,2011-12-02 14:30:00,8,3,111,94,1200,1904.05,634.6833,,,0,0,0,0,0.0,0,Recent moderate purchasers and minimal cancellations
14251,2011-12-10,2011-10-13 12:46:00,2011-12-08 08:32:00,2,5,78,37,1674,2879.7,575.94,,,0,0,0,0,0.0,0,Recent moderate purchasers and minimal cancellations
14256,2011-12-10,2010-12-10 11:44:00,2011-03-24 13:17:00,261,2,53,51,414,969.06,484.53,2011-03-30 16:39:00,2011-03-30 16:39:00,1,1,1,4,34.0,3,Recent moderate purchasers and some cancellation activity
14257,2011-12-10,2011-01-25 10:49:00,2011-10-06 16:54:00,65,5,106,88,1682,3099.72,619.944,2011-10-19 13:38:00,2011-10-19 13:38:00,1,1,1,5,12.45,3,Recent moderate purchasers and some cancellation activity
14258,2011-12-10,2011-01-06 12:18:00,2011-11-30 15:27:00,10,9,111,58,7100,12669.98,1407.7756,2011-07-14 14:47:00,2011-07-14 14:47:00,1,1,1,2,19.9,3,Recent moderate purchasers and some cancellation activity
14259,2011-12-10,2011-07-21 10:44:00,2011-07-21 10:44:00,142,1,5,5,68,120.0,120.0,,,0,0,0,0,0.0,2,Less recent infrequent purchasers
14261,2011-12-10,2011-09-22 10:47:00,2011-10-20 10:04:00,51,2,52,52,406,1163.45,581.725,,,0,0,0,0,0.0,0,Recent moderate purchasers and minimal cancellations
14262,2011-12-10,2011-04-13 12:23:00,2011-12-01 14:17:00,9,8,143,87,1645,2618.23,327.2788,,,0,0,0,0,0.0,0,Recent moderate purchasers and minimal cancellations
14264,2011-12-10,2011-04-08 12:20:00,2011-07-08 10:20:00,155,2,17,15,70,333.97,166.985,2010-12-02 17:35:00,2010-12-02 17:35:00,1,2,2,4,14.5,3,Recent moderate purchasers and some cancellation activity
14265,2011-12-10,2011-07-14 09:10:00,2011-08-22 13:32:00,110,2,31,31,330,530.18,265.09,,,0,0,0,0,0.0,0,Recent moderate purchasers and minimal cancellations
14267,2011-12-10,2011-03-24 11:38:00,2011-06-30 10:09:00,163,3,55,25,530,1516.24,505.4133,2011-03-31 12:38:00,2011-07-12 11:11:00,4,11,11,69,237.15,1,Recent high-activity purchasers and frequent cancellations
14270,2011-12-10,2011-01-12 09:33:00,2011-01-12 09:33:00,332,1,29,29,197,492.65,492.65,,,0,0,0,0,0.0,2,Less recent infrequent purchasers
14271,2011-12-10,2011-04-28 12:47:00,2011-04-28 12:47:00,226,1,10,10,88,112.32,112.32,,,0,0,0,0,0.0,2,Less recent infrequent purchasers
14272,2011-12-10,2011-03-30 13:57:00,2011-09-27 10:08:00,74,2,33,33,599,437.96,218.98,,,0,0,0,0,0.0,0,Recent moderate purchasers and minimal cancellations
14273,2011-12-10,2011-04-11 13:24:00,2011-10-19 13:20:00,52,4,29,22,264,559.97,139.9925,,,0,0,0,0,0.0,0,Recent moderate purchasers and minimal cancellations
14276,2011-12-10,2011-02-23 09:38:00,2011-09-02 09:45:00,99,3,64,52,744,1119.74,373.2467,2011-03-03 12:11:00,2011-09-12 17:49:00,2,11,11,21,100.35,3,Recent moderate purchasers and some cancellation activity
14277,2011-12-10,2011-05-11 13:20:00,2011-11-24 15:01:00,16,3,224,194,1982,4180.2,1393.4,2011-11-24 11:44:00,2011-11-24 11:44:00,1,3,3,360,259.2,1,Recent high-activity purchasers and frequent cancellations
14280,2011-12-10,2011-05-27 10:37:00,2011-05-27 10:37:00,197,1,8,8,52,134.04,134.04,,,0,0,0,0,0.0,2,Less recent infrequent purchasers
14282,2011-12-10,2010-12-07 12:21:00,2011-12-06 17:04:00,4,15,156,70,2668,3729.34,248.6227,,,0,0,0,0,0.0,0,Recent moderate purchasers and minimal cancellations
14284,2011-12-10,2011-09-14 13:04:00,2011-11-09 08:11:00,31,2,32,24,161,595.25,297.625,2011-09-21 09:52:00,2011-09-21 09:52:00,1,2,2,4,16.8,3,Recent moderate purchasers and some cancellation activity
14285,2011-12-10,2011-06-16 12:36:00,2011-11-18 14:50:00,22,4,27,18,541,1910.01,477.5025,,,0,0,0,0,0.0,0,Recent moderate purchasers and minimal cancellations
14286,2011-12-10,2011-04-11 08:16:00,2011-11-16 10:34:00,24,3,280,220,4338,4628.75,1542.9167,2011-09-12 15:35:00,2011-10-31 10:58:00,2,5,5,32,32.94,1,Recent high-activity purchasers and frequent cancellations
14287,2011-12-10,2011-05-25 11:41:00,2011-12-01 13:25:00,9,3,9,9,261,176.63,58.8767,2011-06-10 11:15:00,2011-06-10 11:15:00,1,1,1,24,20.4,3,Recent moderate purchasers and some cancellation activity
14288,2011-12-10,2011-05-10 13:22:00,2011-05-10 13:22:00,214,1,16,16,188,426.6,426.6,2011-05-11 15:17:00,2011-05-11 15:17:00,1,1,1,1,12.75,2,Less recent infrequent purchasers
14289,2011-12-10,2011-02-23 12:33:00,2011-12-01 11:44:00,9,6,47,33,292,911.26,151.8767,,,0,0,0,0,0.0,0,Recent moderate purchasers and minimal cancellations
14290,2011-12-10,2010-12-13 10:24:00,2011-11-28 14:02:00,12,5,101,89,915,2314.65,462.93,2011-01-27 14:32:00,2011-01-27 14:32:00,1,2,2,2,7.2,3,Recent moderate purchasers and some cancellation activity
14291,2011-12-10,2011-03-09 15:20:00,2011-12-08 10:26:00,2,11,237,145,2749,3883.25,353.0227,2011-08-18 06:26:00,2011-08-18 06:26:00,1,1,1,1,9.95,3,Recent moderate purchasers and some cancellation activity
14292,2011-12-10,2011-03-02 08:26:00,2011-12-02 11:50:00,8,9,100,64,1663,4871.93,541.3256,2011-01-17 16:20:00,2011-11-04 13:51:00,5,8,8,20,52.6,1,Recent high-activity purchasers and frequent cancellations
14293,2011-12-10,2010-12-06 10:18:00,2011-12-06 15:17:00,4,4,61,51,709,1046.56,261.64,,,0,0,0,0,0.0,0,Recent moderate purchasers and minimal cancellations
14295,2011-12-10,2011-10-30 15:50:00,2011-10-30 15:50:00,41,1,5,5,84,166.2,166.2,2011-01-11 11:53:00,2011-01-11 11:53:00,1,1,1,1,8.5,2,Less recent infrequent purchasers
14297,2011-12-10,2011-03-10 08:31:00,2011-11-22 09:06:00,18,4,62,48,865,1305.33,326.3325,2011-10-19 14:55:00,2011-10-19 14:55:00,1,1,1,3,14.85,3,Recent moderate purchasers and some cancellation activity
14298,2011-12-10,2010-12-14 12:59:00,2011-12-01 13:12:00,9,44,1637,884,58343,51527.3,1171.075,2011-12-06 15:04:00,2011-12-06 15:04:00,1,3,3,322,664.86,1,Recent high-activity purchasers and frequent cancellations
14299,2011-12-10,2010-12-09 10:30:00,2011-12-01 16:05:00,9,9,143,94,2149,3965.62,440.6244,2010-12-08 13:33:00,2011-12-01 08:32:00,9,19,13,136,1110.27,1,Recent high-activity purchasers and frequent cancellations
14300,2011-12-10,2011-11-21 08:57:00,2011-11-21 08:57:00,19,1,3,3,32,43.2,43.2,,,0,0,0,0,0.0,2,Less recent infrequent purchasers
14301,2011-12-10,2011-08-14 15:33:00,2011-08-14 15:33:00,118,1,13,13,606,640.14,640.14,2011-08-24 09:04:00,2011-08-24 09:04:00,1,3,3,6,8.1,3,Recent moderate purchasers and some cancellation activity
14304,2011-12-10,2011-05-01 11:50:00,2011-05-01 11:50:00,223,1,17,17,139,383.45,383.45,2011-02-11 14:48:00,2011-02-11 14:48:00,1,10,10,85,186.35,3,Recent moderate purchasers and some cancellation activity
14305,2011-12-10,2011-07-27 14:14:00,2011-09-29 15:29:00,72,3,104,95,1088,1843.96,614.6533,2011-08-11 10:24:00,2011-08-18 06:21:00,2,5,5,20,55.2,3,Recent moderate purchasers and some cancellation activity
14306,2011-12-10,2011-09-15 10:31:00,2011-10-19 13:23:00,52,2,33,33,1075,2093.32,1046.66,2011-09-21 12:32:00,2011-09-21 12:32:00,1,2,2,2,9.9,3,Recent moderate purchasers and some cancellation activity
14307,2011-12-10,2010-12-01 11:41:00,2011-09-12 09:38:00,89,6,180,150,2058,2995.72,499.2867,,,0,0,0,0,0.0,0,Recent moderate purchasers and minimal cancellations
14309,2011-12-10,2010-12-16 13:05:00,2011-12-01 13:33:00,9,9,117,74,1633,2352.53,261.3922,2011-01-20 17:02:00,2011-01-20 17:02:00,1,6,6,14,32.85,3,Recent moderate purchasers and some cancellation activity
14311,2011-12-10,2011-04-11 10:14:00,2011-04-11 10:14:00,243,1,20,20,146,310.26,310.26,2011-04-28 19:49:00,2011-04-28 19:49:00,1,7,7,21,80.55,3,Recent moderate purchasers and some cancellation activity
14312,2011-12-10,2011-01-06 16:35:00,2011-10-24 09:46:00,47,6,87,74,1012,1611.59,268.5983,,,0,0,0,0,0.0,0,Recent moderate purchasers and minimal cancellations
14314,2011-12-10,2011-08-25 10:39:00,2011-08-25 10:39:00,107,1,8,8,296,120.0,120.0,,,0,0,0,0,0.0,2,Less recent infrequent purchasers
14315,2011-12-10,2011-03-18 12:59:00,2011-10-26 12:06:00,45,6,101,64,1021,2481.13,413.5217,2011-11-18 15:35:00,2011-11-18 15:35:00,1,3,3,11,24.15,3,Recent moderate purchasers and some cancellation activity
14317,2011-12-10,2011-10-06 10:44:00,2011-10-06 10:44:00,65,1,24,24,255,508.58,508.58,,,0,0,0,0,0.0,0,Recent moderate purchasers and minimal cancellations
14320,2011-12-10,2011-01-11 09:12:00,2011-05-17 09:24:00,207,2,31,29,325,477.79,238.895,2011-01-21 11:17:00,2011-01-21 11:17:00,1,11,11,86,134.68,3,Recent moderate purchasers and some cancellation activity
14321,2011-12-10,2011-01-10 11:35:00,2011-11-29 09:47:00,11,5,123,111,2406,1530.75,306.15,,,0,0,0,0,0.0,0,Recent moderate purchasers and minimal cancellations
14323,2011-12-10,2011-04-15 11:44:00,2011-08-17 11:37:00,115,2,36,32,350,605.06,302.53,2011-04-20 15:57:00,2011-06-02 11:22:00,2,5,5,10,30.8,3,Recent moderate purchasers and some cancellation activity
14326,2011-12-10,2011-04-11 15:04:00,2011-04-11 15:04:00,243,1,8,8,103,183.85,183.85,2011-04-19 11:08:00,2011-04-19 11:08:00,1,1,1,4,17.0,2,Less recent infrequent purchasers
14327,2011-12-10,2011-06-29 13:58:00,2011-06-29 13:58:00,164,1,12,12,139,311.65,311.65,,,0,0,0,0,0.0,2,Less recent infrequent purchasers
14329,2011-12-10,2011-01-14 13:42:00,2011-11-22 15:50:00,18,7,259,218,3095,5014.84,716.4057,2011-02-21 12:38:00,2011-12-01 08:27:00,7,10,10,20,86.1,1,Recent high-activity purchasers and frequent cancellations
14331,2011-12-10,2011-07-27 15:14:00,2011-08-07 13:17:00,125,2,28,27,252,462.66,231.33,,,0,0,0,0,0.0,2,Less recent infrequent purchasers
14332,2011-12-10,2011-07-15 10:33:00,2011-11-17 11:54:00,23,3,26,22,481,866.31,288.77,,,0,0,0,0,0.0,0,Recent moderate purchasers and minimal cancellations
14333,2011-12-10,2011-10-03 10:38:00,2011-10-03 10:38:00,68,1,15,15,58,415.2,415.2,2011-10-06 19:25:00,2011-10-06 19:25:00,1,4,4,6,63.75,3,Recent moderate purchasers and some cancellation activity
14334,2011-12-10,2010-12-16 17:37:00,2011-11-23 10:01:00,17,8,162,98,1731,2552.21,319.0263,2011-03-17 18:21:00,2011-03-17 18:21:00,1,1,1,1,12.75,3,Recent moderate purchasers and some cancellation activity
14335,2011-12-10,2011-09-04 13:07:00,2011-11-23 13:41:00,17,2,63,55,379,468.26,234.13,,,0,0,0,0,0.0,0,Recent moderate purchasers and minimal cancellations
14336,2011-12-10,2011-03-08 16:48:00,2011-11-23 11:40:00,17,4,90,77,1759,1614.91,403.7275,,,0,0,0,0,0.0,0,Recent moderate purchasers and minimal cancellations
14338,2011-12-10,2011-05-27 13:30:00,2011-07-01 14:08:00,162,2,31,30,335,588.22,294.11,2011-06-01 16:26:00,2011-07-04 16:00:00,2,3,3,6,34.0,3,Recent moderate purchasers and some cancellation activity
14339,2011-12-10,2011-04-11 11:06:00,2011-04-11 11:06:00,243,1,14,14,168,309.52,309.52,2011-04-14 11:22:00,2011-04-19 11:31:00,3,3,2,17,15.79,3,Recent moderate purchasers and some cancellation activity
14340,2011-12-10,2011-05-05 09:44:00,2011-05-05 09:44:00,219,1,6,6,58,134.7,134.7,,,0,0,0,0,0.0,2,Less recent infrequent purchasers
14341,2011-12-10,2011-01-25 13:55:00,2011-10-25 15:48:00,46,8,129,109,1403,2182.28,272.785,2011-01-26 17:06:00,2011-01-26 17:06:00,1,1,1,2,15.9,3,Recent moderate purchasers and some cancellation activity
14342,2011-12-10,2011-05-13 13:50:00,2011-11-18 13:21:00,22,4,21,18,347,668.56,167.14,2011-05-17 13:46:00,2011-05-17 17:39:00,2,2,1,9,59.85,3,Recent moderate purchasers and some cancellation activity
14344,2011-12-10,2010-12-06 11:58:00,2011-08-04 13:51:00,128,8,71,56,477,889.93,111.2413,,,0,0,0,0,0.0,0,Recent moderate purchasers and minimal cancellations
14345,2011-12-10,2011-11-01 09:51:00,2011-11-01 09:51:00,39,1,6,6,50,108.98,108.98,,,0,0,0,0,0.0,2,Less recent infrequent purchasers
14346,2011-12-10,2011-02-15 13:52:00,2011-08-11 09:47:00,121,2,60,55,605,1021.58,510.79,,,0,0,0,0,0.0,0,Recent moderate purchasers and minimal cancellations
14348,2011-12-10,2011-03-24 16:23:00,2011-03-24 16:23:00,261,1,18,18,183,409.57,409.57,,,0,0,0,0,0.0,2,Less recent infrequent purchasers
14349,2011-12-10,2011-11-29 15:39:00,2011-11-29 15:39:00,11,1,31,31,86,133.5,133.5,,,0,0,0,0,0.0,2,Less recent infrequent purchasers
14350,2011-12-10,2011-03-10 14:14:00,2011-03-10 14:14:00,275,1,18,18,183,282.93,282.93,2011-03-14 12:27:00,2011-03-14 12:27:00,1,3,3,17,24.23,3,Recent moderate purchasers and some cancellation activity
14351,2011-12-10,2011-06-28 11:56:00,2011-06-28 11:56:00,165,1,1,1,12,51.0,51.0,,,0,0,0,0,0.0,2,Less recent infrequent purchasers
14352,2011-12-10,2011-03-11 14:58:00,2011-07-05 15:41:00,158,4,47,44,538,1078.96,269.74,,,0,0,0,0,0.0,0,Recent moderate purchasers and minimal cancellations
14353,2011-12-10,2011-05-08 16:06:00,2011-05-08 16:06:00,216,1,6,6,64,90.6,90.6,,,0,0,0,0,0.0,2,Less recent infrequent purchasers
14354,2011-12-10,2011-11-09 15:36:00,2011-12-04 11:32:00,6,2,9,9,210,163.62,81.81,,,0,0,0,0,0.0,2,Less recent infrequent purchasers
14355,2011-12-10,2010-12-09 12:16:00,2010-12-09 12:16:00,366,1,11,11,92,174.4,174.4,,,0,0,0,0,0.0,2,Less recent infrequent purchasers
14356,2011-12-10,2011-09-19 14:43:00,2011-09-21 09:18:00,80,2,33,33,277,701.23,350.615,2011-09-27 13:54:00,2011-10-10 17:16:00,2,5,5,11,34.29,3,Recent moderate purchasers and some cancellation activity
14357,2011-12-10,2011-10-27 16:23:00,2011-10-27 16:23:00,44,1,41,39,148,225.77,225.77,,,0,0,0,0,0.0,2,Less recent infrequent purchasers
14359,2011-12-10,2011-09-13 09:03:00,2011-11-20 13:17:00,20,3,55,44,371,912.18,304.06,2011-11-03 14:22:00,2011-11-17 15:02:00,3,3,3,8,29.6,3,Recent moderate purchasers and some cancellation activity
14360,2011-12-10,2011-09-06 11:58:00,2011-11-08 09:12:00,32,4,118,104,1151,2128.23,532.0575,,,0,0,0,0,0.0,0,Recent moderate purchasers and minimal cancellations
14362,2011-12-10,2011-11-17 15:08:00,2011-11-17 15:08:00,23,1,41,37,100,161.2,161.2,,,0,0,0,0,0.0,2,Less recent infrequent purchasers
14364,2011-12-10,2011-05-12 12:56:00,2011-08-23 11:01:00,109,8,69,61,1967,3717.35,464.6688,,,0,0,0,0,0.0,0,Recent moderate purchasers and minimal cancellations
14367,2011-12-10,2011-03-08 14:12:00,2011-12-01 13:19:00,9,16,524,270,4438,9261.52,578.845,2011-04-13 16:06:00,2011-09-25 12:18:00,3,9,9,28,93.7,1,Recent high-activity purchasers and frequent cancellations
14368,2011-12-10,2011-01-24 09:52:00,2011-01-24 09:52:00,320,1,8,8,36,155.0,155.0,,,0,0,0,0,0.0,2,Less recent infrequent purchasers
14371,2011-12-10,2011-02-17 16:35:00,2011-02-17 16:35:00,296,1,4,4,34,100.5,100.5,,,0,0,0,0,0.0,2,Less recent infrequent purchasers
14373,2011-12-10,2010-12-16 15:40:00,2010-12-16 15:40:00,359,1,4,4,17,76.55,76.55,,,0,0,0,0,0.0,2,Less recent infrequent purchasers
14375,2011-12-10,2011-06-07 13:44:00,2011-06-07 13:44:00,186,1,75,57,194,257.68,257.68,,,0,0,0,0,0.0,2,Less recent infrequent purchasers
14377,2011-12-10,2011-03-22 13:38:00,2011-06-01 13:32:00,192,2,11,11,219,617.05,308.525,,,0,0,0,0,0.0,2,Less recent infrequent purchasers
14379,2011-12-10,2011-02-17 15:03:00,2011-10-26 16:43:00,45,2,46,39,292,348.1,174.05,,,0,0,0,0,0.0,0,Recent moderate purchasers and minimal cancellations
14381,2011-12-10,2011-10-18 17:10:00,2011-10-18 17:10:00,53,1,56,56,146,202.68,202.68,,,0,0,0,0,0.0,2,Less recent infrequent purchasers
14382,2011-12-10,2011-11-13 16:18:00,2011-11-13 16:18:00,27,1,131,121,1237,626.07,626.07,,,0,0,0,0,0.0,0,Recent moderate purchasers and minimal cancellations
14383,2011-12-10,2011-06-29 10:18:00,2011-11-01 15:53:00,39,3,59,49,817,1247.69,415.8967,,,0,0,0,0,0.0,0,Recent moderate purchasers and minimal cancellations
14385,2011-12-10,2011-11-16 11:55:00,2011-11-30 15:36:00,10,3,14,13,159,202.11,67.37,,,0,0,0,0,0.0,2,Less recent infrequent purchasers
14386,2011-12-10,2011-02-16 09:45:00,2011-02-16 09:45:00,297,1,7,7,54,142.4,142.4,,,0,0,0,0,0.0,2,Less recent infrequent purchasers
14387,2011-12-10,2011-08-22 14:13:00,2011-11-07 12:29:00,33,3,140,125,819,1770.56,590.1867,,,0,0,0,0,0.0,0,Recent moderate purchasers and minimal cancellations
14388,2011-12-10,2010-12-02 11:02:00,2011-11-29 13:32:00,11,8,186,124,1941,3212.84,401.605,2010-12-08 15:59:00,2011-12-01 11:13:00,2,5,5,8,40.8,1,Recent high-activity purchasers and frequent cancellations
14389,2011-12-10,2011-06-02 12:04:00,2011-10-05 15:17:00,66,2,45,33,729,1043.46,521.73,2011-01-25 12:45:00,2011-12-01 09:19:00,3,17,14,27,43.74,3,Recent moderate purchasers and some cancellation activity
14390,2011-12-10,2010-12-02 11:57:00,2011-11-29 13:49:00,11,9,286,135,2136,4652.82,516.98,2010-12-02 11:56:00,2011-11-02 11:44:00,4,5,5,11,60.35,1,Recent high-activity purchasers and frequent cancellations
14393,2011-12-10,2011-05-05 18:16:00,2011-05-05 18:16:00,219,1,5,5,13,67.95,67.95,,,0,0,0,0,0.0,2,Less recent infrequent purchasers
14395,2011-12-10,2010-12-02 18:15:00,2011-12-07 14:34:00,3,9,350,181,1693,3507.71,389.7456,2011-04-07 18:10:00,2011-10-25 17:07:00,3,3,3,4,35.8,1,Recent high-activity purchasers and frequent cancellations
14396,2011-12-10,2010-12-03 15:19:00,2011-10-05 16:09:00,66,2,73,71,225,487.99,243.995,,,0,0,0,0,0.0,0,Recent moderate purchasers and minimal cancellations
14397,2011-12-10,2011-05-10 12:25:00,2011-12-07 09:22:00,3,19,87,18,1890,2612.96,137.5242,2011-09-14 15:46:00,2011-12-09 09:57:00,4,8,6,38,56.28,1,Recent high-activity purchasers and frequent cancellations
14400,2011-12-10,2011-07-13 15:50:00,2011-07-13 15:50:00,150,1,25,25,454,574.7,574.7,2011-07-21 18:05:00,2011-07-21 18:05:00,1,1,1,4,15.0,3,Recent moderate purchasers and some cancellation activity
14401,2011-12-10,2010-12-15 09:07:00,2011-12-05 13:30:00,5,13,182,113,4507,4051.48,311.6523,2011-11-10 11:22:00,2011-11-10 11:22:00,1,1,1,2,11.5,3,Recent moderate purchasers and some cancellation activity
14403,2011-12-10,2011-04-06 14:23:00,2011-08-01 12:57:00,131,4,20,17,519,1475.81,368.9525,2011-04-18 12:06:00,2011-04-18 12:06:00,1,6,6,6,49.5,3,Recent moderate purchasers and some cancellation activity
14404,2011-12-10,2010-12-05 16:00:00,2011-11-06 12:30:00,34,6,103,70,839,1474.32,245.72,2011-01-16 15:48:00,2011-01-16 15:48:00,1,1,1,8,39.6,3,Recent moderate purchasers and some cancellation activity
14406,2011-12-10,2011-08-12 16:54:00,2011-08-12 16:54:00,120,1,8,8,77,156.75,156.75,,,0,0,0,0,0.0,2,Less recent infrequent purchasers
14407,2011-12-10,2011-03-08 11:59:00,2011-08-24 14:02:00,108,5,72,66,1414,2142.73,428.546,2011-04-06 09:25:00,2011-08-23 10:55:00,3,3,3,3,46.65,3,Recent moderate purchasers and some cancellation activity
14408,2011-12-10,2011-03-20 14:41:00,2011-11-29 11:41:00,11,7,107,60,1616,2606.53,372.3614,,,0,0,0,0,0.0,0,Recent moderate purchasers and minimal cancellations
14409,2011-12-10,2010-12-06 15:03:00,2011-09-29 18:18:00,72,6,54,40,1230,2059.45,343.2417,2010-12-06 15:07:00,2010-12-06 15:07:00,1,1,1,72,151.2,3,Recent moderate purchasers and some cancellation activity
14410,2011-12-10,2011-02-07 09:36:00,2011-09-08 15:08:00,93,9,192,152,569,1104.07,122.6744,2011-03-28 10:02:00,2011-11-24 11:16:00,6,92,83,268,513.77,1,Recent high-activity purchasers and frequent cancellations
14411,2011-12-10,2011-02-02 10:56:00,2011-02-02 10:56:00,311,1,14,14,196,1063.0,1063.0,,,0,0,0,0,0.0,2,Less recent infrequent purchasers
14412,2011-12-10,2011-09-28 08:48:00,2011-10-28 10:45:00,43,2,43,43,786,770.03,385.015,2011-11-04 13:14:00,2011-11-04 13:14:00,1,2,2,2,8.7,3,Recent moderate purchasers and some cancellation activity
14413,2011-12-10,2010-12-12 13:37:00,2010-12-12 13:37:00,363,1,23,22,68,122.7,122.7,,,0,0,0,0,0.0,2,Less recent infrequent purchasers
14414,2011-12-10,2010-12-16 11:11:00,2011-09-09 12:09:00,92,7,97,79,2512,1496.98,213.8543,2011-07-29 13:08:00,2011-07-29 13:08:00,1,1,1,3,11.85,3,Recent moderate purchasers and some cancellation activity
14415,2011-12-10,2010-12-14 13:31:00,2011-12-08 14:38:00,2,13,590,283,3011,5900.28,453.8677,2010-12-14 13:06:00,2011-10-28 11:49:00,5,22,21,38,88.72,1,Recent high-activity purchasers and frequent cancellations
14416,2011-12-10,2011-10-28 15:10:00,2011-11-17 15:22:00,23,2,14,13,326,490.22,245.11,,,0,0,0,0,0.0,2,Less recent infrequent purchasers
14418,2011-12-10,2011-08-23 17:18:00,2011-12-06 11:39:00,4,3,124,114,1711,1937.25,645.75,,,0,0,0,0,0.0,0,Recent moderate purchasers and minimal cancellations
14419,2011-12-10,2010-12-10 10:56:00,2011-11-29 11:22:00,11,6,206,112,487,1058.06,176.3433,,,0,0,0,0,0.0,0,Recent moderate purchasers and minimal cancellations
14420,2011-12-10,2011-09-01 18:07:00,2011-09-01 18:07:00,100,1,29,29,334,387.52,387.52,2011-09-15 16:57:00,2011-09-15 16:57:00,1,1,1,1,1.65,0,Recent moderate purchasers and minimal cancellations
14421,2011-12-10,2011-05-12 10:49:00,2011-10-13 13:24:00,58,2,27,25,365,813.11,406.555,,,0,0,0,0,0.0,0,Recent moderate purchasers and minimal cancellations
14422,2011-12-10,2011-03-17 17:26:00,2011-12-09 11:26:00,1,6,222,189,2906,4263.64,710.6067,,,0,0,0,0,0.0,0,Recent moderate purchasers and minimal cancellations
14423,2011-12-10,2011-05-05 15:12:00,2011-05-05 15:12:00,219,1,3,3,120,265.2,265.2,,,0,0,0,0,0.0,2,Less recent infrequent purchasers
14424,2011-12-10,2011-11-22 11:48:00,2011-11-22 11:48:00,18,1,1,1,48,322.08,322.08,,,0,0,0,0,0.0,2,Less recent infrequent purchasers
14426,2011-12-10,2011-01-31 09:51:00,2011-11-16 12:25:00,24,10,224,183,2699,4481.67,448.167,2010-12-15 12:06:00,2011-11-21 11:47:00,6,40,40,360,562.77,1,Recent high-activity purchasers and frequent cancellations
14427,2011-12-10,2011-10-07 09:10:00,2011-10-20 14:23:00,51,2,17,16,228,363.34,181.67,,,0,0,0,0,0.0,2,Less recent infrequent purchasers
14428,2011-12-10,2011-01-18 16:39:00,2011-12-02 13:17:00,8,5,144,108,436,1244.83,248.966,2011-04-21 16:40:00,2011-10-24 12:34:00,2,4,4,8,14.69,3,Recent moderate purchasers and some cancellation activity
14431,2011-12-10,2011-02-10 10:40:00,2011-02-10 10:40:00,303,1,17,17,130,470.36,470.36,2011-02-14 10:56:00,2011-02-14 10:56:00,1,5,4,8,72.6,3,Recent moderate purchasers and some cancellation activity
14432,2011-12-10,2011-09-11 14:09:00,2011-11-30 08:04:00,10,6,382,256,2070,2255.51,375.9183,,,0,0,0,0,0.0,0,Recent moderate purchasers and minimal cancellations
14434,2011-12-10,2011-09-28 15:31:00,2011-11-18 08:56:00,22,6,12,3,368,1372.8,228.8,,,0,0,0,0,0.0,0,Recent moderate purchasers and minimal cancellations
14436,2011-12-10,2011-09-02 10:13:00,2011-09-02 10:13:00,99,1,9,9,129,89.06,89.06,,,0,0,0,0,0.0,2,Less recent infrequent purchasers
14437,2011-12-10,2010-12-09 09:27:00,2010-12-09 09:27:00,366,1,5,5,60,63.0,63.0,,,0,0,0,0,0.0,2,Less recent infrequent purchasers
14438,2011-12-10,2011-02-06 14:56:00,2011-02-06 14:56:00,307,1,9,9,82,131.9,131.9,,,0,0,0,0,0.0,2,Less recent infrequent purchasers
14439,2011-12-10,2011-01-24 11:39:00,2011-01-24 11:39:00,320,1,32,32,526,2661.24,2661.24,,,0,0,0,0,0.0,0,Recent moderate purchasers and minimal cancellations
14440,2011-12-10,2010-12-09 12:49:00,2011-12-01 15:42:00,9,5,55,33,588,2357.68,471.536,,,0,0,0,0,0.0,0,Recent moderate purchasers and minimal cancellations
14441,2011-12-10,2011-03-29 12:01:00,2011-12-09 09:07:00,1,4,51,43,446,1712.89,428.2225,2010-12-09 14:57:00,2011-11-18 16:21:00,6,8,5,16,167.75,1,Recent high-activity purchasers and frequent cancellations
14442,2011-12-10,2011-01-27 09:33:00,2011-05-19 11:36:00,205,2,63,58,482,1589.82,794.91,2011-01-31 15:36:00,2011-12-08 11:53:00,3,5,5,7,45.2,3,Recent moderate purchasers and some cancellation activity
14443,2011-12-10,2010-12-06 11:03:00,2011-10-17 10:10:00,54,4,93,84,938,1420.2,355.05,2010-12-02 17:05:00,2011-02-07 13:52:00,3,5,5,7,19.32,3,Recent moderate purchasers and some cancellation activity
14446,2011-12-10,2011-04-07 12:10:00,2011-12-09 11:34:00,1,4,292,232,873,1034.78,258.695,,,0,0,0,0,0.0,0,Recent moderate purchasers and minimal cancellations
14447,2011-12-10,2011-03-04 10:49:00,2011-11-21 08:28:00,19,5,70,54,571,1163.23,232.646,,,0,0,0,0,0.0,0,Recent moderate purchasers and minimal cancellations
14448,2011-12-10,2010-12-10 17:26:00,2011-11-30 13:50:00,10,2,20,20,104,375.35,187.675,,,0,0,0,0,0.0,2,Less recent infrequent purchasers
14449,2011-12-10,2010-12-02 14:09:00,2011-11-21 12:06:00,19,4,258,201,757,907.1,226.775,,,0,0,0,0,0.0,0,Recent moderate purchasers and minimal cancellations
14450,2011-12-10,2011-01-23 11:53:00,2011-06-12 10:46:00,181,3,40,32,241,483.25,161.0833,,,0,0,0,0,0.0,2,Less recent infrequent purchasers
14451,2011-12-10,2011-05-29 12:35:00,2011-10-10 13:38:00,61,2,109,86,389,662.59,331.295,,,0,0,0,0,0.0,0,Recent moderate purchasers and minimal cancellations
14452,2011-12-10,2011-09-07 11:32:00,2011-11-29 12:06:00,11,2,62,55,119,264.44,132.22,,,0,0,0,0,0.0,0,Recent moderate purchasers and minimal cancellations
14453,2011-12-10,2011-06-02 14:15:00,2011-06-02 14:15:00,191,1,22,22,49,119.93,119.93,,,0,0,0,0,0.0,2,Less recent infrequent purchasers
14456,2011-12-10,2011-07-20 13:06:00,2011-12-04 13:59:00,6,9,968,579,2871,3059.44,339.9378,2011-09-27 10:54:00,2011-11-17 15:08:00,4,6,6,6,13.52,1,Recent high-activity purchasers and frequent cancellations
14457,2011-12-10,2011-02-02 09:39:00,2011-02-02 09:39:00,311,1,4,4,88,113.64,113.64,,,0,0,0,0,0.0,2,Less recent infrequent purchasers
14459,2011-12-10,2011-07-07 13:35:00,2011-07-07 13:35:00,156,1,37,37,760,1837.92,1837.92,,,0,0,0,0,0.0,0,Recent moderate purchasers and minimal cancellations
14460,2011-12-10,2011-02-02 11:55:00,2011-08-21 14:19:00,111,3,16,14,881,434.34,144.78,2011-02-02 11:54:00,2011-02-02 11:54:00,1,1,1,12,51.0,3,Recent moderate purchasers and some cancellation activity
14461,2011-12-10,2011-03-23 12:15:00,2011-07-14 17:11:00,149,3,179,172,765,2102.67,700.89,,,0,0,0,0,0.0,0,Recent moderate purchasers and minimal cancellations
14462,2011-12-10,2011-01-04 12:45:00,2011-10-04 15:55:00,67,11,239,149,962,1999.02,181.7291,2011-02-04 13:47:00,2011-10-07 09:22:00,3,5,5,30,33.12,1,Recent high-activity purchasers and frequent cancellations
14463,2011-12-10,2011-05-18 14:42:00,2011-09-02 15:20:00,99,3,5,5,178,514.62,171.54,,,0,0,0,0,0.0,2,Less recent infrequent purchasers
14465,2011-12-10,2011-02-10 12:13:00,2011-04-07 12:38:00,247,3,130,107,405,1058.62,352.8733,,,0,0,0,0,0.0,0,Recent moderate purchasers and minimal cancellations
14466,2011-12-10,2010-12-02 13:36:00,2011-11-10 14:07:00,30,7,72,35,1006,2272.4,324.6286,,,0,0,0,0,0.0,0,Recent moderate purchasers and minimal cancellations
14467,2011-12-10,2011-01-31 12:35:00,2011-11-22 12:48:00,18,4,90,67,278,598.76,149.69,,,0,0,0,0,0.0,0,Recent moderate purchasers and minimal cancellations
14470,2011-12-10,2011-02-25 11:56:00,2011-11-28 10:31:00,12,2,43,43,193,461.19,230.595,,,0,0,0,0,0.0,0,Recent moderate purchasers and minimal cancellations
14472,2011-12-10,2010-12-19 14:03:00,2011-08-28 11:01:00,104,8,281,153,1160,1936.84,242.105,,,0,0,0,0,0.0,0,Recent moderate purchasers and minimal cancellations
14473,2011-12-10,2011-03-02 13:56:00,2011-09-26 15:10:00,75,2,7,7,88,234.34,117.17,,,0,0,0,0,0.0,2,Less recent infrequent purchasers
14474,2011-12-10,2011-10-24 13:26:00,2011-10-24 13:26:00,47,1,29,29,140,547.66,547.66,2011-10-27 12:57:00,2011-10-27 12:57:00,1,1,1,1,9.95,3,Recent moderate purchasers and some cancellation activity
14475,2011-12-10,2011-02-08 10:12:00,2011-09-29 10:46:00,72,3,42,35,447,925.85,308.6167,2011-02-10 14:59:00,2011-06-26 12:08:00,3,5,4,19,126.03,3,Recent moderate purchasers and some cancellation activity
14476,2011-12-10,2011-03-27 15:39:00,2011-03-27 15:39:00,258,1,19,17,132,215.7,215.7,,,0,0,0,0,0.0,2,Less recent infrequent purchasers
14477,2011-12-10,2011-02-15 15:44:00,2011-11-20 11:11:00,20,4,10,7,720,1309.6,327.4,2011-10-19 11:45:00,2011-10-19 11:45:00,1,1,1,1,1.79,3,Recent moderate purchasers and some cancellation activity
14479,2011-12-10,2010-12-09 12:59:00,2011-03-31 09:07:00,254,2,18,18,117,316.25,158.125,,,0,0,0,0,0.0,2,Less recent infrequent purchasers
14480,2011-12-10,2011-11-28 16:35:00,2011-11-28 16:35:00,12,1,13,13,143,279.05,279.05,,,0,0,0,0,0.0,2,Less recent infrequent purchasers
14481,2011-12-10,2011-02-25 13:53:00,2011-06-28 10:38:00,165,2,30,25,489,636.51,318.255,,,0,0,0,0,0.0,0,Recent moderate purchasers and minimal cancellations
14482,2011-12-10,2011-04-14 16:41:00,2011-11-21 13:14:00,19,6,144,110,1646,2068.15,344.6917,,,0,0,0,0,0.0,0,Recent moderate purchasers and minimal cancellations
14483,2011-12-10,2011-03-03 10:26:00,2011-03-03 10:26:00,282,1,9,9,97,137.1,137.1,2011-07-13 09:45:00,2011-07-13 09:45:00,1,1,1,2,7.9,2,Less recent infrequent purchasers
14484,2011-12-10,2011-10-20 14:11:00,2011-10-20 14:11:00,51,1,14,14,210,321.92,321.92,,,0,0,0,0,0.0,2,Less recent infrequent purchasers
14485,2011-12-10,2011-11-01 12:25:00,2011-11-01 12:25:00,39,1,47,44,71,165.75,165.75,,,0,0,0,0,0.0,2,Less recent infrequent purchasers
14487,2011-12-10,2010-12-06 13:22:00,2011-11-13 12:17:00,27,6,144,112,735,1196.33,199.3883,2010-12-06 12:55:00,2010-12-06 12:55:00,1,1,1,1,12.75,3,Recent moderate purchasers and some cancellation activity
14488,2011-12-10,2011-10-03 09:30:00,2011-10-03 09:30:00,68,1,46,46,799,1064.28,1064.28,2011-10-19 14:39:00,2011-10-19 14:39:00,1,3,3,6,16.85,3,Recent moderate purchasers and some cancellation activity
14489,2011-12-10,2011-05-16 14:51:00,2011-05-16 14:51:00,208,1,30,30,299,463.38,463.38,,,0,0,0,0,0.0,2,Less recent infrequent purchasers
14491,2011-12-10,2010-12-02 12:10:00,2011-06-17 15:22:00,176,2,17,17,139,340.93,170.465,,,0,0,0,0,0.0,2,Less recent infrequent purchasers
14493,2011-12-10,2011-07-07 16:59:00,2011-12-02 16:14:00,8,5,120,95,1285,2383.24,476.648,2011-11-02 12:33:00,2011-11-21 10:51:00,2,3,2,6,20.4,3,Recent moderate purchasers and some cancellation activity
14494,2011-12-10,2011-11-14 09:21:00,2011-11-14 09:21:00,26,1,7,7,92,139.56,139.56,,,0,0,0,0,0.0,2,Less recent infrequent purchasers
14495,2011-12-10,2011-08-10 14:13:00,2011-10-20 12:28:00,51,2,6,6,62,123.8,61.9,,,0,0,0,0,0.0,2,Less recent infrequent purchasers
14496,2011-12-10,2010-12-01 15:35:00,2011-02-01 09:01:00,312,2,19,16,159,538.81,269.405,,,0,0,0,0,0.0,2,Less recent infrequent purchasers
14497,2011-12-10,2011-02-03 17:01:00,2011-02-03 17:01:00,310,1,29,29,235,475.37,475.37,2011-02-11 15:20:00,2011-02-11 15:20:00,1,2,2,2,17.9,3,Recent moderate purchasers and some cancellation activity
14498,2011-12-10,2010-12-13 11:29:00,2011-10-28 12:09:00,43,5,193,162,1098,1957.32,391.464,,,0,0,0,0,0.0,0,Recent moderate purchasers and minimal cancellations
14499,2011-12-10,2011-03-06 11:55:00,2011-11-13 13:01:00,27,3,194,146,501,815.32,271.7733,,,0,0,0,0,0.0,0,Recent moderate purchasers and minimal cancellations
14500,2011-12-10,2011-06-03 10:08:00,2011-09-12 16:45:00,89,3,7,6,117,356.85,118.95,,,0,0,0,0,0.0,2,Less recent infrequent purchasers
14501,2011-12-10,2011-01-24 10:43:00,2011-06-09 12:02:00,184,2,10,9,161,251.21,125.605,2011-10-06 20:15:00,2011-10-06 20:15:00,1,2,2,42,60.9,3,Recent moderate purchasers and some cancellation activity
14502,2011-12-10,2011-01-30 15:52:00,2011-11-20 11:50:00,20,11,623,367,1482,2467.63,224.33,2011-01-31 14:37:00,2011-11-06 14:25:00,3,7,7,15,119.65,1,Recent high-activity purchasers and frequent cancellations
14503,2011-12-10,2011-06-14 10:00:00,2011-12-06 13:30:00,4,6,164,113,2004,3543.26,590.5433,,,0,0,0,0,0.0,0,Recent moderate purchasers and minimal cancellations
14504,2011-12-10,2011-03-06 14:38:00,2011-10-23 16:00:00,48,4,107,85,308,673.26,168.315,,,0,0,0,0,0.0,0,Recent moderate purchasers and minimal cancellations
14505,2011-12-10,2010-12-12 16:14:00,2011-11-22 15:45:00,18,8,799,540,2759,5905.64,738.205,2011-01-07 14:09:00,2011-11-03 11:21:00,3,4,4,16,86.94,1,Recent high-activity purchasers and frequent cancellations
14506,2011-12-10,2010-12-05 14:25:00,2011-11-22 13:02:00,18,5,316,204,730,2012.17,402.434,,,0,0,0,0,0.0,0,Recent moderate purchasers and minimal cancellations
14507,2011-12-10,2011-03-08 17:23:00,2011-11-16 12:21:00,24,6,96,79,600,1383.18,230.53,2011-03-08 17:28:00,2011-03-08 17:28:00,1,2,2,12,15.0,3,Recent moderate purchasers and some cancellation activity
14508,2011-12-10,2011-09-11 11:29:00,2011-11-17 19:48:00,23,2,57,52,131,276.42,138.21,,,0,0,0,0,0.0,0,Recent moderate purchasers and minimal cancellations
14511,2011-12-10,2011-07-29 12:13:00,2011-11-28 17:05:00,12,5,68,53,784,1314.81,262.962,2011-11-02 10:47:00,2011-11-02 10:47:00,1,3,3,12,47.4,3,Recent moderate purchasers and some cancellation activity
14512,2011-12-10,2011-04-21 19:05:00,2011-06-05 12:39:00,188,2,23,19,122,275.28,137.64,,,0,0,0,0,0.0,2,Less recent infrequent purchasers
14513,2011-12-10,2011-02-24 09:36:00,2011-08-31 11:25:00,101,3,12,11,361,455.59,151.8633,2011-03-23 12:42:00,2011-03-23 12:42:00,1,6,6,6,17.1,3,Recent moderate purchasers and some cancellation activity
14514,2011-12-10,2011-01-12 15:22:00,2011-10-09 16:05:00,62,3,73,65,589,1055.35,351.7833,,,0,0,0,0,0.0,0,Recent moderate purchasers and minimal cancellations
14515,2011-12-10,2011-05-05 12:13:00,2011-11-22 11:37:00,18,6,101,68,1134,2102.09,350.3483,,,0,0,0,0,0.0,0,Recent moderate purchasers and minimal cancellations
14517,2011-12-10,2011-07-21 11:42:00,2011-11-06 14:20:00,34,2,18,17,91,330.45,165.225,,,0,0,0,0,0.0,2,Less recent infrequent purchasers
14518,2011-12-10,2011-10-06 14:43:00,2011-10-06 14:43:00,65,1,16,16,278,174.37,174.37,,,0,0,0,0,0.0,2,Less recent infrequent purchasers
14520,2011-12-10,2011-02-22 09:15:00,2011-12-08 09:46:00,2,2,4,3,146,270.6,135.3,,,0,0,0,0,0.0,2,Less recent infrequent purchasers
14522,2011-12-10,2011-05-25 16:01:00,2011-11-15 13:24:00,25,4,17,15,525,974.54,243.635,,,0,0,0,0,0.0,0,Recent moderate purchasers and minimal cancellations
14523,2011-12-10,2011-08-23 13:13:00,2011-08-23 13:13:00,109,1,12,12,251,241.09,241.09,,,0,0,0,0,0.0,2,Less recent infrequent purchasers
14524,2011-12-10,2010-12-14 11:01:00,2011-11-08 12:29:00,32,9,203,161,676,1867.68,207.52,,,0,0,0,0,0.0,0,Recent moderate purchasers and minimal cancellations
14525,2011-12-10,2010-12-13 17:40:00,2011-11-20 11:37:00,20,9,291,217,2696,4332.2,481.3556,2011-03-31 18:44:00,2011-12-01 08:53:00,4,6,6,22,65.83,1,Recent high-activity purchasers and frequent cancellations
14527,2011-12-10,2010-12-05 13:17:00,2011-12-07 12:19:00,3,55,971,329,2087,8507.82,154.6876,2010-12-01 09:41:00,2011-12-01 08:49:00,30,38,4,39,717.44,1,Recent high-activity purchasers and frequent cancellations
14528,2011-12-10,2011-11-02 17:09:00,2011-11-02 17:09:00,38,1,18,18,278,364.22,364.22,,,0,0,0,0,0.0,2,Less recent infrequent purchasers
14529,2011-12-10,2011-08-21 14:10:00,2011-10-10 15:27:00,61,3,229,177,348,620.04,206.68,,,0,0,0,0,0.0,0,Recent moderate purchasers and minimal cancellations
14530,2011-12-10,2011-02-16 10:47:00,2011-11-14 10:38:00,26,6,216,140,1410,2925.91,487.6517,,,0,0,0,0,0.0,0,Recent moderate purchasers and minimal cancellations
14532,2011-12-10,2010-12-22 13:48:00,2011-04-17 13:05:00,237,4,64,45,284,932.85,233.2125,,,0,0,0,0,0.0,0,Recent moderate purchasers and minimal cancellations
14533,2011-12-10,2010-12-22 11:07:00,2011-11-15 12:05:00,25,7,62,53,4019,1949.72,278.5314,2011-10-04 17:44:00,2011-10-10 17:11:00,2,3,3,1242,137.1,1,Recent high-activity purchasers and frequent cancellations
14534,2011-12-10,2011-01-25 12:33:00,2011-12-07 12:19:00,3,18,518,330,2046,4445.4,246.9667,2011-01-25 11:47:00,2011-12-07 11:44:00,7,39,36,122,371.7,1,Recent high-activity purchasers and frequent cancellations
14535,2011-12-10,2011-04-05 12:50:00,2011-10-10 15:39:00,61,3,330,280,1831,2864.19,954.73,2011-10-11 16:24:00,2011-10-11 16:24:00,1,3,3,6,23.1,3,Recent moderate purchasers and some cancellation activity
14536,2011-12-10,2011-03-25 12:21:00,2011-03-25 12:21:00,260,1,19,18,40,171.8,171.8,,,0,0,0,0,0.0,2,Less recent infrequent purchasers
14537,2011-12-10,2011-10-13 10:54:00,2011-10-13 10:54:00,58,1,10,10,120,355.56,355.56,,,0,0,0,0,0.0,2,Less recent infrequent purchasers
14538,2011-12-10,2011-03-28 14:57:00,2011-10-06 10:31:00,65,2,19,19,155,388.25,194.125,,,0,0,0,0,0.0,2,Less recent infrequent purchasers
14539,2011-12-10,2011-10-26 12:03:00,2011-11-24 09:50:00,16,2,32,31,428,537.48,268.74,,,0,0,0,0,0.0,0,Recent moderate purchasers and minimal cancellations
14540,2011-12-10,2011-02-03 15:02:00,2011-11-30 10:15:00,10,3,76,64,421,996.26,332.0867,,,0,0,0,0,0.0,0,Recent moderate purchasers and minimal cancellations
14541,2011-12-10,2011-01-24 14:16:00,2011-10-12 10:08:00,59,8,111,71,647,1461.65,182.7063,,,0,0,0,0,0.0,0,Recent moderate purchasers and minimal cancellations
14542,2011-12-10,2011-06-07 08:19:00,2011-06-07 08:19:00,186,1,5,5,19,103.25,103.25,,,0,0,0,0,0.0,2,Less recent infrequent purchasers
14543,2011-12-10,2010-12-10 11:51:00,2011-11-11 12:45:00,29,16,69,41,675,3590.68,224.4175,2011-03-06 10:48:00,2011-12-06 10:32:00,5,31,17,73,645.46,1,Recent high-activity purchasers and frequent cancellations
14544,2011-12-10,2010-12-13 12:50:00,2011-11-15 15:06:00,25,2,114,97,1543,2024.45,1012.225,,,0,0,0,0,0.0,0,Recent moderate purchasers and minimal cancellations
14546,2011-12-10,2011-04-05 12:37:00,2011-12-04 13:00:00,6,5,399,250,1317,2578.09,515.618,2011-04-05 10:45:00,2011-12-05 16:33:00,4,18,17,30,91.07,1,Recent high-activity purchasers and frequent cancellations
14547,2011-12-10,2011-10-16 14:35:00,2011-12-06 11:06:00,4,8,366,198,2668,4007.54,500.9425,2011-11-13 12:30:00,2011-11-13 12:30:00,1,1,1,10,20.8,3,Recent moderate purchasers and some cancellation activity
14548,2011-12-10,2011-01-26 08:38:00,2011-07-12 12:19:00,151,2,4,2,256,652.8,326.4,,,0,0,0,0,0.0,2,Less recent infrequent purchasers
14549,2011-12-10,2011-02-01 13:47:00,2011-02-01 13:47:00,312,1,56,56,136,289.24,289.24,,,0,0,0,0,0.0,2,Less recent infrequent purchasers
14550,2011-12-10,2011-10-26 12:14:00,2011-11-29 12:12:00,11,2,48,38,394,765.62,382.81,,,0,0,0,0,0.0,0,Recent moderate purchasers and minimal cancellations
14551,2011-12-10,2011-05-19 18:21:00,2011-11-21 13:36:00,19,2,10,9,106,186.23,93.115,,,0,0,0,0,0.0,2,Less recent infrequent purchasers
14552,2011-12-10,2011-07-11 12:49:00,2011-07-11 12:49:00,152,1,58,57,91,165.07,165.07,,,0,0,0,0,0.0,2,Less recent infrequent purchasers
14553,2011-12-10,2011-01-04 15:40:00,2011-11-20 13:20:00,20,5,113,103,493,859.27,171.854,,,0,0,0,0,0.0,0,Recent moderate purchasers and minimal cancellations
14554,2011-12-10,2011-10-18 13:04:00,2011-11-29 16:44:00,11,4,216,147,1478,2381.04,595.26,,,0,0,0,0,0.0,0,Recent moderate purchasers and minimal cancellations
14555,2011-12-10,2011-02-10 17:19:00,2011-10-13 16:24:00,58,2,21,18,130,324.14,162.07,,,0,0,0,0,0.0,2,Less recent infrequent purchasers
14557,2011-12-10,2011-09-15 15:48:00,2011-09-15 15:48:00,86,1,16,16,510,788.38,788.38,2011-10-06 20:36:00,2011-10-06 20:36:00,1,16,16,510,788.38,1,Recent high-activity purchasers and frequent cancellations
14560,2011-12-10,2010-12-17 09:22:00,2011-12-02 15:22:00,8,22,74,39,1260,2237.77,101.7168,2010-12-23 11:38:00,2011-10-31 10:18:00,2,2,2,37,63.59,3,Recent moderate purchasers and some cancellation activity
14561,2011-12-10,2011-06-08 13:26:00,2011-09-25 12:39:00,76,3,69,67,1014,1080.76,360.2533,,,0,0,0,0,0.0,0,Recent moderate purchasers and minimal cancellations
14562,2011-12-10,2011-02-08 14:45:00,2011-12-06 11:05:00,4,18,423,187,1834,5074.77,281.9317,2011-07-14 10:47:00,2011-12-06 10:46:00,4,22,19,161,359.25,1,Recent high-activity purchasers and frequent cancellations
14565,2011-12-10,2010-12-13 13:25:00,2011-09-05 09:07:00,96,4,124,110,1537,2949.12,737.28,2011-05-20 13:34:00,2011-09-05 12:37:00,2,2,2,8,25.35,3,Recent moderate purchasers and some cancellation activity
14566,2011-12-10,2011-08-21 11:05:00,2011-08-21 11:05:00,111,1,4,4,800,1432.0,1432.0,,,0,0,0,0,0.0,0,Recent moderate purchasers and minimal cancellations
14567,2011-12-10,2011-08-01 13:48:00,2011-10-14 10:21:00,57,2,33,33,412,1530.36,765.18,2011-11-04 13:57:00,2011-11-04 13:57:00,1,1,1,2,5.9,3,Recent moderate purchasers and some cancellation activity
14569,2011-12-10,2011-12-08 14:58:00,2011-12-08 14:58:00,2,1,12,10,79,227.39,227.39,,,0,0,0,0,0.0,2,Less recent infrequent purchasers
14570,2011-12-10,2011-03-04 10:39:00,2011-03-04 10:58:00,281,2,28,28,94,217.21,108.605,,,0,0,0,0,0.0,2,Less recent infrequent purchasers
14572,2011-12-10,2011-01-19 17:23:00,2011-12-06 14:40:00,4,7,270,190,1428,2832.84,404.6914,2011-01-19 17:21:00,2011-08-21 13:47:00,3,3,3,3,29.15,3,Recent moderate purchasers and some cancellation activity
14573,2011-12-10,2010-12-02 19:59:00,2011-06-13 11:15:00,180,9,235,127,544,1653.42,183.7133,2011-05-23 11:07:00,2011-05-23 12:16:00,4,6,5,6,49.7,3,Recent moderate purchasers and some cancellation activity
14576,2011-12-10,2010-12-02 17:51:00,2010-12-02 17:51:00,373,1,1,1,12,35.4,35.4,,,0,0,0,0,0.0,2,Less recent infrequent purchasers
14577,2011-12-10,2010-12-12 11:26:00,2011-11-27 12:47:00,13,4,123,86,353,859.71,214.9275,,,0,0,0,0,0.0,0,Recent moderate purchasers and minimal cancellations
14578,2011-12-10,2011-12-06 17:18:00,2011-12-06 17:18:00,4,1,24,24,240,168.63,168.63,,,0,0,0,0,0.0,2,Less recent infrequent purchasers
14581,2011-12-10,2011-11-23 12:39:00,2011-11-23 12:39:00,17,1,17,16,217,138.6,138.6,,,0,0,0,0,0.0,2,Less recent infrequent purchasers
14582,2011-12-10,2011-10-30 11:56:00,2011-10-30 11:56:00,41,1,6,6,73,114.11,114.11,,,0,0,0,0,0.0,2,Less recent infrequent purchasers
14583,2011-12-10,2011-05-18 11:28:00,2011-12-04 12:32:00,6,5,330,243,792,1052.55,210.51,,,0,0,0,0,0.0,0,Recent moderate purchasers and minimal cancellations
14584,2011-12-10,2011-05-25 17:31:00,2011-06-23 18:33:00,170,4,100,68,383,1042.26,260.565,2011-06-20 13:03:00,2011-06-20 13:03:00,1,1,1,4,13.0,3,Recent moderate purchasers and some cancellation activity
14585,2011-12-10,2011-10-20 14:33:00,2011-10-20 14:33:00,51,1,29,29,91,157.05,157.05,,,0,0,0,0,0.0,2,Less recent infrequent purchasers
14586,2011-12-10,2011-03-08 10:04:00,2011-03-08 10:04:00,277,1,19,19,444,237.36,237.36,2011-03-27 12:12:00,2011-04-26 17:32:00,2,8,8,208,103.2,3,Recent moderate purchasers and some cancellation activity
14587,2011-12-10,2011-01-12 13:16:00,2011-11-21 11:34:00,19,9,383,170,761,1601.14,177.9044,2011-05-10 15:56:00,2011-05-10 15:56:00,1,1,1,2,2.9,3,Recent moderate purchasers and some cancellation activity
14589,2011-12-10,2010-12-03 11:42:00,2010-12-03 11:42:00,372,1,3,3,5,39.75,39.75,,,0,0,0,0,0.0,2,Less recent infrequent purchasers
14591,2011-12-10,2011-05-10 14:09:00,2011-11-24 13:57:00,16,4,197,138,1297,1447.14,361.785,,,0,0,0,0,0.0,0,Recent moderate purchasers and minimal cancellations
14592,2011-12-10,2011-10-06 18:08:00,2011-11-04 16:35:00,36,3,164,132,415,570.46,190.1533,,,0,0,0,0,0.0,0,Recent moderate purchasers and minimal cancellations
14593,2011-12-10,2011-05-25 11:14:00,2011-11-18 12:48:00,22,3,152,127,332,617.99,205.9967,,,0,0,0,0,0.0,0,Recent moderate purchasers and minimal cancellations
14594,2011-12-10,2010-12-01 13:54:00,2011-12-02 13:28:00,8,2,53,48,185,379.83,189.915,,,0,0,0,0,0.0,0,Recent moderate purchasers and minimal cancellations
14595,2011-12-10,2011-01-30 13:36:00,2011-11-20 12:12:00,20,6,102,94,978,1740.6,290.1,,,0,0,0,0,0.0,0,Recent moderate purchasers and minimal cancellations
14597,2011-12-10,2011-06-01 12:33:00,2011-11-28 13:13:00,12,2,55,45,577,883.15,441.575,,,0,0,0,0,0.0,0,Recent moderate purchasers and minimal cancellations
14598,2011-12-10,2011-10-26 13:19:00,2011-10-26 13:19:00,45,1,50,49,189,221.97,221.97,,,0,0,0,0,0.0,0,Recent moderate purchasers and minimal cancellations
14600,2011-12-10,2011-02-07 09:48:00,2011-02-07 09:48:00,306,1,25,25,125,393.33,393.33,,,0,0,0,0,0.0,2,Less recent infrequent purchasers
14601,2011-12-10,2011-11-29 09:48:00,2011-11-29 09:48:00,11,1,7,7,168,213.96,213.96,,,0,0,0,0,0.0,2,Less recent infrequent purchasers
14603,2011-12-10,2011-03-10 10:27:00,2011-03-10 10:27:00,275,1,2,2,400,660.0,660.0,,,0,0,0,0,0.0,2,Less recent infrequent purchasers
14606,2011-12-10,2010-12-01 16:57:00,2011-12-08 19:28:00,2,90,2697,816,6214,12006.65,133.4072,2010-12-05 14:44:00,2011-11-14 12:03:00,35,81,72,245,439.55,1,Recent high-activity purchasers and frequent cancellations
14607,2011-12-10,2011-03-23 15:22:00,2011-11-24 10:35:00,16,12,78,37,10734,15021.5,1251.7917,2011-10-24 10:25:00,2011-11-21 12:35:00,3,28,27,3768,5228.4,1,Recent high-activity purchasers and frequent cancellations
14608,2011-12-10,2010-12-12 14:49:00,2011-12-05 16:52:00,5,4,20,8,437,1785.15,446.2875,,,0,0,0,0,0.0,0,Recent moderate purchasers and minimal cancellations
14609,2011-12-10,2011-02-16 12:10:00,2011-09-28 12:54:00,73,4,4,2,7026,601.56,150.39,,,0,0,0,0,0.0,2,Less recent infrequent purchasers
14616,2011-12-10,2011-01-26 12:42:00,2011-04-11 09:54:00,243,3,3,2,104,406.08,135.36,,,0,0,0,0,0.0,2,Less recent infrequent purchasers
14618,2011-12-10,2011-01-06 11:59:00,2011-11-30 13:45:00,10,3,14,9,262,523.44,174.48,2010-12-08 14:57:00,2010-12-08 14:57:00,1,1,1,3,14.85,3,Recent moderate purchasers and some cancellation activity
14619,2011-12-10,2011-04-08 07:37:00,2011-04-08 07:37:00,246,1,20,20,152,394.44,394.44,2011-04-14 17:13:00,2011-04-14 17:13:00,1,2,2,7,14.93,3,Recent moderate purchasers and some cancellation activity
14620,2011-12-10,2011-03-01 08:30:00,2011-05-18 11:58:00,206,2,26,26,214,412.78,206.39,2011-05-19 14:14:00,2011-05-19 14:14:00,1,4,4,26,19.5,3,Recent moderate purchasers and some cancellation activity
14621,2011-12-10,2010-12-16 13:00:00,2011-12-08 16:22:00,2,5,92,80,993,1788.36,357.672,2011-08-04 17:58:00,2011-08-04 17:58:00,1,4,4,6,22.6,3,Recent moderate purchasers and some cancellation activity
14622,2011-12-10,2011-06-08 12:42:00,2011-06-08 12:42:00,185,1,21,21,146,320.58,320.58,,,0,0,0,0,0.0,2,Less recent infrequent purchasers
14623,2011-12-10,2011-04-18 13:54:00,2011-11-07 13:56:00,33,5,133,107,407,884.57,176.914,2011-10-28 12:08:00,2011-10-28 12:08:00,1,1,1,2,19.9,3,Recent moderate purchasers and some cancellation activity
14624,2011-12-10,2011-10-11 14:39:00,2011-10-13 13:44:00,58,2,13,13,162,225.85,112.925,,,0,0,0,0,0.0,2,Less recent infrequent purchasers
14625,2011-12-10,2010-12-13 15:36:00,2011-05-27 15:32:00,197,2,53,51,335,899.63,449.815,2010-12-02 17:19:00,2011-06-07 15:40:00,3,4,3,5,51.15,3,Recent moderate purchasers and some cancellation activity
14626,2011-12-10,2011-04-20 13:18:00,2011-11-16 10:37:00,24,4,122,108,1403,2791.27,697.8175,2011-04-27 16:13:00,2011-12-01 08:55:00,3,4,4,16,34.2,1,Recent high-activity purchasers and frequent cancellations
14628,2011-12-10,2011-04-11 14:43:00,2011-09-09 14:58:00,92,2,24,22,272,671.96,335.98,,,0,0,0,0,0.0,0,Recent moderate purchasers and minimal cancellations
14629,2011-12-10,2011-10-23 16:13:00,2011-12-05 16:55:00,5,2,152,133,380,959.01,479.505,2011-11-04 10:07:00,2011-11-04 10:07:00,1,1,1,4,19.8,3,Recent moderate purchasers and some cancellation activity
14631,2011-12-10,2011-02-14 09:31:00,2011-10-20 11:17:00,51,3,41,38,622,1006.98,335.66,,,0,0,0,0,0.0,0,Recent moderate purchasers and minimal cancellations
14632,2011-12-10,2011-03-22 08:49:00,2011-03-22 08:49:00,263,1,8,8,96,114.56,114.56,,,0,0,0,0,0.0,2,Less recent infrequent purchasers
14633,2011-12-10,2011-03-18 17:07:00,2011-03-18 17:07:00,267,1,20,20,96,344.9,344.9,,,0,0,0,0,0.0,2,Less recent infrequent purchasers
14636,2011-12-10,2011-03-16 09:52:00,2011-11-03 16:12:00,37,2,28,27,241,609.85,304.925,,,0,0,0,0,0.0,0,Recent moderate purchasers and minimal cancellations
14638,2011-12-10,2011-10-20 10:10:00,2011-10-20 10:10:00,51,1,16,16,166,443.6,443.6,,,0,0,0,0,0.0,2,Less recent infrequent purchasers
14639,2011-12-10,2010-12-13 13:50:00,2011-10-18 15:06:00,53,6,172,138,1431,2984.49,497.415,2010-12-16 15:28:00,2011-03-02 16:57:00,2,3,3,3,32.15,3,Recent moderate purchasers and some cancellation activity
14640,2011-12-10,2011-04-26 12:31:00,2011-11-15 13:07:00,25,6,106,87,886,2125.08,354.18,2011-04-28 16:17:00,2011-11-24 11:00:00,2,7,7,57,82.93,1,Recent high-activity purchasers and frequent cancellations
14641,2011-12-10,2011-11-18 10:42:00,2011-11-18 10:42:00,22,1,7,7,90,110.46,110.46,,,0,0,0,0,0.0,2,Less recent infrequent purchasers
14642,2011-12-10,2011-10-12 11:08:00,2011-10-12 11:08:00,59,1,2,2,76,96.12,96.12,,,0,0,0,0,0.0,2,Less recent infrequent purchasers
14643,2011-12-10,2010-12-16 17:53:00,2011-06-22 14:41:00,171,2,31,30,815,693.81,346.905,2010-12-21 13:15:00,2010-12-21 13:15:00,1,3,3,60,25.2,3,Recent moderate purchasers and some cancellation activity
14644,2011-12-10,2011-02-14 14:14:00,2011-10-03 08:30:00,68,2,26,26,258,830.76,415.38,2011-10-10 16:55:00,2011-11-30 14:58:00,2,3,2,6,50.3,3,Recent moderate purchasers and some cancellation activity
14645,2011-12-10,2011-03-09 09:52:00,2011-07-06 09:15:00,157,2,30,28,381,597.09,298.545,,,0,0,0,0,0.0,0,Recent moderate purchasers and minimal cancellations
14646,2011-12-10,2010-12-20 10:09:00,2011-12-08 12:12:00,2,72,2060,699,196844,279138.02,3876.9169,2011-08-18 06:13:00,2011-08-31 11:31:00,2,3,3,289,566.4,1,Recent high-activity purchasers and frequent cancellations
14647,2011-12-10,2011-05-22 13:40:00,2011-05-22 13:40:00,202,1,30,24,95,243.22,243.22,,,0,0,0,0,0.0,2,Less recent infrequent purchasers
14649,2011-12-10,2011-05-11 14:37:00,2011-12-05 12:30:00,5,4,199,148,1018,1417.29,354.3225,,,0,0,0,0,0.0,0,Recent moderate purchasers and minimal cancellations
14651,2011-12-10,2011-05-12 16:29:00,2011-10-03 15:52:00,68,2,102,95,344,654.6,327.3,,,0,0,0,0,0.0,0,Recent moderate purchasers and minimal cancellations
14652,2011-12-10,2011-09-23 14:21:00,2011-09-23 14:21:00,78,1,29,29,53,114.18,114.18,,,0,0,0,0,0.0,2,Less recent infrequent purchasers
14653,2011-12-10,2011-01-05 13:40:00,2011-12-08 13:45:00,2,7,236,153,949,1937.6,276.8,,,0,0,0,0,0.0,0,Recent moderate purchasers and minimal cancellations
14655,2011-12-10,2011-05-01 14:59:00,2011-12-01 16:28:00,9,4,49,35,1089,1932.23,483.0575,2011-12-06 10:52:00,2011-12-06 10:52:00,1,1,1,1,2.08,3,Recent moderate purchasers and some cancellation activity
14656,2011-12-10,2011-03-01 13:19:00,2011-06-23 13:51:00,170,2,80,73,120,291.05,145.525,,,0,0,0,0,0.0,2,Less recent infrequent purchasers
14657,2011-12-10,2011-01-17 15:19:00,2011-11-22 12:47:00,18,4,126,103,466,848.22,212.055,2011-03-02 15:15:00,2011-03-02 15:15:00,1,1,1,1,9.95,3,Recent moderate purchasers and some cancellation activity
14658,2011-12-10,2011-08-14 15:42:00,2011-12-04 15:35:00,6,2,29,27,47,247.15,123.575,,,0,0,0,0,0.0,2,Less recent infrequent purchasers
14659,2011-12-10,2011-01-28 12:43:00,2011-12-01 12:17:00,9,9,253,147,1195,2529.93,281.1033,2011-02-15 11:32:00,2011-07-17 12:04:00,3,6,5,12,73.4,1,Recent high-activity purchasers and frequent cancellations
14660,2011-12-10,2011-08-31 10:40:00,2011-09-14 11:34:00,87,2,30,24,228,285.74,142.87,,,0,0,0,0,0.0,2,Less recent infrequent purchasers
14661,2011-12-10,2011-11-13 11:51:00,2011-11-13 11:51:00,27,1,4,4,35,107.95,107.95,,,0,0,0,0,0.0,2,Less recent infrequent purchasers
14662,2011-12-10,2011-01-27 17:41:00,2011-11-11 12:13:00,29,4,168,143,602,771.17,192.7925,,,0,0,0,0,0.0,0,Recent moderate purchasers and minimal cancellations
14664,2011-12-10,2011-11-06 14:56:00,2011-11-20 10:59:00,20,2,99,78,466,637.89,318.945,,,0,0,0,0,0.0,0,Recent moderate purchasers and minimal cancellations
14665,2011-12-10,2011-02-02 09:08:00,2011-10-10 09:14:00,61,5,90,63,740,1835.7,367.14,2011-02-10 14:13:00,2011-10-10 11:54:00,2,27,26,240,577.32,1,Recent high-activity purchasers and frequent cancellations
14666,2011-12-10,2011-11-15 12:57:00,2011-11-15 12:57:00,25,1,13,13,155,179.95,179.95,,,0,0,0,0,0.0,2,Less recent infrequent purchasers
14667,2011-12-10,2010-12-06 13:13:00,2011-11-29 11:30:00,11,25,572,353,5384,9236.95,369.478,2011-02-20 13:48:00,2011-05-09 12:04:00,2,3,3,3,10.0,1,Recent high-activity purchasers and frequent cancellations
14669,2011-12-10,2011-01-11 12:30:00,2011-04-12 11:43:00,242,3,170,158,775,1269.99,423.33,,,0,0,0,0,0.0,0,Recent moderate purchasers and minimal cancellations
14670,2011-12-10,2011-03-04 13:58:00,2011-03-04 14:13:00,281,2,132,107,337,411.53,205.765,,,0,0,0,0,0.0,0,Recent moderate purchasers and minimal cancellations
14672,2011-12-10,2011-01-07 15:48:00,2011-04-19 10:19:00,235,2,61,58,454,765.55,382.775,,,0,0,0,0,0.0,0,Recent moderate purchasers and minimal cancellations
14673,2011-12-10,2010-12-07 12:49:00,2011-12-06 14:31:00,4,5,74,39,1004,1736.4,347.28,,,0,0,0,0,0.0,0,Recent moderate purchasers and minimal cancellations
14675,2011-12-10,2011-11-23 12:58:00,2011-11-23 12:58:00,17,1,102,93,341,604.75,604.75,,,0,0,0,0,0.0,0,Recent moderate purchasers and minimal cancellations
14676,2011-12-10,2011-03-01 14:26:00,2011-11-08 13:29:00,32,6,42,29,2500,2548.24,424.7067,2011-02-11 13:38:00,2011-05-06 17:38:00,2,2,2,2,5.0,3,Recent moderate purchasers and some cancellation activity
14680,2011-12-10,2010-12-03 12:05:00,2011-11-14 16:59:00,26,16,257,72,13475,28739.11,1796.1944,2010-12-14 13:05:00,2011-09-29 12:49:00,7,62,44,1002,1821.77,1,Recent high-activity purchasers and frequent cancellations
14681,2011-12-10,2011-05-12 10:45:00,2011-09-29 15:52:00,72,3,7,6,76,498.95,166.3167,,,0,0,0,0,0.0,2,Less recent infrequent purchasers
14682,2011-12-10,2011-05-22 12:51:00,2011-06-05 12:12:00,188,2,2,1,80,52.0,26.0,,,0,0,0,0,0.0,2,Less recent infrequent purchasers
14684,2011-12-10,2010-12-12 12:44:00,2011-11-14 11:33:00,26,5,421,231,853,1236.28,247.256,,,0,0,0,0,0.0,0,Recent moderate purchasers and minimal cancellations
14687,2011-12-10,2011-08-25 11:59:00,2011-08-25 11:59:00,107,1,15,15,470,628.38,628.38,,,0,0,0,0,0.0,0,Recent moderate purchasers and minimal cancellations
14688,2011-12-10,2010-12-01 09:37:00,2011-12-02 12:26:00,8,21,327,148,3621,5630.87,268.1367,2011-01-31 10:43:00,2011-12-02 12:00:00,6,32,28,399,523.49,1,Recent high-activity purchasers and frequent cancellations
14689,2011-12-10,2011-05-15 11:22:00,2011-05-15 11:22:00,209,1,13,13,76,112.8,112.8,,,0,0,0,0,0.0,2,Less recent infrequent purchasers
14690,2011-12-10,2011-07-11 11:58:00,2011-10-26 15:39:00,45,2,50,40,170,371.7,185.85,2011-07-11 11:44:00,2011-07-11 11:44:00,1,4,4,7,13.09,3,Recent moderate purchasers and some cancellation activity
14691,2011-12-10,2011-05-11 09:55:00,2011-11-09 12:30:00,31,5,71,50,707,2114.33,422.866,,,0,0,0,0,0.0,0,Recent moderate purchasers and minimal cancellations
14692,2011-12-10,2011-01-21 13:47:00,2011-07-25 15:08:00,138,4,68,53,265,591.55,147.8875,2011-01-24 12:35:00,2011-01-24 12:35:00,1,1,1,10,9.5,3,Recent moderate purchasers and some cancellation activity
14693,2011-12-10,2011-03-20 12:50:00,2011-03-20 12:50:00,265,1,8,8,34,172.9,172.9,,,0,0,0,0,0.0,2,Less recent infrequent purchasers
14696,2011-12-10,2010-12-01 15:37:00,2011-12-05 13:43:00,5,7,130,117,1630,2078.95,296.9929,2010-12-09 15:38:00,2011-06-09 19:48:00,2,3,3,4,7.98,3,Recent moderate purchasers and some cancellation activity
14697,2011-12-10,2011-05-05 15:29:00,2011-05-05 15:39:00,219,2,22,22,181,188.61,94.305,,,0,0,0,0,0.0,2,Less recent infrequent purchasers
14698,2011-12-10,2011-10-19 12:54:00,2011-12-08 12:26:00,2,5,210,148,615,1250.76,250.152,,,0,0,0,0,0.0,0,Recent moderate purchasers and minimal cancellations
14699,2011-12-10,2011-05-09 14:54:00,2011-05-09 14:54:00,215,1,8,8,77,109.13,109.13,,,0,0,0,0,0.0,2,Less recent infrequent purchasers
14700,2011-12-10,2011-04-15 13:16:00,2011-11-07 14:40:00,33,3,115,80,1342,2235.3,745.1,,,0,0,0,0,0.0,0,Recent moderate purchasers and minimal cancellations
14701,2011-12-10,2011-01-27 12:40:00,2011-11-29 12:38:00,11,9,335,268,932,2549.37,283.2633,2011-02-15 11:28:00,2011-06-20 11:39:00,3,15,13,23,63.15,1,Recent high-activity purchasers and frequent cancellations
14702,2011-12-10,2010-12-09 19:23:00,2011-12-08 19:29:00,2,17,347,196,1454,3292.14,193.6553,2011-11-07 12:03:00,2011-11-07 12:03:00,1,1,1,10,41.5,3,Recent moderate purchasers and some cancellation activity
14703,2011-12-10,2011-11-25 09:23:00,2011-11-25 09:23:00,15,1,22,22,183,318.17,318.17,,,0,0,0,0,0.0,2,Less recent infrequent purchasers
14704,2011-12-10,2011-06-12 13:59:00,2011-11-20 12:20:00,20,7,412,286,1074,1514.57,216.3671,,,0,0,0,0,0.0,0,Recent moderate purchasers and minimal cancellations
14705,2011-12-10,2011-05-25 12:39:00,2011-05-25 12:39:00,199,1,1,1,100,179.0,179.0,,,0,0,0,0,0.0,2,Less recent infrequent purchasers
14708,2011-12-10,2010-12-06 12:23:00,2011-12-07 08:21:00,3,3,28,25,621,1126.37,375.4567,2010-12-14 11:57:00,2010-12-14 11:57:00,1,1,1,6,29.7,3,Recent moderate purchasers and some cancellation activity
14709,2011-12-10,2010-12-16 13:43:00,2011-11-24 15:41:00,16,13,196,71,2484,4921.04,378.5415,2011-01-28 15:58:00,2011-01-28 15:58:00,1,1,1,2,9.9,3,Recent moderate purchasers and some cancellation activity
14710,2011-12-10,2011-10-11 13:49:00,2011-11-25 14:53:00,15,4,139,124,378,606.13,151.5325,,,0,0,0,0,0.0,0,Recent moderate purchasers and minimal cancellations
14711,2011-12-10,2011-03-22 13:32:00,2011-11-29 14:58:00,11,11,357,221,978,2868.8,260.8,2011-04-04 11:22:00,2011-04-04 11:22:00,1,2,2,12,30.6,3,Recent moderate purchasers and some cancellation activity
14712,2011-12-10,2011-08-19 13:33:00,2011-11-10 12:59:00,30,3,25,21,315,917.07,305.69,,,0,0,0,0,0.0,0,Recent moderate purchasers and minimal cancellations
14713,2011-12-10,2010-12-09 18:58:00,2011-11-30 16:26:00,10,11,339,146,1615,2666.36,242.3964,2011-03-10 11:31:00,2011-03-10 11:31:00,1,2,2,2,2.1,3,Recent moderate purchasers and some cancellation activity
14714,2011-12-10,2011-11-15 13:07:00,2011-11-15 13:07:00,25,1,10,10,229,160.19,160.19,,,0,0,0,0,0.0,2,Less recent infrequent purchasers
14715,2011-12-10,2011-01-12 13:27:00,2011-11-15 12:10:00,25,4,71,60,521,867.38,216.845,,,0,0,0,0,0.0,0,Recent moderate purchasers and minimal cancellations
14716,2011-12-10,2011-07-14 12:42:00,2011-10-27 17:29:00,44,2,55,46,604,329.68,164.84,,,0,0,0,0,0.0,0,Recent moderate purchasers and minimal cancellations
14719,2011-12-10,2011-04-04 14:17:00,2011-12-08 12:43:00,2,5,237,177,1032,1602.13,320.426,2011-10-10 16:55:00,2011-10-10 16:55:00,1,1,1,1,9.95,3,Recent moderate purchasers and some cancellation activity
14720,2011-12-10,2011-08-05 12:06:00,2011-12-04 12:02:00,6,3,37,34,219,663.81,221.27,,,0,0,0,0,0.0,0,Recent moderate purchasers and minimal cancellations
14722,2011-12-10,2011-07-15 14:58:00,2011-07-15 14:58:00,148,1,29,28,120,187.92,187.92,,,0,0,0,0,0.0,2,Less recent infrequent purchasers
14723,2011-12-10,2010-12-03 14:18:00,2011-11-29 15:23:00,11,6,277,192,693,1156.6,192.7667,,,0,0,0,0,0.0,0,Recent moderate purchasers and minimal cancellations
14725,2011-12-10,2011-11-15 12:42:00,2011-11-15 12:42:00,25,1,52,45,593,718.08,718.08,,,0,0,0,0,0.0,0,Recent moderate purchasers and minimal cancellations
14727,2011-12-10,2011-03-10 14:45:00,2011-03-10 14:45:00,275,1,10,10,62,268.58,268.58,,,0,0,0,0,0.0,2,Less recent infrequent purchasers
14729,2011-12-10,2010-12-01 12:43:00,2010-12-01 12:43:00,374,1,71,69,197,313.49,313.49,,,0,0,0,0,0.0,2,Less recent infrequent purchasers
14730,2011-12-10,2011-03-08 12:49:00,2011-12-08 14:39:00,2,8,501,317,1132,2005.06,250.6325,,,0,0,0,0,0.0,0,Recent moderate purchasers and minimal cancellations
14731,2011-12-10,2011-05-11 13:06:00,2011-10-23 15:54:00,48,3,45,38,256,380.02,126.6733,,,0,0,0,0,0.0,0,Recent moderate purchasers and minimal cancellations
14732,2011-12-10,2011-01-04 14:40:00,2011-12-01 14:34:00,9,8,147,105,1405,2702.49,337.8113,2011-08-25 13:12:00,2011-11-18 15:50:00,2,2,2,3,16.15,3,Recent moderate purchasers and some cancellation activity
14733,2011-12-10,2010-12-07 11:30:00,2011-11-23 15:39:00,17,12,202,102,3764,9585.91,798.8258,2011-01-11 15:02:00,2011-11-30 14:54:00,3,14,13,39,134.37,1,Recent high-activity purchasers and frequent cancellations
14735,2011-12-10,2010-12-16 16:05:00,2011-12-06 12:09:00,4,31,193,98,2263,6050.69,195.1835,2011-02-23 09:41:00,2011-05-03 08:47:00,2,11,11,104,258.0,1,Recent high-activity purchasers and frequent cancellations
14737,2011-12-10,2010-12-21 13:49:00,2011-12-06 10:16:00,4,3,17,15,345,1164.55,388.1833,,,0,0,0,0,0.0,0,Recent moderate purchasers and minimal cancellations
14738,2011-12-10,2011-01-27 14:10:00,2011-10-28 08:56:00,43,7,54,39,601,1314.45,187.7786,2011-08-01 14:12:00,2011-10-31 12:57:00,2,2,2,25,24.51,3,Recent moderate purchasers and some cancellation activity
14739,2011-12-10,2010-12-07 14:58:00,2011-12-05 16:54:00,5,7,60,47,3820,3902.28,557.4686,2011-12-07 14:32:00,2011-12-07 14:32:00,1,1,1,3,3.18,3,Recent moderate purchasers and some cancellation activity
14740,2011-12-10,2011-03-01 08:35:00,2011-05-26 18:17:00,198,3,89,85,735,1448.21,482.7367,2011-06-01 15:17:00,2011-06-01 15:17:00,1,4,4,6,25.0,3,Recent moderate purchasers and some cancellation activity
14741,2011-12-10,2010-12-02 08:43:00,2011-11-28 08:48:00,12,6,59,35,841,1400.34,233.39,,,0,0,0,0,0.0,0,Recent moderate purchasers and minimal cancellations
14744,2011-12-10,2010-12-08 10:21:00,2011-11-23 12:51:00,17,7,25,20,626,1084.98,154.9971,2011-02-21 15:12:00,2011-03-03 12:30:00,2,2,2,2,11.45,3,Recent moderate purchasers and some cancellation activity
14745,2011-12-10,2011-02-27 15:25:00,2011-08-19 10:05:00,113,5,69,46,1038,1220.26,244.052,2011-03-06 10:14:00,2011-03-06 10:14:00,1,1,1,18,53.1,3,Recent moderate purchasers and some cancellation activity
14747,2011-12-10,2011-04-04 14:09:00,2011-04-04 14:09:00,250,1,18,18,84,328.2,328.2,2011-04-06 10:17:00,2011-04-06 10:17:00,1,1,1,2,33.9,2,Less recent infrequent purchasers
14748,2011-12-10,2010-12-06 10:19:00,2011-11-10 18:33:00,30,5,89,87,1223,1415.75,283.15,2011-01-12 12:09:00,2011-01-12 12:09:00,1,2,2,30,96.9,3,Recent moderate purchasers and some cancellation activity
14752,2011-12-10,2011-10-27 11:55:00,2011-10-27 11:55:00,44,1,5,5,260,389.64,389.64,,,0,0,0,0,0.0,2,Less recent infrequent purchasers
14753,2011-12-10,2011-09-13 14:50:00,2011-09-13 14:50:00,88,1,30,30,211,563.15,563.15,,,0,0,0,0,0.0,0,Recent moderate purchasers and minimal cancellations
14754,2011-12-10,2011-02-17 12:21:00,2011-10-26 12:01:00,45,2,41,38,486,638.05,319.025,,,0,0,0,0,0.0,0,Recent moderate purchasers and minimal cancellations
14755,2011-12-10,2011-01-09 14:02:00,2011-11-30 11:24:00,10,11,235,128,2219,5010.28,455.48,2011-05-18 12:21:00,2011-05-18 12:21:00,1,2,2,2,44.9,3,Recent moderate purchasers and some cancellation activity
14756,2011-12-10,2011-11-24 18:13:00,2011-11-24 18:13:00,16,1,38,38,416,738.96,738.96,,,0,0,0,0,0.0,0,Recent moderate purchasers and minimal cancellations
14757,2011-12-10,2011-09-25 14:36:00,2011-09-25 14:36:00,76,1,19,19,160,420.5,420.5,,,0,0,0,0,0.0,2,Less recent infrequent purchasers
14758,2011-12-10,2011-03-25 12:10:00,2011-07-18 08:21:00,145,4,71,54,419,1484.06,371.015,,,0,0,0,0,0.0,0,Recent moderate purchasers and minimal cancellations
14759,2011-12-10,2011-04-21 10:55:00,2011-12-05 12:03:00,5,3,102,92,569,1625.97,541.99,,,0,0,0,0,0.0,0,Recent moderate purchasers and minimal cancellations
14760,2011-12-10,2011-02-15 16:27:00,2011-02-15 16:27:00,298,1,5,5,40,89.2,89.2,2011-02-18 14:36:00,2011-02-18 14:36:00,1,2,2,12,35.4,2,Less recent infrequent purchasers
14761,2011-12-10,2011-01-09 12:03:00,2011-10-12 12:10:00,59,2,11,11,118,255.9,127.95,,,0,0,0,0,0.0,2,Less recent infrequent purchasers
14762,2011-12-10,2011-03-21 08:20:00,2011-03-21 08:20:00,264,1,21,21,341,300.52,300.52,,,0,0,0,0,0.0,2,Less recent infrequent purchasers
14764,2011-12-10,2011-10-24 11:54:00,2011-10-24 11:54:00,47,1,6,6,190,278.3,278.3,2011-10-27 10:46:00,2011-10-27 10:46:00,1,1,1,15,27.75,2,Less recent infrequent purchasers
14765,2011-12-10,2011-06-16 19:49:00,2011-11-10 19:53:00,30,3,39,38,135,254.11,84.7033,,,0,0,0,0,0.0,2,Less recent infrequent purchasers
14766,2011-12-10,2010-12-08 15:33:00,2011-12-01 16:05:00,9,6,135,111,1349,2473.37,412.2283,2010-12-02 10:46:00,2010-12-09 14:45:00,2,2,2,26,50.3,3,Recent moderate purchasers and some cancellation activity
14768,2011-12-10,2011-08-04 13:25:00,2011-11-22 12:54:00,18,2,5,4,52,192.6,96.3,2011-09-22 09:43:00,2011-09-22 09:43:00,1,1,1,18,53.1,2,Less recent infrequent purchasers
14769,2011-12-10,2010-12-17 11:40:00,2011-12-07 10:24:00,3,8,1089,717,7435,10673.1,1334.1375,2010-12-21 12:35:00,2011-09-23 08:21:00,2,4,4,30,33.15,1,Recent high-activity purchasers and frequent cancellations
14770,2011-12-10,2011-01-20 15:00:00,2011-04-21 14:21:00,233,2,52,49,490,876.42,438.21,,,0,0,0,0,0.0,0,Recent moderate purchasers and minimal cancellations
14772,2011-12-10,2011-08-19 15:04:00,2011-08-19 15:04:00,113,1,9,9,82,139.26,139.26,,,0,0,0,0,0.0,2,Less recent infrequent purchasers
14775,2011-12-10,2010-12-02 16:38:00,2011-10-12 15:27:00,59,3,60,57,1174,1011.9,337.3,,,0,0,0,0,0.0,0,Recent moderate purchasers and minimal cancellations
14776,2011-12-10,2011-01-31 13:17:00,2011-10-19 15:34:00,52,11,117,44,3134,2538.3,230.7545,2011-06-21 14:52:00,2011-10-18 14:46:00,2,17,17,446,342.72,1,Recent high-activity purchasers and frequent cancellations
14778,2011-12-10,2011-02-04 11:43:00,2011-08-04 15:23:00,128,2,35,34,306,730.86,365.43,,,0,0,0,0,0.0,0,Recent moderate purchasers and minimal cancellations
14779,2011-12-10,2011-01-20 12:04:00,2011-03-04 12:42:00,281,3,41,40,84,386.15,128.7167,,,0,0,0,0,0.0,2,Less recent infrequent purchasers
14780,2011-12-10,2011-09-21 15:15:00,2011-10-16 12:46:00,55,2,27,26,310,447.68,223.84,,,0,0,0,0,0.0,0,Recent moderate purchasers and minimal cancellations
14782,2011-12-10,2011-01-24 11:12:00,2011-01-24 11:12:00,320,1,6,6,114,200.1,200.1,,,0,0,0,0,0.0,2,Less recent infrequent purchasers
14784,2011-12-10,2011-01-20 09:25:00,2011-11-13 13:30:00,27,2,15,15,237,289.99,144.995,,,0,0,0,0,0.0,2,Less recent infrequent purchasers
14785,2011-12-10,2011-11-24 13:40:00,2011-11-29 13:21:00,11,2,3,2,84,77.4,38.7,,,0,0,0,0,0.0,2,Less recent infrequent purchasers
14788,2011-12-10,2011-11-13 15:52:00,2011-12-02 17:06:00,8,2,30,26,421,679.44,339.72,,,0,0,0,0,0.0,0,Recent moderate purchasers and minimal cancellations
14789,2011-12-10,2011-11-11 08:59:00,2011-11-11 08:59:00,29,1,6,6,116,197.64,197.64,,,0,0,0,0,0.0,2,Less recent infrequent purchasers
14790,2011-12-10,2011-03-31 11:49:00,2011-11-23 09:28:00,17,4,46,30,699,745.06,186.265,,,0,0,0,0,0.0,0,Recent moderate purchasers and minimal cancellations
14792,2011-12-10,2011-10-07 09:19:00,2011-10-07 09:19:00,64,1,2,2,2,6.2,6.2,2011-10-06 18:34:00,2011-10-06 18:34:00,1,2,2,2,6.2,2,Less recent infrequent purchasers
14793,2011-12-10,2011-11-18 14:50:00,2011-11-18 14:50:00,22,1,14,14,91,228.99,228.99,2011-12-05 16:25:00,2011-12-05 16:25:00,1,1,1,3,14.85,2,Less recent infrequent purchasers
14794,2011-12-10,2011-01-09 16:11:00,2011-12-07 10:11:00,3,7,80,68,673,1319.91,188.5586,2011-03-30 16:49:00,2011-11-14 17:23:00,2,2,2,4,47.8,3,Recent moderate purchasers and some cancellation activity
14795,2011-12-10,2011-06-26 13:04:00,2011-06-26 13:04:00,167,1,6,6,17,131.45,131.45,,,0,0,0,0,0.0,2,Less recent infrequent purchasers
14796,2011-12-10,2010-12-08 10:40:00,2011-12-08 15:31:00,2,17,1140,402,6021,8020.93,471.8194,2010-12-08 09:55:00,2011-09-06 09:30:00,10,24,18,83,182.98,1,Recent high-activity purchasers and frequent cancellations
14798,2011-12-10,2011-02-02 15:26:00,2011-10-18 10:58:00,53,3,12,11,150,173.74,57.9133,,,0,0,0,0,0.0,2,Less recent infrequent purchasers
14799,2011-12-10,2011-10-19 16:16:00,2011-10-19 16:16:00,52,1,13,13,146,157.7,157.7,,,0,0,0,0,0.0,2,Less recent infrequent purchasers
14800,2011-12-10,2010-12-05 11:10:00,2011-10-23 12:46:00,48,12,385,246,3655,4339.74,361.645,2011-03-13 10:48:00,2011-10-11 11:01:00,4,7,7,21,103.4,1,Recent high-activity purchasers and frequent cancellations
14801,2011-12-10,2011-10-09 15:24:00,2011-10-09 15:24:00,62,1,59,56,175,193.14,193.14,,,0,0,0,0,0.0,2,Less recent infrequent purchasers
14803,2011-12-10,2011-02-20 13:21:00,2011-06-30 13:58:00,163,3,44,35,370,845.55,281.85,,,0,0,0,0,0.0,0,Recent moderate purchasers and minimal cancellations
14804,2011-12-10,2011-12-01 11:20:00,2011-12-01 11:20:00,9,1,12,12,121,353.27,353.27,,,0,0,0,0,0.0,2,Less recent infrequent purchasers
14805,2011-12-10,2011-01-30 10:43:00,2011-11-24 16:20:00,16,4,47,30,115,554.65,138.6625,,,0,0,0,0,0.0,0,Recent moderate purchasers and minimal cancellations
14806,2011-12-10,2011-09-25 15:32:00,2011-09-25 15:32:00,76,1,11,11,330,193.39,193.39,,,0,0,0,0,0.0,2,Less recent infrequent purchasers
14808,2011-12-10,2011-06-20 12:53:00,2011-10-31 12:21:00,40,8,235,176,2147,2741.17,342.6463,2011-06-26 12:52:00,2011-10-31 12:02:00,6,20,19,92,440.8,1,Recent high-activity purchasers and frequent cancellations
14810,2011-12-10,2010-12-05 12:08:00,2011-10-30 11:19:00,41,11,255,106,1016,2087.88,189.8073,,,0,0,0,0,0.0,0,Recent moderate purchasers and minimal cancellations
14813,2011-12-10,2010-12-05 11:54:00,2010-12-05 11:57:00,370,2,30,25,67,155.43,77.715,,,0,0,0,0,0.0,2,Less recent infrequent purchasers
14815,2011-12-10,2011-10-03 11:36:00,2011-11-03 11:36:00,37,2,53,53,744,778.5,389.25,,,0,0,0,0,0.0,0,Recent moderate purchasers and minimal cancellations
14816,2011-12-10,2011-05-26 13:16:00,2011-05-26 13:16:00,198,1,4,4,5,271.85,271.85,,,0,0,0,0,0.0,2,Less recent infrequent purchasers
14817,2011-12-10,2011-03-07 13:51:00,2011-05-23 13:35:00,201,2,61,51,653,1010.34,505.17,,,0,0,0,0,0.0,0,Recent moderate purchasers and minimal cancellations
14818,2011-12-10,2011-03-31 12:28:00,2011-09-27 11:01:00,74,3,48,41,324,657.8,219.2667,,,0,0,0,0,0.0,0,Recent moderate purchasers and minimal cancellations
14819,2011-12-10,2011-05-31 13:50:00,2011-10-06 13:41:00,65,2,13,13,109,272.07,136.035,,,0,0,0,0,0.0,2,Less recent infrequent purchasers
14820,2011-12-10,2011-06-19 14:56:00,2011-11-18 15:41:00,22,4,29,24,253,507.29,126.8225,,,0,0,0,0,0.0,0,Recent moderate purchasers and minimal cancellations
14821,2011-12-10,2010-12-08 08:43:00,2010-12-08 08:43:00,367,1,2,2,20,48.8,48.8,,,0,0,0,0,0.0,2,Less recent infrequent purchasers
14823,2011-12-10,2011-05-29 12:48:00,2011-06-12 13:12:00,181,3,70,56,88,321.43,107.1433,,,0,0,0,0,0.0,2,Less recent infrequent purchasers
14824,2011-12-10,2011-09-09 14:12:00,2011-11-29 14:20:00,11,4,29,19,525,1127.71,281.9275,,,0,0,0,0,0.0,0,Recent moderate purchasers and minimal cancellations
14825,2011-12-10,2010-12-06 12:30:00,2011-12-06 11:38:00,4,12,121,82,991,2226.91,185.5758,,,0,0,0,0,0.0,0,Recent moderate purchasers and minimal cancellations
14828,2011-12-10,2011-01-07 09:50:00,2011-05-27 10:16:00,197,3,17,17,2172,2139.76,713.2533,,,0,0,0,0,0.0,0,Recent moderate purchasers and minimal cancellations
14829,2011-12-10,2010-12-02 16:12:00,2011-11-10 16:16:00,30,4,42,39,452,697.55,174.3875,2010-12-14 11:34:00,2010-12-15 16:43:00,2,3,3,38,52.9,3,Recent moderate purchasers and some cancellation activity
14830,2011-12-10,2011-10-17 14:29:00,2011-10-17 14:29:00,54,1,39,38,168,196.28,196.28,,,0,0,0,0,0.0,2,Less recent infrequent purchasers
14834,2011-12-10,2011-04-13 15:00:00,2011-11-22 10:30:00,18,6,67,43,734,1720.3,286.7167,2011-04-21 16:42:00,2011-10-04 17:22:00,2,3,3,3,21.95,3,Recent moderate purchasers and some cancellation activity
14836,2011-12-10,2011-11-09 13:26:00,2011-11-29 16:45:00,11,3,6,5,45,102.45,34.15,,,0,0,0,0,0.0,2,Less recent infrequent purchasers
14837,2011-12-10,2011-05-22 12:49:00,2011-09-11 10:58:00,90,4,108,96,1436,1649.5,412.375,2011-09-09 12:59:00,2011-09-09 12:59:00,1,2,2,6,8.3,3,Recent moderate purchasers and some cancellation activity
14840,2011-12-10,2011-03-17 12:00:00,2011-03-17 12:00:00,268,1,4,4,31,62.85,62.85,,,0,0,0,0,0.0,2,Less recent infrequent purchasers
14841,2011-12-10,2010-12-16 10:28:00,2011-10-17 15:03:00,54,6,138,103,1778,3295.76,549.2933,,,0,0,0,0,0.0,0,Recent moderate purchasers and minimal cancellations
14842,2011-12-10,2011-02-04 15:32:00,2011-10-27 12:37:00,44,4,145,128,1166,2824.69,706.1725,2011-02-10 16:22:00,2011-11-04 13:09:00,4,13,13,20,367.89,1,Recent high-activity purchasers and frequent cancellations
14844,2011-12-10,2011-04-12 13:10:00,2011-10-07 10:41:00,64,4,130,87,1833,3189.81,797.4525,,,0,0,0,0,0.0,0,Recent moderate purchasers and minimal cancellations
14847,2011-12-10,2011-07-14 10:52:00,2011-07-14 10:52:00,149,1,13,13,120,309.4,309.4,,,0,0,0,0,0.0,2,Less recent infrequent purchasers
14849,2011-12-10,2010-12-01 12:22:00,2011-11-18 10:58:00,22,25,388,159,5694,7930.54,317.2216,2011-01-26 17:16:00,2011-10-13 12:02:00,3,4,4,38,26.26,1,Recent high-activity purchasers and frequent cancellations
14850,2011-12-10,2011-02-01 11:21:00,2011-02-01 11:21:00,312,1,21,21,293,325.75,325.75,2010-12-07 08:42:00,2010-12-07 08:42:00,1,1,1,8,47.6,3,Recent moderate purchasers and some cancellation activity
14851,2011-12-10,2011-03-28 14:59:00,2011-11-16 14:20:00,24,2,28,28,325,511.35,255.675,,,0,0,0,0,0.0,0,Recent moderate purchasers and minimal cancellations
14852,2011-12-10,2011-04-01 13:22:00,2011-10-12 13:20:00,59,6,143,96,1747,2836.69,472.7817,,,0,0,0,0,0.0,0,Recent moderate purchasers and minimal cancellations
14853,2011-12-10,2011-05-12 15:17:00,2011-11-15 16:56:00,25,2,9,8,82,475.8,237.9,2011-12-01 09:44:00,2011-12-01 09:44:00,1,1,1,1,12.75,2,Less recent infrequent purchasers
14854,2011-12-10,2011-03-10 12:22:00,2011-09-22 17:00:00,79,7,127,110,1832,2759.83,394.2614,2011-06-28 14:57:00,2011-06-28 14:57:00,1,4,4,10,9.94,3,Recent moderate purchasers and some cancellation activity
14855,2011-12-10,2011-07-28 12:06:00,2011-08-12 14:02:00,120,2,20,13,267,645.65,322.825,,,0,0,0,0,0.0,2,Less recent infrequent purchasers
14856,2011-12-10,2011-10-14 09:35:00,2011-11-03 14:53:00,37,3,66,65,714,1311.38,437.1267,,,0,0,0,0,0.0,0,Recent moderate purchasers and minimal cancellations
14857,2011-12-10,2011-07-14 15:03:00,2011-10-11 09:23:00,60,2,60,58,464,1173.12,586.56,2011-08-02 17:18:00,2011-08-02 17:18:00,1,1,1,9,7.47,3,Recent moderate purchasers and some cancellation activity
14859,2011-12-10,2011-05-19 14:42:00,2011-11-27 11:18:00,13,4,58,47,671,1353.74,338.435,2011-05-23 17:43:00,2011-05-23 17:43:00,1,1,1,2,1.7,3,Recent moderate purchasers and some cancellation activity
14860,2011-12-10,2011-11-20 14:17:00,2011-11-20 14:17:00,20,1,11,11,232,170.32,170.32,2011-12-01 09:44:00,2011-12-01 09:44:00,1,1,1,2,1.7,2,Less recent infrequent purchasers
14861,2011-12-10,2011-10-18 12:54:00,2011-10-18 12:54:00,53,1,6,6,117,125.79,125.79,,,0,0,0,0,0.0,2,Less recent infrequent purchasers
14862,2011-12-10,2011-07-14 11:20:00,2011-11-14 10:01:00,26,2,48,47,772,841.2,420.6,,,0,0,0,0,0.0,0,Recent moderate purchasers and minimal cancellations
14863,2011-12-10,2011-11-10 15:04:00,2011-11-10 15:04:00,30,1,11,11,132,266.76,266.76,,,0,0,0,0,0.0,2,Less recent infrequent purchasers
14865,2011-12-10,2010-12-02 18:23:00,2011-12-02 16:25:00,8,2,4,4,108,52.2,26.1,,,0,0,0,0,0.0,2,Less recent infrequent purchasers
14866,2011-12-10,2010-12-08 14:58:00,2011-11-29 11:45:00,11,11,98,29,6751,14353.4,1304.8545,2011-09-27 11:08:00,2011-09-27 11:08:00,1,4,4,183,192.45,1,Recent high-activity purchasers and frequent cancellations
14867,2011-12-10,2011-01-07 16:34:00,2011-06-07 11:39:00,186,3,36,31,328,710.28,236.76,2010-12-06 11:47:00,2010-12-06 11:47:00,1,1,1,1,8.95,3,Recent moderate purchasers and some cancellation activity
14868,2011-12-10,2011-04-20 13:36:00,2011-12-06 14:49:00,4,8,144,96,1405,2953.59,369.1988,2011-11-14 13:24:00,2011-11-14 13:24:00,1,3,3,6,13.95,3,Recent moderate purchasers and some cancellation activity
14869,2011-12-10,2011-08-28 16:09:00,2011-12-01 12:36:00,9,2,71,66,550,725.7,362.85,2011-12-06 10:55:00,2011-12-06 10:55:00,1,1,1,1,3.75,3,Recent moderate purchasers and some cancellation activity
14870,2011-12-10,2011-03-23 10:51:00,2011-03-23 10:51:00,262,1,13,13,119,327.25,327.25,,,0,0,0,0,0.0,2,Less recent infrequent purchasers
14871,2011-12-10,2010-12-14 12:18:00,2011-12-06 13:42:00,4,4,98,68,185,522.38,130.595,,,0,0,0,0,0.0,0,Recent moderate purchasers and minimal cancellations
14873,2011-12-10,2011-05-13 13:52:00,2011-05-13 13:52:00,211,1,28,28,168,519.68,519.68,,,0,0,0,0,0.0,2,Less recent infrequent purchasers
14875,2011-12-10,2011-03-22 11:53:00,2011-08-24 12:20:00,108,2,47,46,558,1465.32,732.66,2011-03-24 19:27:00,2011-11-30 14:41:00,2,2,2,3,7.65,3,Recent moderate purchasers and some cancellation activity
14878,2011-12-10,2010-12-16 12:11:00,2011-11-27 11:15:00,13,9,124,62,802,1485.54,165.06,,,0,0,0,0,0.0,0,Recent moderate purchasers and minimal cancellations
14880,2011-12-10,2011-02-24 12:27:00,2011-09-23 13:42:00,78,3,46,44,372,691.19,230.3967,,,0,0,0,0,0.0,0,Recent moderate purchasers and minimal cancellations
14881,2011-12-10,2011-11-20 11:06:00,2011-11-20 11:06:00,20,1,17,17,316,255.4,255.4,,,0,0,0,0,0.0,2,Less recent infrequent purchasers
14882,2011-12-10,2011-11-06 10:15:00,2011-11-13 12:47:00,27,2,11,6,158,589.7,294.85,,,0,0,0,0,0.0,2,Less recent infrequent purchasers
14883,2011-12-10,2011-05-12 09:49:00,2011-11-21 10:23:00,19,6,53,39,790,761.59,126.9317,2011-10-06 17:57:00,2011-10-06 17:57:00,1,1,1,1,4.95,3,Recent moderate purchasers and some cancellation activity
14885,2011-12-10,2011-07-31 12:05:00,2011-07-31 12:05:00,132,1,15,15,724,765.32,765.32,,,0,0,0,0,0.0,0,Recent moderate purchasers and minimal cancellations
14886,2011-12-10,2011-04-01 08:56:00,2011-04-01 08:56:00,253,1,18,18,160,364.8,364.8,,,0,0,0,0,0.0,2,Less recent infrequent purchasers
14887,2011-12-10,2011-09-21 15:32:00,2011-09-21 15:32:00,80,1,6,6,1100,1862.0,1862.0,,,0,0,0,0,0.0,0,Recent moderate purchasers and minimal cancellations
14888,2011-12-10,2011-05-16 14:58:00,2011-05-16 14:58:00,208,1,20,20,184,369.2,369.2,,,0,0,0,0,0.0,2,Less recent infrequent purchasers
14889,2011-12-10,2011-01-07 15:19:00,2011-01-07 15:19:00,337,1,10,10,90,135.9,135.9,,,0,0,0,0,0.0,2,Less recent infrequent purchasers
14890,2011-12-10,2011-03-31 11:57:00,2011-03-31 11:57:00,254,1,7,7,51,125.65,125.65,,,0,0,0,0,0.0,2,Less recent infrequent purchasers
14891,2011-12-10,2011-06-05 10:58:00,2011-07-14 18:08:00,149,2,33,30,505,554.38,277.19,,,0,0,0,0,0.0,0,Recent moderate purchasers and minimal cancellations
14893,2011-12-10,2011-11-28 10:49:00,2011-11-30 12:31:00,10,2,73,72,799,1237.85,618.925,,,0,0,0,0,0.0,0,Recent moderate purchasers and minimal cancellations
14894,2011-12-10,2011-09-15 13:51:00,2011-09-15 13:51:00,86,1,23,23,265,655.75,655.75,,,0,0,0,0,0.0,0,Recent moderate purchasers and minimal cancellations
14895,2011-12-10,2011-02-22 13:08:00,2011-12-02 09:23:00,8,20,498,273,4851,11138.71,556.9355,2011-01-21 09:26:00,2011-10-26 11:37:00,4,8,8,28,118.45,1,Recent high-activity purchasers and frequent cancellations
14896,2011-12-10,2010-12-09 12:24:00,2011-05-19 10:20:00,205,2,43,43,279,468.77,234.385,,,0,0,0,0,0.0,0,Recent moderate purchasers and minimal cancellations
14897,2011-12-10,2011-02-16 08:37:00,2011-12-02 10:32:00,8,4,55,43,468,1366.38,341.595,,,0,0,0,0,0.0,0,Recent moderate purchasers and minimal cancellations
14898,2011-12-10,2010-12-03 15:25:00,2011-11-16 14:54:00,24,6,116,86,1020,1303.52,217.2533,2010-12-09 15:28:00,2010-12-15 16:52:00,2,3,3,12,75.2,3,Recent moderate purchasers and some cancellation activity
14901,2011-12-10,2010-12-02 11:20:00,2011-11-28 17:09:00,12,9,96,73,661,1421.29,157.9211,2010-12-08 10:18:00,2010-12-08 10:18:00,1,2,2,2,6.3,3,Recent moderate purchasers and some cancellation activity
14902,2011-12-10,2011-11-14 10:34:00,2011-11-14 10:34:00,26,1,20,20,218,332.66,332.66,2011-11-18 17:09:00,2011-11-18 17:09:00,1,4,4,9,18.55,3,Recent moderate purchasers and some cancellation activity
14903,2011-12-10,2011-03-06 11:50:00,2011-11-18 16:07:00,22,5,355,227,1536,2810.63,562.126,2011-03-07 12:05:00,2011-08-10 09:21:00,5,9,5,45,66.15,1,Recent high-activity purchasers and frequent cancellations
14904,2011-12-10,2011-11-14 09:13:00,2011-12-07 12:55:00,3,2,69,66,1985,1025.44,512.72,,,0,0,0,0,0.0,0,Recent moderate purchasers and minimal cancellations
14905,2011-12-10,2011-04-20 10:48:00,2011-07-05 12:41:00,158,2,17,14,287,616.15,308.075,2011-07-08 13:36:00,2011-07-08 13:36:00,1,1,1,13,16.25,3,Recent moderate purchasers and some cancellation activity
14907,2011-12-10,2010-12-07 10:14:00,2011-12-06 14:14:00,4,7,165,125,1691,3501.1,500.1571,2010-12-14 11:41:00,2011-11-16 16:21:00,3,3,3,5,22.25,3,Recent moderate purchasers and some cancellation activity
14908,2011-12-10,2011-09-26 12:56:00,2011-09-26 12:56:00,75,1,9,9,132,277.8,277.8,,,0,0,0,0,0.0,2,Less recent infrequent purchasers
14910,2011-12-10,2011-10-16 11:06:00,2011-12-07 10:06:00,3,4,30,25,238,434.35,108.5875,2011-10-20 19:11:00,2011-11-14 17:10:00,3,5,5,17,44.49,3,Recent moderate purchasers and some cancellation activity
14911,2011-12-10,2010-12-01 14:05:00,2011-12-08 15:54:00,2,198,5588,1784,80178,136268.22,688.2233,2010-12-16 12:56:00,2011-12-01 13:12:00,44,222,184,3331,7820.6,1,Recent high-activity purchasers and frequent cancellations
14912,2011-12-10,2011-04-07 11:06:00,2011-11-23 09:20:00,17,2,27,21,971,867.85,433.925,2011-11-23 12:29:00,2011-11-23 12:29:00,1,1,1,1,26.33,3,Recent moderate purchasers and some cancellation activity
14913,2011-12-10,2010-12-15 14:35:00,2011-11-04 08:29:00,36,4,87,76,1743,1227.43,306.8575,,,0,0,0,0,0.0,0,Recent moderate purchasers and minimal cancellations
14915,2011-12-10,2011-03-07 09:39:00,2011-09-09 13:34:00,92,2,12,12,112,307.48,153.74,2011-09-15 10:27:00,2011-09-15 10:27:00,1,1,1,7,48.65,3,Recent moderate purchasers and some cancellation activity
14916,2011-12-10,2011-01-19 15:30:00,2011-09-30 09:20:00,71,4,77,72,1136,1268.98,317.245,2011-07-22 16:50:00,2011-07-22 16:50:00,1,2,2,4,4.14,3,Recent moderate purchasers and some cancellation activity
14918,2011-12-10,2011-07-08 12:50:00,2011-08-16 11:50:00,116,2,45,39,675,1610.15,805.075,,,0,0,0,0,0.0,0,Recent moderate purchasers and minimal cancellations
14920,2011-12-10,2011-05-11 10:31:00,2011-05-11 10:32:00,213,2,57,57,509,977.77,488.885,,,0,0,0,0,0.0,0,Recent moderate purchasers and minimal cancellations
14921,2011-12-10,2011-05-22 12:51:00,2011-11-09 13:17:00,31,2,78,78,953,1316.07,658.035,,,0,0,0,0,0.0,0,Recent moderate purchasers and minimal cancellations
14923,2011-12-10,2011-10-20 11:51:00,2011-10-20 11:51:00,51,1,44,44,418,749.1,749.1,,,0,0,0,0,0.0,0,Recent moderate purchasers and minimal cancellations
14924,2011-12-10,2011-04-08 09:25:00,2011-04-08 09:25:00,246,1,10,10,64,310.05,310.05,,,0,0,0,0,0.0,2,Less recent infrequent purchasers
14929,2011-12-10,2011-11-07 17:21:00,2011-11-07 17:21:00,33,1,11,11,136,223.88,223.88,,,0,0,0,0,0.0,2,Less recent infrequent purchasers
14930,2011-12-10,2011-03-10 14:42:00,2011-08-23 10:31:00,109,3,128,116,1166,2372.86,790.9533,,,0,0,0,0,0.0,0,Recent moderate purchasers and minimal cancellations
14931,2011-12-10,2011-04-13 09:32:00,2011-12-05 10:19:00,5,4,38,28,414,864.68,216.17,,,0,0,0,0,0.0,0,Recent moderate purchasers and minimal cancellations
14932,2011-12-10,2010-12-09 11:48:00,2010-12-09 11:48:00,366,1,16,16,79,313.53,313.53,,,0,0,0,0,0.0,2,Less recent infrequent purchasers
14934,2011-12-10,2011-03-02 11:48:00,2011-09-19 10:10:00,82,2,87,68,1042,1890.94,945.47,2011-09-28 09:45:00,2011-09-28 09:45:00,1,1,1,1,2.1,3,Recent moderate purchasers and some cancellation activity
14935,2011-12-10,2011-02-15 14:44:00,2011-02-15 14:44:00,298,1,10,10,935,1784.71,1784.71,,,0,0,0,0,0.0,0,Recent moderate purchasers and minimal cancellations
14936,2011-12-10,2011-03-09 11:53:00,2011-11-06 10:30:00,34,8,364,210,4085,8137.02,1017.1275,2011-11-30 15:07:00,2011-11-30 15:07:00,1,2,2,2,19.6,3,Recent moderate purchasers and some cancellation activity
14937,2011-12-10,2011-08-01 14:16:00,2011-10-14 12:29:00,57,3,34,33,484,1621.88,540.6267,2011-08-18 06:36:00,2011-08-18 06:36:00,1,1,1,1,4.25,3,Recent moderate purchasers and some cancellation activity
14944,2011-12-10,2011-02-16 12:47:00,2011-11-10 09:10:00,30,12,170,101,2815,5900.25,491.6875,2010-12-22 13:13:00,2011-10-06 18:36:00,2,2,2,14,57.3,1,Recent high-activity purchasers and frequent cancellations
14946,2011-12-10,2011-11-25 13:33:00,2011-11-25 13:33:00,15,1,3,3,22,100.9,100.9,,,0,0,0,0,0.0,2,Less recent infrequent purchasers
14947,2011-12-10,2011-08-01 09:31:00,2011-09-28 15:48:00,73,2,13,13,178,275.82,137.91,,,0,0,0,0,0.0,2,Less recent infrequent purchasers
14948,2011-12-10,2011-05-04 14:52:00,2011-11-16 17:16:00,24,6,63,56,673,1101.97,183.6617,2011-11-08 12:07:00,2011-11-08 12:07:00,1,1,1,12,35.4,3,Recent moderate purchasers and some cancellation activity
14950,2011-12-10,2011-11-20 13:48:00,2011-11-20 13:48:00,20,1,19,19,136,371.2,371.2,2011-12-01 09:42:00,2011-12-01 09:42:00,1,1,1,1,9.95,2,Less recent infrequent purchasers
14951,2011-12-10,2011-09-21 15:15:00,2011-09-21 15:15:00,80,1,20,20,311,311.69,311.69,,,0,0,0,0,0.0,2,Less recent infrequent purchasers
14952,2011-12-10,2010-12-10 12:48:00,2011-10-11 10:33:00,60,11,138,117,3355,8099.49,736.3173,2010-12-08 11:33:00,2011-10-24 13:50:00,4,11,8,60,186.7,1,Recent high-activity purchasers and frequent cancellations
14953,2011-12-10,2011-11-14 14:59:00,2011-11-14 14:59:00,26,1,55,54,225,289.82,289.82,,,0,0,0,0,0.0,0,Recent moderate purchasers and minimal cancellations
14954,2011-12-10,2011-11-27 14:30:00,2011-11-27 14:30:00,13,1,85,75,127,336.17,336.17,,,0,0,0,0,0.0,0,Recent moderate purchasers and minimal cancellations
14957,2011-12-10,2011-03-31 17:59:00,2011-03-31 17:59:00,254,1,12,12,34,58.49,58.49,,,0,0,0,0,0.0,2,Less recent infrequent purchasers
14958,2011-12-10,2011-04-08 11:28:00,2011-07-15 14:20:00,148,3,42,33,129,499.68,166.56,,,0,0,0,0,0.0,2,Less recent infrequent purchasers
14959,2011-12-10,2011-02-16 13:00:00,2011-10-06 18:23:00,65,4,59,37,494,695.42,173.855,2011-10-11 16:28:00,2011-10-11 16:28:00,1,2,2,3,10.45,3,Recent moderate purchasers and some cancellation activity
14960,2011-12-10,2011-06-21 13:38:00,2011-12-01 12:54:00,9,2,27,23,221,221.27,110.635,,,0,0,0,0,0.0,2,Less recent infrequent purchasers
14961,2011-12-10,2010-12-14 11:38:00,2011-11-29 09:42:00,11,9,312,193,3708,7044.68,782.7422,2011-01-06 17:48:00,2011-05-05 18:01:00,3,5,5,16,38.1,1,Recent high-activity purchasers and frequent cancellations
14962,2011-12-10,2011-03-14 09:42:00,2011-03-14 09:42:00,271,1,5,5,44,126.7,126.7,,,0,0,0,0,0.0,2,Less recent infrequent purchasers
14963,2011-12-10,2011-06-09 12:30:00,2011-11-30 12:16:00,10,5,198,149,1176,1487.8,297.56,,,0,0,0,0,0.0,0,Recent moderate purchasers and minimal cancellations
14964,2011-12-10,2011-04-06 14:13:00,2011-04-06 14:13:00,248,1,13,13,143,206.21,206.21,,,0,0,0,0,0.0,2,Less recent infrequent purchasers
14965,2011-12-10,2011-09-04 13:15:00,2011-09-04 13:20:00,97,2,83,80,365,599.0,299.5,,,0,0,0,0,0.0,0,Recent moderate purchasers and minimal cancellations
14966,2011-12-10,2011-11-25 12:20:00,2011-11-25 12:20:00,15,1,38,35,187,191.32,191.32,,,0,0,0,0,0.0,2,Less recent infrequent purchasers
14967,2011-12-10,2011-10-21 11:06:00,2011-10-21 11:06:00,50,1,6,6,140,463.8,463.8,,,0,0,0,0,0.0,2,Less recent infrequent purchasers
14968,2011-12-10,2011-11-09 13:58:00,2011-11-09 13:58:00,31,1,37,37,127,147.59,147.59,,,0,0,0,0,0.0,2,Less recent infrequent purchasers
14970,2011-12-10,2011-01-27 12:23:00,2011-10-02 13:44:00,69,4,34,24,250,1592.06,398.015,,,0,0,0,0,0.0,0,Recent moderate purchasers and minimal cancellations
14971,2011-12-10,2011-10-27 13:33:00,2011-11-04 17:07:00,36,3,160,144,644,1116.57,372.19,,,0,0,0,0,0.0,0,Recent moderate purchasers and minimal cancellations
14972,2011-12-10,2011-08-03 14:54:00,2011-08-03 14:54:00,129,1,18,18,28,114.77,114.77,,,0,0,0,0,0.0,2,Less recent infrequent purchasers
14973,2011-12-10,2011-04-28 12:22:00,2011-08-24 15:51:00,108,3,32,29,369,1314.45,438.15,,,0,0,0,0,0.0,0,Recent moderate purchasers and minimal cancellations
14974,2011-12-10,2011-11-02 13:01:00,2011-11-02 13:01:00,38,1,21,17,44,114.39,114.39,,,0,0,0,0,0.0,2,Less recent infrequent purchasers
14975,2011-12-10,2011-10-13 14:08:00,2011-10-13 14:08:00,58,1,11,11,380,279.94,279.94,,,0,0,0,0,0.0,2,Less recent infrequent purchasers
14976,2011-12-10,2011-01-17 11:09:00,2011-10-13 16:33:00,58,6,70,45,232,774.86,129.1433,2011-05-27 16:48:00,2011-05-27 16:48:00,1,1,1,4,25.0,3,Recent moderate purchasers and some cancellation activity
14978,2011-12-10,2011-01-13 12:03:00,2011-09-28 13:07:00,73,5,216,136,525,1931.42,386.284,,,0,0,0,0,0.0,0,Recent moderate purchasers and minimal cancellations
14981,2011-12-10,2011-04-07 13:45:00,2011-04-07 13:45:00,247,1,8,8,97,102.12,102.12,,,0,0,0,0,0.0,2,Less recent infrequent purchasers
14984,2011-12-10,2011-06-12 11:04:00,2011-11-20 14:28:00,20,2,41,37,60,213.27,106.635,,,0,0,0,0,0.0,2,Less recent infrequent purchasers
14985,2011-12-10,2010-12-16 19:51:00,2011-05-25 14:29:00,199,2,87,78,260,296.75,148.375,,,0,0,0,0,0.0,0,Recent moderate purchasers and minimal cancellations
14987,2011-12-10,2010-12-09 12:13:00,2011-11-24 09:59:00,16,2,4,2,128,326.4,163.2,,,0,0,0,0,0.0,2,Less recent infrequent purchasers
14988,2011-12-10,2011-05-12 12:05:00,2011-05-12 12:05:00,212,1,40,40,141,334.54,334.54,,,0,0,0,0,0.0,2,Less recent infrequent purchasers
14995,2011-12-10,2011-03-04 13:14:00,2011-11-01 11:39:00,39,2,61,53,103,233.23,116.615,,,0,0,0,0,0.0,2,Less recent infrequent purchasers
14997,2011-12-10,2011-06-14 16:52:00,2011-10-24 13:28:00,47,3,26,25,1120,546.2,182.0667,2011-10-11 11:25:00,2011-10-11 11:25:00,1,1,1,18,5.22,3,Recent moderate purchasers and some cancellation activity
14998,2011-12-10,2011-04-12 16:28:00,2011-06-22 17:30:00,171,2,75,70,270,429.87,214.935,,,0,0,0,0,0.0,0,Recent moderate purchasers and minimal cancellations
15000,2011-12-10,2011-10-23 11:42:00,2011-10-23 11:42:00,48,1,77,76,218,490.52,490.52,,,0,0,0,0,0.0,0,Recent moderate purchasers and minimal cancellations
15002,2011-12-10,2010-12-07 13:16:00,2011-08-16 10:44:00,116,4,115,93,862,1641.76,410.44,,,0,0,0,0,0.0,0,Recent moderate purchasers and minimal cancellations
15004,2011-12-10,2011-07-15 14:05:00,2011-07-15 14:05:00,148,1,157,153,629,1245.93,1245.93,,,0,0,0,0,0.0,0,Recent moderate purchasers and minimal cancellations
15005,2011-12-10,2010-12-08 14:36:00,2011-11-24 12:25:00,16,28,1118,359,4245,6314.87,225.5311,2011-01-09 14:17:00,2011-11-08 11:38:00,7,41,33,43,136.08,1,Recent high-activity purchasers and frequent cancellations
15006,2011-12-10,2011-10-19 15:08:00,2011-10-19 15:08:00,52,1,143,120,301,497.14,497.14,,,0,0,0,0,0.0,0,Recent moderate purchasers and minimal cancellations
15007,2011-12-10,2011-07-03 16:00:00,2011-07-03 16:00:00,160,1,12,12,69,156.91,156.91,,,0,0,0,0,0.0,2,Less recent infrequent purchasers
15009,2011-12-10,2011-11-14 17:40:00,2011-11-27 13:35:00,13,3,182,148,642,1261.78,420.5933,,,0,0,0,0,0.0,0,Recent moderate purchasers and minimal cancellations
15010,2011-12-10,2011-11-04 12:42:00,2011-11-04 12:42:00,36,1,20,20,184,308.94,308.94,,,0,0,0,0,0.0,2,Less recent infrequent purchasers
15012,2011-12-10,2010-12-01 12:49:00,2011-10-17 12:22:00,54,2,128,110,231,423.04,211.52,,,0,0,0,0,0.0,0,Recent moderate purchasers and minimal cancellations
15014,2011-12-10,2011-06-16 19:40:00,2011-10-27 20:07:00,44,2,35,29,151,260.17,130.085,,,0,0,0,0,0.0,2,Less recent infrequent purchasers
15016,2011-12-10,2011-06-20 12:06:00,2011-06-20 12:06:00,173,1,20,20,76,170.04,170.04,,,0,0,0,0,0.0,2,Less recent infrequent purchasers
15017,2011-12-10,2011-11-06 10:33:00,2011-11-06 10:33:00,34,1,20,20,63,125.58,125.58,,,0,0,0,0,0.0,2,Less recent infrequent purchasers
15018,2011-12-10,2010-12-07 10:47:00,2011-11-01 12:47:00,39,3,31,30,189,496.21,165.4033,2011-04-05 12:27:00,2011-04-05 12:27:00,1,1,1,1,39.95,3,Recent moderate purchasers and some cancellation activity
15019,2011-12-10,2011-03-18 12:35:00,2011-03-18 12:35:00,267,1,70,64,159,266.0,266.0,,,0,0,0,0,0.0,2,Less recent infrequent purchasers
15021,2011-12-10,2010-12-08 12:17:00,2011-12-01 11:53:00,9,9,472,287,847,1914.82,212.7578,2010-12-07 08:57:00,2011-12-01 10:38:00,4,7,7,18,42.54,1,Recent high-activity purchasers and frequent cancellations
15022,2011-12-10,2011-10-23 15:47:00,2011-11-28 12:35:00,12,4,135,96,543,905.04,226.26,,,0,0,0,0,0.0,0,Recent moderate purchasers and minimal cancellations
15023,2011-12-10,2010-12-05 13:49:00,2011-12-06 17:23:00,4,11,560,346,2862,6783.86,616.7145,2011-07-03 13:08:00,2011-07-03 13:08:00,1,1,1,8,39.6,1,Recent high-activity purchasers and frequent cancellations
15024,2011-12-10,2010-12-07 13:20:00,2011-11-30 12:06:00,10,10,155,105,920,1661.33,166.133,,,0,0,0,0,0.0,0,Recent moderate purchasers and minimal cancellations
15025,2011-12-10,2011-11-06 15:20:00,2011-11-06 15:20:00,34,1,72,66,189,377.01,377.01,,,0,0,0,0,0.0,0,Recent moderate purchasers and minimal cancellations
15026,2011-12-10,2011-03-07 13:45:00,2011-09-20 13:52:00,81,3,60,56,225,464.2,154.7333,,,0,0,0,0,0.0,0,Recent moderate purchasers and minimal cancellations
15027,2011-12-10,2011-04-15 14:14:00,2011-11-09 10:16:00,31,4,35,30,565,1066.15,266.5375,2011-04-19 16:09:00,2011-05-25 16:51:00,2,2,2,2,14.2,3,Recent moderate purchasers and some cancellation activity
15028,2011-12-10,2010-12-06 12:47:00,2011-12-01 14:06:00,9,4,48,35,459,627.13,156.7825,,,0,0,0,0,0.0,0,Recent moderate purchasers and minimal cancellations
15030,2011-12-10,2011-03-16 15:34:00,2011-09-29 10:50:00,72,2,7,7,372,518.28,259.14,,,0,0,0,0,0.0,2,Less recent infrequent purchasers
15031,2011-12-10,2011-03-02 14:46:00,2011-12-05 14:19:00,5,4,111,74,401,668.14,167.035,,,0,0,0,0,0.0,0,Recent moderate purchasers and minimal cancellations
15032,2011-12-10,2010-12-08 12:57:00,2011-03-28 15:03:00,257,3,52,29,2968,4959.1,1653.0333,2011-03-28 15:18:00,2011-03-28 15:30:00,2,3,3,300,495.0,1,Recent high-activity purchasers and frequent cancellations
15033,2011-12-10,2011-01-14 13:28:00,2011-12-05 12:40:00,5,10,509,314,1693,2583.37,258.337,2011-07-03 11:54:00,2011-07-03 11:54:00,1,3,3,3,15.65,3,Recent moderate purchasers and some cancellation activity
15034,2011-12-10,2010-12-21 09:47:00,2011-11-24 12:11:00,16,8,394,299,2422,4308.61,538.5763,2011-03-10 10:29:00,2011-11-11 10:55:00,3,6,5,11,30.95,1,Recent high-activity purchasers and frequent cancellations
15035,2011-12-10,2011-09-11 11:08:00,2011-09-11 11:08:00,90,1,27,26,245,252.73,252.73,,,0,0,0,0,0.0,2,Less recent infrequent purchasers
15036,2011-12-10,2011-06-13 12:19:00,2011-09-28 15:42:00,73,3,127,107,327,465.55,155.1833,,,0,0,0,0,0.0,0,Recent moderate purchasers and minimal cancellations
15038,2011-12-10,2010-12-05 10:54:00,2011-10-12 11:33:00,59,6,130,105,217,705.49,117.5817,2011-10-27 14:42:00,2011-10-27 14:42:00,1,3,3,30,39.9,3,Recent moderate purchasers and some cancellation activity
15039,2011-12-10,2010-12-06 11:26:00,2011-11-30 11:31:00,10,47,1502,408,9209,19914.44,423.7115,2011-01-24 11:30:00,2011-06-30 11:31:00,5,6,6,18,128.0,1,Recent high-activity purchasers and frequent cancellations
15041,2011-12-10,2011-06-22 16:16:00,2011-06-22 16:16:00,171,1,67,66,104,180.35,180.35,,,0,0,0,0,0.0,2,Less recent infrequent purchasers
15042,2011-12-10,2011-05-24 16:25:00,2011-05-24 16:25:00,200,1,5,5,30,135.93,135.93,,,0,0,0,0,0.0,2,Less recent infrequent purchasers
15043,2011-12-10,2011-11-08 14:26:00,2011-11-08 14:26:00,32,1,3,3,300,537.0,537.0,,,0,0,0,0,0.0,2,Less recent infrequent purchasers
15044,2011-12-10,2010-12-12 14:27:00,2011-11-20 13:20:00,20,17,453,233,2795,7700.23,452.9547,2010-12-19 12:46:00,2011-10-04 14:51:00,5,8,7,9,70.85,1,Recent high-activity purchasers and frequent cancellations
15045,2011-12-10,2011-03-27 11:44:00,2011-07-11 11:33:00,152,2,12,11,114,735.66,367.83,2011-04-01 10:45:00,2011-04-01 10:45:00,1,1,1,8,102.0,3,Recent moderate purchasers and some cancellation activity
15046,2011-12-10,2011-01-05 15:30:00,2011-11-30 15:50:00,10,15,205,146,3450,5194.82,346.3213,2011-06-26 13:13:00,2011-06-26 13:13:00,1,1,1,144,149.76,1,Recent high-activity purchasers and frequent cancellations
15047,2011-12-10,2011-03-15 10:49:00,2011-03-15 10:49:00,270,1,22,22,222,343.62,343.62,,,0,0,0,0,0.0,2,Less recent infrequent purchasers
15048,2011-12-10,2010-12-06 12:15:00,2011-10-05 14:55:00,66,4,97,86,195,384.05,96.0125,2011-08-15 10:06:00,2011-08-15 10:06:00,1,1,1,12,3.48,3,Recent moderate purchasers and some cancellation activity
15049,2011-12-10,2011-03-11 12:13:00,2011-03-11 12:13:00,274,1,3,3,63,121.17,121.17,,,0,0,0,0,0.0,2,Less recent infrequent purchasers
15050,2011-12-10,2011-09-29 13:22:00,2011-11-14 16:17:00,26,3,78,68,1224,1782.09,594.03,2011-09-29 13:44:00,2011-11-14 15:13:00,2,2,2,40,54.92,3,Recent moderate purchasers and some cancellation activity
15051,2011-12-10,2011-07-12 15:29:00,2011-11-16 15:38:00,24,3,143,130,1011,1391.61,463.87,,,0,0,0,0,0.0,0,Recent moderate purchasers and minimal cancellations
15052,2011-12-10,2011-01-24 15:52:00,2011-01-24 15:52:00,320,1,30,27,82,215.78,215.78,,,0,0,0,0,0.0,2,Less recent infrequent purchasers
15053,2011-12-10,2011-03-03 12:06:00,2011-12-05 12:08:00,5,3,71,49,986,697.79,232.5967,,,0,0,0,0,0.0,0,Recent moderate purchasers and minimal cancellations
15054,2011-12-10,2011-10-30 14:33:00,2011-11-27 15:02:00,13,2,114,105,198,302.1,151.05,,,0,0,0,0,0.0,0,Recent moderate purchasers and minimal cancellations
15057,2011-12-10,2011-01-28 09:09:00,2011-03-09 15:17:00,276,2,25,25,668,1489.5,744.75,,,0,0,0,0,0.0,0,Recent moderate purchasers and minimal cancellations
15058,2011-12-10,2011-01-31 15:35:00,2011-11-14 14:57:00,26,11,276,199,1069,2124.99,193.1809,,,0,0,0,0,0.0,0,Recent moderate purchasers and minimal cancellations
15059,2011-12-10,2011-01-09 11:54:00,2011-10-30 11:35:00,41,9,237,161,604,1337.72,148.6356,2011-02-16 10:17:00,2011-06-22 14:55:00,2,2,2,2,11.9,3,Recent moderate purchasers and some cancellation activity
15060,2011-12-10,2011-11-30 14:03:00,2011-12-01 13:47:00,9,4,120,80,262,301.84,75.46,,,0,0,0,0,0.0,0,Recent moderate purchasers and minimal cancellations
15061,2011-12-10,2010-12-02 15:19:00,2011-12-06 12:06:00,4,48,403,70,28920,54534.14,1136.1279,2011-01-06 16:14:00,2011-09-30 10:40:00,6,6,4,282,283.8,1,Recent high-activity purchasers and frequent cancellations
15062,2011-12-10,2010-12-15 15:37:00,2011-09-29 16:51:00,72,4,57,47,763,987.86,246.965,,,0,0,0,0,0.0,0,Recent moderate purchasers and minimal cancellations
15063,2011-12-10,2011-05-10 13:25:00,2011-05-10 13:25:00,214,1,5,5,56,370.8,370.8,,,0,0,0,0,0.0,2,Less recent infrequent purchasers
15065,2011-12-10,2011-02-21 12:54:00,2011-11-02 09:45:00,38,4,155,148,1383,3158.13,789.5325,2011-03-18 16:36:00,2011-03-27 12:11:00,2,3,3,28,22.15,3,Recent moderate purchasers and some cancellation activity
15066,2011-12-10,2011-10-17 13:25:00,2011-10-17 13:25:00,54,1,42,42,317,893.59,893.59,2011-11-08 09:56:00,2011-11-08 09:56:00,1,11,11,38,133.0,3,Recent moderate purchasers and some cancellation activity
15067,2011-12-10,2011-03-02 12:10:00,2011-09-22 13:20:00,79,3,82,82,954,1744.76,581.5867,,,0,0,0,0,0.0,0,Recent moderate purchasers and minimal cancellations
15068,2011-12-10,2011-03-28 14:27:00,2011-10-24 14:47:00,47,2,104,96,364,553.36,276.68,,,0,0,0,0,0.0,0,Recent moderate purchasers and minimal cancellations
15069,2011-12-10,2011-06-13 14:16:00,2011-06-13 14:16:00,180,1,70,70,520,1109.53,1109.53,,,0,0,0,0,0.0,0,Recent moderate purchasers and minimal cancellations
15070,2011-12-10,2010-12-02 11:23:00,2010-12-02 11:23:00,373,1,1,1,36,106.2,106.2,,,0,0,0,0,0.0,2,Less recent infrequent purchasers
15071,2011-12-10,2011-03-09 10:19:00,2011-09-07 11:43:00,94,2,26,25,269,982.07,491.035,,,0,0,0,0,0.0,0,Recent moderate purchasers and minimal cancellations
15073,2011-12-10,2011-06-06 09:59:00,2011-11-30 10:44:00,10,3,54,31,491,1043.41,347.8033,2011-06-06 12:33:00,2011-06-06 12:33:00,1,22,22,214,430.98,1,Recent high-activity purchasers and frequent cancellations
15074,2011-12-10,2011-08-26 14:45:00,2011-08-26 14:45:00,106,1,42,41,455,748.87,748.87,,,0,0,0,0,0.0,0,Recent moderate purchasers and minimal cancellations
15075,2011-12-10,2011-09-23 12:27:00,2011-09-23 12:27:00,78,1,27,27,447,773.03,773.03,,,0,0,0,0,0.0,0,Recent moderate purchasers and minimal cancellations
15076,2011-12-10,2011-06-20 08:23:00,2011-06-20 08:23:00,173,1,49,49,571,880.85,880.85,,,0,0,0,0,0.0,0,Recent moderate purchasers and minimal cancellations
15078,2011-12-10,2010-12-06 12:38:00,2011-12-02 15:41:00,8,32,440,97,5105,9743.11,304.4722,2010-12-15 09:20:00,2011-07-08 14:06:00,6,11,11,36,119.76,1,Recent high-activity purchasers and frequent cancellations
15079,2011-12-10,2010-12-09 09:25:00,2011-05-11 12:45:00,213,4,47,46,389,895.61,223.9025,2011-02-21 16:58:00,2011-02-21 16:58:00,1,1,1,1,1.95,3,Recent moderate purchasers and some cancellation activity
15081,2011-12-10,2010-12-07 16:20:00,2011-11-17 17:08:00,23,5,33,26,190,504.8,100.96,2011-05-19 10:39:00,2011-05-19 10:39:00,1,2,2,2,17.45,3,Recent moderate purchasers and some cancellation activity
15083,2011-12-10,2011-03-28 12:18:00,2011-03-28 12:18:00,257,1,5,5,38,88.2,88.2,,,0,0,0,0,0.0,2,Less recent infrequent purchasers
15087,2011-12-10,2011-03-03 10:34:00,2011-03-03 10:34:00,282,1,15,15,470,306.94,306.94,,,0,0,0,0,0.0,2,Less recent infrequent purchasers
15088,2011-12-10,2011-10-03 14:05:00,2011-11-18 13:14:00,22,2,57,53,460,1160.07,580.035,2011-10-27 14:45:00,2011-10-27 14:45:00,1,3,3,3,19.8,3,Recent moderate purchasers and some cancellation activity
15089,2011-12-10,2011-08-03 14:14:00,2011-11-29 16:31:00,11,6,145,139,1359,2420.84,403.4733,,,0,0,0,0,0.0,0,Recent moderate purchasers and minimal cancellations
15090,2011-12-10,2011-02-04 14:03:00,2011-02-04 14:03:00,309,1,23,23,208,381.32,381.32,,,0,0,0,0,0.0,2,Less recent infrequent purchasers
15091,2011-12-10,2011-10-03 12:47:00,2011-10-03 12:47:00,68,1,30,30,346,480.71,480.71,2011-10-17 10:47:00,2011-10-17 10:47:00,1,1,1,3,3.75,3,Recent moderate purchasers and some cancellation activity
15092,2011-12-10,2011-03-01 12:24:00,2011-05-08 14:10:00,216,2,26,23,135,457.81,228.905,,,0,0,0,0,0.0,2,Less recent infrequent purchasers
15093,2011-12-10,2010-12-02 18:25:00,2011-11-21 13:09:00,19,6,108,52,3760,4597.02,766.17,2010-12-14 10:33:00,2011-05-24 17:19:00,3,4,3,27,186.88,1,Recent high-activity purchasers and frequent cancellations
15095,2011-12-10,2011-05-20 14:27:00,2011-08-28 12:01:00,104,4,47,30,1079,1370.6,342.65,2011-06-06 10:57:00,2011-06-06 10:57:00,1,2,2,2,5.9,3,Recent moderate purchasers and some cancellation activity
15096,2011-12-10,2011-10-28 10:27:00,2011-10-28 10:27:00,43,1,11,11,120,219.39,219.39,,,0,0,0,0,0.0,2,Less recent infrequent purchasers
15097,2011-12-10,2011-12-05 14:03:00,2011-12-05 14:03:00,5,1,25,25,170,248.08,248.08,,,0,0,0,0,0.0,2,Less recent infrequent purchasers
15098,2011-12-10,2011-06-10 15:22:00,2011-06-10 15:33:00,183,3,3,1,121,39916.5,13305.5,2011-06-10 15:39:00,2011-06-10 15:39:00,1,1,1,60,297.0,3,Recent moderate purchasers and some cancellation activity
15099,2011-12-10,2011-09-16 13:13:00,2011-09-16 13:13:00,85,1,23,23,343,410.48,410.48,,,0,0,0,0,0.0,0,Recent moderate purchasers and minimal cancellations
15100,2011-12-10,2010-12-01 09:09:00,2011-01-10 10:35:00,334,3,3,1,80,876.0,292.0,2010-12-07 16:21:00,2011-01-13 17:09:00,3,3,1,22,240.9,3,Recent moderate purchasers and some cancellation activity
15101,2011-12-10,2010-12-15 12:54:00,2011-12-01 10:18:00,9,2,8,8,241,317.53,158.765,2011-01-06 17:34:00,2011-01-06 17:34:00,1,1,1,2,7.5,2,Less recent infrequent purchasers
15103,2011-12-10,2011-09-14 13:54:00,2011-11-08 14:53:00,32,2,35,35,329,703.36,351.68,,,0,0,0,0,0.0,0,Recent moderate purchasers and minimal cancellations
15104,2011-12-10,2011-03-02 14:16:00,2011-05-27 12:29:00,197,2,69,66,637,1027.44,513.72,2011-06-26 11:35:00,2011-06-26 11:35:00,1,2,2,2,24.9,3,Recent moderate purchasers and some cancellation activity
15105,2011-12-10,2011-07-28 10:09:00,2011-11-21 16:54:00,19,7,101,90,1211,2298.93,328.4186,,,0,0,0,0,0.0,0,Recent moderate purchasers and minimal cancellations
15106,2011-12-10,2011-03-15 12:52:00,2011-11-22 09:16:00,18,5,100,90,1181,1422.52,284.504,2011-07-26 12:43:00,2011-10-18 14:51:00,2,2,2,37,14.79,3,Recent moderate purchasers and some cancellation activity
15107,2011-12-10,2010-12-02 13:45:00,2011-02-01 14:46:00,312,6,16,12,169,319.5,53.25,2010-12-15 16:50:00,2011-01-11 12:03:00,2,2,2,7,59.5,3,Recent moderate purchasers and some cancellation activity
15108,2011-12-10,2011-04-26 10:54:00,2011-07-21 10:24:00,142,3,57,49,490,1159.25,386.4167,2011-06-10 09:34:00,2011-06-10 09:34:00,1,1,1,2,8.5,3,Recent moderate purchasers and some cancellation activity
15109,2011-12-10,2011-04-08 09:58:00,2011-04-08 09:58:00,246,1,28,28,131,484.95,484.95,2011-04-13 09:53:00,2011-04-13 09:53:00,1,3,3,4,21.2,3,Recent moderate purchasers and some cancellation activity
15110,2011-12-10,2011-01-25 11:41:00,2011-11-16 11:16:00,24,4,35,17,246,996.1,249.025,2011-03-07 13:33:00,2011-11-04 13:25:00,3,5,3,6,25.85,3,Recent moderate purchasers and some cancellation activity
15111,2011-12-10,2010-12-02 11:45:00,2011-11-10 16:58:00,30,3,84,70,710,1567.48,522.4933,,,0,0,0,0,0.0,0,Recent moderate purchasers and minimal cancellations
15113,2011-12-10,2011-10-16 15:27:00,2011-11-30 08:23:00,10,3,99,76,2385,3608.94,1202.98,2011-11-14 10:32:00,2011-11-14 10:32:00,1,1,1,24,169.92,3,Recent moderate purchasers and some cancellation activity
15114,2011-12-10,2011-02-11 08:45:00,2011-11-09 15:05:00,31,10,197,136,3096,2760.56,276.056,,,0,0,0,0,0.0,0,Recent moderate purchasers and minimal cancellations
15115,2011-12-10,2011-11-21 14:59:00,2011-11-21 14:59:00,19,1,21,21,157,340.11,340.11,,,0,0,0,0,0.0,2,Less recent infrequent purchasers
15116,2011-12-10,2011-05-19 08:50:00,2011-11-22 12:25:00,18,4,45,37,648,1352.75,338.1875,,,0,0,0,0,0.0,0,Recent moderate purchasers and minimal cancellations
15117,2011-12-10,2011-05-08 12:38:00,2011-11-25 08:12:00,15,5,79,63,1948,1551.78,310.356,2011-11-23 11:11:00,2011-11-23 11:11:00,1,1,1,1,1.65,3,Recent moderate purchasers and some cancellation activity
15118,2011-12-10,2011-07-28 14:54:00,2011-07-28 14:54:00,135,1,1,1,1440,244.8,244.8,,,0,0,0,0,0.0,2,Less recent infrequent purchasers
15119,2011-12-10,2011-04-08 09:08:00,2011-04-08 09:08:00,246,1,14,14,88,266.4,266.4,,,0,0,0,0,0.0,2,Less recent infrequent purchasers
15120,2011-12-10,2011-07-29 09:48:00,2011-07-29 09:48:00,134,1,21,21,296,358.82,358.82,2011-08-02 10:05:00,2011-08-02 10:05:00,1,1,1,4,15.0,3,Recent moderate purchasers and some cancellation activity
15121,2011-12-10,2011-02-24 12:41:00,2011-10-20 14:51:00,51,2,28,28,199,457.72,228.86,,,0,0,0,0,0.0,0,Recent moderate purchasers and minimal cancellations
15122,2011-12-10,2011-02-15 09:59:00,2011-08-17 16:48:00,115,3,82,65,800,1633.78,544.5933,2011-02-18 16:32:00,2011-09-15 16:27:00,3,5,3,12,21.65,3,Recent moderate purchasers and some cancellation activity
15123,2011-12-10,2011-05-17 14:57:00,2011-12-02 13:12:00,8,2,106,93,1195,2199.31,1099.655,,,0,0,0,0,0.0,0,Recent moderate purchasers and minimal cancellations
15124,2011-12-10,2011-06-01 09:06:00,2011-11-17 10:09:00,23,2,15,14,233,184.19,92.095,,,0,0,0,0,0.0,2,Less recent infrequent purchasers
15125,2011-12-10,2011-03-14 09:59:00,2011-11-14 13:57:00,26,15,127,102,6193,11528.48,768.5653,2011-05-05 17:57:00,2011-10-27 19:00:00,8,13,13,202,411.43,1,Recent high-activity purchasers and frequent cancellations
15127,2011-12-10,2011-10-05 10:30:00,2011-10-05 10:30:00,66,1,16,16,251,406.53,406.53,,,0,0,0,0,0.0,2,Less recent infrequent purchasers
15128,2011-12-10,2011-05-04 12:32:00,2011-10-10 13:54:00,61,4,102,74,1343,1471.0,367.75,2011-05-23 17:39:00,2011-06-28 15:13:00,3,8,8,16,47.75,1,Recent high-activity purchasers and frequent cancellations
15129,2011-12-10,2011-02-21 09:09:00,2011-10-20 14:40:00,51,11,84,54,1794,3447.4,313.4,,,0,0,0,0,0.0,0,Recent moderate purchasers and minimal cancellations
15130,2011-12-10,2011-06-23 10:15:00,2011-06-23 10:15:00,170,1,22,22,197,330.11,330.11,,,0,0,0,0,0.0,2,Less recent infrequent purchasers
15132,2011-12-10,2011-03-22 12:02:00,2011-11-21 17:10:00,19,5,52,49,679,977.93,195.586,,,0,0,0,0,0.0,0,Recent moderate purchasers and minimal cancellations
15133,2011-12-10,2011-02-11 10:38:00,2011-08-04 10:44:00,128,3,29,27,680,982.42,327.4733,,,0,0,0,0,0.0,0,Recent moderate purchasers and minimal cancellations
15134,2011-12-10,2011-04-13 11:05:00,2011-11-25 08:55:00,15,8,73,44,887,1387.99,173.4988,,,0,0,0,0,0.0,0,Recent moderate purchasers and minimal cancellations
15135,2011-12-10,2011-04-14 19:16:00,2011-04-14 19:16:00,240,1,9,9,43,139.05,139.05,2011-04-20 15:58:00,2011-04-20 15:58:00,1,1,1,2,11.9,2,Less recent infrequent purchasers
15136,2011-12-10,2011-09-04 16:05:00,2011-12-07 12:26:00,3,4,68,61,776,1286.7,321.675,2011-09-12 18:26:00,2011-09-12 18:26:00,1,1,1,1,4.25,3,Recent moderate purchasers and some cancellation activity
15139,2011-12-10,2011-01-07 12:44:00,2011-04-14 11:39:00,240,2,13,13,208,178.96,89.48,,,0,0,0,0,0.0,2,Less recent infrequent purchasers
15140,2011-12-10,2011-03-20 14:37:00,2011-10-18 14:07:00,53,7,80,74,1572,2354.25,336.3214,2011-06-01 16:21:00,2011-06-01 16:21:00,1,1,1,5,4.25,3,Recent moderate purchasers and some cancellation activity
15142,2011-12-10,2011-10-24 12:51:00,2011-10-24 12:51:00,47,1,26,26,365,498.74,498.74,,,0,0,0,0,0.0,0,Recent moderate purchasers and minimal cancellations
15143,2011-12-10,2011-04-28 12:03:00,2011-04-28 12:03:00,226,1,14,14,150,259.45,259.45,,,0,0,0,0,0.0,2,Less recent infrequent purchasers
15144,2011-12-10,2011-01-31 13:17:00,2011-12-01 15:12:00,9,17,217,132,3050,6580.44,387.0847,2011-05-06 13:06:00,2011-05-06 13:06:00,1,1,1,24,50.4,1,Recent high-activity purchasers and frequent cancellations
15145,2011-12-10,2011-04-05 15:20:00,2011-12-05 17:21:00,5,4,67,54,756,1194.73,298.6825,,,0,0,0,0,0.0,0,Recent moderate purchasers and minimal cancellations
15146,2011-12-10,2011-02-21 13:07:00,2011-06-28 12:09:00,165,2,91,90,1473,1327.16,663.58,2011-02-24 10:01:00,2011-02-24 10:01:00,1,4,4,14,13.5,3,Recent moderate purchasers and some cancellation activity
15147,2011-12-10,2011-04-13 15:57:00,2011-04-13 15:57:00,241,1,28,28,366,623.5,623.5,2011-05-05 11:20:00,2011-05-05 11:20:00,1,1,1,3,14.85,3,Recent moderate purchasers and some cancellation activity
15148,2011-12-10,2011-11-29 08:21:00,2011-11-29 08:21:00,11,1,20,20,187,301.29,301.29,,,0,0,0,0,0.0,2,Less recent infrequent purchasers
15149,2011-12-10,2011-07-29 10:58:00,2011-07-29 10:58:00,134,1,23,23,128,520.8,520.8,,,0,0,0,0,0.0,2,Less recent infrequent purchasers
15150,2011-12-10,2011-03-15 14:21:00,2011-11-22 12:52:00,18,10,343,282,3658,5314.47,531.447,2011-09-30 12:40:00,2011-09-30 12:40:00,1,1,1,25,10.5,3,Recent moderate purchasers and some cancellation activity
15152,2011-12-10,2011-06-05 15:36:00,2011-11-30 12:32:00,10,13,271,196,2704,4745.69,365.0531,2011-06-21 17:17:00,2011-08-18 06:22:00,3,7,7,10,61.45,1,Recent high-activity purchasers and frequent cancellations
15153,2011-12-10,2011-11-08 17:09:00,2011-11-08 17:09:00,32,1,22,22,198,329.25,329.25,,,0,0,0,0,0.0,2,Less recent infrequent purchasers
15154,2011-12-10,2011-09-25 16:05:00,2011-09-25 16:05:00,76,1,85,66,104,296.42,296.42,2011-09-26 16:43:00,2011-09-26 16:43:00,1,7,4,7,56.15,3,Recent moderate purchasers and some cancellation activity
15156,2011-12-10,2011-11-06 12:41:00,2011-12-08 18:22:00,2,3,55,51,597,961.49,320.4967,,,0,0,0,0,0.0,0,Recent moderate purchasers and minimal cancellations
15157,2011-12-10,2010-12-16 13:44:00,2011-12-06 11:28:00,4,3,125,125,2392,1936.07,645.3567,2010-12-17 16:25:00,2011-08-08 13:53:00,2,7,7,149,56.23,1,Recent high-activity purchasers and frequent cancellations
15158,2011-12-10,2011-10-25 13:53:00,2011-10-25 13:53:00,46,1,7,7,198,401.4,401.4,,,0,0,0,0,0.0,2,Less recent infrequent purchasers
15159,2011-12-10,2010-12-13 15:44:00,2011-12-08 12:05:00,2,30,710,363,11441,18641.01,621.367,2011-03-17 17:17:00,2011-11-04 13:38:00,4,10,10,47,67.33,1,Recent high-activity purchasers and frequent cancellations
15160,2011-12-10,2010-12-17 14:15:00,2010-12-17 14:15:00,358,1,4,4,84,158.16,158.16,,,0,0,0,0,0.0,2,Less recent infrequent purchasers
15163,2011-12-10,2011-05-31 15:22:00,2011-11-21 13:10:00,19,2,29,29,186,304.47,152.235,,,0,0,0,0,0.0,2,Less recent infrequent purchasers
15164,2011-12-10,2011-01-04 14:21:00,2011-10-02 12:05:00,69,3,103,79,360,843.05,281.0167,,,0,0,0,0,0.0,0,Recent moderate purchasers and minimal cancellations
15165,2011-12-10,2010-12-01 14:03:00,2010-12-01 14:03:00,374,1,27,27,160,487.75,487.75,,,0,0,0,0,0.0,2,Less recent infrequent purchasers
15167,2011-12-10,2011-01-23 12:41:00,2011-01-23 12:41:00,321,1,41,39,67,163.0,163.0,,,0,0,0,0,0.0,2,Less recent infrequent purchasers
15168,2011-12-10,2011-11-14 11:26:00,2011-11-14 11:26:00,26,1,5,5,52,106.56,106.56,,,0,0,0,0,0.0,2,Less recent infrequent purchasers
15171,2011-12-10,2011-01-12 15:36:00,2011-01-12 15:36:00,332,1,5,5,290,1289.5,1289.5,2011-01-19 12:39:00,2011-01-19 12:39:00,1,2,2,100,255.0,3,Recent moderate purchasers and some cancellation activity
15172,2011-12-10,2011-04-17 11:56:00,2011-12-01 11:51:00,9,5,109,105,1610,1609.05,321.81,,,0,0,0,0,0.0,0,Recent moderate purchasers and minimal cancellations
15174,2011-12-10,2011-01-21 09:06:00,2011-01-21 09:06:00,323,1,11,11,145,135.75,135.75,,,0,0,0,0,0.0,2,Less recent infrequent purchasers
15175,2011-12-10,2011-09-29 11:31:00,2011-09-29 11:31:00,72,1,23,23,454,224.14,224.14,,,0,0,0,0,0.0,2,Less recent infrequent purchasers
15178,2011-12-10,2011-03-24 15:12:00,2011-03-24 15:12:00,261,1,3,3,30,40.5,40.5,,,0,0,0,0,0.0,2,Less recent infrequent purchasers
15179,2011-12-10,2011-01-24 13:48:00,2011-11-21 12:53:00,19,5,93,91,1938,2206.95,441.39,2010-12-10 17:05:00,2011-10-20 19:14:00,2,2,2,31,20.75,3,Recent moderate purchasers and some cancellation activity
15180,2011-12-10,2010-12-07 14:57:00,2010-12-07 14:57:00,368,1,6,6,36,87.5,87.5,,,0,0,0,0,0.0,2,Less recent infrequent purchasers
15181,2011-12-10,2011-03-15 12:03:00,2011-10-04 13:58:00,67,3,16,11,544,689.48,229.8267,2010-12-09 13:28:00,2010-12-09 13:28:00,1,1,1,1,4.95,3,Recent moderate purchasers and some cancellation activity
15182,2011-12-10,2011-03-16 12:42:00,2011-07-08 13:37:00,155,2,29,24,253,622.85,311.425,,,0,0,0,0,0.0,0,Recent moderate purchasers and minimal cancellations
15184,2011-12-10,2011-06-02 12:06:00,2011-11-10 13:41:00,30,2,63,59,223,406.76,203.38,,,0,0,0,0,0.0,0,Recent moderate purchasers and minimal cancellations
15185,2011-12-10,2011-09-30 14:06:00,2011-09-30 14:06:00,71,1,21,21,666,310.62,310.62,,,0,0,0,0,0.0,0,Recent moderate purchasers and minimal cancellations
15186,2011-12-10,2011-06-24 14:54:00,2011-11-25 14:58:00,15,2,19,17,215,411.41,205.705,,,0,0,0,0,0.0,2,Less recent infrequent purchasers
15187,2011-12-10,2011-05-11 13:49:00,2011-12-08 11:56:00,2,15,90,60,1886,4762.18,317.4787,2011-07-22 16:52:00,2011-11-04 15:48:00,2,2,2,18,107.1,1,Recent high-activity purchasers and frequent cancellations
15189,2011-12-10,2011-01-11 12:29:00,2011-12-08 13:22:00,2,41,212,80,6149,16225.39,395.7412,2011-01-27 15:49:00,2011-08-03 10:37:00,12,20,13,114,423.25,1,Recent high-activity purchasers and frequent cancellations
15192,2011-12-10,2010-12-09 14:56:00,2011-08-12 11:41:00,120,3,51,36,918,1044.32,348.1067,,,0,0,0,0,0.0,0,Recent moderate purchasers and minimal cancellations
15193,2011-12-10,2011-10-10 08:23:00,2011-10-10 08:23:00,61,1,19,19,144,499.32,499.32,,,0,0,0,0,0.0,2,Less recent infrequent purchasers
15194,2011-12-10,2010-12-06 15:00:00,2011-12-06 15:10:00,4,15,310,209,5703,7616.53,507.7687,2010-12-15 16:55:00,2011-09-28 09:06:00,7,16,11,55,95.36,1,Recent high-activity purchasers and frequent cancellations
15195,2011-12-10,2011-12-07 12:20:00,2011-12-07 12:20:00,3,1,1,1,1404,3861.0,3861.0,,,0,0,0,0,0.0,0,Recent moderate purchasers and minimal cancellations
15197,2011-12-10,2010-12-16 18:01:00,2011-11-29 10:00:00,11,3,32,30,469,1079.61,359.87,2011-01-12 09:48:00,2011-12-01 08:14:00,2,4,4,16,423.17,3,Recent moderate purchasers and some cancellation activity
15198,2011-12-10,2011-08-07 15:16:00,2011-09-08 14:42:00,93,2,10,10,120,193.64,96.82,,,0,0,0,0,0.0,2,Less recent infrequent purchasers
15199,2011-12-10,2011-02-04 14:04:00,2011-10-11 15:12:00,60,4,13,5,396,1268.7,317.175,,,0,0,0,0,0.0,0,Recent moderate purchasers and minimal cancellations
15201,2011-12-10,2011-04-06 14:02:00,2011-09-13 14:53:00,88,5,69,35,1210,1236.54,247.308,2011-04-13 09:50:00,2011-09-22 09:53:00,6,28,23,248,308.7,1,Recent high-activity purchasers and frequent cancellations
15203,2011-12-10,2011-02-01 12:29:00,2011-11-14 08:16:00,26,6,142,82,1753,1827.8,304.6333,,,0,0,0,0,0.0,0,Recent moderate purchasers and minimal cancellations
15204,2011-12-10,2010-12-17 13:49:00,2010-12-17 13:49:00,358,1,9,9,258,316.58,316.58,,,0,0,0,0,0.0,2,Less recent infrequent purchasers
15205,2011-12-10,2011-08-04 16:07:00,2011-09-15 19:36:00,86,2,37,37,378,653.24,326.62,,,0,0,0,0,0.0,0,Recent moderate purchasers and minimal cancellations
15206,2011-12-10,2011-03-09 08:59:00,2011-11-29 13:41:00,11,4,9,3,162,420.3,105.075,,,0,0,0,0,0.0,2,Less recent infrequent purchasers
15208,2011-12-10,2010-12-21 13:03:00,2011-12-08 17:24:00,2,5,42,25,316,870.12,174.024,2011-10-11 14:03:00,2011-10-11 14:03:00,1,1,1,2,2.5,3,Recent moderate purchasers and some cancellation activity
15210,2011-12-10,2011-04-28 16:11:00,2011-04-28 16:11:00,226,1,20,20,228,331.18,331.18,,,0,0,0,0,0.0,2,Less recent infrequent purchasers
15211,2011-12-10,2010-12-09 16:08:00,2011-10-10 13:31:00,61,2,52,52,240,894.41,447.205,,,0,0,0,0,0.0,0,Recent moderate purchasers and minimal cancellations
15212,2011-12-10,2011-04-12 13:45:00,2011-04-12 13:45:00,242,1,5,5,36,101.8,101.8,2011-04-14 13:12:00,2011-04-14 13:12:00,1,2,2,3,12.85,2,Less recent infrequent purchasers
15213,2011-12-10,2011-01-14 11:05:00,2011-01-25 12:21:00,319,2,24,22,272,328.35,164.175,2011-01-25 12:25:00,2011-01-25 12:25:00,1,1,1,2,3.3,2,Less recent infrequent purchasers
15214,2011-12-10,2011-04-11 09:46:00,2011-12-08 12:07:00,2,8,110,109,1254,1661.44,207.68,,,0,0,0,0,0.0,0,Recent moderate purchasers and minimal cancellations
15215,2011-12-10,2011-09-04 12:24:00,2011-10-24 11:41:00,47,3,35,33,225,734.94,244.98,2011-01-26 17:25:00,2011-10-26 12:28:00,3,8,7,14,118.95,3,Recent moderate purchasers and some cancellation activity
15216,2011-12-10,2011-09-13 11:41:00,2011-09-13 11:41:00,88,1,2,2,28,96.6,96.6,,,0,0,0,0,0.0,2,Less recent infrequent purchasers
15218,2011-12-10,2011-01-25 11:20:00,2011-11-29 11:48:00,11,11,166,77,3329,5756.89,523.3536,,,0,0,0,0,0.0,0,Recent moderate purchasers and minimal cancellations
15219,2011-12-10,2011-06-16 16:57:00,2011-06-16 16:57:00,177,1,9,9,45,305.75,305.75,,,0,0,0,0,0.0,2,Less recent infrequent purchasers
15220,2011-12-10,2011-03-04 10:24:00,2011-10-19 12:39:00,52,6,117,110,1393,1778.96,296.4933,2011-04-27 15:12:00,2011-04-27 15:12:00,1,2,2,16,20.04,3,Recent moderate purchasers and some cancellation activity
15221,2011-12-10,2010-12-08 13:08:00,2010-12-08 13:08:00,367,1,5,5,43,403.25,403.25,2010-12-05 12:29:00,2010-12-05 12:29:00,1,6,6,18,289.15,3,Recent moderate purchasers and some cancellation activity
15222,2011-12-10,2011-01-25 08:03:00,2011-01-25 08:03:00,319,1,5,5,440,585.0,585.0,,,0,0,0,0,0.0,2,Less recent infrequent purchasers
15223,2011-12-10,2011-04-04 12:17:00,2011-04-28 11:31:00,226,2,20,14,213,755.75,377.875,2011-04-04 12:28:00,2011-04-04 12:28:00,1,12,12,115,300.85,3,Recent moderate purchasers and some cancellation activity
15224,2011-12-10,2010-12-12 12:34:00,2010-12-16 15:02:00,359,2,14,13,152,322.08,161.04,2010-12-12 11:23:00,2010-12-12 11:23:00,1,2,2,2,11.6,2,Less recent infrequent purchasers
15225,2011-12-10,2011-04-19 14:51:00,2011-04-19 14:51:00,235,1,23,23,226,409.4,409.4,,,0,0,0,0,0.0,2,Less recent infrequent purchasers
15226,2011-12-10,2011-02-02 11:41:00,2011-02-02 11:41:00,311,1,8,8,71,154.41,154.41,,,0,0,0,0,0.0,2,Less recent infrequent purchasers
15227,2011-12-10,2011-01-26 15:31:00,2011-11-03 11:59:00,37,5,58,43,750,1219.4,243.88,,,0,0,0,0,0.0,0,Recent moderate purchasers and minimal cancellations
15228,2011-12-10,2011-02-18 09:04:00,2011-10-04 13:56:00,67,4,125,110,2255,3386.71,846.6775,2011-08-08 12:11:00,2011-08-08 12:11:00,1,1,1,3,9.75,3,Recent moderate purchasers and some cancellation activity
15230,2011-12-10,2011-04-13 11:04:00,2011-04-14 14:39:00,240,2,23,23,351,429.6,214.8,,,0,0,0,0,0.0,2,Less recent infrequent purchasers
15232,2011-12-10,2011-07-22 12:21:00,2011-08-18 16:27:00,114,2,31,26,686,612.06,306.03,,,0,0,0,0,0.0,0,Recent moderate purchasers and minimal cancellations
15234,2011-12-10,2011-03-08 08:53:00,2011-03-08 08:53:00,277,1,14,14,196,197.0,197.0,,,0,0,0,0,0.0,2,Less recent infrequent purchasers
15235,2011-12-10,2010-12-01 17:22:00,2011-05-06 09:44:00,218,12,143,132,1324,2247.51,187.2925,,,0,0,0,0,0.0,0,Recent moderate purchasers and minimal cancellations
15236,2011-12-10,2011-02-14 10:52:00,2011-02-14 10:52:00,299,1,15,15,269,321.05,321.05,,,0,0,0,0,0.0,2,Less recent infrequent purchasers
15237,2011-12-10,2011-04-26 15:04:00,2011-12-08 09:46:00,2,4,99,94,1071,1412.32,353.08,,,0,0,0,0,0.0,0,Recent moderate purchasers and minimal cancellations
15238,2011-12-10,2011-06-08 16:00:00,2011-11-10 14:28:00,30,3,50,49,692,1071.99,357.33,2011-06-13 16:15:00,2011-06-17 11:10:00,2,2,2,3,15.45,3,Recent moderate purchasers and some cancellation activity
15239,2011-12-10,2011-09-22 09:53:00,2011-11-29 14:14:00,11,2,49,48,594,780.59,390.295,2011-10-13 12:18:00,2011-10-13 12:18:00,1,3,3,3,16.25,3,Recent moderate purchasers and some cancellation activity
15240,2011-12-10,2011-02-01 08:23:00,2011-10-26 09:50:00,45,5,78,58,1369,1706.57,341.314,2010-12-03 10:09:00,2011-02-11 16:32:00,2,5,5,8,21.0,3,Recent moderate purchasers and some cancellation activity
15241,2011-12-10,2011-03-01 11:02:00,2011-10-04 09:05:00,67,8,109,81,1817,1741.44,217.68,2011-03-07 13:00:00,2011-03-07 13:00:00,1,1,1,3,17.85,3,Recent moderate purchasers and some cancellation activity
15243,2011-12-10,2011-09-26 14:12:00,2011-09-26 14:12:00,75,1,22,22,185,316.68,316.68,,,0,0,0,0,0.0,2,Less recent infrequent purchasers
15244,2011-12-10,2011-04-05 15:12:00,2011-10-05 13:19:00,66,2,34,31,405,631.57,315.785,,,0,0,0,0,0.0,0,Recent moderate purchasers and minimal cancellations
15245,2011-12-10,2011-03-23 13:42:00,2011-07-28 18:56:00,135,3,89,55,1784,2515.84,838.6133,,,0,0,0,0,0.0,0,Recent moderate purchasers and minimal cancellations
15246,2011-12-10,2010-12-16 09:46:00,2011-04-15 14:45:00,239,2,33,32,247,514.15,257.075,,,0,0,0,0,0.0,2,Less recent infrequent purchasers
15247,2011-12-10,2011-08-09 12:52:00,2011-08-09 12:52:00,123,1,6,6,160,356.0,356.0,,,0,0,0,0,0.0,2,Less recent infrequent purchasers
15249,2011-12-10,2011-03-28 12:49:00,2011-11-08 11:45:00,32,13,350,211,3577,6688.46,514.4969,2011-05-12 19:35:00,2011-07-19 15:50:00,2,8,7,20,31.1,1,Recent high-activity purchasers and frequent cancellations
15251,2011-12-10,2011-04-12 10:38:00,2011-11-30 15:02:00,10,11,111,97,6171,10484.99,953.1809,2011-05-24 17:25:00,2011-11-08 16:20:00,4,10,10,87,157.88,1,Recent high-activity purchasers and frequent cancellations
15252,2011-12-10,2011-06-09 14:15:00,2011-11-03 13:30:00,37,2,44,44,522,740.78,370.39,,,0,0,0,0,0.0,0,Recent moderate purchasers and minimal cancellations
15253,2011-12-10,2011-06-23 12:19:00,2011-11-23 16:22:00,17,5,53,52,866,918.2,183.64,2011-09-21 09:50:00,2011-09-21 09:50:00,1,2,2,2,2.9,3,Recent moderate purchasers and some cancellation activity
15254,2011-12-10,2011-08-04 15:04:00,2011-08-04 15:04:00,128,1,18,18,275,300.36,300.36,,,0,0,0,0,0.0,2,Less recent infrequent purchasers
15255,2011-12-10,2011-10-04 12:43:00,2011-10-04 12:43:00,67,1,47,47,489,890.85,890.85,,,0,0,0,0,0.0,0,Recent moderate purchasers and minimal cancellations
15256,2011-12-10,2011-07-14 11:47:00,2011-07-14 11:47:00,149,1,6,6,55,98.45,98.45,,,0,0,0,0,0.0,2,Less recent infrequent purchasers
15257,2011-12-10,2011-03-01 12:58:00,2011-03-01 12:58:00,284,1,7,7,46,317.15,317.15,2011-03-03 13:57:00,2011-03-03 13:57:00,1,1,1,1,85.0,2,Less recent infrequent purchasers
15258,2011-12-10,2011-05-06 14:16:00,2011-06-24 12:30:00,169,2,34,32,142,623.16,311.58,,,0,0,0,0,0.0,2,Less recent infrequent purchasers
15260,2011-12-10,2010-12-02 12:09:00,2011-08-31 13:55:00,101,7,77,62,885,1810.77,258.6814,2011-07-21 17:32:00,2011-07-21 17:32:00,1,1,1,24,30.0,3,Recent moderate purchasers and some cancellation activity
15261,2011-12-10,2011-07-27 15:20:00,2011-07-27 15:20:00,136,1,19,19,270,254.82,254.82,,,0,0,0,0,0.0,2,Less recent infrequent purchasers
15262,2011-12-10,2011-01-20 12:16:00,2011-01-20 12:16:00,324,1,10,10,73,178.95,178.95,,,0,0,0,0,0.0,2,Less recent infrequent purchasers
15263,2011-12-10,2011-08-25 10:26:00,2011-08-25 10:26:00,107,1,12,12,89,156.51,156.51,,,0,0,0,0,0.0,2,Less recent infrequent purchasers
15264,2011-12-10,2011-10-06 13:49:00,2011-10-06 13:49:00,65,1,23,23,265,393.74,393.74,,,0,0,0,0,0.0,2,Less recent infrequent purchasers
15265,2011-12-10,2011-04-18 12:16:00,2011-07-11 14:46:00,152,2,82,76,612,1506.12,753.06,,,0,0,0,0,0.0,0,Recent moderate purchasers and minimal cancellations
15266,2011-12-10,2011-01-05 13:40:00,2011-01-05 13:40:00,339,1,6,6,18,119.3,119.3,,,0,0,0,0,0.0,2,Less recent infrequent purchasers
15267,2011-12-10,2011-06-10 10:24:00,2011-11-17 15:59:00,23,5,11,8,944,1717.36,343.472,,,0,0,0,0,0.0,0,Recent moderate purchasers and minimal cancellations
15269,2011-12-10,2011-11-16 09:32:00,2011-11-16 09:32:00,24,1,2,2,26,408.8,408.8,,,0,0,0,0,0.0,2,Less recent infrequent purchasers
15270,2011-12-10,2011-02-02 13:25:00,2011-11-24 09:24:00,16,7,41,22,1521,2379.49,339.9271,2011-02-11 17:13:00,2011-08-24 09:06:00,2,7,6,62,81.29,1,Recent high-activity purchasers and frequent cancellations
15271,2011-12-10,2010-12-09 13:47:00,2011-12-02 14:11:00,8,15,274,184,1262,2507.07,167.138,2011-11-08 16:25:00,2011-11-08 16:25:00,1,1,1,5,21.25,3,Recent moderate purchasers and some cancellation activity
15272,2011-12-10,2011-09-14 16:36:00,2011-10-13 12:59:00,58,2,63,63,310,721.94,360.97,,,0,0,0,0,0.0,0,Recent moderate purchasers and minimal cancellations
15274,2011-12-10,2011-11-21 14:17:00,2011-12-05 16:57:00,5,2,47,44,619,716.57,358.285,,,0,0,0,0,0.0,0,Recent moderate purchasers and minimal cancellations
15275,2011-12-10,2011-11-02 11:20:00,2011-11-02 11:20:00,38,1,41,41,498,615.14,615.14,2011-11-08 17:54:00,2011-11-08 17:54:00,1,1,1,1,5.95,3,Recent moderate purchasers and some cancellation activity
15276,2011-12-10,2011-10-04 16:39:00,2011-10-04 16:39:00,67,1,52,49,64,135.31,135.31,,,0,0,0,0,0.0,2,Less recent infrequent purchasers
15277,2011-12-10,2011-10-24 10:08:00,2011-10-24 10:08:00,47,1,12,12,205,255.9,255.9,,,0,0,0,0,0.0,2,Less recent infrequent purchasers
15279,2011-12-10,2010-12-20 10:48:00,2010-12-20 10:48:00,355,1,19,19,189,290.51,290.51,2010-12-09 14:58:00,2010-12-09 14:58:00,1,2,2,4,13.1,2,Less recent infrequent purchasers
15280,2011-12-10,2011-06-20 17:14:00,2011-06-20 17:14:00,173,1,16,16,154,113.12,113.12,,,0,0,0,0,0.0,2,Less recent infrequent purchasers
15281,2011-12-10,2011-01-10 15:51:00,2011-10-12 09:10:00,59,9,139,121,1211,2332.15,259.1278,2011-01-21 16:41:00,2011-06-06 11:38:00,3,11,11,18,92.2,1,Recent high-activity purchasers and frequent cancellations
15286,2011-12-10,2011-10-21 11:08:00,2011-10-21 11:08:00,50,1,3,3,55,240.55,240.55,,,0,0,0,0,0.0,2,Less recent infrequent purchasers
15287,2011-12-10,2011-09-30 12:30:00,2011-11-17 15:34:00,23,2,20,17,433,486.69,243.345,2011-10-28 12:27:00,2011-10-28 12:27:00,1,1,1,1,1.45,3,Recent moderate purchasers and some cancellation activity
15288,2011-12-10,2010-12-09 13:59:00,2011-10-27 16:58:00,44,5,88,80,775,2306.52,461.304,,,0,0,0,0,0.0,0,Recent moderate purchasers and minimal cancellations
15289,2011-12-10,2011-04-04 12:44:00,2011-11-10 13:49:00,30,3,58,43,1008,939.78,313.26,2011-07-27 13:13:00,2011-07-27 13:13:00,1,1,1,12,4.68,3,Recent moderate purchasers and some cancellation activity
15290,2011-12-10,2010-12-15 16:03:00,2011-12-05 11:39:00,5,18,203,92,4500,7928.22,440.4567,2011-02-22 10:00:00,2011-11-03 15:19:00,3,8,8,70,139.45,1,Recent high-activity purchasers and frequent cancellations
15291,2011-12-10,2010-12-01 09:32:00,2011-11-14 11:02:00,26,14,102,61,2102,4623.3,330.2357,2011-01-18 15:31:00,2011-06-20 17:18:00,5,6,6,29,71.79,1,Recent high-activity purchasers and frequent cancellations
15292,2011-12-10,2011-05-22 15:00:00,2011-05-22 15:00:00,202,1,25,24,56,180.94,180.94,,,0,0,0,0,0.0,2,Less recent infrequent purchasers
15296,2011-12-10,2011-01-17 11:57:00,2011-10-20 11:47:00,51,6,194,137,1766,3672.86,612.1433,2011-06-17 11:07:00,2011-10-26 16:33:00,4,6,3,9,62.55,1,Recent high-activity purchasers and frequent cancellations
15297,2011-12-10,2011-10-07 09:42:00,2011-11-29 16:32:00,11,3,39,30,292,641.94,213.98,2011-11-18 16:24:00,2011-11-18 16:24:00,1,2,2,2,6.9,3,Recent moderate purchasers and some cancellation activity
15298,2011-12-10,2010-12-08 13:55:00,2011-12-07 17:17:00,3,12,192,115,3116,4799.9,399.9917,2011-07-20 14:55:00,2011-11-15 11:20:00,2,2,2,364,1025.8,1,Recent high-activity purchasers and frequent cancellations
15299,2011-12-10,2010-12-02 16:48:00,2011-10-03 14:19:00,68,6,6,6,2947,3907.01,651.1683,2011-02-11 15:07:00,2011-04-14 10:29:00,2,3,3,6,71.92,3,Recent moderate purchasers and some cancellation activity
15300,2011-12-10,2011-10-06 17:08:00,2011-10-06 17:08:00,65,1,28,28,292,496.44,496.44,,,0,0,0,0,0.0,0,Recent moderate purchasers and minimal cancellations
15301,2011-12-10,2010-12-06 12:21:00,2011-10-20 09:57:00,51,12,243,167,2775,5070.35,422.5292,2011-08-24 09:15:00,2011-10-03 12:19:00,2,4,4,7,42.23,1,Recent high-activity purchasers and frequent cancellations
15303,2011-12-10,2011-02-22 13:59:00,2011-02-22 13:59:00,291,1,31,31,248,574.02,574.02,,,0,0,0,0,0.0,2,Less recent infrequent purchasers
15304,2011-12-10,2010-12-06 11:42:00,2011-10-10 10:23:00,61,8,23,8,104,694.4,86.8,2011-03-06 10:13:00,2011-06-29 12:36:00,2,3,3,4,14.1,3,Recent moderate purchasers and some cancellation activity
15306,2011-12-10,2011-07-14 15:22:00,2011-10-06 12:56:00,65,3,58,57,810,1174.35,391.45,,,0,0,0,0,0.0,0,Recent moderate purchasers and minimal cancellations
15307,2011-12-10,2011-09-05 11:38:00,2011-09-05 11:38:00,96,1,12,12,37,205.3,205.3,,,0,0,0,0,0.0,2,Less recent infrequent purchasers
15308,2011-12-10,2011-03-10 13:08:00,2011-03-10 13:08:00,275,1,19,19,175,310.47,310.47,2011-03-14 12:24:00,2011-03-14 12:24:00,1,2,2,2,8.2,2,Less recent infrequent purchasers
15311,2011-12-10,2010-12-01 09:41:00,2011-12-09 12:00:00,1,91,2379,567,38194,60767.9,667.7791,2010-12-01 09:49:00,2011-12-09 11:57:00,27,112,55,474,1348.56,1,Recent high-activity purchasers and frequent cancellations
15312,2011-12-10,2010-12-20 12:51:00,2011-09-25 13:10:00,76,4,47,42,516,924.85,231.2125,2010-12-20 11:01:00,2010-12-20 11:01:00,1,1,1,3,3.75,3,Recent moderate purchasers and some cancellation activity
15313,2011-12-10,2011-08-21 16:02:00,2011-08-21 16:02:00,111,1,1,1,25,52.0,52.0,,,0,0,0,0,0.0,2,Less recent infrequent purchasers
15314,2011-12-10,2011-05-24 14:39:00,2011-05-24 14:39:00,200,1,24,24,313,327.97,327.97,,,0,0,0,0,0.0,2,Less recent infrequent purchasers
15315,2011-12-10,2011-08-15 15:17:00,2011-10-06 12:51:00,65,2,37,35,862,570.5,285.25,2011-08-25 14:26:00,2011-08-25 14:26:00,1,1,1,24,18.96,3,Recent moderate purchasers and some cancellation activity
15316,2011-12-10,2011-01-17 11:34:00,2011-01-17 11:34:00,327,1,1,1,100,165.0,165.0,,,0,0,0,0,0.0,2,Less recent infrequent purchasers
15318,2011-12-10,2011-12-06 11:30:00,2011-12-06 11:30:00,4,1,33,33,642,312.62,312.62,,,0,0,0,0,0.0,0,Recent moderate purchasers and minimal cancellations
15319,2011-12-10,2011-03-01 12:48:00,2011-03-01 12:48:00,284,1,16,16,175,204.5,204.5,,,0,0,0,0,0.0,2,Less recent infrequent purchasers
15320,2011-12-10,2011-10-26 13:27:00,2011-10-26 13:27:00,45,1,36,36,326,267.13,267.13,,,0,0,0,0,0.0,0,Recent moderate purchasers and minimal cancellations
15321,2011-12-10,2011-02-21 11:10:00,2011-09-30 09:40:00,71,3,95,83,1181,2748.31,916.1033,2011-10-21 13:58:00,2011-10-21 13:58:00,1,11,10,18,97.58,1,Recent high-activity purchasers and frequent cancellations
15322,2011-12-10,2011-09-15 09:34:00,2011-09-15 09:34:00,86,1,42,42,416,679.68,679.68,2011-10-06 20:38:00,2011-10-06 20:38:00,1,7,6,51,76.71,3,Recent moderate purchasers and some cancellation activity
15325,2011-12-10,2011-08-28 11:55:00,2011-08-28 11:55:00,104,1,49,47,232,162.29,162.29,,,0,0,0,0,0.0,2,Less recent infrequent purchasers
15326,2011-12-10,2011-01-10 11:38:00,2011-01-10 11:38:00,334,1,29,29,386,311.71,311.71,,,0,0,0,0,0.0,2,Less recent infrequent purchasers
15327,2011-12-10,2011-10-18 11:55:00,2011-10-18 11:55:00,53,1,10,10,116,208.75,208.75,,,0,0,0,0,0.0,2,Less recent infrequent purchasers
15329,2011-12-10,2011-06-21 10:37:00,2011-10-31 15:36:00,40,3,57,51,486,1049.7,349.9,2010-12-09 15:43:00,2011-11-04 12:56:00,2,4,4,6,42.2,3,Recent moderate purchasers and some cancellation activity
15330,2011-12-10,2011-10-10 12:30:00,2011-11-07 17:50:00,33,2,13,10,1312,714.96,357.48,,,0,0,0,0,0.0,0,Recent moderate purchasers and minimal cancellations
15332,2011-12-10,2010-12-05 12:00:00,2010-12-08 14:43:00,367,4,35,29,652,1661.06,415.265,,,0,0,0,0,0.0,0,Recent moderate purchasers and minimal cancellations
15333,2011-12-10,2011-05-15 13:27:00,2011-05-15 13:27:00,209,1,16,16,344,1028.56,1028.56,,,0,0,0,0,0.0,0,Recent moderate purchasers and minimal cancellations
15334,2011-12-10,2011-06-19 13:51:00,2011-07-06 11:22:00,157,3,98,66,273,348.72,116.24,,,0,0,0,0,0.0,0,Recent moderate purchasers and minimal cancellations
15335,2011-12-10,2011-10-17 12:50:00,2011-10-17 12:50:00,54,1,36,34,80,173.97,173.97,,,0,0,0,0,0.0,2,Less recent infrequent purchasers
15339,2011-12-10,2011-01-25 13:15:00,2011-10-04 12:51:00,67,2,86,77,416,574.07,287.035,2011-10-04 10:37:00,2011-10-04 10:37:00,1,2,2,2,16.5,3,Recent moderate purchasers and some cancellation activity
15341,2011-12-10,2011-09-20 09:40:00,2011-09-20 09:40:00,81,1,17,17,812,2020.52,2020.52,,,0,0,0,0,0.0,0,Recent moderate purchasers and minimal cancellations
15342,2011-12-10,2011-08-02 10:19:00,2011-08-02 10:19:00,130,1,24,24,283,406.09,406.09,2011-08-15 16:20:00,2011-08-15 16:20:00,1,2,2,7,14.33,3,Recent moderate purchasers and some cancellation activity
15343,2011-12-10,2011-09-13 13:55:00,2011-09-13 13:55:00,88,1,21,21,84,364.5,364.5,,,0,0,0,0,0.0,2,Less recent infrequent purchasers
15344,2011-12-10,2011-09-26 14:48:00,2011-12-09 10:45:00,1,3,26,21,116,563.94,187.98,2011-10-07 09:53:00,2011-11-16 13:56:00,2,6,5,10,87.36,3,Recent moderate purchasers and some cancellation activity
15345,2011-12-10,2011-10-25 11:28:00,2011-10-25 11:28:00,46,1,20,20,81,393.54,393.54,2011-11-04 13:24:00,2011-11-04 13:24:00,1,3,3,3,25.85,3,Recent moderate purchasers and some cancellation activity
15346,2011-12-10,2011-01-11 11:18:00,2011-01-11 11:18:00,333,1,17,17,144,252.42,252.42,,,0,0,0,0,0.0,2,Less recent infrequent purchasers
15347,2011-12-10,2010-12-08 15:25:00,2010-12-08 15:25:00,367,1,5,5,130,201.6,201.6,,,0,0,0,0,0.0,2,Less recent infrequent purchasers
15348,2011-12-10,2011-09-28 13:17:00,2011-09-28 13:17:00,73,1,9,9,84,158.04,158.04,,,0,0,0,0,0.0,2,Less recent infrequent purchasers
15349,2011-12-10,2011-06-05 15:46:00,2011-07-04 16:06:00,159,2,72,65,327,473.81,236.905,,,0,0,0,0,0.0,0,Recent moderate purchasers and minimal cancellations
15350,2011-12-10,2010-12-01 13:33:00,2010-12-01 13:33:00,374,1,5,5,51,115.65,115.65,,,0,0,0,0,0.0,2,Less recent infrequent purchasers
15351,2011-12-10,2010-12-05 11:49:00,2011-11-27 12:52:00,13,7,225,157,753,1960.11,280.0157,2010-12-05 10:48:00,2011-11-27 12:44:00,3,8,7,21,97.97,1,Recent high-activity purchasers and frequent cancellations
15353,2011-12-10,2010-12-07 11:49:00,2011-03-30 12:15:00,255,2,63,59,343,777.02,388.51,,,0,0,0,0,0.0,0,Recent moderate purchasers and minimal cancellations
15355,2011-12-10,2011-10-17 15:22:00,2011-11-10 13:44:00,30,2,14,9,45,277.05,138.525,,,0,0,0,0,0.0,2,Less recent infrequent purchasers
15356,2011-12-10,2010-12-06 14:05:00,2011-11-08 13:11:00,32,10,519,215,1673,2766.5,276.65,,,0,0,0,0,0.0,0,Recent moderate purchasers and minimal cancellations
15358,2011-12-10,2010-12-09 10:04:00,2011-12-05 09:04:00,5,22,551,292,7050,8347.2,379.4182,2010-12-22 15:13:00,2011-11-10 11:48:00,7,10,8,123,112.4,1,Recent high-activity purchasers and frequent cancellations
15360,2011-12-10,2011-10-31 09:35:00,2011-10-31 09:35:00,40,1,13,13,223,427.93,427.93,,,0,0,0,0,0.0,2,Less recent infrequent purchasers
15361,2011-12-10,2010-12-13 09:52:00,2010-12-13 09:52:00,362,1,7,7,336,418.92,418.92,,,0,0,0,0,0.0,2,Less recent infrequent purchasers
15363,2011-12-10,2010-12-02 12:28:00,2010-12-02 12:28:00,373,1,16,16,144,326.0,326.0,2011-04-12 15:48:00,2011-04-12 15:48:00,1,1,1,1,7.95,2,Less recent infrequent purchasers
15364,2011-12-10,2011-03-30 13:39:00,2011-09-05 09:46:00,96,2,29,29,493,913.19,456.595,,,0,0,0,0,0.0,0,Recent moderate purchasers and minimal cancellations
15365,2011-12-10,2011-01-28 13:08:00,2011-11-14 08:29:00,26,7,114,65,1084,2314.32,330.6171,2011-10-06 19:51:00,2011-10-06 19:51:00,1,36,36,325,765.15,1,Recent high-activity purchasers and frequent cancellations
15366,2011-12-10,2010-12-16 15:59:00,2011-09-25 15:01:00,76,2,44,37,621,602.51,301.255,,,0,0,0,0,0.0,0,Recent moderate purchasers and minimal cancellations
15367,2011-12-10,2011-03-09 13:53:00,2011-10-13 14:13:00,58,4,95,91,1057,1877.59,469.3975,2011-05-20 12:21:00,2011-05-20 12:21:00,1,1,1,2,9.9,3,Recent moderate purchasers and some cancellation activity
15368,2011-12-10,2011-11-18 14:42:00,2011-11-18 14:42:00,22,1,4,4,230,446.94,446.94,,,0,0,0,0,0.0,2,Less recent infrequent purchasers
15370,2011-12-10,2011-01-11 11:32:00,2011-10-30 10:58:00,41,7,94,65,830,2386.05,340.8643,2011-07-28 19:14:00,2011-07-28 19:14:00,1,1,1,2,25.5,3,Recent moderate purchasers and some cancellation activity
15372,2011-12-10,2011-07-25 16:39:00,2011-07-25 16:39:00,138,1,27,27,2924,2007.4,2007.4,,,0,0,0,0,0.0,0,Recent moderate purchasers and minimal cancellations
15373,2011-12-10,2010-12-03 14:40:00,2011-12-01 15:05:00,9,12,132,74,500,2415.91,201.3258,2011-01-04 15:46:00,2011-01-04 15:46:00,1,5,5,24,202.8,1,Recent high-activity purchasers and frequent cancellations
15374,2011-12-10,2011-08-03 09:59:00,2011-08-03 09:59:00,129,1,3,3,126,168.0,168.0,,,0,0,0,0,0.0,2,Less recent infrequent purchasers
15376,2011-12-10,2011-05-01 13:45:00,2011-10-30 15:04:00,41,3,117,100,619,1233.36,411.12,,,0,0,0,0,0.0,0,Recent moderate purchasers and minimal cancellations
15379,2011-12-10,2010-12-16 13:02:00,2011-06-23 13:13:00,170,7,194,145,2305,3703.29,529.0414,2011-01-04 11:08:00,2011-01-04 11:08:00,1,2,2,12,71.4,3,Recent moderate purchasers and some cancellation activity
15380,2011-12-10,2010-12-09 15:01:00,2011-12-01 12:13:00,9,5,36,22,376,1690.26,338.052,2011-09-14 10:07:00,2011-09-14 10:07:00,1,1,1,2,7.9,3,Recent moderate purchasers and some cancellation activity
15381,2011-12-10,2011-03-16 13:44:00,2011-05-10 11:55:00,214,2,8,8,171,596.85,298.425,,,0,0,0,0,0.0,2,Less recent infrequent purchasers
15382,2011-12-10,2011-02-17 12:01:00,2011-11-25 10:58:00,15,6,302,193,4012,5955.71,992.6183,2011-05-04 10:10:00,2011-06-13 15:32:00,2,4,4,9,27.85,1,Recent high-activity purchasers and frequent cancellations
15384,2011-12-10,2010-12-15 11:34:00,2011-06-23 10:57:00,170,2,41,34,596,642.41,321.205,2010-12-02 17:27:00,2010-12-02 17:27:00,1,2,2,3,6.65,3,Recent moderate purchasers and some cancellation activity
15385,2011-12-10,2011-10-30 15:11:00,2011-10-30 15:11:00,41,1,12,12,161,316.88,316.88,,,0,0,0,0,0.0,2,Less recent infrequent purchasers
15386,2011-12-10,2011-06-06 13:47:00,2011-06-06 13:47:00,187,1,31,31,446,394.14,394.14,,,0,0,0,0,0.0,0,Recent moderate purchasers and minimal cancellations
15388,2011-12-10,2011-03-14 13:53:00,2011-03-14 13:53:00,271,1,10,10,88,140.54,140.54,,,0,0,0,0,0.0,2,Less recent infrequent purchasers
15389,2011-12-10,2011-06-20 16:18:00,2011-06-20 16:18:00,173,1,1,1,400,500.0,500.0,,,0,0,0,0,0.0,2,Less recent infrequent purchasers
15392,2011-12-10,2010-12-14 15:50:00,2011-12-05 11:01:00,5,4,84,74,1277,1535.53,383.8825,2010-12-16 17:33:00,2010-12-16 17:33:00,1,1,1,12,19.8,3,Recent moderate purchasers and some cancellation activity
15393,2011-12-10,2011-03-03 16:58:00,2011-11-23 16:48:00,17,2,12,10,150,231.86,115.93,,,0,0,0,0,0.0,2,Less recent infrequent purchasers
15394,2011-12-10,2010-12-16 12:46:00,2011-11-30 11:49:00,10,4,85,54,910,2183.54,545.885,,,0,0,0,0,0.0,0,Recent moderate purchasers and minimal cancellations
15395,2011-12-10,2011-01-18 12:40:00,2011-01-18 12:40:00,326,1,7,7,17,107.45,107.45,,,0,0,0,0,0.0,2,Less recent infrequent purchasers
15396,2011-12-10,2011-08-19 10:56:00,2011-08-19 10:56:00,113,1,14,14,122,288.18,288.18,,,0,0,0,0,0.0,2,Less recent infrequent purchasers
15397,2011-12-10,2011-02-23 09:25:00,2011-02-23 09:25:00,290,1,6,6,20,94.0,94.0,,,0,0,0,0,0.0,2,Less recent infrequent purchasers
15398,2011-12-10,2011-09-22 14:56:00,2011-11-23 16:47:00,17,2,73,60,769,1345.53,672.765,2011-09-27 09:51:00,2011-09-27 09:51:00,1,1,1,2,5.9,3,Recent moderate purchasers and some cancellation activity
15399,2011-12-10,2011-09-21 15:57:00,2011-12-08 13:04:00,2,3,50,45,611,815.77,271.9233,,,0,0,0,0,0.0,0,Recent moderate purchasers and minimal cancellations
15400,2011-12-10,2011-03-06 11:27:00,2011-09-08 13:57:00,93,5,12,10,390,716.2,143.24,2011-06-15 14:03:00,2011-06-15 14:03:00,1,1,1,30,49.5,3,Recent moderate purchasers and some cancellation activity
15402,2011-12-10,2011-05-27 13:32:00,2011-07-14 12:17:00,149,2,41,34,693,626.35,313.175,,,0,0,0,0,0.0,0,Recent moderate purchasers and minimal cancellations
15405,2011-12-10,2011-06-03 14:44:00,2011-06-03 14:44:00,190,1,8,8,193,349.1,349.1,,,0,0,0,0,0.0,2,Less recent infrequent purchasers
15406,2011-12-10,2011-02-11 16:19:00,2011-11-08 13:22:00,32,2,53,51,254,510.71,255.355,2011-11-18 09:58:00,2011-11-21 16:14:00,2,5,4,18,84.1,3,Recent moderate purchasers and some cancellation activity
15407,2011-12-10,2011-02-07 13:18:00,2011-11-06 11:55:00,34,4,153,142,558,1056.44,264.11,,,0,0,0,0,0.0,0,Recent moderate purchasers and minimal cancellations
15408,2011-12-10,2011-03-20 15:02:00,2011-03-20 15:02:00,265,1,34,34,106,267.18,267.18,,,0,0,0,0,0.0,2,Less recent infrequent purchasers
15410,2011-12-10,2011-03-23 10:15:00,2011-09-16 14:47:00,85,8,122,48,1200,3450.84,431.355,,,0,0,0,0,0.0,0,Recent moderate purchasers and minimal cancellations
15411,2011-12-10,2011-06-10 12:30:00,2011-11-13 15:19:00,27,4,99,86,530,1358.88,339.72,2011-10-24 16:07:00,2011-10-24 16:07:00,1,1,1,2,12.5,3,Recent moderate purchasers and some cancellation activity
15412,2011-12-10,2011-06-21 15:24:00,2011-06-21 15:24:00,172,1,10,10,108,190.53,190.53,,,0,0,0,0,0.0,2,Less recent infrequent purchasers
15414,2011-12-10,2011-04-11 13:45:00,2011-11-30 09:50:00,10,3,38,36,442,759.9,253.3,,,0,0,0,0,0.0,0,Recent moderate purchasers and minimal cancellations
15415,2011-12-10,2011-01-30 14:13:00,2011-01-30 14:13:00,314,1,48,46,575,572.81,572.81,,,0,0,0,0,0.0,0,Recent moderate purchasers and minimal cancellations
15416,2011-12-10,2011-03-02 08:41:00,2011-10-06 09:38:00,65,4,192,165,2090,3984.32,996.08,2011-07-12 11:13:00,2011-07-12 11:13:00,1,1,1,1,9.95,3,Recent moderate purchasers and some cancellation activity
15417,2011-12-10,2011-09-15 15:26:00,2011-09-15 15:26:00,86,1,28,28,284,508.8,508.8,,,0,0,0,0,0.0,0,Recent moderate purchasers and minimal cancellations
15419,2011-12-10,2011-11-15 09:23:00,2011-11-15 09:23:00,25,1,8,8,230,135.86,135.86,,,0,0,0,0,0.0,2,Less recent infrequent purchasers
15421,2011-12-10,2011-02-02 14:36:00,2011-10-12 09:20:00,59,4,53,40,500,950.36,237.59,,,0,0,0,0,0.0,0,Recent moderate purchasers and minimal cancellations
15422,2011-12-10,2011-01-20 14:17:00,2011-01-20 16:17:00,324,2,6,6,38,97.7,48.85,,,0,0,0,0,0.0,2,Less recent infrequent purchasers
15423,2011-12-10,2011-11-01 14:01:00,2011-11-01 14:01:00,39,1,1,1,100,36.0,36.0,,,0,0,0,0,0.0,2,Less recent infrequent purchasers
15424,2011-12-10,2011-03-30 13:00:00,2011-03-30 13:02:00,255,2,17,17,554,383.34,191.67,,,0,0,0,0,0.0,2,Less recent infrequent purchasers
15426,2011-12-10,2010-12-05 13:55:00,2011-11-20 15:36:00,20,5,292,217,674,1447.39,289.478,2010-12-06 14:22:00,2011-11-06 11:44:00,2,8,8,11,17.49,1,Recent high-activity purchasers and frequent cancellations
15427,2011-12-10,2011-10-23 14:47:00,2011-11-06 14:29:00,34,3,306,233,1013,1483.14,494.38,,,0,0,0,0,0.0,0,Recent moderate purchasers and minimal cancellations
15428,2011-12-10,2011-11-24 16:54:00,2011-11-24 16:54:00,16,1,6,6,102,93.78,93.78,,,0,0,0,0,0.0,2,Less recent infrequent purchasers
15429,2011-12-10,2011-09-25 13:42:00,2011-11-13 12:28:00,27,2,82,77,380,397.35,198.675,2011-09-25 13:55:00,2011-09-25 13:55:00,1,1,1,11,32.45,3,Recent moderate purchasers and some cancellation activity
15432,2011-12-10,2011-11-16 16:30:00,2011-11-16 16:30:00,24,1,10,10,65,171.19,171.19,,,0,0,0,0,0.0,2,Less recent infrequent purchasers
15433,2011-12-10,2011-03-17 14:12:00,2011-05-10 10:45:00,214,2,41,40,534,533.3,266.65,2011-09-21 16:24:00,2011-09-21 16:24:00,1,12,12,135,115.43,3,Recent moderate purchasers and some cancellation activity
15434,2011-12-10,2011-05-23 14:18:00,2011-12-01 13:33:00,9,5,55,40,647,1041.48,208.296,2011-05-24 16:55:00,2011-05-24 16:55:00,1,4,4,9,44.0,3,Recent moderate purchasers and some cancellation activity
15435,2011-12-10,2011-11-17 16:39:00,2011-11-17 16:39:00,23,1,29,29,54,149.29,149.29,,,0,0,0,0,0.0,2,Less recent infrequent purchasers
15436,2011-12-10,2011-04-19 16:52:00,2011-11-27 16:05:00,13,3,329,243,613,1122.53,374.1767,,,0,0,0,0,0.0,0,Recent moderate purchasers and minimal cancellations
15437,2011-12-10,2011-03-22 13:11:00,2011-03-22 13:11:00,263,1,45,44,79,200.16,200.16,,,0,0,0,0,0.0,2,Less recent infrequent purchasers
15438,2011-12-10,2011-07-31 14:19:00,2011-07-31 14:19:00,132,1,25,25,59,156.58,156.58,,,0,0,0,0,0.0,2,Less recent infrequent purchasers
15440,2011-12-10,2011-05-15 11:30:00,2011-10-16 12:16:00,55,3,62,50,197,383.68,127.8933,,,0,0,0,0,0.0,0,Recent moderate purchasers and minimal cancellations
15442,2011-12-10,2011-04-05 12:24:00,2011-04-05 12:24:00,249,1,2,2,120,594.0,594.0,,,0,0,0,0,0.0,2,Less recent infrequent purchasers
15443,2011-12-10,2011-01-23 13:25:00,2011-12-08 10:40:00,2,7,382,237,1663,3236.91,462.4157,2011-09-19 16:59:00,2011-09-19 16:59:00,1,3,3,3,24.75,3,Recent moderate purchasers and some cancellation activity
15444,2011-12-10,2011-10-30 16:12:00,2011-11-30 17:37:00,10,2,219,191,764,1418.26,709.13,,,0,0,0,0,0.0,0,Recent moderate purchasers and minimal cancellations
15445,2011-12-10,2011-03-20 15:06:00,2011-03-20 15:06:00,265,1,5,5,58,113.5,113.5,,,0,0,0,0,0.0,2,Less recent infrequent purchasers
15447,2011-12-10,2011-01-13 11:26:00,2011-01-13 11:26:00,331,1,9,9,85,155.17,155.17,,,0,0,0,0,0.0,2,Less recent infrequent purchasers
15448,2011-12-10,2011-01-31 10:42:00,2011-01-31 10:42:00,313,1,28,28,232,494.64,494.64,,,0,0,0,0,0.0,2,Less recent infrequent purchasers
15449,2011-12-10,2011-03-23 10:43:00,2011-11-13 15:02:00,27,3,60,47,812,974.52,324.84,2011-04-11 13:36:00,2011-09-15 16:22:00,2,2,2,2,3.3,3,Recent moderate purchasers and some cancellation activity
15450,2011-12-10,2011-11-09 17:11:00,2011-11-09 17:11:00,31,1,30,30,376,429.84,429.84,,,0,0,0,0,0.0,0,Recent moderate purchasers and minimal cancellations
15452,2011-12-10,2011-03-20 15:21:00,2011-11-10 12:13:00,30,3,58,47,283,538.73,179.5767,,,0,0,0,0,0.0,0,Recent moderate purchasers and minimal cancellations
15453,2011-12-10,2011-06-05 12:37:00,2011-12-08 10:59:00,2,7,286,169,845,1388.37,198.3386,,,0,0,0,0,0.0,0,Recent moderate purchasers and minimal cancellations
15454,2011-12-10,2010-12-12 14:21:00,2010-12-12 14:21:00,363,1,25,23,86,179.1,179.1,,,0,0,0,0,0.0,2,Less recent infrequent purchasers
15456,2011-12-10,2010-12-15 15:34:00,2011-03-01 13:51:00,284,3,60,48,660,447.22,149.0733,,,0,0,0,0,0.0,0,Recent moderate purchasers and minimal cancellations
15457,2011-12-10,2011-03-22 15:31:00,2011-03-22 15:31:00,263,1,58,56,132,237.07,237.07,,,0,0,0,0,0.0,2,Less recent infrequent purchasers
15458,2011-12-10,2011-11-14 13:08:00,2011-11-14 13:08:00,26,1,7,7,156,161.64,161.64,,,0,0,0,0,0.0,2,Less recent infrequent purchasers
15460,2011-12-10,2010-12-20 16:08:00,2010-12-20 16:08:00,355,1,58,53,109,216.76,216.76,,,0,0,0,0,0.0,2,Less recent infrequent purchasers
15462,2011-12-10,2011-06-05 15:36:00,2011-09-06 13:11:00,95,3,11,9,172,234.6,78.2,,,0,0,0,0,0.0,2,Less recent infrequent purchasers
15463,2011-12-10,2011-11-10 12:57:00,2011-11-10 12:57:00,30,1,7,7,106,126.14,126.14,,,0,0,0,0,0.0,2,Less recent infrequent purchasers
15464,2011-12-10,2011-01-05 15:56:00,2011-01-05 15:56:00,339,1,157,155,350,1048.85,1048.85,,,0,0,0,0,0.0,0,Recent moderate purchasers and minimal cancellations
15465,2011-12-10,2010-12-05 10:12:00,2011-11-20 10:11:00,20,18,97,43,1257,7354.62,408.59,2011-02-20 10:30:00,2011-09-19 15:54:00,6,7,2,40,409.6,1,Recent high-activity purchasers and frequent cancellations
15466,2011-12-10,2011-09-15 14:08:00,2011-09-15 14:08:00,86,1,57,56,246,334.53,334.53,,,0,0,0,0,0.0,0,Recent moderate purchasers and minimal cancellations
15467,2011-12-10,2011-07-10 14:42:00,2011-11-30 14:17:00,10,3,52,41,310,524.88,174.96,2011-11-30 14:16:00,2011-11-30 14:16:00,1,1,1,4,13.0,3,Recent moderate purchasers and some cancellation activity
15468,2011-12-10,2011-10-19 13:38:00,2011-10-19 13:49:00,52,2,24,24,155,467.51,233.755,2010-12-14 10:50:00,2011-11-04 13:11:00,3,5,5,5,29.05,3,Recent moderate purchasers and some cancellation activity
15469,2011-12-10,2011-08-11 16:54:00,2011-10-20 16:21:00,51,2,24,24,153,538.55,269.275,2011-08-24 09:07:00,2011-10-27 19:16:00,2,3,3,3,34.05,3,Recent moderate purchasers and some cancellation activity
15471,2011-12-10,2011-12-07 14:12:00,2011-12-07 14:12:00,3,1,77,67,266,469.48,469.48,,,0,0,0,0,0.0,0,Recent moderate purchasers and minimal cancellations
15472,2011-12-10,2011-08-18 15:17:00,2011-08-18 15:17:00,114,1,76,76,251,371.56,371.56,,,0,0,0,0,0.0,0,Recent moderate purchasers and minimal cancellations
15473,2011-12-10,2011-10-10 11:12:00,2011-11-25 15:15:00,15,7,11,4,672,1771.2,253.0286,2011-10-12 14:44:00,2011-10-12 14:55:00,3,3,2,120,306.0,3,Recent moderate purchasers and some cancellation activity
15475,2011-12-10,2011-09-23 15:20:00,2011-09-23 15:20:00,78,1,29,29,319,454.11,454.11,,,0,0,0,0,0.0,0,Recent moderate purchasers and minimal cancellations
15478,2011-12-10,2011-10-14 11:09:00,2011-10-30 14:19:00,41,2,46,34,585,1441.42,720.71,,,0,0,0,0,0.0,0,Recent moderate purchasers and minimal cancellations
15480,2011-12-10,2011-08-15 14:32:00,2011-08-15 14:32:00,117,1,45,45,303,905.5,905.5,,,0,0,0,0,0.0,0,Recent moderate purchasers and minimal cancellations
15482,2011-12-10,2010-12-16 10:08:00,2011-11-24 10:46:00,16,11,97,45,5019,11014.96,1001.36,2011-10-25 17:29:00,2011-11-24 10:40:00,4,29,24,2022,4486.24,1,Recent high-activity purchasers and frequent cancellations
15483,2011-12-10,2011-03-18 12:26:00,2011-07-01 13:07:00,162,4,88,74,295,233.81,58.4525,,,0,0,0,0,0.0,0,Recent moderate purchasers and minimal cancellations
15484,2011-12-10,2011-09-22 13:31:00,2011-12-08 15:03:00,2,4,188,135,3152,3594.31,898.5775,2011-11-30 14:48:00,2011-11-30 14:48:00,1,1,1,16,31.2,3,Recent moderate purchasers and some cancellation activity
15485,2011-12-10,2010-12-01 13:23:00,2011-11-09 14:31:00,31,3,86,59,1306,2575.0,858.3333,,,0,0,0,0,0.0,0,Recent moderate purchasers and minimal cancellations
15488,2011-12-10,2011-09-08 10:11:00,2011-09-08 10:11:00,93,1,1,1,72,76.32,76.32,,,0,0,0,0,0.0,2,Less recent infrequent purchasers
15489,2011-12-10,2011-05-12 12:54:00,2011-11-17 08:53:00,23,3,50,47,608,1134.28,378.0933,2011-11-01 09:55:00,2011-11-01 09:55:00,1,5,5,15,44.25,3,Recent moderate purchasers and some cancellation activity
15491,2011-12-10,2011-04-18 10:04:00,2011-09-05 15:56:00,96,6,153,107,1645,3085.09,514.1817,2011-06-10 17:21:00,2011-06-10 17:21:00,1,1,1,22,9.24,3,Recent moderate purchasers and some cancellation activity
15492,2011-12-10,2011-09-26 14:02:00,2011-11-11 14:53:00,29,2,35,32,483,659.46,329.73,,,0,0,0,0,0.0,0,Recent moderate purchasers and minimal cancellations
15493,2011-12-10,2011-03-14 11:44:00,2011-11-07 12:04:00,33,5,297,177,560,2001.8,400.36,2011-03-14 14:28:00,2011-07-13 11:32:00,2,2,2,5,34.55,3,Recent moderate purchasers and some cancellation activity
15494,2011-12-10,2011-08-10 15:29:00,2011-11-18 14:51:00,22,2,125,120,1148,1299.23,649.615,,,0,0,0,0,0.0,0,Recent moderate purchasers and minimal cancellations
15497,2011-12-10,2011-01-24 10:01:00,2011-11-22 11:51:00,18,2,15,13,624,1262.2,631.1,2011-01-31 11:33:00,2011-01-31 11:33:00,1,1,1,2,2.5,3,Recent moderate purchasers and some cancellation activity
15498,2011-12-10,2010-12-08 12:29:00,2011-12-07 12:48:00,3,27,512,360,6105,13316.4,493.2,2010-12-07 12:34:00,2011-09-21 10:15:00,6,9,5,19,574.67,1,Recent high-activity purchasers and frequent cancellations
15500,2011-12-10,2011-09-19 13:47:00,2011-12-01 13:47:00,9,4,68,64,572,1131.56,282.89,,,0,0,0,0,0.0,0,Recent moderate purchasers and minimal cancellations
15502,2011-12-10,2010-12-05 15:40:00,2011-11-24 12:48:00,16,10,209,163,4232,6923.98,692.398,2010-12-06 14:43:00,2011-11-23 10:50:00,9,34,25,407,1375.4,1,Recent high-activity purchasers and frequent cancellations
15503,2011-12-10,2010-12-12 10:57:00,2010-12-12 10:57:00,363,1,70,66,74,147.09,147.09,,,0,0,0,0,0.0,2,Less recent infrequent purchasers
15504,2011-12-10,2011-09-19 13:45:00,2011-09-19 13:45:00,82,1,13,13,33,52.83,52.83,,,0,0,0,0,0.0,2,Less recent infrequent purchasers
15505,2011-12-10,2011-07-07 13:33:00,2011-10-18 07:56:00,53,5,97,90,2390,3610.96,722.192,2011-09-27 16:45:00,2011-10-06 20:11:00,2,2,2,42,113.82,3,Recent moderate purchasers and some cancellation activity
15506,2011-12-10,2011-07-24 11:45:00,2011-11-17 12:11:00,23,3,164,121,848,979.26,326.42,,,0,0,0,0,0.0,0,Recent moderate purchasers and minimal cancellations
15507,2011-12-10,2011-06-21 11:19:00,2011-06-21 11:19:00,172,1,46,41,162,492.36,492.36,,,0,0,0,0,0.0,0,Recent moderate purchasers and minimal cancellations
15508,2011-12-10,2011-04-18 15:31:00,2011-06-03 15:43:00,190,6,92,78,440,1000.27,166.7117,,,0,0,0,0,0.0,0,Recent moderate purchasers and minimal cancellations
15510,2011-12-10,2011-01-13 12:10:00,2011-01-13 12:10:00,331,1,1,1,2,250.0,250.0,,,0,0,0,0,0.0,2,Less recent infrequent purchasers
15511,2011-12-10,2011-09-15 15:05:00,2011-11-28 09:43:00,12,5,160,117,271,909.23,181.846,,,0,0,0,0,0.0,0,Recent moderate purchasers and minimal cancellations
15512,2011-12-10,2010-12-15 12:01:00,2011-07-07 10:20:00,156,2,7,7,68,121.0,60.5,,,0,0,0,0,0.0,2,Less recent infrequent purchasers
15513,2011-12-10,2010-12-01 11:22:00,2011-11-06 14:36:00,34,19,308,183,5709,14758.22,776.7484,2011-02-07 15:52:00,2011-11-08 16:21:00,3,6,6,164,238.14,1,Recent high-activity purchasers and frequent cancellations
15514,2011-12-10,2010-12-10 13:50:00,2011-11-27 14:40:00,13,11,178,96,2160,4139.46,376.3145,2010-12-10 13:52:00,2010-12-10 14:03:00,2,40,23,369,1176.27,1,Recent high-activity purchasers and frequent cancellations
15516,2011-12-10,2011-10-24 11:33:00,2011-10-26 10:51:00,45,3,15,15,27,62.43,20.81,,,0,0,0,0,0.0,2,Less recent infrequent purchasers
15517,2011-12-10,2011-04-20 14:02:00,2011-04-20 14:02:00,234,1,27,27,293,267.03,267.03,,,0,0,0,0,0.0,2,Less recent infrequent purchasers
15518,2011-12-10,2011-01-11 12:55:00,2011-10-06 13:05:00,65,8,214,135,1273,1942.45,242.8063,2011-01-11 12:50:00,2011-08-07 13:09:00,4,5,5,10,23.8,1,Recent high-activity purchasers and frequent cancellations
15520,2011-12-10,2011-12-08 10:58:00,2011-12-08 10:58:00,2,1,18,18,314,343.5,343.5,,,0,0,0,0,0.0,2,Less recent infrequent purchasers
15521,2011-12-10,2011-03-30 09:15:00,2011-10-30 13:42:00,41,8,185,116,1836,3000.2,375.025,2011-09-06 10:42:00,2011-11-03 13:52:00,4,14,14,161,300.55,1,Recent high-activity purchasers and frequent cancellations
15522,2011-12-10,2011-09-13 12:26:00,2011-11-07 11:26:00,33,2,57,47,573,398.84,199.42,,,0,0,0,0,0.0,0,Recent moderate purchasers and minimal cancellations
15523,2011-12-10,2011-09-16 16:29:00,2011-09-16 16:29:00,85,1,10,10,132,412.01,412.01,,,0,0,0,0,0.0,2,Less recent infrequent purchasers
15524,2011-12-10,2011-11-15 12:09:00,2011-11-15 12:09:00,25,1,1,1,4,440.0,440.0,,,0,0,0,0,0.0,2,Less recent infrequent purchasers
15525,2011-12-10,2010-12-01 13:17:00,2011-12-07 14:43:00,3,3,177,132,414,823.42,274.4733,2011-12-07 15:39:00,2011-12-07 15:39:00,1,2,2,2,14.9,3,Recent moderate purchasers and some cancellation activity
15526,2011-12-10,2011-11-06 15:01:00,2011-11-06 15:04:00,34,2,4,4,24,148.44,74.22,,,0,0,0,0,0.0,2,Less recent infrequent purchasers
15527,2011-12-10,2010-12-20 14:15:00,2011-11-21 12:17:00,19,8,163,127,992,2429.78,303.7225,2011-07-18 10:54:00,2011-07-18 10:54:00,1,2,2,3,16.85,3,Recent moderate purchasers and some cancellation activity
15528,2011-12-10,2011-03-30 16:14:00,2011-03-30 16:14:00,255,1,26,26,123,229.33,229.33,,,0,0,0,0,0.0,2,Less recent infrequent purchasers
15529,2011-12-10,2010-12-08 12:24:00,2011-11-17 11:29:00,23,11,671,414,3495,3992.68,362.9709,2011-11-17 10:44:00,2011-11-17 10:44:00,1,2,2,7,27.45,1,Recent high-activity purchasers and frequent cancellations
15530,2011-12-10,2011-04-07 11:16:00,2011-11-18 12:25:00,22,4,108,90,950,1502.35,375.5875,,,0,0,0,0,0.0,0,Recent moderate purchasers and minimal cancellations
15531,2011-12-10,2011-11-09 17:47:00,2011-12-01 18:43:00,9,2,228,196,1105,2007.44,1003.72,,,0,0,0,0,0.0,0,Recent moderate purchasers and minimal cancellations
15532,2011-12-10,2010-12-16 16:45:00,2011-11-14 14:51:00,26,4,255,204,519,1571.03,392.7575,2011-06-26 13:29:00,2011-07-31 13:20:00,2,7,6,13,63.85,1,Recent high-activity purchasers and frequent cancellations
15533,2011-12-10,2011-09-11 15:41:00,2011-11-20 15:35:00,20,3,83,73,289,807.57,269.19,2011-09-18 13:42:00,2011-11-20 11:59:00,2,3,3,33,60.65,3,Recent moderate purchasers and some cancellation activity
15535,2011-12-10,2011-01-16 12:35:00,2011-06-19 16:02:00,174,4,75,55,143,536.4,134.1,2010-12-09 15:36:00,2011-01-16 12:40:00,3,3,2,14,76.5,3,Recent moderate purchasers and some cancellation activity
15537,2011-12-10,2011-06-29 13:10:00,2011-06-29 13:10:00,164,1,24,24,29,110.92,110.92,,,0,0,0,0,0.0,2,Less recent infrequent purchasers
15539,2011-12-10,2011-12-02 13:36:00,2011-12-02 13:36:00,8,1,41,41,410,538.46,538.46,,,0,0,0,0,0.0,0,Recent moderate purchasers and minimal cancellations
15540,2011-12-10,2011-11-28 13:51:00,2011-11-28 13:51:00,12,1,15,15,200,213.3,213.3,,,0,0,0,0,0.0,2,Less recent infrequent purchasers
15541,2011-12-10,2011-08-17 14:58:00,2011-08-17 14:58:00,115,1,29,29,49,85.13,85.13,,,0,0,0,0,0.0,2,Less recent infrequent purchasers
15543,2011-12-10,2011-02-24 15:26:00,2011-02-24 15:26:00,289,1,28,26,86,127.86,127.86,,,0,0,0,0,0.0,2,Less recent infrequent purchasers
15544,2011-12-10,2010-12-02 12:47:00,2011-11-30 16:43:00,10,9,259,122,3109,3546.71,394.0789,2011-07-25 16:58:00,2011-12-01 09:16:00,2,2,2,4,4.2,3,Recent moderate purchasers and some cancellation activity
15545,2011-12-10,2010-12-03 17:28:00,2011-10-16 13:24:00,55,2,81,78,163,292.72,146.36,,,0,0,0,0,0.0,0,Recent moderate purchasers and minimal cancellations
15547,2011-12-10,2010-12-12 13:26:00,2011-12-02 12:52:00,8,14,702,441,4032,4954.84,353.9171,,,0,0,0,0,0.0,0,Recent moderate purchasers and minimal cancellations
15549,2011-12-10,2011-01-27 15:38:00,2011-09-23 16:22:00,78,3,114,103,695,1689.51,563.17,2011-01-28 16:50:00,2011-01-28 16:50:00,1,1,1,10,37.5,3,Recent moderate purchasers and some cancellation activity
15550,2011-12-10,2011-02-11 12:49:00,2011-12-05 15:38:00,5,4,61,43,295,575.63,143.9075,,,0,0,0,0,0.0,0,Recent moderate purchasers and minimal cancellations
15551,2011-12-10,2011-11-03 12:37:00,2011-11-03 12:37:00,37,1,29,29,218,436.06,436.06,,,0,0,0,0,0.0,0,Recent moderate purchasers and minimal cancellations
15552,2011-12-10,2011-05-06 14:47:00,2011-05-06 14:47:00,218,1,17,17,60,90.12,90.12,,,0,0,0,0,0.0,2,Less recent infrequent purchasers
15553,2011-12-10,2011-10-10 14:02:00,2011-10-10 14:02:00,61,1,56,51,451,437.23,437.23,,,0,0,0,0,0.0,0,Recent moderate purchasers and minimal cancellations
15554,2011-12-10,2011-03-07 09:00:00,2011-03-07 09:00:00,278,1,14,14,74,217.2,217.2,,,0,0,0,0,0.0,2,Less recent infrequent purchasers
15555,2011-12-10,2010-12-05 14:45:00,2011-11-27 16:19:00,13,16,897,400,4409,4802.18,300.1363,2010-12-13 12:03:00,2011-11-27 15:31:00,4,25,24,28,46.12,1,Recent high-activity purchasers and frequent cancellations
15556,2011-12-10,2011-11-15 16:08:00,2011-11-15 16:08:00,25,1,31,31,236,279.77,279.77,,,0,0,0,0,0.0,0,Recent moderate purchasers and minimal cancellations
15557,2011-12-10,2011-11-11 12:46:00,2011-11-11 12:46:00,29,1,20,16,219,473.65,473.65,,,0,0,0,0,0.0,2,Less recent infrequent purchasers
15561,2011-12-10,2011-05-08 11:38:00,2011-11-28 11:07:00,12,4,27,27,267,800.59,200.1475,2011-09-04 12:40:00,2011-09-04 12:40:00,1,4,4,11,77.85,3,Recent moderate purchasers and some cancellation activity
15562,2011-12-10,2010-12-23 09:55:00,2010-12-23 09:55:00,352,1,1,1,39,134.55,134.55,,,0,0,0,0,0.0,2,Less recent infrequent purchasers
15563,2011-12-10,2010-12-16 11:27:00,2011-11-17 12:59:00,23,3,111,87,1441,1361.44,453.8133,2011-11-18 15:16:00,2011-12-01 09:36:00,2,3,3,11,50.75,3,Recent moderate purchasers and some cancellation activity
15565,2011-12-10,2011-09-30 10:44:00,2011-10-20 14:33:00,51,2,8,8,60,173.16,86.58,,,0,0,0,0,0.0,2,Less recent infrequent purchasers
15567,2011-12-10,2011-11-21 10:48:00,2011-11-21 10:48:00,19,1,7,7,223,186.01,186.01,,,0,0,0,0,0.0,2,Less recent infrequent purchasers
15568,2011-12-10,2011-09-27 14:37:00,2011-12-07 11:27:00,3,3,53,27,461,758.29,252.7633,,,0,0,0,0,0.0,0,Recent moderate purchasers and minimal cancellations
15569,2011-12-10,2011-01-11 13:26:00,2011-08-28 10:15:00,104,5,31,27,666,1375.71,275.142,,,0,0,0,0,0.0,0,Recent moderate purchasers and minimal cancellations
15570,2011-12-10,2010-12-05 12:57:00,2011-12-02 14:47:00,8,12,323,231,2067,4165.52,347.1267,2011-02-10 13:40:00,2011-02-10 13:40:00,1,7,7,9,55.55,1,Recent high-activity purchasers and frequent cancellations
15571,2011-12-10,2011-09-22 13:15:00,2011-11-28 10:02:00,12,4,57,47,264,650.43,162.6075,,,0,0,0,0,0.0,0,Recent moderate purchasers and minimal cancellations
15572,2011-12-10,2011-03-06 14:44:00,2011-12-05 10:09:00,5,7,215,166,1229,2552.86,364.6943,,,0,0,0,0,0.0,0,Recent moderate purchasers and minimal cancellations
15573,2011-12-10,2011-09-15 12:16:00,2011-11-08 11:38:00,32,2,103,87,362,599.5,299.75,,,0,0,0,0,0.0,0,Recent moderate purchasers and minimal cancellations
15574,2011-12-10,2010-12-02 15:46:00,2011-06-15 12:01:00,178,4,168,131,349,702.25,175.5625,,,0,0,0,0,0.0,0,Recent moderate purchasers and minimal cancellations
15576,2011-12-10,2011-11-02 12:03:00,2011-11-02 12:03:00,38,1,45,43,404,940.67,940.67,,,0,0,0,0,0.0,0,Recent moderate purchasers and minimal cancellations
15577,2011-12-10,2011-02-07 13:32:00,2011-07-11 17:03:00,152,3,39,39,89,258.88,86.2933,,,0,0,0,0,0.0,2,Less recent infrequent purchasers
15578,2011-12-10,2011-06-30 13:03:00,2011-06-30 13:03:00,163,1,13,13,52,127.1,127.1,,,0,0,0,0,0.0,2,Less recent infrequent purchasers
15579,2011-12-10,2011-01-30 12:09:00,2011-10-02 12:45:00,69,2,51,45,120,348.6,174.3,,,0,0,0,0,0.0,0,Recent moderate purchasers and minimal cancellations
15581,2011-12-10,2010-12-08 14:38:00,2011-07-06 14:04:00,157,10,146,133,283,721.63,72.163,,,0,0,0,0,0.0,0,Recent moderate purchasers and minimal cancellations
15582,2011-12-10,2011-05-03 13:36:00,2011-11-15 09:55:00,25,3,44,39,453,682.91,227.6367,,,0,0,0,0,0.0,0,Recent moderate purchasers and minimal cancellations
15584,2011-12-10,2011-06-30 16:39:00,2011-11-16 10:55:00,24,4,123,89,314,725.11,181.2775,2011-11-16 10:23:00,2011-11-16 10:23:00,1,2,2,2,2.5,3,Recent moderate purchasers and some cancellation activity
15585,2011-12-10,2011-06-16 08:38:00,2011-06-16 08:38:00,177,1,31,31,320,455.3,455.3,,,0,0,0,0,0.0,0,Recent moderate purchasers and minimal cancellations
15587,2011-12-10,2010-12-23 09:59:00,2011-10-20 13:37:00,51,4,9,3,312,913.68,228.42,,,0,0,0,0,0.0,2,Less recent infrequent purchasers
15589,2011-12-10,2011-02-02 10:46:00,2011-03-29 09:54:00,256,3,29,28,243,478.53,159.51,2011-04-01 11:22:00,2011-04-01 11:22:00,1,1,1,1,21.95,3,Recent moderate purchasers and some cancellation activity
15592,2011-12-10,2011-10-24 08:59:00,2011-10-24 08:59:00,47,1,24,24,354,388.58,388.58,,,0,0,0,0,0.0,0,Recent moderate purchasers and minimal cancellations
15593,2011-12-10,2011-09-30 11:46:00,2011-09-30 11:46:00,71,1,5,5,60,199.8,199.8,,,0,0,0,0,0.0,2,Less recent infrequent purchasers
15594,2011-12-10,2011-04-19 10:08:00,2011-11-24 08:53:00,16,5,103,85,983,1771.78,354.356,2011-04-21 16:38:00,2011-04-21 16:38:00,1,1,1,1,4.25,3,Recent moderate purchasers and some cancellation activity
15596,2011-12-10,2010-12-09 16:10:00,2011-08-31 10:55:00,101,5,77,51,561,1406.59,281.318,2011-01-27 12:18:00,2011-05-24 17:28:00,4,7,5,13,63.25,3,Recent moderate purchasers and some cancellation activity
15597,2011-12-10,2011-11-04 13:26:00,2011-11-04 13:26:00,36,1,22,22,279,324.57,324.57,2011-11-10 11:46:00,2011-11-10 11:46:00,1,1,1,3,8.85,3,Recent moderate purchasers and some cancellation activity
15598,2011-12-10,2011-10-17 16:04:00,2011-10-17 16:04:00,54,1,14,14,160,240.68,240.68,2011-10-20 19:23:00,2011-11-04 13:14:00,2,2,1,4,5.0,3,Recent moderate purchasers and some cancellation activity
15599,2011-12-10,2011-05-19 13:05:00,2011-11-13 11:44:00,27,2,52,50,718,761.74,380.87,,,0,0,0,0,0.0,0,Recent moderate purchasers and minimal cancellations
15601,2011-12-10,2010-12-02 10:39:00,2011-11-28 15:15:00,12,14,410,230,4983,6776.56,484.04,2011-02-10 15:50:00,2011-09-22 10:20:00,3,4,4,5,31.2,1,Recent high-activity purchasers and frequent cancellations
15602,2011-12-10,2010-12-06 15:35:00,2011-12-01 14:14:00,9,9,46,30,1137,1297.87,144.2078,2010-12-14 11:10:00,2011-08-02 11:58:00,5,5,3,138,195.5,1,Recent high-activity purchasers and frequent cancellations
15603,2011-12-10,2011-09-22 10:04:00,2011-09-22 10:04:00,79,1,2,2,96,48.48,48.48,,,0,0,0,0,0.0,2,Less recent infrequent purchasers
15604,2011-12-10,2011-10-18 14:47:00,2011-10-18 14:47:00,53,1,17,17,159,216.39,216.39,,,0,0,0,0,0.0,2,Less recent infrequent purchasers
15605,2011-12-10,2010-12-01 13:38:00,2011-11-03 14:17:00,37,5,67,61,441,1198.23,239.646,,,0,0,0,0,0.0,0,Recent moderate purchasers and minimal cancellations
15606,2011-12-10,2011-01-19 12:07:00,2011-10-09 15:47:00,62,9,77,48,892,2920.16,324.4622,2011-10-06 20:33:00,2011-10-13 13:32:00,2,14,14,172,497.52,1,Recent high-activity purchasers and frequent cancellations
15607,2011-12-10,2011-01-07 12:44:00,2011-01-07 12:44:00,337,1,13,13,202,104.76,104.76,,,0,0,0,0,0.0,2,Less recent infrequent purchasers
15608,2011-12-10,2011-08-11 09:56:00,2011-11-11 13:20:00,29,4,60,59,714,1093.68,273.42,,,0,0,0,0,0.0,0,Recent moderate purchasers and minimal cancellations
15609,2011-12-10,2011-06-08 13:00:00,2011-06-08 13:00:00,185,1,16,16,148,298.48,298.48,2011-06-10 09:55:00,2011-06-10 09:55:00,1,2,2,3,28.45,3,Recent moderate purchasers and some cancellation activity
15610,2011-12-10,2011-10-19 10:36:00,2011-10-19 10:36:00,52,1,6,6,66,112.46,112.46,,,0,0,0,0,0.0,2,Less recent infrequent purchasers
15611,2011-12-10,2011-01-09 11:32:00,2011-11-30 12:36:00,10,11,41,22,502,1570.45,142.7682,2011-03-10 10:13:00,2011-10-06 18:00:00,2,2,2,6,23.06,3,Recent moderate purchasers and some cancellation activity
15612,2011-12-10,2011-10-09 12:49:00,2011-11-03 14:52:00,37,2,5,3,51,180.15,90.075,,,0,0,0,0,0.0,2,Less recent infrequent purchasers
15615,2011-12-10,2010-12-15 16:21:00,2011-11-29 14:42:00,11,23,423,184,5508,10399.74,452.1626,2011-03-27 12:11:00,2011-07-08 13:38:00,4,6,6,15,39.7,1,Recent high-activity purchasers and frequent cancellations
15618,2011-12-10,2011-07-26 10:13:00,2011-11-07 08:34:00,33,4,44,38,453,776.85,194.2125,2011-09-14 14:55:00,2011-09-14 14:55:00,1,4,4,26,29.82,3,Recent moderate purchasers and some cancellation activity
15619,2011-12-10,2011-11-29 08:14:00,2011-11-29 08:14:00,11,1,3,3,136,336.4,336.4,,,0,0,0,0,0.0,2,Less recent infrequent purchasers
15620,2011-12-10,2010-12-16 14:34:00,2011-10-14 12:41:00,57,3,100,92,915,1553.18,517.7267,2011-05-10 16:06:00,2011-10-20 19:17:00,3,4,4,16,28.78,3,Recent moderate purchasers and some cancellation activity
15621,2011-12-10,2011-11-18 11:49:00,2011-12-05 14:01:00,5,4,16,11,501,1293.03,323.2575,2011-11-29 09:25:00,2011-12-05 12:52:00,2,2,1,38,134.26,3,Recent moderate purchasers and some cancellation activity
15622,2011-12-10,2011-03-02 13:42:00,2011-10-27 16:44:00,44,9,185,169,1674,3709.56,412.1733,2011-03-09 15:05:00,2011-12-06 14:57:00,7,29,28,122,485.03,1,Recent high-activity purchasers and frequent cancellations
15623,2011-12-10,2011-07-21 17:26:00,2011-07-21 17:26:00,142,1,19,19,125,301.03,301.03,,,0,0,0,0,0.0,2,Less recent infrequent purchasers
15624,2011-12-10,2011-03-28 13:32:00,2011-08-15 11:38:00,117,4,34,26,357,588.13,147.0325,,,0,0,0,0,0.0,0,Recent moderate purchasers and minimal cancellations
15625,2011-12-10,2011-04-18 14:01:00,2011-08-28 10:21:00,104,4,64,44,1188,1534.26,383.565,2011-06-15 15:28:00,2011-08-31 16:13:00,4,4,3,22,29.7,3,Recent moderate purchasers and some cancellation activity
15626,2011-12-10,2011-01-14 10:10:00,2011-09-26 10:03:00,75,2,49,49,766,675.8,337.9,,,0,0,0,0,0.0,0,Recent moderate purchasers and minimal cancellations
15628,2011-12-10,2010-12-08 09:51:00,2011-12-05 10:24:00,5,9,155,85,1894,2870.24,318.9156,2011-08-09 14:43:00,2011-08-09 14:43:00,1,2,2,12,4.6,3,Recent moderate purchasers and some cancellation activity
15630,2011-12-10,2011-05-19 10:16:00,2011-10-25 15:36:00,46,2,60,57,800,1186.35,593.175,2011-05-23 17:41:00,2011-05-23 17:41:00,1,1,1,1,5.95,3,Recent moderate purchasers and some cancellation activity
15632,2011-12-10,2011-03-10 08:29:00,2011-11-24 09:51:00,16,8,167,107,2109,3285.31,410.6638,2011-04-04 09:04:00,2011-10-24 13:48:00,2,10,10,60,138.0,1,Recent high-activity purchasers and frequent cancellations
15634,2011-12-10,2011-11-22 16:28:00,2011-11-22 16:28:00,18,1,15,15,99,243.55,243.55,,,0,0,0,0,0.0,2,Less recent infrequent purchasers
15636,2011-12-10,2011-03-02 14:50:00,2011-09-11 11:17:00,90,2,25,20,284,724.76,362.38,,,0,0,0,0,0.0,0,Recent moderate purchasers and minimal cancellations
15637,2011-12-10,2011-10-18 08:28:00,2011-10-18 08:28:00,53,1,15,15,128,223.36,223.36,,,0,0,0,0,0.0,2,Less recent infrequent purchasers
15639,2011-12-10,2011-07-28 14:30:00,2011-07-28 14:30:00,135,1,25,25,323,425.32,425.32,,,0,0,0,0,0.0,2,Less recent infrequent purchasers
15640,2011-12-10,2010-12-02 15:40:00,2011-12-05 14:35:00,5,15,484,240,6607,12515.66,834.3773,2011-02-13 14:28:00,2011-08-07 13:53:00,2,11,9,35,82.32,1,Recent high-activity purchasers and frequent cancellations
15641,2011-12-10,2010-12-15 14:45:00,2011-08-26 14:04:00,106,4,119,102,1562,1887.2,471.8,,,0,0,0,0,0.0,0,Recent moderate purchasers and minimal cancellations
15643,2011-12-10,2011-03-02 14:34:00,2011-06-01 07:38:00,192,3,33,31,246,664.0,221.3333,2011-06-07 15:32:00,2011-06-13 17:19:00,3,3,1,4,16.6,3,Recent moderate purchasers and some cancellation activity
15644,2011-12-10,2011-03-23 15:37:00,2011-06-26 14:54:00,167,4,238,166,557,813.0,203.25,,,0,0,0,0,0.0,0,Recent moderate purchasers and minimal cancellations
15645,2011-12-10,2011-11-21 11:55:00,2011-11-21 11:55:00,19,1,51,49,255,611.59,611.59,,,0,0,0,0,0.0,0,Recent moderate purchasers and minimal cancellations
15646,2011-12-10,2010-12-02 16:59:00,2011-07-05 09:53:00,158,3,35,35,394,447.64,149.2133,2011-04-11 13:26:00,2011-04-11 13:26:00,1,1,1,6,22.5,3,Recent moderate purchasers and some cancellation activity
15648,2011-12-10,2011-03-17 18:59:00,2011-05-19 15:53:00,205,2,25,23,221,657.35,328.675,2011-03-30 14:49:00,2011-04-05 14:52:00,2,2,2,7,54.75,3,Recent moderate purchasers and some cancellation activity
15649,2011-12-10,2010-12-07 10:06:00,2011-01-07 13:34:00,337,2,2,1,192,816.0,408.0,,,0,0,0,0,0.0,2,Less recent infrequent purchasers
15651,2011-12-10,2011-03-24 08:56:00,2011-11-03 08:41:00,37,3,32,27,479,646.3,215.4333,,,0,0,0,0,0.0,0,Recent moderate purchasers and minimal cancellations
15652,2011-12-10,2011-09-09 14:22:00,2011-09-09 14:22:00,92,1,21,21,208,337.74,337.74,,,0,0,0,0,0.0,2,Less recent infrequent purchasers
15653,2011-12-10,2011-08-16 09:50:00,2011-09-08 10:49:00,93,2,6,4,1200,877.44,438.72,,,0,0,0,0,0.0,2,Less recent infrequent purchasers
15654,2011-12-10,2011-11-13 15:15:00,2011-11-30 13:08:00,10,2,20,14,474,907.53,453.765,,,0,0,0,0,0.0,0,Recent moderate purchasers and minimal cancellations
15655,2011-12-10,2011-04-10 15:25:00,2011-04-10 15:25:00,244,1,34,34,324,560.67,560.67,2011-04-20 16:28:00,2011-04-20 16:28:00,1,3,3,5,49.35,3,Recent moderate purchasers and some cancellation activity
15656,2011-12-10,2011-02-28 15:32:00,2011-10-25 14:56:00,46,4,47,46,343,748.5,187.125,,,0,0,0,0,0.0,0,Recent moderate purchasers and minimal cancellations
15657,2011-12-10,2011-11-17 12:19:00,2011-11-17 12:19:00,23,1,1,1,24,30.0,30.0,,,0,0,0,0,0.0,2,Less recent infrequent purchasers
15658,2011-12-10,2010-12-02 10:53:00,2011-06-02 15:22:00,191,5,48,40,242,1024.1,204.82,2011-01-21 16:53:00,2011-03-23 08:55:00,3,8,6,10,65.2,3,Recent moderate purchasers and some cancellation activity
15659,2011-12-10,2011-10-27 09:23:00,2011-10-27 09:23:00,44,1,11,11,111,306.45,306.45,,,0,0,0,0,0.0,2,Less recent infrequent purchasers
15660,2011-12-10,2010-12-09 09:49:00,2011-11-14 16:58:00,26,9,90,55,1050,1600.86,177.8733,2011-05-19 14:44:00,2011-08-14 14:28:00,3,4,3,13,48.85,3,Recent moderate purchasers and some cancellation activity
15661,2011-12-10,2011-01-05 12:32:00,2011-01-26 13:56:00,318,2,5,4,236,309.8,154.9,,,0,0,0,0,0.0,2,Less recent infrequent purchasers
15663,2011-12-10,2011-08-25 15:50:00,2011-08-25 15:50:00,107,1,9,9,106,138.14,138.14,,,0,0,0,0,0.0,2,Less recent infrequent purchasers
15664,2011-12-10,2011-10-20 10:57:00,2011-10-20 10:57:00,51,1,17,17,157,386.43,386.43,2010-12-15 17:05:00,2010-12-15 17:05:00,1,2,2,16,27.8,3,Recent moderate purchasers and some cancellation activity
15665,2011-12-10,2011-04-10 15:09:00,2011-06-24 14:57:00,169,2,116,92,1666,2242.01,1121.005,,,0,0,0,0,0.0,0,Recent moderate purchasers and minimal cancellations
15667,2011-12-10,2011-10-31 10:56:00,2011-10-31 10:56:00,40,1,13,13,240,301.32,301.32,,,0,0,0,0,0.0,2,Less recent infrequent purchasers
15668,2011-12-10,2011-05-06 10:39:00,2011-05-06 10:39:00,218,1,1,1,72,76.32,76.32,,,0,0,0,0,0.0,2,Less recent infrequent purchasers
15669,2011-12-10,2011-03-21 09:13:00,2011-10-30 16:03:00,41,4,33,31,342,684.34,171.085,2011-06-23 16:10:00,2011-06-23 16:10:00,1,2,2,3,6.65,3,Recent moderate purchasers and some cancellation activity
15670,2011-12-10,2011-02-16 10:50:00,2011-02-16 10:50:00,297,1,12,12,91,173.05,173.05,,,0,0,0,0,0.0,2,Less recent infrequent purchasers
15671,2011-12-10,2011-03-14 09:37:00,2011-11-21 12:43:00,19,7,76,51,1697,2627.13,375.3043,2011-03-17 15:49:00,2011-08-10 13:03:00,3,3,2,18,21.64,3,Recent moderate purchasers and some cancellation activity
15673,2011-12-10,2011-01-16 16:25:00,2011-09-12 16:12:00,89,4,155,107,1514,2881.02,720.255,,,0,0,0,0,0.0,0,Recent moderate purchasers and minimal cancellations
15674,2011-12-10,2011-03-30 09:19:00,2011-09-27 15:17:00,74,4,113,87,1274,2111.89,527.9725,2011-04-05 11:42:00,2011-04-13 09:55:00,2,20,19,199,367.87,1,Recent high-activity purchasers and frequent cancellations
15675,2011-12-10,2011-03-04 14:21:00,2011-09-19 13:48:00,82,3,21,20,527,323.69,107.8967,,,0,0,0,0,0.0,2,Less recent infrequent purchasers
15676,2011-12-10,2011-03-01 10:19:00,2011-11-21 12:40:00,19,3,201,190,2251,3420.76,1140.2533,2011-05-10 12:07:00,2011-11-30 17:39:00,2,14,14,21,111.67,1,Recent high-activity purchasers and frequent cancellations
15677,2011-12-10,2011-10-21 15:36:00,2011-10-21 15:36:00,50,1,33,33,319,657.23,657.23,,,0,0,0,0,0.0,0,Recent moderate purchasers and minimal cancellations
15678,2011-12-10,2011-10-18 09:25:00,2011-10-18 09:25:00,53,1,12,12,184,352.7,352.7,,,0,0,0,0,0.0,2,Less recent infrequent purchasers
15679,2011-12-10,2011-06-10 08:24:00,2011-11-15 16:19:00,25,4,110,98,1170,781.28,195.32,,,0,0,0,0,0.0,0,Recent moderate purchasers and minimal cancellations
15680,2011-12-10,2010-12-08 14:43:00,2011-11-30 13:46:00,10,3,78,61,952,1333.68,444.56,,,0,0,0,0,0.0,0,Recent moderate purchasers and minimal cancellations
15681,2011-12-10,2011-03-04 13:46:00,2011-11-14 16:30:00,26,5,53,32,816,1426.16,285.232,2011-11-21 13:25:00,2011-11-21 13:25:00,1,14,14,260,479.8,1,Recent high-activity purchasers and frequent cancellations
15683,2011-12-10,2011-08-14 12:56:00,2011-08-14 12:56:00,118,1,10,10,131,193.75,193.75,,,0,0,0,0,0.0,2,Less recent infrequent purchasers
15687,2011-12-10,2011-01-13 15:13:00,2011-12-01 08:33:00,9,9,166,119,1310,2993.1,332.5667,2011-02-21 12:44:00,2011-06-07 16:08:00,2,2,2,2,11.6,3,Recent moderate purchasers and some cancellation activity
15689,2011-12-10,2010-12-13 09:57:00,2011-08-12 09:37:00,120,2,9,8,84,254.1,127.05,,,0,0,0,0,0.0,2,Less recent infrequent purchasers
15690,2011-12-10,2011-08-31 11:40:00,2011-12-05 15:59:00,5,2,19,19,408,239.76,119.88,,,0,0,0,0,0.0,2,Less recent infrequent purchasers
15691,2011-12-10,2011-04-01 15:13:00,2011-04-01 15:13:00,253,1,2,2,72,136.8,136.8,,,0,0,0,0,0.0,2,Less recent infrequent purchasers
15692,2011-12-10,2011-11-11 14:12:00,2011-11-11 14:12:00,29,1,12,12,138,191.04,191.04,,,0,0,0,0,0.0,2,Less recent infrequent purchasers
15694,2011-12-10,2010-12-02 07:49:00,2011-12-09 09:44:00,1,13,77,41,1676,6464.4,497.2615,2011-02-01 11:28:00,2011-02-01 11:28:00,1,1,1,12,55.8,3,Recent moderate purchasers and some cancellation activity
15695,2011-12-10,2011-03-18 08:31:00,2011-03-18 08:32:00,267,2,22,22,212,409.98,204.99,,,0,0,0,0,0.0,2,Less recent infrequent purchasers
15696,2011-12-10,2011-01-17 11:24:00,2011-11-06 14:02:00,34,8,171,140,1028,2736.46,342.0575,2011-04-01 10:46:00,2011-09-28 11:22:00,4,6,6,6,92.0,1,Recent high-activity purchasers and frequent cancellations
15699,2011-12-10,2011-11-22 08:26:00,2011-11-22 08:26:00,18,1,18,18,113,309.65,309.65,,,0,0,0,0,0.0,2,Less recent infrequent purchasers
15700,2011-12-10,2011-06-19 15:36:00,2011-06-20 16:53:00,173,2,86,85,357,696.68,348.34,2011-06-20 16:52:00,2011-06-20 16:52:00,1,3,3,29,32.65,3,Recent moderate purchasers and some cancellation activity
15701,2011-12-10,2011-08-21 12:36:00,2011-12-07 14:39:00,3,4,237,193,923,1542.14,385.535,,,0,0,0,0,0.0,0,Recent moderate purchasers and minimal cancellations
15703,2011-12-10,2011-03-20 10:51:00,2011-03-20 10:51:00,265,1,5,5,66,211.5,211.5,,,0,0,0,0,0.0,2,Less recent infrequent purchasers
15704,2011-12-10,2011-05-08 12:42:00,2011-07-22 13:35:00,141,4,117,79,1028,2293.62,573.405,,,0,0,0,0,0.0,0,Recent moderate purchasers and minimal cancellations
15705,2011-12-10,2011-05-22 15:37:00,2011-05-22 15:37:00,202,1,6,6,62,143.1,143.1,,,0,0,0,0,0.0,2,Less recent infrequent purchasers
15706,2011-12-10,2011-08-15 14:32:00,2011-10-07 10:09:00,64,4,55,50,321,1060.56,265.14,2011-08-18 16:14:00,2011-10-11 10:14:00,3,4,4,16,58.75,3,Recent moderate purchasers and some cancellation activity
15707,2011-12-10,2011-09-14 14:19:00,2011-11-04 14:35:00,36,4,214,126,605,945.58,236.395,,,0,0,0,0,0.0,0,Recent moderate purchasers and minimal cancellations
15708,2011-12-10,2010-12-05 11:12:00,2011-10-30 10:54:00,41,7,288,124,1267,3364.24,480.6057,2010-12-05 10:25:00,2011-07-28 11:17:00,4,9,9,9,34.52,1,Recent high-activity purchasers and frequent cancellations
15709,2011-12-10,2011-03-01 10:38:00,2011-03-01 10:38:00,284,1,6,6,121,133.25,133.25,,,0,0,0,0,0.0,2,Less recent infrequent purchasers
15712,2011-12-10,2011-02-25 11:32:00,2011-11-30 14:09:00,10,5,53,41,486,1072.36,214.472,,,0,0,0,0,0.0,0,Recent moderate purchasers and minimal cancellations
15713,2011-12-10,2010-12-08 15:16:00,2011-07-19 13:34:00,144,2,19,18,150,356.7,178.35,2010-12-14 11:28:00,2010-12-14 11:28:00,1,1,1,1,9.95,2,Less recent infrequent purchasers
15714,2011-12-10,2011-09-23 11:25:00,2011-11-28 11:26:00,12,2,35,34,187,330.88,165.44,,,0,0,0,0,0.0,0,Recent moderate purchasers and minimal cancellations
15716,2011-12-10,2010-12-05 12:26:00,2011-07-17 11:59:00,146,4,118,101,744,1118.81,279.7025,,,0,0,0,0,0.0,0,Recent moderate purchasers and minimal cancellations
15717,2011-12-10,2011-04-19 13:21:00,2011-04-19 13:21:00,235,1,7,7,70,150.3,150.3,,,0,0,0,0,0.0,2,Less recent infrequent purchasers
15719,2011-12-10,2011-01-06 12:31:00,2011-11-07 12:29:00,33,13,936,298,2724,5043.96,387.9969,2011-07-12 09:58:00,2011-07-12 09:58:00,1,1,1,1,1.65,3,Recent moderate purchasers and some cancellation activity
15720,2011-12-10,2011-11-15 14:48:00,2011-11-15 14:48:00,25,1,128,128,281,598.73,598.73,,,0,0,0,0,0.0,0,Recent moderate purchasers and minimal cancellations
15721,2011-12-10,2011-11-28 12:14:00,2011-11-28 12:14:00,12,1,91,80,409,507.08,507.08,,,0,0,0,0,0.0,0,Recent moderate purchasers and minimal cancellations
15722,2011-12-10,2011-02-22 12:24:00,2011-11-04 11:43:00,36,5,69,45,1026,2222.56,444.512,2011-06-05 12:01:00,2011-06-05 12:01:00,1,3,3,5,41.35,3,Recent moderate purchasers and some cancellation activity
15723,2011-12-10,2010-12-10 11:12:00,2010-12-10 11:12:00,365,1,41,37,87,203.1,203.1,,,0,0,0,0,0.0,2,Less recent infrequent purchasers
15724,2011-12-10,2011-02-28 10:40:00,2011-05-22 14:40:00,202,2,11,11,73,218.25,109.125,2011-03-10 11:45:00,2011-03-10 11:45:00,1,1,1,1,5.95,2,Less recent infrequent purchasers
15725,2011-12-10,2011-11-24 14:51:00,2011-11-24 14:51:00,16,1,32,32,221,415.25,415.25,,,0,0,0,0,0.0,0,Recent moderate purchasers and minimal cancellations
15727,2011-12-10,2010-12-15 15:47:00,2011-11-23 12:36:00,17,7,302,213,3065,5178.96,739.8514,,,0,0,0,0,0.0,0,Recent moderate purchasers and minimal cancellations
15729,2011-12-10,2011-05-11 12:36:00,2011-05-11 12:36:00,213,1,5,5,28,85.0,85.0,2011-05-25 16:43:00,2011-05-25 16:43:00,1,1,1,4,23.0,2,Less recent infrequent purchasers
15730,2011-12-10,2011-05-17 12:43:00,2011-10-05 12:31:00,66,3,70,68,689,1120.88,373.6267,2011-05-19 10:53:00,2011-05-19 10:53:00,1,3,3,6,12.5,3,Recent moderate purchasers and some cancellation activity
15732,2011-12-10,2010-12-02 15:00:00,2011-05-11 14:24:00,213,2,14,13,215,294.12,147.06,,,0,0,0,0,0.0,2,Less recent infrequent purchasers
15733,2011-12-10,2011-03-02 09:05:00,2011-03-02 09:05:00,283,1,10,10,62,162.3,162.3,,,0,0,0,0,0.0,2,Less recent infrequent purchasers
15734,2011-12-10,2011-05-23 14:59:00,2011-08-17 10:50:00,115,2,26,25,346,1339.45,669.725,,,0,0,0,0,0.0,0,Recent moderate purchasers and minimal cancellations
15737,2011-12-10,2011-04-11 10:01:00,2011-11-25 11:21:00,15,8,71,59,598,1190.12,148.765,2011-04-13 09:02:00,2011-09-28 11:19:00,4,9,7,15,83.91,1,Recent high-activity purchasers and frequent cancellations
15738,2011-12-10,2010-12-02 12:50:00,2011-11-21 08:26:00,19,16,173,46,2982,4812.42,300.7763,2010-12-09 13:58:00,2011-03-10 14:56:00,3,3,3,15,23.65,1,Recent high-activity purchasers and frequent cancellations
15739,2011-12-10,2011-10-04 13:42:00,2011-10-04 13:42:00,67,1,8,8,472,449.12,449.12,,,0,0,0,0,0.0,2,Less recent infrequent purchasers
15740,2011-12-10,2011-10-21 14:29:00,2011-10-21 14:29:00,50,1,9,9,152,154.88,154.88,,,0,0,0,0,0.0,2,Less recent infrequent purchasers
15743,2011-12-10,2011-06-08 10:14:00,2011-11-23 17:19:00,17,4,88,59,216,784.46,196.115,,,0,0,0,0,0.0,0,Recent moderate purchasers and minimal cancellations
15744,2011-12-10,2011-09-23 09:52:00,2011-09-23 09:52:00,78,1,3,3,120,34.8,34.8,,,0,0,0,0,0.0,2,Less recent infrequent purchasers
15745,2011-12-10,2011-04-17 13:04:00,2011-11-20 13:45:00,20,4,62,57,421,1094.59,273.6475,2011-10-06 18:37:00,2011-12-01 11:18:00,2,3,3,9,23.35,3,Recent moderate purchasers and some cancellation activity
15746,2011-12-10,2011-07-28 15:21:00,2011-07-28 15:21:00,135,1,28,28,178,196.88,196.88,2011-07-28 15:27:00,2011-07-28 15:27:00,1,1,1,48,13.92,3,Recent moderate purchasers and some cancellation activity
15747,2011-12-10,2011-06-20 11:30:00,2011-11-27 12:26:00,13,3,93,52,480,974.04,324.68,,,0,0,0,0,0.0,0,Recent moderate purchasers and minimal cancellations
15748,2011-12-10,2011-10-30 12:51:00,2011-10-30 12:51:00,41,1,21,19,51,149.31,149.31,,,0,0,0,0,0.0,2,Less recent infrequent purchasers
15749,2011-12-10,2011-01-11 12:55:00,2011-04-18 13:20:00,236,3,10,5,18028,44534.3,14844.7667,2011-04-18 13:08:00,2011-04-18 13:08:00,1,5,5,9014,22998.4,1,Recent high-activity purchasers and frequent cancellations
15750,2011-12-10,2010-12-08 10:36:00,2011-12-07 12:34:00,3,8,293,214,1786,2465.48,308.185,2010-12-09 14:40:00,2010-12-09 14:40:00,1,2,2,7,14.25,3,Recent moderate purchasers and some cancellation activity
15752,2011-12-10,2010-12-02 09:43:00,2011-10-31 11:37:00,40,7,411,236,1978,2637.38,376.7686,2011-09-07 15:00:00,2011-09-07 15:00:00,1,1,1,5,8.45,3,Recent moderate purchasers and some cancellation activity
15753,2011-12-10,2011-02-08 12:41:00,2011-02-08 12:41:00,305,1,1,1,144,79.2,79.2,,,0,0,0,0,0.0,2,Less recent infrequent purchasers
15754,2011-12-10,2011-04-07 12:24:00,2011-10-19 14:40:00,52,3,28,24,199,458.57,152.8567,2011-10-20 11:44:00,2011-10-20 11:44:00,1,1,1,2,2.9,3,Recent moderate purchasers and some cancellation activity
15755,2011-12-10,2011-02-18 11:53:00,2011-11-29 14:57:00,11,6,141,127,1427,2364.25,394.0417,2011-09-19 15:57:00,2011-12-08 18:59:00,2,8,8,30,45.37,1,Recent high-activity purchasers and frequent cancellations
15756,2011-12-10,2011-04-04 14:00:00,2011-10-09 13:30:00,62,4,192,160,242,532.96,133.24,,,0,0,0,0,0.0,0,Recent moderate purchasers and minimal cancellations
15757,2011-12-10,2011-05-06 11:40:00,2011-10-05 12:14:00,66,2,45,43,491,714.42,357.21,,,0,0,0,0,0.0,0,Recent moderate purchasers and minimal cancellations
15758,2011-12-10,2011-11-15 10:48:00,2011-11-15 10:48:00,25,1,9,9,47,205.25,205.25,,,0,0,0,0,0.0,2,Less recent infrequent purchasers
15759,2011-12-10,2010-12-16 15:29:00,2011-05-05 15:13:00,219,3,7,5,60,253.04,84.3467,,,0,0,0,0,0.0,2,Less recent infrequent purchasers
15762,2011-12-10,2011-09-23 15:17:00,2011-10-05 16:15:00,66,2,37,37,251,583.75,291.875,,,0,0,0,0,0.0,0,Recent moderate purchasers and minimal cancellations
15763,2011-12-10,2011-09-23 12:10:00,2011-11-08 09:44:00,32,2,61,58,271,1086.92,543.46,2011-09-27 11:11:00,2011-09-27 11:11:00,1,2,2,3,38.25,3,Recent moderate purchasers and some cancellation activity
15764,2011-12-10,2011-03-08 09:23:00,2011-09-12 17:58:00,89,6,180,150,2050,3279.97,546.6617,2011-08-02 17:31:00,2011-09-19 16:16:00,4,8,6,14,34.5,1,Recent high-activity purchasers and frequent cancellations
15766,2011-12-10,2011-10-06 17:03:00,2011-10-06 17:03:00,65,1,11,11,170,315.06,315.06,,,0,0,0,0,0.0,2,Less recent infrequent purchasers
15768,2011-12-10,2011-04-28 09:20:00,2011-08-16 10:48:00,116,3,27,23,244,621.83,207.2767,,,0,0,0,0,0.0,0,Recent moderate purchasers and minimal cancellations
15769,2011-12-10,2010-12-03 15:16:00,2011-12-02 13:52:00,8,26,130,26,29672,56252.72,2163.5662,2011-07-15 11:10:00,2011-10-06 10:57:00,3,17,16,2012,4429.0,1,Recent high-activity purchasers and frequent cancellations
15773,2011-12-10,2011-12-04 12:48:00,2011-12-04 12:48:00,6,1,10,10,311,635.68,635.68,,,0,0,0,0,0.0,2,Less recent infrequent purchasers
15774,2011-12-10,2011-10-02 12:04:00,2011-10-02 12:04:00,69,1,25,25,87,270.8,270.8,,,0,0,0,0,0.0,2,Less recent infrequent purchasers
15775,2011-12-10,2011-04-08 12:56:00,2011-04-08 12:56:00,246,1,7,7,68,104.9,104.9,,,0,0,0,0,0.0,2,Less recent infrequent purchasers
15776,2011-12-10,2011-07-29 13:46:00,2011-07-29 13:46:00,134,1,18,18,138,241.62,241.62,,,0,0,0,0,0.0,2,Less recent infrequent purchasers
15777,2011-12-10,2010-12-13 16:38:00,2011-04-12 16:43:00,242,4,21,18,378,1047.11,261.7775,2010-12-16 15:37:00,2010-12-16 15:37:00,1,1,1,3,25.5,3,Recent moderate purchasers and some cancellation activity
15780,2011-12-10,2010-12-17 11:43:00,2011-06-09 12:01:00,184,3,29,26,220,475.28,158.4267,,,0,0,0,0,0.0,2,Less recent infrequent purchasers
15781,2011-12-10,2011-02-07 09:15:00,2011-11-14 14:57:00,26,3,20,20,180,345.46,115.1533,2011-07-28 10:53:00,2011-07-28 10:53:00,1,1,1,2,11.9,3,Recent moderate purchasers and some cancellation activity
15782,2011-12-10,2011-09-11 14:29:00,2011-11-30 10:49:00,10,3,43,34,864,2614.74,871.58,2011-10-24 15:55:00,2011-10-24 15:55:00,1,1,1,1,20.8,3,Recent moderate purchasers and some cancellation activity
15783,2011-12-10,2011-11-29 09:50:00,2011-11-29 09:50:00,11,1,14,14,212,246.3,246.3,,,0,0,0,0,0.0,2,Less recent infrequent purchasers
15785,2011-12-10,2011-02-17 14:17:00,2011-11-07 11:33:00,33,5,83,58,1612,2328.97,465.794,2011-03-30 15:14:00,2011-11-10 12:08:00,3,4,4,18,25.22,3,Recent moderate purchasers and some cancellation activity
15786,2011-12-10,2011-08-17 13:33:00,2011-10-24 14:13:00,47,3,267,257,3364,4932.2,1644.0667,2011-08-31 13:39:00,2011-10-27 10:53:00,2,13,13,33,98.0,1,Recent high-activity purchasers and frequent cancellations
15787,2011-12-10,2011-10-09 13:11:00,2011-11-13 14:55:00,27,3,206,156,540,948.05,316.0167,,,0,0,0,0,0.0,0,Recent moderate purchasers and minimal cancellations
15789,2011-12-10,2010-12-16 14:35:00,2010-12-16 14:35:00,359,1,25,25,438,351.3,351.3,,,0,0,0,0,0.0,2,Less recent infrequent purchasers
15790,2011-12-10,2011-11-29 14:53:00,2011-11-29 14:53:00,11,1,35,34,114,220.85,220.85,,,0,0,0,0,0.0,2,Less recent infrequent purchasers
15791,2011-12-10,2011-05-19 15:15:00,2011-10-27 10:14:00,44,2,75,66,731,1612.69,806.345,2011-06-02 14:24:00,2011-06-02 14:24:00,1,1,1,1,8.25,3,Recent moderate purchasers and some cancellation activity
15793,2011-12-10,2011-03-16 10:45:00,2011-11-25 09:31:00,15,3,12,6,553,965.61,321.87,2011-11-30 15:08:00,2011-11-30 15:08:00,1,1,1,1,16.65,3,Recent moderate purchasers and some cancellation activity
15795,2011-12-10,2011-07-13 10:43:00,2011-07-13 10:43:00,150,1,42,42,581,610.01,610.01,,,0,0,0,0,0.0,0,Recent moderate purchasers and minimal cancellations
15796,2011-12-10,2011-02-10 15:40:00,2011-12-08 19:55:00,2,8,132,69,860,2710.56,338.82,2011-02-11 11:55:00,2011-06-06 10:19:00,2,2,2,2,44.95,3,Recent moderate purchasers and some cancellation activity
15797,2011-12-10,2011-02-08 10:17:00,2011-08-18 17:04:00,114,3,7,7,872,2192.4,730.8,,,0,0,0,0,0.0,0,Recent moderate purchasers and minimal cancellations
15799,2011-12-10,2011-01-09 15:13:00,2011-09-25 12:46:00,76,3,98,94,955,884.14,294.7133,,,0,0,0,0,0.0,0,Recent moderate purchasers and minimal cancellations
15800,2011-12-10,2011-04-07 12:39:00,2011-08-24 14:23:00,108,2,119,116,335,699.08,349.54,,,0,0,0,0,0.0,0,Recent moderate purchasers and minimal cancellations
15801,2011-12-10,2011-08-22 09:53:00,2011-10-24 13:52:00,47,3,64,61,570,1063.95,354.65,2011-10-13 12:04:00,2011-10-13 12:04:00,1,5,5,8,21.76,3,Recent moderate purchasers and some cancellation activity
15803,2011-12-10,2011-10-19 14:56:00,2011-10-19 14:56:00,52,1,8,8,290,415.82,415.82,,,0,0,0,0,0.0,2,Less recent infrequent purchasers
15804,2011-12-10,2011-05-25 10:12:00,2011-12-09 12:31:00,1,13,262,170,2565,4206.39,323.5685,2011-08-03 14:34:00,2011-11-23 09:23:00,6,11,11,52,357.84,1,Recent high-activity purchasers and frequent cancellations
15805,2011-12-10,2010-12-10 09:33:00,2011-11-16 16:32:00,24,17,301,220,3387,5528.48,325.2047,2011-04-26 17:26:00,2011-11-10 12:51:00,3,6,6,50,76.31,1,Recent high-activity purchasers and frequent cancellations
15806,2011-12-10,2011-03-08 09:24:00,2011-10-24 14:35:00,47,3,31,24,602,784.58,261.5267,,,0,0,0,0,0.0,0,Recent moderate purchasers and minimal cancellations
15807,2011-12-10,2011-09-23 14:43:00,2011-10-20 14:10:00,51,3,48,48,430,903.9,301.3,,,0,0,0,0,0.0,0,Recent moderate purchasers and minimal cancellations
15808,2011-12-10,2010-12-05 13:05:00,2011-02-06 14:33:00,307,4,208,142,1343,3734.97,933.7425,2010-12-13 14:56:00,2010-12-13 14:56:00,1,2,2,2,10.2,3,Recent moderate purchasers and some cancellation activity
15809,2011-12-10,2011-02-10 11:16:00,2011-11-03 16:40:00,37,5,35,31,301,515.77,103.154,2011-11-04 12:05:00,2011-11-04 12:05:00,1,8,8,50,116.56,3,Recent moderate purchasers and some cancellation activity
15810,2011-12-10,2011-02-16 09:11:00,2011-09-22 09:38:00,79,4,89,66,861,1391.98,347.995,2011-08-02 16:19:00,2011-09-22 09:38:00,3,23,23,124,246.55,1,Recent high-activity purchasers and frequent cancellations
15811,2011-12-10,2010-12-09 15:29:00,2011-11-17 15:31:00,23,6,133,117,1071,2218.62,369.77,2011-03-07 13:45:00,2011-11-22 15:29:00,3,6,6,10,47.3,1,Recent high-activity purchasers and frequent cancellations
15812,2011-12-10,2011-01-26 12:12:00,2011-08-24 14:19:00,108,5,41,36,922,1801.14,360.228,,,0,0,0,0,0.0,0,Recent moderate purchasers and minimal cancellations
15813,2011-12-10,2011-04-14 09:09:00,2011-05-16 08:13:00,208,2,40,40,603,1303.91,651.955,,,0,0,0,0,0.0,0,Recent moderate purchasers and minimal cancellations
15814,2011-12-10,2011-10-20 09:04:00,2011-11-23 08:17:00,17,4,72,63,1271,1945.33,486.3325,2011-11-10 14:03:00,2011-12-06 15:01:00,2,2,2,24,102.6,3,Recent moderate purchasers and some cancellation activity
15815,2011-12-10,2011-03-25 08:43:00,2011-10-07 12:42:00,64,5,49,33,1856,2100.6,420.12,,,0,0,0,0,0.0,0,Recent moderate purchasers and minimal cancellations
15819,2011-12-10,2011-03-08 09:45:00,2011-10-21 14:50:00,50,4,123,96,1357,1905.45,476.3625,,,0,0,0,0,0.0,0,Recent moderate purchasers and minimal cancellations
15820,2011-12-10,2011-01-24 12:00:00,2011-01-24 12:00:00,320,1,17,17,128,206.98,206.98,,,0,0,0,0,0.0,2,Less recent infrequent purchasers
15821,2011-12-10,2011-10-09 13:28:00,2011-10-26 15:48:00,45,2,62,57,202,570.96,285.48,,,0,0,0,0,0.0,0,Recent moderate purchasers and minimal cancellations
15822,2011-12-10,2010-12-15 13:38:00,2011-12-06 14:50:00,4,2,33,28,375,885.47,442.735,,,0,0,0,0,0.0,0,Recent moderate purchasers and minimal cancellations
15825,2011-12-10,2011-06-20 13:27:00,2011-06-20 13:27:00,173,1,20,20,220,532.94,532.94,,,0,0,0,0,0.0,2,Less recent infrequent purchasers
15826,2011-12-10,2011-05-13 10:44:00,2011-10-14 16:05:00,57,3,68,64,963,1654.31,551.4367,2011-10-19 13:24:00,2011-10-19 13:24:00,1,1,1,1,4.95,3,Recent moderate purchasers and some cancellation activity
15827,2011-12-10,2010-12-02 13:06:00,2011-09-27 15:35:00,74,14,115,72,882,1836.09,131.1493,2011-01-31 11:27:00,2011-07-28 12:19:00,6,18,13,39,187.55,1,Recent high-activity purchasers and frequent cancellations
15829,2011-12-10,2011-07-22 10:23:00,2011-09-01 16:45:00,100,2,51,44,996,636.14,318.07,,,0,0,0,0,0.0,0,Recent moderate purchasers and minimal cancellations
15830,2011-12-10,2011-11-02 10:40:00,2011-11-02 10:40:00,38,1,39,39,415,576.0,576.0,2011-11-10 13:35:00,2011-11-10 13:35:00,1,2,2,6,28.3,3,Recent moderate purchasers and some cancellation activity
15831,2011-12-10,2011-01-19 14:52:00,2011-10-12 13:14:00,59,3,68,63,1105,801.76,267.2533,2011-01-19 14:44:00,2011-01-19 14:44:00,1,1,1,8,54.0,3,Recent moderate purchasers and some cancellation activity
15832,2011-12-10,2011-03-30 15:29:00,2011-03-30 15:29:00,255,1,54,54,465,836.79,836.79,,,0,0,0,0,0.0,0,Recent moderate purchasers and minimal cancellations
15834,2011-12-10,2011-03-07 17:52:00,2011-09-30 14:41:00,71,4,272,241,963,2231.25,557.8125,2010-12-02 16:45:00,2011-06-23 14:20:00,2,3,3,4,148.85,3,Recent moderate purchasers and some cancellation activity
15835,2011-12-10,2011-01-13 10:35:00,2011-10-26 15:47:00,45,4,50,47,439,954.09,238.5225,,,0,0,0,0,0.0,0,Recent moderate purchasers and minimal cancellations
15836,2011-12-10,2011-10-20 17:13:00,2011-10-20 17:13:00,51,1,10,10,26,137.37,137.37,2011-10-25 15:37:00,2011-10-25 15:37:00,1,2,2,2,19.9,2,Less recent infrequent purchasers
15837,2011-12-10,2011-10-06 09:01:00,2011-10-06 09:01:00,65,1,24,24,189,391.98,391.98,,,0,0,0,0,0.0,2,Less recent infrequent purchasers
15838,2011-12-10,2010-12-07 11:26:00,2011-11-28 14:00:00,12,19,167,54,18368,33643.08,1770.6884,2010-12-02 14:23:00,2011-08-25 14:07:00,2,2,2,9361,292.32,1,Recent high-activity purchasers and frequent cancellations
15839,2011-12-10,2011-07-14 16:35:00,2011-11-06 13:54:00,34,3,62,56,675,1048.49,349.4967,2011-11-10 11:57:00,2011-11-14 13:25:00,2,3,2,5,27.75,3,Recent moderate purchasers and some cancellation activity
15840,2011-12-10,2011-06-20 11:42:00,2011-10-12 09:08:00,59,2,27,26,396,355.56,177.78,2011-06-22 10:39:00,2011-06-22 10:39:00,1,1,1,2,9.9,3,Recent moderate purchasers and some cancellation activity
15841,2011-12-10,2011-01-05 11:25:00,2011-09-28 12:15:00,73,4,47,36,942,1224.06,306.015,2011-06-02 13:27:00,2011-10-06 18:31:00,2,3,3,16,14.96,3,Recent moderate purchasers and some cancellation activity
15843,2011-12-10,2011-02-09 10:19:00,2011-02-09 10:19:00,304,1,8,8,27,118.95,118.95,,,0,0,0,0,0.0,2,Less recent infrequent purchasers
15844,2011-12-10,2011-10-24 15:19:00,2011-10-24 15:19:00,47,1,11,11,134,130.74,130.74,,,0,0,0,0,0.0,2,Less recent infrequent purchasers
15845,2011-12-10,2011-01-06 17:19:00,2011-11-22 09:42:00,18,8,138,97,1926,3711.77,463.9713,2011-04-28 18:27:00,2011-07-28 13:40:00,2,2,2,8,60.9,3,Recent moderate purchasers and some cancellation activity
15847,2011-12-10,2011-02-24 16:46:00,2011-11-01 14:41:00,39,2,22,22,449,389.27,194.635,,,0,0,0,0,0.0,0,Recent moderate purchasers and minimal cancellations
15850,2011-12-10,2011-06-24 14:16:00,2011-11-20 14:14:00,20,2,97,87,302,238.85,119.425,,,0,0,0,0,0.0,0,Recent moderate purchasers and minimal cancellations
15852,2011-12-10,2011-05-26 13:26:00,2011-06-06 11:22:00,187,2,22,22,48,160.71,80.355,,,0,0,0,0,0.0,2,Less recent infrequent purchasers
15853,2011-12-10,2011-10-19 10:38:00,2011-10-19 10:38:00,52,1,30,29,135,110.8,110.8,,,0,0,0,0,0.0,2,Less recent infrequent purchasers
15854,2011-12-10,2010-12-13 11:47:00,2011-12-05 13:39:00,5,12,140,105,939,2974.65,247.8875,,,0,0,0,0,0.0,0,Recent moderate purchasers and minimal cancellations
15855,2011-12-10,2011-03-21 12:32:00,2011-07-26 10:20:00,137,5,80,59,470,712.24,142.448,,,0,0,0,0,0.0,0,Recent moderate purchasers and minimal cancellations
15856,2011-12-10,2010-12-09 13:34:00,2011-12-05 17:09:00,5,27,644,294,11002,16386.31,606.9004,2010-12-23 14:49:00,2011-10-14 14:22:00,4,8,8,64,213.9,1,Recent high-activity purchasers and frequent cancellations
15857,2011-12-10,2011-11-21 12:18:00,2011-11-21 12:18:00,19,1,14,14,308,297.0,297.0,,,0,0,0,0,0.0,2,Less recent infrequent purchasers
15858,2011-12-10,2010-12-07 14:31:00,2011-11-24 12:48:00,16,5,191,145,1167,1438.85,287.77,,,0,0,0,0,0.0,0,Recent moderate purchasers and minimal cancellations
15860,2011-12-10,2010-12-06 11:38:00,2011-10-30 11:25:00,41,8,142,105,440,977.21,122.1513,,,0,0,0,0,0.0,0,Recent moderate purchasers and minimal cancellations
15861,2011-12-10,2011-03-17 20:12:00,2011-11-27 15:59:00,13,8,546,339,2544,3165.36,395.67,2011-11-17 20:01:00,2011-11-17 20:01:00,1,1,1,1,165.0,3,Recent moderate purchasers and some cancellation activity
15862,2011-12-10,2010-12-01 11:21:00,2011-12-01 13:28:00,9,4,147,142,585,832.88,208.22,,,0,0,0,0,0.0,0,Recent moderate purchasers and minimal cancellations
15863,2011-12-10,2011-05-31 11:36:00,2011-11-14 12:49:00,26,2,18,18,19,68.84,34.42,,,0,0,0,0,0.0,2,Less recent infrequent purchasers
15864,2011-12-10,2011-01-27 16:43:00,2011-11-17 13:32:00,23,6,20,16,1192,1936.32,322.72,2011-02-01 10:22:00,2011-11-17 13:31:00,2,4,4,148,166.54,3,Recent moderate purchasers and some cancellation activity
15865,2011-12-10,2011-05-10 11:44:00,2011-10-30 12:43:00,41,3,40,37,368,895.13,298.3767,,,0,0,0,0,0.0,0,Recent moderate purchasers and minimal cancellations
15866,2011-12-10,2011-08-30 14:09:00,2011-08-30 14:09:00,102,1,45,43,126,230.53,230.53,,,0,0,0,0,0.0,2,Less recent infrequent purchasers
15867,2011-12-10,2010-12-05 14:17:00,2011-12-04 13:32:00,6,15,459,301,2041,3806.1,253.74,2011-12-04 13:37:00,2011-12-04 13:37:00,1,2,2,2,14.85,3,Recent moderate purchasers and some cancellation activity
15869,2011-12-10,2011-03-07 17:19:00,2011-03-07 17:23:00,278,2,15,13,175,149.64,74.82,,,0,0,0,0,0.0,2,Less recent infrequent purchasers
15870,2011-12-10,2011-11-07 10:58:00,2011-11-07 10:58:00,33,1,76,68,335,354.09,354.09,,,0,0,0,0,0.0,0,Recent moderate purchasers and minimal cancellations
15872,2011-12-10,2011-11-25 11:54:00,2011-11-25 11:55:00,15,2,128,101,212,360.93,180.465,,,0,0,0,0,0.0,0,Recent moderate purchasers and minimal cancellations
15874,2011-12-10,2011-02-28 13:28:00,2011-10-07 12:31:00,64,7,120,110,2534,4405.88,629.4114,2011-04-04 09:02:00,2011-10-07 12:58:00,2,17,16,28,75.21,1,Recent high-activity purchasers and frequent cancellations
15877,2011-12-10,2011-11-22 11:18:00,2011-12-08 11:53:00,2,2,129,122,371,493.28,246.64,2011-12-08 11:57:00,2011-12-08 11:57:00,1,2,2,125,52.5,3,Recent moderate purchasers and some cancellation activity
15880,2011-12-10,2010-12-05 13:00:00,2010-12-05 13:00:00,370,1,105,95,211,343.28,343.28,2010-12-05 13:09:00,2010-12-05 13:09:00,1,1,1,24,30.0,3,Recent moderate purchasers and some cancellation activity
15881,2011-12-10,2010-12-10 13:32:00,2011-01-31 16:59:00,313,5,29,26,260,501.39,100.278,2010-12-13 10:40:00,2011-01-31 16:57:00,3,3,3,61,63.15,3,Recent moderate purchasers and some cancellation activity
15882,2011-12-10,2010-12-06 13:01:00,2011-05-25 11:35:00,199,4,22,22,264,514.08,128.52,2010-12-06 13:12:00,2010-12-06 13:12:00,1,1,1,10,21.0,3,Recent moderate purchasers and some cancellation activity
15883,2011-12-10,2011-11-06 14:50:00,2011-12-07 17:05:00,3,2,49,42,223,396.48,198.24,,,0,0,0,0,0.0,0,Recent moderate purchasers and minimal cancellations
15885,2011-12-10,2011-09-07 14:56:00,2011-09-07 14:56:00,94,1,16,16,109,349.35,349.35,,,0,0,0,0,0.0,2,Less recent infrequent purchasers
15886,2011-12-10,2011-10-10 14:25:00,2011-10-10 14:25:00,61,1,12,12,147,181.09,181.09,,,0,0,0,0,0.0,2,Less recent infrequent purchasers
15888,2011-12-10,2011-09-20 12:30:00,2011-09-20 12:30:00,81,1,10,10,67,162.64,162.64,2011-09-21 09:44:00,2011-09-21 09:44:00,1,2,2,16,27.04,2,Less recent infrequent purchasers
15889,2011-12-10,2010-12-05 15:12:00,2011-07-06 11:10:00,157,2,91,78,209,427.57,213.785,,,0,0,0,0,0.0,0,Recent moderate purchasers and minimal cancellations
15891,2011-12-10,2011-04-27 12:35:00,2011-04-27 12:35:00,227,1,61,59,441,521.97,521.97,,,0,0,0,0,0.0,0,Recent moderate purchasers and minimal cancellations
15894,2011-12-10,2010-12-05 14:06:00,2011-03-31 13:50:00,254,2,40,34,167,262.9,131.45,,,0,0,0,0,0.0,2,Less recent infrequent purchasers
15895,2011-12-10,2011-07-13 10:27:00,2011-07-13 10:27:00,150,1,11,11,94,179.17,179.17,,,0,0,0,0,0.0,2,Less recent infrequent purchasers
15897,2011-12-10,2011-05-29 13:32:00,2011-05-29 13:50:00,195,2,24,17,261,222.05,111.025,,,0,0,0,0,0.0,2,Less recent infrequent purchasers
15898,2011-12-10,2010-12-06 11:01:00,2011-12-08 15:23:00,2,5,86,70,570,1388.88,277.776,2011-05-03 12:38:00,2011-05-03 12:38:00,1,1,1,2,4.2,3,Recent moderate purchasers and some cancellation activity
15899,2011-12-10,2010-12-06 10:36:00,2010-12-06 10:36:00,369,1,4,4,39,56.25,56.25,,,0,0,0,0,0.0,2,Less recent infrequent purchasers
15900,2011-12-10,2011-11-16 12:19:00,2011-11-16 12:19:00,24,1,51,44,221,351.11,351.11,,,0,0,0,0,0.0,0,Recent moderate purchasers and minimal cancellations
15901,2011-12-10,2011-07-08 12:18:00,2011-11-23 12:43:00,17,3,114,101,377,361.9,120.6333,,,0,0,0,0,0.0,0,Recent moderate purchasers and minimal cancellations
15903,2011-12-10,2011-02-17 14:04:00,2011-11-30 08:08:00,10,7,74,46,2410,5126.76,732.3943,2011-03-07 13:40:00,2011-03-07 13:40:00,1,1,1,1,0.42,3,Recent moderate purchasers and some cancellation activity
15904,2011-12-10,2011-12-01 14:50:00,2011-12-01 14:50:00,9,1,30,30,84,164.68,164.68,,,0,0,0,0,0.0,2,Less recent infrequent purchasers
15906,2011-12-10,2011-03-29 13:28:00,2011-11-20 12:24:00,20,7,150,113,544,1567.69,223.9557,2011-03-29 13:18:00,2011-03-29 13:18:00,1,1,1,6,45.9,3,Recent moderate purchasers and some cancellation activity
15907,2011-12-10,2011-05-13 13:01:00,2011-12-06 12:21:00,4,3,248,174,508,966.6,322.2,,,0,0,0,0,0.0,0,Recent moderate purchasers and minimal cancellations
15909,2011-12-10,2011-06-19 10:38:00,2011-06-19 10:38:00,174,1,7,7,98,191.94,191.94,,,0,0,0,0,0.0,2,Less recent infrequent purchasers
15910,2011-12-10,2011-01-27 11:55:00,2011-12-09 10:51:00,1,8,267,215,1015,1232.18,154.0225,,,0,0,0,0,0.0,0,Recent moderate purchasers and minimal cancellations
15912,2011-12-10,2011-04-20 17:10:00,2011-06-14 14:29:00,179,2,19,19,185,264.62,132.31,,,0,0,0,0,0.0,2,Less recent infrequent purchasers
15916,2011-12-10,2010-12-08 13:07:00,2011-11-23 13:46:00,17,8,155,124,757,1528.09,191.0113,2010-12-08 12:49:00,2011-11-09 15:19:00,2,5,5,5,36.85,3,Recent moderate purchasers and some cancellation activity
15917,2011-12-10,2011-04-06 10:40:00,2011-04-06 10:40:00,248,1,12,12,42,123.1,123.1,,,0,0,0,0,0.0,2,Less recent infrequent purchasers
15918,2011-12-10,2011-03-13 15:55:00,2011-06-02 11:42:00,191,2,40,33,153,334.23,167.115,,,0,0,0,0,0.0,2,Less recent infrequent purchasers
15919,2011-12-10,2010-12-06 11:26:00,2011-11-20 11:28:00,20,2,143,103,545,639.89,319.945,,,0,0,0,0,0.0,0,Recent moderate purchasers and minimal cancellations
15920,2011-12-10,2011-07-08 15:16:00,2011-07-08 15:25:00,155,3,58,52,94,163.55,54.5167,,,0,0,0,0,0.0,2,Less recent infrequent purchasers
15921,2011-12-10,2011-06-20 11:03:00,2011-06-20 11:03:00,173,1,25,24,166,336.03,336.03,,,0,0,0,0,0.0,2,Less recent infrequent purchasers
15922,2011-12-10,2010-12-01 13:51:00,2010-12-01 13:51:00,374,1,11,11,138,369.5,369.5,2010-12-02 13:05:00,2010-12-02 13:05:00,1,1,1,2,5.9,2,Less recent infrequent purchasers
15923,2011-12-10,2010-12-02 12:16:00,2010-12-02 12:16:00,373,1,21,21,122,127.08,127.08,,,0,0,0,0,0.0,2,Less recent infrequent purchasers
15925,2011-12-10,2011-05-29 15:35:00,2011-05-29 15:35:00,195,1,12,12,93,207.15,207.15,,,0,0,0,0,0.0,2,Less recent infrequent purchasers
15930,2011-12-10,2011-10-03 14:52:00,2011-10-03 14:52:00,68,1,21,21,139,426.63,426.63,,,0,0,0,0,0.0,2,Less recent infrequent purchasers
15932,2011-12-10,2011-02-23 14:50:00,2011-12-05 17:13:00,5,8,115,93,2325,2495.87,311.9838,2011-03-03 12:02:00,2011-06-30 10:33:00,3,4,4,14,34.02,1,Recent high-activity purchasers and frequent cancellations
15933,2011-12-10,2011-09-14 12:05:00,2011-11-18 13:14:00,22,3,74,63,885,1107.46,369.1533,,,0,0,0,0,0.0,0,Recent moderate purchasers and minimal cancellations
15935,2011-12-10,2011-04-14 13:27:00,2011-04-14 13:27:00,240,1,11,11,114,108.04,108.04,,,0,0,0,0,0.0,2,Less recent infrequent purchasers
15937,2011-12-10,2011-10-06 15:48:00,2011-10-06 15:48:00,65,1,7,7,73,145.35,145.35,,,0,0,0,0,0.0,2,Less recent infrequent purchasers
15938,2011-12-10,2011-01-20 10:11:00,2011-08-19 12:56:00,113,5,18,13,240,404.58,80.916,,,0,0,0,0,0.0,2,Less recent infrequent purchasers
15939,2011-12-10,2011-01-12 12:43:00,2011-09-11 11:30:00,90,14,75,27,4727,6100.01,435.715,2011-01-21 16:58:00,2011-01-21 16:58:00,1,1,1,3,12.75,3,Recent moderate purchasers and some cancellation activity
15940,2011-12-10,2011-02-01 16:18:00,2011-02-01 16:18:00,312,1,1,1,4,35.8,35.8,,,0,0,0,0,0.0,2,Less recent infrequent purchasers
15942,2011-12-10,2011-07-29 09:01:00,2011-07-29 09:01:00,134,1,14,14,232,337.44,337.44,,,0,0,0,0,0.0,2,Less recent infrequent purchasers
15944,2011-12-10,2011-03-08 10:33:00,2011-03-08 10:33:00,277,1,6,6,50,325.1,325.1,,,0,0,0,0,0.0,2,Less recent infrequent purchasers
15945,2011-12-10,2010-12-09 13:14:00,2010-12-09 13:14:00,366,1,2,2,52,181.0,181.0,,,0,0,0,0,0.0,2,Less recent infrequent purchasers
15947,2011-12-10,2011-09-18 10:46:00,2011-09-18 10:46:00,83,1,29,29,898,1708.24,1708.24,,,0,0,0,0,0.0,0,Recent moderate purchasers and minimal cancellations
15948,2011-12-10,2011-10-27 08:35:00,2011-12-01 15:32:00,9,2,60,51,567,955.24,477.62,,,0,0,0,0,0.0,0,Recent moderate purchasers and minimal cancellations
15949,2011-12-10,2011-09-29 17:34:00,2011-11-23 09:09:00,17,2,19,12,284,364.72,182.36,,,0,0,0,0,0.0,2,Less recent infrequent purchasers
15950,2011-12-10,2010-12-15 11:56:00,2011-11-08 11:09:00,32,4,98,86,729,1765.51,441.3775,2011-12-08 10:34:00,2011-12-08 10:34:00,1,5,5,7,60.25,3,Recent moderate purchasers and some cancellation activity
15951,2011-12-10,2011-02-27 11:57:00,2011-12-01 08:34:00,9,2,41,36,313,708.22,354.11,2011-12-08 18:57:00,2011-12-08 18:57:00,1,2,2,7,38.65,3,Recent moderate purchasers and some cancellation activity
15952,2011-12-10,2011-04-28 12:55:00,2011-11-06 11:18:00,34,4,91,65,399,806.57,201.6425,,,0,0,0,0,0.0,0,Recent moderate purchasers and minimal cancellations
15953,2011-12-10,2010-12-05 15:15:00,2011-11-24 15:32:00,16,8,98,63,892,1659.38,207.4225,2011-01-12 11:04:00,2011-11-14 13:38:00,2,5,5,7,24.85,3,Recent moderate purchasers and some cancellation activity
15955,2011-12-10,2010-12-02 11:22:00,2011-11-15 14:15:00,25,14,183,137,2135,4416.26,315.4471,2011-06-01 15:21:00,2011-10-04 17:32:00,2,2,2,11,26.45,3,Recent moderate purchasers and some cancellation activity
15957,2011-12-10,2011-11-08 12:14:00,2011-11-08 12:14:00,32,1,42,40,211,428.89,428.89,,,0,0,0,0,0.0,0,Recent moderate purchasers and minimal cancellations
15958,2011-12-10,2011-09-26 13:41:00,2011-09-26 13:41:00,75,1,7,7,33,104.35,104.35,,,0,0,0,0,0.0,2,Less recent infrequent purchasers
15963,2011-12-10,2011-10-25 13:05:00,2011-11-20 11:33:00,20,2,28,26,298,470.76,235.38,,,0,0,0,0,0.0,0,Recent moderate purchasers and minimal cancellations
15965,2011-12-10,2010-12-07 13:18:00,2011-11-22 16:44:00,18,4,122,88,453,845.64,211.41,,,0,0,0,0,0.0,0,Recent moderate purchasers and minimal cancellations
15967,2011-12-10,2011-01-25 11:57:00,2011-11-16 15:41:00,24,2,84,73,211,418.83,209.415,,,0,0,0,0,0.0,0,Recent moderate purchasers and minimal cancellations
15969,2011-12-10,2011-06-07 12:19:00,2011-12-07 11:06:00,3,3,20,20,124,666.1,222.0333,2011-11-30 15:43:00,2011-11-30 15:43:00,1,1,1,4,83.2,3,Recent moderate purchasers and some cancellation activity
15970,2011-12-10,2011-02-09 12:08:00,2011-02-09 12:08:00,304,1,11,11,116,314.1,314.1,,,0,0,0,0,0.0,2,Less recent infrequent purchasers
15971,2011-12-10,2011-02-01 16:47:00,2011-11-22 12:50:00,18,12,34,9,1716,4194.9,349.575,,,0,0,0,0,0.0,0,Recent moderate purchasers and minimal cancellations
15973,2011-12-10,2010-12-08 11:42:00,2010-12-08 11:42:00,367,1,4,4,106,307.82,307.82,2011-01-04 17:14:00,2011-04-18 09:39:00,2,2,1,19,208.05,2,Less recent infrequent purchasers
15974,2011-12-10,2011-02-24 10:10:00,2011-10-31 13:13:00,40,7,176,141,2262,3442.15,491.7357,2011-03-09 11:23:00,2011-03-09 11:23:00,1,1,1,6,12.6,3,Recent moderate purchasers and some cancellation activity
15975,2011-12-10,2011-09-16 13:33:00,2011-09-16 13:33:00,85,1,24,24,243,371.01,371.01,,,0,0,0,0,0.0,2,Less recent infrequent purchasers
15976,2011-12-10,2011-05-03 17:12:00,2011-06-27 13:00:00,166,2,98,83,277,430.94,215.47,,,0,0,0,0,0.0,0,Recent moderate purchasers and minimal cancellations
15977,2011-12-10,2011-10-31 16:24:00,2011-11-22 13:29:00,18,2,65,48,1016,1054.73,527.365,,,0,0,0,0,0.0,0,Recent moderate purchasers and minimal cancellations
15978,2011-12-10,2011-09-23 15:21:00,2011-09-23 15:21:00,78,1,49,49,888,1098.78,1098.78,,,0,0,0,0,0.0,0,Recent moderate purchasers and minimal cancellations
15980,2011-12-10,2011-03-30 15:05:00,2011-09-12 09:41:00,89,3,43,40,1560,2398.86,799.62,,,0,0,0,0,0.0,0,Recent moderate purchasers and minimal cancellations
15981,2011-12-10,2011-02-01 13:50:00,2011-11-15 08:00:00,25,8,97,53,1866,3408.48,426.06,,,0,0,0,0,0.0,0,Recent moderate purchasers and minimal cancellations
15983,2011-12-10,2010-12-01 12:15:00,2011-11-17 17:34:00,23,4,113,82,892,1475.02,368.755,,,0,0,0,0,0.0,0,Recent moderate purchasers and minimal cancellations
15984,2011-12-10,2010-12-06 13:21:00,2011-12-07 12:16:00,3,10,270,217,1843,2837.67,283.767,2011-12-05 15:28:00,2011-12-05 15:28:00,1,5,5,10,20.7,1,Recent high-activity purchasers and frequent cancellations
15985,2011-12-10,2011-04-17 11:04:00,2011-08-08 16:31:00,124,2,37,29,1086,1142.42,571.21,2011-07-05 14:53:00,2011-07-05 14:53:00,1,1,1,250,105.0,3,Recent moderate purchasers and some cancellation activity
15986,2011-12-10,2011-11-09 15:17:00,2011-11-09 15:17:00,31,1,14,14,268,168.12,168.12,,,0,0,0,0,0.0,2,Less recent infrequent purchasers
15987,2011-12-10,2010-12-06 08:34:00,2011-11-27 15:38:00,13,7,140,110,1556,1451.28,207.3257,,,0,0,0,0,0.0,0,Recent moderate purchasers and minimal cancellations
15988,2011-12-10,2011-11-20 13:23:00,2011-11-20 13:23:00,20,1,27,26,181,158.03,158.03,,,0,0,0,0,0.0,2,Less recent infrequent purchasers
15990,2011-12-10,2011-02-25 15:35:00,2011-10-26 15:58:00,45,2,52,52,443,792.11,396.055,,,0,0,0,0,0.0,0,Recent moderate purchasers and minimal cancellations
15992,2011-12-10,2011-12-06 11:00:00,2011-12-06 11:00:00,4,1,3,3,17,41.99,41.99,,,0,0,0,0,0.0,2,Less recent infrequent purchasers
15993,2011-12-10,2011-10-26 16:21:00,2011-12-01 10:45:00,9,7,551,334,2045,2788.87,398.41,2011-11-14 13:02:00,2011-12-01 10:41:00,3,8,8,9,40.75,1,Recent high-activity purchasers and frequent cancellations
15994,2011-12-10,2011-10-16 12:28:00,2011-10-16 12:28:00,55,1,35,31,177,427.07,427.07,,,0,0,0,0,0.0,0,Recent moderate purchasers and minimal cancellations
15996,2011-12-10,2010-12-08 15:59:00,2011-09-12 15:14:00,89,6,130,103,384,1060.68,176.78,2011-06-27 12:16:00,2011-06-27 12:16:00,1,1,1,2,15.9,3,Recent moderate purchasers and some cancellation activity
15998,2011-12-10,2010-12-12 13:32:00,2011-11-03 12:45:00,37,5,506,370,2041,3089.97,617.994,2011-06-21 10:39:00,2011-06-21 10:39:00,1,3,3,4,5.8,3,Recent moderate purchasers and some cancellation activity
16000,2011-12-10,2011-12-07 12:14:00,2011-12-07 12:17:00,3,3,9,9,5110,12393.7,4131.2333,,,0,0,0,0,0.0,0,Recent moderate purchasers and minimal cancellations
16003,2011-12-10,2010-12-15 12:09:00,2011-11-10 09:57:00,30,5,103,82,1185,2735.37,547.074,,,0,0,0,0,0.0,0,Recent moderate purchasers and minimal cancellations
16005,2011-12-10,2011-03-14 11:46:00,2011-11-27 13:47:00,13,4,218,173,300,615.39,153.8475,,,0,0,0,0,0.0,0,Recent moderate purchasers and minimal cancellations
16006,2011-12-10,2011-05-12 13:12:00,2011-05-12 13:12:00,212,1,8,8,84,101.4,101.4,,,0,0,0,0,0.0,2,Less recent infrequent purchasers
16007,2011-12-10,2011-05-08 13:32:00,2011-10-23 11:05:00,48,4,385,221,1393,1701.94,425.485,,,0,0,0,0,0.0,0,Recent moderate purchasers and minimal cancellations
16008,2011-12-10,2011-05-19 10:54:00,2011-11-16 10:32:00,24,3,33,29,323,478.78,159.5933,,,0,0,0,0,0.0,0,Recent moderate purchasers and minimal cancellations
16009,2011-12-10,2011-07-03 11:26:00,2011-11-17 16:51:00,23,4,90,68,378,992.71,248.1775,,,0,0,0,0,0.0,0,Recent moderate purchasers and minimal cancellations
16010,2011-12-10,2010-12-12 12:18:00,2011-04-08 10:14:00,246,3,86,62,210,407.5,135.8333,,,0,0,0,0,0.0,0,Recent moderate purchasers and minimal cancellations
16011,2011-12-10,2010-12-08 16:34:00,2011-12-01 16:31:00,9,16,212,99,2042,3362.71,210.1694,,,0,0,0,0,0.0,0,Recent moderate purchasers and minimal cancellations
16012,2011-12-10,2011-07-07 18:02:00,2011-11-04 13:25:00,36,3,94,87,799,1415.29,471.7633,,,0,0,0,0,0.0,0,Recent moderate purchasers and minimal cancellations
16013,2011-12-10,2010-12-03 13:09:00,2011-12-06 10:36:00,4,47,139,30,15536,37130.6,790.0128,2010-12-17 09:37:00,2011-11-08 12:25:00,6,11,10,1690,3744.35,1,Recent high-activity purchasers and frequent cancellations
16014,2011-12-10,2011-02-21 17:42:00,2011-11-02 12:04:00,38,3,144,122,264,647.38,215.7933,2011-11-04 11:23:00,2011-11-04 11:23:00,1,3,3,4,9.25,3,Recent moderate purchasers and some cancellation activity
16015,2011-12-10,2011-10-21 12:56:00,2011-12-06 10:58:00,4,3,181,145,908,705.1,235.0333,2011-11-13 11:56:00,2011-11-13 11:56:00,1,2,2,3,14.85,3,Recent moderate purchasers and some cancellation activity
16016,2011-12-10,2010-12-08 12:36:00,2011-12-06 14:35:00,4,8,235,156,620,1508.76,188.595,2010-12-08 14:10:00,2011-11-24 18:05:00,2,2,2,2,25.45,3,Recent moderate purchasers and some cancellation activity
16017,2011-12-10,2011-10-23 12:56:00,2011-10-23 12:56:00,48,1,32,26,102,211.88,211.88,,,0,0,0,0,0.0,2,Less recent infrequent purchasers
16018,2011-12-10,2011-06-12 13:52:00,2011-10-31 14:13:00,40,2,28,26,190,408.9,204.45,,,0,0,0,0,0.0,2,Less recent infrequent purchasers
16019,2011-12-10,2010-12-10 12:29:00,2011-10-24 11:51:00,47,9,160,133,1733,3786.24,420.6933,2011-12-08 10:06:00,2011-12-08 10:06:00,1,5,5,84,336.0,1,Recent high-activity purchasers and frequent cancellations
16020,2011-12-10,2011-10-05 13:54:00,2011-11-23 11:18:00,17,3,46,42,487,851.01,283.67,,,0,0,0,0,0.0,0,Recent moderate purchasers and minimal cancellations
16022,2011-12-10,2011-03-24 13:16:00,2011-03-24 13:16:00,261,1,76,68,261,628.28,628.28,,,0,0,0,0,0.0,0,Recent moderate purchasers and minimal cancellations
16023,2011-12-10,2011-03-18 13:32:00,2011-10-24 16:34:00,47,3,101,90,358,719.81,239.9367,,,0,0,0,0,0.0,0,Recent moderate purchasers and minimal cancellations
16024,2011-12-10,2011-11-27 13:26:00,2011-11-27 13:26:00,13,1,62,60,378,245.96,245.96,,,0,0,0,0,0.0,0,Recent moderate purchasers and minimal cancellations
16025,2011-12-10,2011-11-10 11:45:00,2011-11-10 11:45:00,30,1,28,28,338,439.66,439.66,,,0,0,0,0,0.0,0,Recent moderate purchasers and minimal cancellations
16026,2011-12-10,2011-10-27 13:53:00,2011-10-27 13:53:00,44,1,32,30,243,236.09,236.09,,,0,0,0,0,0.0,2,Less recent infrequent purchasers
16027,2011-12-10,2011-02-10 12:19:00,2011-09-09 10:47:00,92,6,16,11,1147,934.62,155.77,,,0,0,0,0,0.0,0,Recent moderate purchasers and minimal cancellations
16029,2011-12-10,2010-12-01 09:57:00,2011-11-01 10:27:00,39,62,241,43,40207,72882.09,1175.5176,2011-01-04 13:47:00,2011-10-11 11:10:00,10,29,20,8057,14880.28,1,Recent high-activity purchasers and frequent cancellations
16030,2011-12-10,2011-02-03 11:28:00,2011-02-03 11:28:00,310,1,29,28,283,331.24,331.24,,,0,0,0,0,0.0,2,Less recent infrequent purchasers
16031,2011-12-10,2011-04-06 14:23:00,2011-09-08 13:07:00,93,2,100,91,423,548.94,274.47,,,0,0,0,0,0.0,0,Recent moderate purchasers and minimal cancellations
16033,2011-12-10,2010-12-05 10:36:00,2011-12-04 12:44:00,6,20,1137,538,3539,8816.4,440.82,2011-02-07 13:41:00,2011-08-16 12:14:00,7,15,15,23,88.79,1,Recent high-activity purchasers and frequent cancellations
16034,2011-12-10,2011-01-11 11:54:00,2011-05-27 16:17:00,197,3,22,18,242,437.7,145.9,,,0,0,0,0,0.0,2,Less recent infrequent purchasers
16036,2011-12-10,2011-03-21 13:01:00,2011-09-13 14:53:00,88,2,55,55,716,758.92,379.46,,,0,0,0,0,0.0,0,Recent moderate purchasers and minimal cancellations
16037,2011-12-10,2010-12-16 10:18:00,2011-03-15 09:13:00,270,3,39,37,428,855.02,285.0067,,,0,0,0,0,0.0,0,Recent moderate purchasers and minimal cancellations
16038,2011-12-10,2011-05-22 11:29:00,2011-12-02 12:40:00,8,3,26,24,244,471.78,157.26,2011-06-13 16:15:00,2011-06-13 16:15:00,1,2,2,3,17.45,3,Recent moderate purchasers and some cancellation activity
16040,2011-12-10,2011-03-16 09:58:00,2011-10-05 13:47:00,66,3,65,57,684,1313.55,437.85,,,0,0,0,0,0.0,0,Recent moderate purchasers and minimal cancellations
16041,2011-12-10,2011-07-21 16:27:00,2011-11-09 12:25:00,31,3,6,6,1584,3166.4,1055.4667,,,0,0,0,0,0.0,0,Recent moderate purchasers and minimal cancellations
16042,2011-12-10,2011-01-11 13:25:00,2011-11-17 17:50:00,23,5,71,68,755,1197.27,239.454,2010-12-02 12:50:00,2010-12-09 15:23:00,2,4,2,10,49.9,3,Recent moderate purchasers and some cancellation activity
16043,2011-12-10,2011-01-26 11:14:00,2011-11-02 12:50:00,38,4,39,30,503,773.99,193.4975,,,0,0,0,0,0.0,0,Recent moderate purchasers and minimal cancellations
16045,2011-12-10,2011-02-22 14:55:00,2011-08-12 12:41:00,120,4,83,71,897,1340.7,335.175,,,0,0,0,0,0.0,0,Recent moderate purchasers and minimal cancellations
16048,2011-12-10,2010-12-01 15:27:00,2010-12-01 15:28:00,374,2,8,8,144,256.44,128.22,2011-09-15 10:12:00,2011-09-15 10:12:00,1,1,1,1,12.75,2,Less recent infrequent purchasers
16049,2011-12-10,2011-09-25 14:33:00,2011-10-30 13:19:00,41,3,312,248,793,1111.79,370.5967,,,0,0,0,0,0.0,0,Recent moderate purchasers and minimal cancellations
16050,2011-12-10,2011-06-19 11:44:00,2011-06-19 11:44:00,174,1,10,10,278,137.9,137.9,,,0,0,0,0,0.0,2,Less recent infrequent purchasers
16052,2011-12-10,2011-10-16 15:13:00,2011-10-16 15:13:00,55,1,34,34,282,362.06,362.06,,,0,0,0,0,0.0,0,Recent moderate purchasers and minimal cancellations
16053,2011-12-10,2011-08-09 14:57:00,2011-11-07 11:21:00,33,2,84,81,1793,1511.95,755.975,,,0,0,0,0,0.0,0,Recent moderate purchasers and minimal cancellations
16054,2011-12-10,2011-07-17 13:08:00,2011-07-17 13:08:00,146,1,70,70,380,783.9,783.9,,,0,0,0,0,0.0,0,Recent moderate purchasers and minimal cancellations
16055,2011-12-10,2011-05-03 09:26:00,2011-05-03 09:26:00,221,1,8,8,22,134.8,134.8,,,0,0,0,0,0.0,2,Less recent infrequent purchasers
16056,2011-12-10,2011-10-25 15:19:00,2011-10-25 15:19:00,46,1,68,66,347,664.85,664.85,,,0,0,0,0,0.0,0,Recent moderate purchasers and minimal cancellations
16057,2011-12-10,2011-02-28 10:35:00,2011-11-23 15:23:00,17,7,121,109,863,2263.12,323.3029,2011-03-09 15:08:00,2011-12-05 16:36:00,3,13,13,30,122.9,1,Recent high-activity purchasers and frequent cancellations
16059,2011-12-10,2010-12-07 10:36:00,2011-10-05 09:56:00,66,6,180,126,643,1459.86,243.31,,,0,0,0,0,0.0,0,Recent moderate purchasers and minimal cancellations
16062,2011-12-10,2010-12-10 12:00:00,2011-11-30 12:15:00,10,4,64,50,800,1153.62,288.405,,,0,0,0,0,0.0,0,Recent moderate purchasers and minimal cancellations
16063,2011-12-10,2011-03-24 14:55:00,2011-03-24 14:55:00,261,1,23,23,262,335.32,335.32,,,0,0,0,0,0.0,2,Less recent infrequent purchasers
16065,2011-12-10,2010-12-09 13:03:00,2010-12-09 13:03:00,366,1,74,71,231,372.09,372.09,,,0,0,0,0,0.0,2,Less recent infrequent purchasers
16066,2011-12-10,2011-08-07 14:33:00,2011-11-23 11:54:00,17,5,102,77,936,1521.87,304.374,,,0,0,0,0,0.0,0,Recent moderate purchasers and minimal cancellations
16070,2011-12-10,2011-11-07 16:36:00,2011-11-17 15:50:00,23,2,33,32,457,852.15,426.075,,,0,0,0,0,0.0,0,Recent moderate purchasers and minimal cancellations
16071,2011-12-10,2011-10-26 11:14:00,2011-10-26 11:14:00,45,1,21,21,180,326.24,326.24,,,0,0,0,0,0.0,2,Less recent infrequent purchasers
16072,2011-12-10,2011-02-24 14:32:00,2011-02-24 14:32:00,289,1,23,23,140,584.32,584.32,,,0,0,0,0,0.0,2,Less recent infrequent purchasers
16073,2011-12-10,2011-02-15 15:41:00,2011-02-15 15:41:00,298,1,1,1,48,122.4,122.4,2011-02-21 12:33:00,2011-02-21 12:33:00,1,1,1,11,28.05,2,Less recent infrequent purchasers
16076,2011-12-10,2011-05-15 12:31:00,2011-12-06 14:59:00,4,10,129,71,1435,2234.73,223.473,2011-09-08 12:03:00,2011-09-08 12:03:00,1,2,1,72,61.2,3,Recent moderate purchasers and some cancellation activity
16078,2011-12-10,2011-03-01 09:47:00,2011-03-01 09:47:00,284,1,1,1,16,79.2,79.2,,,0,0,0,0,0.0,2,Less recent infrequent purchasers
16079,2011-12-10,2011-10-30 13:06:00,2011-11-23 12:48:00,17,3,21,18,864,1352.0,450.6667,,,0,0,0,0,0.0,0,Recent moderate purchasers and minimal cancellations
16080,2011-12-10,2011-03-10 14:44:00,2011-09-19 10:42:00,82,2,10,10,128,217.16,108.58,2011-03-21 16:29:00,2011-03-21 16:29:00,1,1,1,24,40.56,3,Recent moderate purchasers and some cancellation activity
16081,2011-12-10,2010-12-08 11:16:00,2011-10-14 13:06:00,57,5,227,175,1477,2806.9,561.38,,,0,0,0,0,0.0,0,Recent moderate purchasers and minimal cancellations
16083,2011-12-10,2010-12-14 11:51:00,2011-08-31 10:47:00,101,2,31,31,908,1317.62,658.81,,,0,0,0,0,0.0,0,Recent moderate purchasers and minimal cancellations
16084,2011-12-10,2011-02-13 16:05:00,2011-02-13 16:05:00,300,1,38,38,216,436.18,436.18,,,0,0,0,0,0.0,2,Less recent infrequent purchasers
16085,2011-12-10,2011-01-23 12:07:00,2011-11-16 13:24:00,24,5,167,123,636,981.51,196.302,,,0,0,0,0,0.0,0,Recent moderate purchasers and minimal cancellations
16086,2011-12-10,2010-12-07 13:45:00,2011-10-11 13:09:00,60,5,39,24,511,1121.39,224.278,2011-05-24 12:44:00,2011-05-24 12:44:00,1,1,1,1,2.08,3,Recent moderate purchasers and some cancellation activity
16091,2011-12-10,2011-05-25 09:18:00,2011-07-08 08:45:00,155,2,18,16,154,315.06,157.53,,,0,0,0,0,0.0,2,Less recent infrequent purchasers
16092,2011-12-10,2011-03-30 15:38:00,2011-08-17 10:46:00,115,3,51,37,628,817.86,272.62,2011-06-07 12:37:00,2011-09-02 11:46:00,2,2,2,26,38.5,3,Recent moderate purchasers and some cancellation activity
16093,2011-12-10,2011-08-25 11:09:00,2011-08-25 11:09:00,107,1,1,1,20,17.0,17.0,,,0,0,0,0,0.0,2,Less recent infrequent purchasers
16094,2011-12-10,2011-05-04 13:57:00,2011-11-28 12:45:00,12,4,63,48,647,1078.23,269.5575,2011-01-06 17:36:00,2011-05-10 15:58:00,2,4,3,14,36.4,3,Recent moderate purchasers and some cancellation activity
16096,2011-12-10,2011-03-20 13:38:00,2011-03-20 13:38:00,265,1,12,12,155,320.62,320.62,,,0,0,0,0,0.0,2,Less recent infrequent purchasers
16097,2011-12-10,2011-04-13 13:47:00,2011-04-13 13:47:00,241,1,10,10,87,185.05,185.05,,,0,0,0,0,0.0,2,Less recent infrequent purchasers
16098,2011-12-10,2010-12-01 09:45:00,2011-09-13 09:59:00,88,7,67,34,613,2005.63,286.5186,,,0,0,0,0,0.0,0,Recent moderate purchasers and minimal cancellations
16099,2011-12-10,2011-04-28 08:34:00,2011-10-20 13:13:00,51,3,39,29,434,731.9,243.9667,,,0,0,0,0,0.0,0,Recent moderate purchasers and minimal cancellations
16101,2011-12-10,2011-09-30 10:18:00,2011-09-30 10:18:00,71,1,76,76,757,1290.7,1290.7,2011-10-17 11:46:00,2011-11-30 16:54:00,2,7,7,19,44.74,3,Recent moderate purchasers and some cancellation activity
16102,2011-12-10,2011-08-03 12:50:00,2011-10-28 13:19:00,43,3,57,41,942,1842.14,614.0467,,,0,0,0,0,0.0,0,Recent moderate purchasers and minimal cancellations
16103,2011-12-10,2011-04-20 12:28:00,2011-12-02 14:16:00,8,6,48,30,558,1429.64,238.2733,,,0,0,0,0,0.0,0,Recent moderate purchasers and minimal cancellations
16104,2011-12-10,2011-10-09 10:23:00,2011-10-09 10:23:00,62,1,29,28,123,302.36,302.36,,,0,0,0,0,0.0,2,Less recent infrequent purchasers
16105,2011-12-10,2011-04-05 10:13:00,2011-04-05 10:13:00,249,1,13,13,330,336.96,336.96,,,0,0,0,0,0.0,2,Less recent infrequent purchasers
16106,2011-12-10,2011-10-05 10:37:00,2011-10-05 10:37:00,66,1,6,6,74,108.38,108.38,,,0,0,0,0,0.0,2,Less recent infrequent purchasers
16107,2011-12-10,2011-06-09 18:42:00,2011-11-22 09:40:00,18,7,31,16,1176,3204.16,457.7371,,,0,0,0,0,0.0,0,Recent moderate purchasers and minimal cancellations
16108,2011-12-10,2011-09-16 11:48:00,2011-09-16 11:48:00,85,1,48,48,615,842.5,842.5,2011-09-16 11:51:00,2011-09-16 11:51:00,1,1,1,16,26.4,3,Recent moderate purchasers and some cancellation activity
16109,2011-12-10,2011-02-04 12:37:00,2011-05-05 09:17:00,219,2,18,18,612,611.88,305.94,,,0,0,0,0,0.0,2,Less recent infrequent purchasers
16110,2011-12-10,2011-02-01 14:01:00,2011-10-25 14:35:00,46,3,354,283,733,1337.48,445.8267,,,0,0,0,0,0.0,0,Recent moderate purchasers and minimal cancellations
16112,2011-12-10,2011-01-05 11:47:00,2011-07-19 14:28:00,144,4,16,15,574,195.74,48.935,,,0,0,0,0,0.0,2,Less recent infrequent purchasers
16113,2011-12-10,2011-06-09 16:16:00,2011-06-09 16:16:00,184,1,30,30,176,161.38,161.38,,,0,0,0,0,0.0,2,Less recent infrequent purchasers
16114,2011-12-10,2011-06-22 10:13:00,2011-06-22 10:13:00,171,1,8,8,43,135.75,135.75,,,0,0,0,0,0.0,2,Less recent infrequent purchasers
16115,2011-12-10,2011-02-20 12:14:00,2011-11-30 11:32:00,10,8,284,169,1001,1667.97,208.4963,,,0,0,0,0,0.0,0,Recent moderate purchasers and minimal cancellations
16116,2011-12-10,2011-05-12 12:01:00,2011-05-12 12:01:00,212,1,34,34,248,612.78,612.78,2011-05-18 09:23:00,2011-05-18 09:23:00,1,1,1,2,19.9,3,Recent moderate purchasers and some cancellation activity
16117,2011-12-10,2011-06-03 11:42:00,2011-06-03 11:42:00,190,1,30,30,130,232.21,232.21,,,0,0,0,0,0.0,2,Less recent infrequent purchasers
16119,2011-12-10,2011-09-28 10:15:00,2011-12-01 15:11:00,9,2,16,14,240,423.36,211.68,,,0,0,0,0,0.0,2,Less recent infrequent purchasers
16120,2011-12-10,2011-10-11 14:10:00,2011-10-11 14:22:00,60,4,30,26,878,1309.14,327.285,2011-10-11 14:14:00,2011-10-11 14:14:00,1,2,2,12,15.0,3,Recent moderate purchasers and some cancellation activity
16121,2011-12-10,2011-05-08 11:52:00,2011-10-13 12:59:00,58,2,212,170,586,867.11,433.555,,,0,0,0,0,0.0,0,Recent moderate purchasers and minimal cancellations
16122,2011-12-10,2010-12-08 11:41:00,2011-09-27 15:34:00,74,4,38,26,1128,684.42,171.105,,,0,0,0,0,0.0,0,Recent moderate purchasers and minimal cancellations
16123,2011-12-10,2011-10-19 09:18:00,2011-10-19 09:18:00,52,1,16,16,170,307.78,307.78,,,0,0,0,0,0.0,2,Less recent infrequent purchasers
16124,2011-12-10,2011-01-26 14:45:00,2011-01-26 14:45:00,318,1,11,11,48,249.0,249.0,2011-01-27 16:05:00,2011-01-27 16:05:00,1,5,5,7,61.85,3,Recent moderate purchasers and some cancellation activity
16125,2011-12-10,2010-12-07 15:48:00,2010-12-07 15:48:00,368,1,13,13,124,289.35,289.35,,,0,0,0,0,0.0,2,Less recent infrequent purchasers
16126,2011-12-10,2011-02-16 11:18:00,2011-11-10 16:03:00,30,4,117,57,2125,6287.77,1571.9425,,,0,0,0,0,0.0,0,Recent moderate purchasers and minimal cancellations
16127,2011-12-10,2011-10-31 13:58:00,2011-10-31 13:58:00,40,1,40,40,323,656.25,656.25,,,0,0,0,0,0.0,0,Recent moderate purchasers and minimal cancellations
16128,2011-12-10,2011-03-02 12:21:00,2011-11-22 11:14:00,18,5,89,76,988,1880.22,376.044,,,0,0,0,0,0.0,0,Recent moderate purchasers and minimal cancellations
16131,2011-12-10,2011-04-14 08:32:00,2011-10-19 11:53:00,52,6,78,55,1802,3506.54,584.4233,,,0,0,0,0,0.0,0,Recent moderate purchasers and minimal cancellations
16133,2011-12-10,2011-01-25 15:55:00,2011-12-06 11:24:00,4,33,338,219,8887,14589.04,442.0921,2011-01-27 17:23:00,2011-11-10 12:38:00,13,26,23,150,283.38,1,Recent high-activity purchasers and frequent cancellations
16134,2011-12-10,2010-12-15 14:00:00,2011-11-18 10:05:00,22,2,35,34,371,618.09,309.045,2010-12-20 17:24:00,2010-12-20 17:24:00,1,3,3,14,14.4,3,Recent moderate purchasers and some cancellation activity
16135,2011-12-10,2011-03-22 12:30:00,2011-03-22 12:30:00,263,1,21,21,209,517.55,517.55,,,0,0,0,0,0.0,2,Less recent infrequent purchasers
16136,2011-12-10,2011-03-07 09:52:00,2011-10-11 09:10:00,60,3,37,35,440,709.38,236.46,,,0,0,0,0,0.0,0,Recent moderate purchasers and minimal cancellations
16139,2011-12-10,2011-05-17 10:23:00,2011-11-21 08:37:00,19,3,31,25,330,635.41,211.8033,,,0,0,0,0,0.0,0,Recent moderate purchasers and minimal cancellations
16140,2011-12-10,2010-12-03 14:40:00,2011-10-05 12:15:00,66,2,35,32,730,725.18,362.59,2011-10-18 10:58:00,2011-10-18 10:58:00,1,1,1,2,17.0,3,Recent moderate purchasers and some cancellation activity
16141,2011-12-10,2011-09-12 13:11:00,2011-09-12 13:11:00,89,1,30,30,238,620.4,620.4,,,0,0,0,0,0.0,0,Recent moderate purchasers and minimal cancellations
16142,2011-12-10,2011-04-04 10:16:00,2011-04-04 10:16:00,250,1,37,37,422,535.34,535.34,,,0,0,0,0,0.0,0,Recent moderate purchasers and minimal cancellations
16143,2011-12-10,2010-12-05 15:18:00,2011-12-06 14:13:00,4,6,117,75,919,2424.94,404.1567,2010-12-14 10:00:00,2010-12-14 10:00:00,1,1,1,2,5.1,3,Recent moderate purchasers and some cancellation activity
16144,2011-12-10,2011-04-07 10:09:00,2011-04-07 10:09:00,247,1,1,1,16,175.2,175.2,,,0,0,0,0,0.0,2,Less recent infrequent purchasers
16145,2011-12-10,2010-12-15 09:09:00,2011-12-01 10:33:00,9,11,224,134,3123,3799.49,345.4082,2010-12-20 14:09:00,2011-09-09 16:36:00,7,13,10,51,57.51,1,Recent high-activity purchasers and frequent cancellations
16146,2011-12-10,2011-04-21 15:25:00,2011-07-05 14:20:00,158,3,29,26,427,734.13,244.71,,,0,0,0,0,0.0,0,Recent moderate purchasers and minimal cancellations
16147,2011-12-10,2011-07-29 09:57:00,2011-07-29 09:57:00,134,1,22,22,246,375.0,375.0,,,0,0,0,0,0.0,2,Less recent infrequent purchasers
16148,2011-12-10,2011-02-16 14:01:00,2011-02-16 14:01:00,297,1,1,1,72,76.32,76.32,,,0,0,0,0,0.0,2,Less recent infrequent purchasers
16149,2011-12-10,2011-07-20 14:54:00,2011-12-05 11:29:00,5,2,18,18,308,280.52,140.26,,,0,0,0,0,0.0,2,Less recent infrequent purchasers
16150,2011-12-10,2010-12-02 18:27:00,2011-10-28 12:39:00,43,5,117,91,1047,2053.02,410.604,2011-01-07 09:25:00,2011-11-01 09:29:00,5,19,17,43,146.95,1,Recent high-activity purchasers and frequent cancellations
16152,2011-12-10,2011-03-16 09:47:00,2011-03-16 09:47:00,269,1,29,29,642,1829.04,1829.04,,,0,0,0,0,0.0,0,Recent moderate purchasers and minimal cancellations
16153,2011-12-10,2010-12-20 09:22:00,2011-10-21 10:50:00,50,5,89,78,1073,1824.23,364.846,,,0,0,0,0,0.0,0,Recent moderate purchasers and minimal cancellations
16156,2011-12-10,2011-02-02 12:02:00,2011-12-01 12:42:00,9,9,130,108,1308,3122.04,346.8933,2011-03-20 11:19:00,2011-09-29 13:29:00,4,8,8,37,89.8,1,Recent high-activity purchasers and frequent cancellations
16157,2011-12-10,2011-09-28 11:48:00,2011-11-24 11:41:00,16,3,18,12,347,656.69,218.8967,2011-10-19 14:19:00,2011-10-19 14:19:00,1,1,1,3,12.45,3,Recent moderate purchasers and some cancellation activity
16159,2011-12-10,2011-03-03 12:27:00,2011-03-03 12:27:00,282,1,14,14,236,348.2,348.2,,,0,0,0,0,0.0,2,Less recent infrequent purchasers
16160,2011-12-10,2011-09-15 10:53:00,2011-10-05 14:19:00,66,2,20,20,1162,1025.44,512.72,2011-09-22 10:12:00,2011-10-06 18:30:00,2,2,2,9,15.99,3,Recent moderate purchasers and some cancellation activity
16161,2011-12-10,2010-12-06 10:03:00,2011-12-08 12:10:00,2,19,471,285,2596,5530.56,291.0821,2010-12-06 09:40:00,2011-11-14 15:10:00,6,27,26,58,178.84,1,Recent high-activity purchasers and frequent cancellations
16162,2011-12-10,2011-04-01 15:03:00,2011-04-01 15:03:00,253,1,2,2,4,37.4,37.4,,,0,0,0,0,0.0,2,Less recent infrequent purchasers
16163,2011-12-10,2010-12-09 16:28:00,2011-04-21 15:15:00,233,2,6,5,192,856.6,428.3,2011-04-28 19:43:00,2011-04-28 19:43:00,1,1,1,100,415.0,3,Recent moderate purchasers and some cancellation activity
16164,2011-12-10,2011-10-28 09:12:00,2011-11-22 15:04:00,18,3,34,27,433,822.48,274.16,2011-11-01 10:13:00,2011-11-01 10:13:00,1,1,1,1,19.95,3,Recent moderate purchasers and some cancellation activity
16168,2011-12-10,2010-12-05 11:38:00,2011-11-29 12:45:00,11,27,98,57,1892,3787.6,140.2815,2011-11-18 15:32:00,2011-11-18 15:32:00,1,1,1,4,17.0,3,Recent moderate purchasers and some cancellation activity
16169,2011-12-10,2011-09-25 11:33:00,2011-12-01 15:28:00,9,4,85,71,1325,1822.97,455.7425,,,0,0,0,0,0.0,0,Recent moderate purchasers and minimal cancellations
16170,2011-12-10,2011-04-05 13:42:00,2011-10-20 08:21:00,51,6,125,106,1770,1885.05,314.175,2011-06-17 11:13:00,2011-06-17 11:13:00,1,2,2,4,4.63,3,Recent moderate purchasers and some cancellation activity
16171,2011-12-10,2011-10-11 14:51:00,2011-10-11 14:51:00,60,1,3,3,24,73.2,73.2,,,0,0,0,0,0.0,2,Less recent infrequent purchasers
16172,2011-12-10,2011-04-12 12:02:00,2011-09-05 13:22:00,96,5,69,52,787,1140.21,228.042,,,0,0,0,0,0.0,0,Recent moderate purchasers and minimal cancellations
16173,2011-12-10,2011-09-02 15:23:00,2011-11-24 10:53:00,16,6,84,70,575,1418.32,236.3867,2011-09-09 12:52:00,2011-09-09 12:52:00,1,3,3,4,11.75,3,Recent moderate purchasers and some cancellation activity
16174,2011-12-10,2011-07-11 09:23:00,2011-08-05 13:26:00,127,3,23,19,651,1009.55,336.5167,,,0,0,0,0,0.0,0,Recent moderate purchasers and minimal cancellations
16175,2011-12-10,2011-04-13 14:38:00,2011-09-06 14:32:00,95,4,58,45,533,1037.59,259.3975,,,0,0,0,0,0.0,0,Recent moderate purchasers and minimal cancellations
16177,2011-12-10,2011-10-20 12:57:00,2011-10-20 12:57:00,51,1,15,15,95,331.95,331.95,,,0,0,0,0,0.0,2,Less recent infrequent purchasers
16178,2011-12-10,2011-07-24 16:05:00,2011-07-24 16:05:00,139,1,8,8,94,197.9,197.9,,,0,0,0,0,0.0,2,Less recent infrequent purchasers
16179,2011-12-10,2011-10-10 09:41:00,2011-10-10 09:41:00,61,1,11,11,99,215.83,215.83,,,0,0,0,0,0.0,2,Less recent infrequent purchasers
16180,2011-12-10,2011-04-01 10:23:00,2011-08-31 16:28:00,101,8,162,90,5867,10254.18,1281.7725,2011-08-03 10:47:00,2011-08-11 10:12:00,2,14,7,14,36.7,1,Recent high-activity purchasers and frequent cancellations
16181,2011-12-10,2011-09-27 13:38:00,2011-09-27 13:38:00,74,1,11,11,152,305.54,305.54,,,0,0,0,0,0.0,2,Less recent infrequent purchasers
16182,2011-12-10,2011-02-18 10:11:00,2011-09-28 13:23:00,73,4,28,17,3791,6617.65,1654.4125,,,0,0,0,0,0.0,0,Recent moderate purchasers and minimal cancellations
16183,2011-12-10,2011-10-03 14:59:00,2011-10-03 14:59:00,68,1,15,15,113,338.71,338.71,,,0,0,0,0,0.0,2,Less recent infrequent purchasers
16184,2011-12-10,2011-05-12 13:33:00,2011-10-06 17:43:00,65,6,45,26,561,1158.79,193.1317,2011-08-22 15:00:00,2011-08-22 15:00:00,1,1,1,1,3.25,3,Recent moderate purchasers and some cancellation activity
16185,2011-12-10,2011-04-21 11:59:00,2011-11-23 09:41:00,17,2,31,31,260,529.41,264.705,,,0,0,0,0,0.0,0,Recent moderate purchasers and minimal cancellations
16186,2011-12-10,2010-12-02 14:40:00,2011-11-17 12:43:00,23,12,218,87,3020,4006.94,333.9117,2011-06-21 17:42:00,2011-06-21 17:42:00,1,1,1,12,15.0,3,Recent moderate purchasers and some cancellation activity
16187,2011-12-10,2011-02-28 13:34:00,2011-11-08 09:50:00,32,15,295,160,5048,6911.44,460.7627,2011-09-02 17:53:00,2011-09-12 18:19:00,2,2,2,44,70.2,1,Recent high-activity purchasers and frequent cancellations
16188,2011-12-10,2011-04-11 09:44:00,2011-10-26 12:19:00,45,4,67,65,782,981.86,245.465,,,0,0,0,0,0.0,0,Recent moderate purchasers and minimal cancellations
16189,2011-12-10,2011-09-15 15:21:00,2011-11-24 11:47:00,16,2,11,9,134,215.48,107.74,,,0,0,0,0,0.0,2,Less recent infrequent purchasers
16190,2011-12-10,2011-10-30 15:59:00,2011-10-30 15:59:00,41,1,6,6,88,215.08,215.08,,,0,0,0,0,0.0,2,Less recent infrequent purchasers
16191,2011-12-10,2010-12-14 12:38:00,2011-12-07 11:26:00,3,13,134,65,3351,5180.52,398.5015,2011-01-06 18:01:00,2011-11-24 11:05:00,11,16,12,147,263.95,1,Recent high-activity purchasers and frequent cancellations
16193,2011-12-10,2011-04-17 11:45:00,2011-04-17 11:45:00,237,1,19,19,219,314.45,314.45,,,0,0,0,0,0.0,2,Less recent infrequent purchasers
16198,2011-12-10,2011-09-25 14:58:00,2011-09-25 14:58:00,76,1,14,14,128,400.68,400.68,,,0,0,0,0,0.0,2,Less recent infrequent purchasers
16200,2011-12-10,2011-06-28 15:47:00,2011-12-05 14:40:00,5,2,179,149,523,1080.62,540.31,,,0,0,0,0,0.0,0,Recent moderate purchasers and minimal cancellations
16201,2011-12-10,2011-08-22 10:47:00,2011-12-06 16:02:00,4,4,111,74,1286,1863.47,465.8675,2011-11-23 11:06:00,2011-11-23 11:06:00,1,4,4,19,41.95,3,Recent moderate purchasers and some cancellation activity
16202,2011-12-10,2010-12-14 10:43:00,2010-12-14 10:43:00,361,1,18,18,191,365.27,365.27,,,0,0,0,0,0.0,2,Less recent infrequent purchasers
16203,2011-12-10,2010-12-02 15:39:00,2011-10-12 12:31:00,59,4,35,27,262,592.9,148.225,2011-01-11 11:50:00,2011-01-11 11:50:00,1,1,1,1,3.75,3,Recent moderate purchasers and some cancellation activity
16204,2011-12-10,2011-11-16 13:40:00,2011-11-16 13:40:00,24,1,57,45,231,405.71,405.71,,,0,0,0,0,0.0,0,Recent moderate purchasers and minimal cancellations
16205,2011-12-10,2011-06-13 11:33:00,2011-11-09 09:32:00,31,4,97,72,513,754.78,188.695,,,0,0,0,0,0.0,0,Recent moderate purchasers and minimal cancellations
16206,2011-12-10,2011-01-16 11:07:00,2011-10-16 10:41:00,55,4,63,52,272,537.06,134.265,,,0,0,0,0,0.0,0,Recent moderate purchasers and minimal cancellations
16207,2011-12-10,2011-11-14 13:51:00,2011-11-14 13:51:00,26,1,19,19,140,394.38,394.38,,,0,0,0,0,0.0,2,Less recent infrequent purchasers
16208,2011-12-10,2011-02-23 13:37:00,2011-10-26 11:36:00,45,2,66,61,333,664.26,332.13,,,0,0,0,0,0.0,0,Recent moderate purchasers and minimal cancellations
16209,2011-12-10,2011-04-07 12:23:00,2011-09-12 11:58:00,89,5,45,36,1178,2247.62,449.524,,,0,0,0,0,0.0,0,Recent moderate purchasers and minimal cancellations
16210,2011-12-10,2010-12-01 12:27:00,2011-12-08 12:36:00,2,17,122,73,7558,21076.3,1239.7824,,,0,0,0,0,0.0,0,Recent moderate purchasers and minimal cancellations
16211,2011-12-10,2011-09-12 12:11:00,2011-09-12 12:11:00,89,1,23,23,154,547.02,547.02,2011-09-19 16:23:00,2011-09-19 16:23:00,1,1,1,1,4.25,3,Recent moderate purchasers and some cancellation activity
16212,2011-12-10,2011-03-01 12:51:00,2011-11-20 13:00:00,20,2,41,40,244,690.34,345.17,2011-03-03 14:14:00,2011-03-03 14:14:00,1,2,2,3,9.15,3,Recent moderate purchasers and some cancellation activity
16213,2011-12-10,2011-09-22 10:03:00,2011-09-22 10:03:00,79,1,6,6,48,159.0,159.0,,,0,0,0,0,0.0,2,Less recent infrequent purchasers
16214,2011-12-10,2011-03-15 13:23:00,2011-06-22 11:30:00,171,3,44,36,420,1062.75,354.25,,,0,0,0,0,0.0,0,Recent moderate purchasers and minimal cancellations
16215,2011-12-10,2011-09-20 10:18:00,2011-09-20 10:18:00,81,1,14,14,104,242.35,242.35,,,0,0,0,0,0.0,2,Less recent infrequent purchasers
16216,2011-12-10,2011-03-17 15:34:00,2011-03-17 15:34:00,268,1,37,37,254,914.93,914.93,,,0,0,0,0,0.0,0,Recent moderate purchasers and minimal cancellations
16217,2011-12-10,2011-03-02 15:28:00,2011-04-18 13:31:00,236,2,15,13,91,304.25,152.125,2011-03-17 18:31:00,2011-03-17 18:31:00,1,3,3,14,37.8,3,Recent moderate purchasers and some cancellation activity
16218,2011-12-10,2010-12-01 11:29:00,2011-11-10 09:59:00,30,7,84,56,2088,3084.68,440.6686,2011-06-07 15:28:00,2011-06-07 15:28:00,1,6,6,11,29.81,3,Recent moderate purchasers and some cancellation activity
16221,2011-12-10,2010-12-07 13:13:00,2011-11-03 11:43:00,37,3,97,90,717,864.86,288.2867,,,0,0,0,0,0.0,0,Recent moderate purchasers and minimal cancellations
16222,2011-12-10,2011-01-25 13:38:00,2011-01-25 13:38:00,319,1,137,120,365,846.72,846.72,,,0,0,0,0,0.0,0,Recent moderate purchasers and minimal cancellations
16224,2011-12-10,2011-04-04 12:00:00,2011-10-13 17:51:00,58,4,96,90,1116,1295.3,323.825,,,0,0,0,0,0.0,0,Recent moderate purchasers and minimal cancellations
16225,2011-12-10,2011-03-07 12:17:00,2011-10-26 08:30:00,45,5,134,109,493,1096.32,219.264,,,0,0,0,0,0.0,0,Recent moderate purchasers and minimal cancellations
16226,2011-12-10,2011-04-18 12:58:00,2011-05-20 14:41:00,204,3,8,6,192,255.12,85.04,,,0,0,0,0,0.0,2,Less recent infrequent purchasers
16227,2011-12-10,2011-04-28 13:33:00,2011-04-28 13:33:00,226,1,6,6,90,314.22,314.22,2011-05-04 16:27:00,2011-05-04 16:27:00,1,1,1,2,5.9,2,Less recent infrequent purchasers
16229,2011-12-10,2011-05-11 10:18:00,2011-09-13 17:16:00,88,2,47,46,318,1010.6,505.3,,,0,0,0,0,0.0,0,Recent moderate purchasers and minimal cancellations
16230,2011-12-10,2011-05-03 15:12:00,2011-06-03 10:06:00,190,2,35,32,365,542.03,271.015,,,0,0,0,0,0.0,0,Recent moderate purchasers and minimal cancellations
16232,2011-12-10,2011-05-08 14:05:00,2011-10-27 12:16:00,44,4,37,24,550,990.88,247.72,2011-11-07 11:12:00,2011-11-07 11:12:00,1,1,1,3,7.65,3,Recent moderate purchasers and some cancellation activity
16233,2011-12-10,2010-12-08 12:51:00,2011-09-29 17:27:00,72,3,22,22,174,536.68,178.8933,2010-12-14 16:39:00,2010-12-16 14:30:00,2,3,2,9,114.55,3,Recent moderate purchasers and some cancellation activity
16235,2011-12-10,2011-01-11 15:42:00,2011-10-30 10:56:00,41,4,45,41,329,857.31,214.3275,2011-01-14 16:58:00,2011-01-14 16:58:00,1,2,2,2,8.9,3,Recent moderate purchasers and some cancellation activity
16236,2011-12-10,2011-09-22 14:10:00,2011-09-22 14:10:00,79,1,20,20,184,432.2,432.2,,,0,0,0,0,0.0,2,Less recent infrequent purchasers
16239,2011-12-10,2011-06-03 09:30:00,2011-10-14 08:29:00,57,2,19,18,228,414.2,207.1,2011-06-26 11:43:00,2011-06-26 11:43:00,1,2,2,10,41.3,3,Recent moderate purchasers and some cancellation activity
16240,2011-12-10,2011-09-23 13:44:00,2011-11-15 14:30:00,25,2,135,126,1641,3718.8,1859.4,2011-09-30 10:42:00,2011-12-01 14:02:00,3,7,6,7,24.99,1,Recent high-activity purchasers and frequent cancellations
16241,2011-12-10,2010-12-05 11:04:00,2011-11-30 11:08:00,10,13,662,347,1453,2607.87,200.6054,,,0,0,0,0,0.0,0,Recent moderate purchasers and minimal cancellations
16242,2011-12-10,2011-03-07 17:04:00,2011-12-01 15:12:00,9,7,294,184,1982,3603.21,514.7443,2011-05-09 14:47:00,2011-05-09 14:47:00,1,1,1,1,4.95,3,Recent moderate purchasers and some cancellation activity
16243,2011-12-10,2011-10-16 12:09:00,2011-11-06 12:32:00,34,2,51,49,110,409.1,204.55,,,0,0,0,0,0.0,0,Recent moderate purchasers and minimal cancellations
16244,2011-12-10,2010-12-02 11:41:00,2011-05-12 10:18:00,212,2,91,88,855,1522.75,761.375,,,0,0,0,0,0.0,0,Recent moderate purchasers and minimal cancellations
16245,2011-12-10,2011-03-28 09:30:00,2011-11-16 10:14:00,24,3,90,80,1014,1413.66,471.22,2011-04-07 12:45:00,2011-10-06 19:52:00,2,3,3,6,61.3,3,Recent moderate purchasers and some cancellation activity
16247,2011-12-10,2011-06-22 14:23:00,2011-06-22 14:23:00,171,1,16,16,182,114.56,114.56,,,0,0,0,0,0.0,2,Less recent infrequent purchasers
16248,2011-12-10,2011-10-09 11:32:00,2011-10-09 11:32:00,62,1,7,7,78,152.94,152.94,,,0,0,0,0,0.0,2,Less recent infrequent purchasers
16249,2011-12-10,2011-04-14 13:50:00,2011-10-18 10:07:00,53,5,69,67,950,1800.07,360.014,,,0,0,0,0,0.0,0,Recent moderate purchasers and minimal cancellations
16250,2011-12-10,2010-12-01 09:59:00,2011-03-23 15:07:00,262,2,24,22,208,389.44,194.72,,,0,0,0,0,0.0,2,Less recent infrequent purchasers
16253,2011-12-10,2011-03-29 13:33:00,2011-10-04 09:09:00,67,2,123,114,3233,3683.86,1841.93,,,0,0,0,0,0.0,0,Recent moderate purchasers and minimal cancellations
16255,2011-12-10,2010-12-09 14:25:00,2011-11-23 12:40:00,17,8,270,146,1767,2619.91,327.4888,2011-07-20 11:40:00,2011-08-08 12:38:00,2,4,4,7,10.61,3,Recent moderate purchasers and some cancellation activity
16256,2011-12-10,2011-03-18 12:18:00,2011-03-18 12:18:00,267,1,13,13,581,752.43,752.43,2011-03-27 12:14:00,2011-03-27 12:14:00,1,1,1,4,19.8,3,Recent moderate purchasers and some cancellation activity
16257,2011-12-10,2011-06-16 10:11:00,2011-06-16 10:11:00,177,1,1,1,1,21.95,21.95,,,0,0,0,0,0.0,2,Less recent infrequent purchasers
16258,2011-12-10,2011-05-04 14:33:00,2011-10-25 13:30:00,46,5,135,111,2994,5203.51,1040.702,,,0,0,0,0,0.0,0,Recent moderate purchasers and minimal cancellations
16260,2011-12-10,2011-10-20 09:40:00,2011-10-20 09:40:00,51,1,18,18,311,1035.45,1035.45,,,0,0,0,0,0.0,0,Recent moderate purchasers and minimal cancellations
16261,2011-12-10,2011-04-07 19:05:00,2011-11-22 17:23:00,18,4,124,98,306,746.83,186.7075,,,0,0,0,0,0.0,0,Recent moderate purchasers and minimal cancellations
16265,2011-12-10,2010-12-10 10:21:00,2011-11-30 16:41:00,10,9,256,163,2644,5347.0,594.1111,2011-02-11 15:16:00,2011-05-05 09:58:00,2,2,2,19,23.85,1,Recent high-activity purchasers and frequent cancellations
16266,2011-12-10,2011-05-17 14:50:00,2011-09-27 12:08:00,74,7,61,44,398,861.89,123.1271,,,0,0,0,0,0.0,0,Recent moderate purchasers and minimal cancellations
16268,2011-12-10,2011-09-29 18:30:00,2011-09-29 18:30:00,72,2,44,44,532,617.65,308.825,,,0,0,0,0,0.0,0,Recent moderate purchasers and minimal cancellations
16270,2011-12-10,2010-12-21 14:26:00,2010-12-21 14:26:00,354,1,54,54,688,1141.24,1141.24,,,0,0,0,0,0.0,0,Recent moderate purchasers and minimal cancellations
16271,2011-12-10,2010-12-16 16:36:00,2011-11-24 12:12:00,16,4,132,88,1037,1414.24,353.56,2011-07-20 10:35:00,2011-07-20 10:35:00,1,1,1,1,5.95,3,Recent moderate purchasers and some cancellation activity
16272,2011-12-10,2011-08-15 10:53:00,2011-08-15 10:53:00,117,1,25,25,224,411.7,411.7,,,0,0,0,0,0.0,2,Less recent infrequent purchasers
16274,2011-12-10,2010-12-01 15:35:00,2010-12-01 15:35:00,374,1,65,63,153,337.75,337.75,,,0,0,0,0,0.0,2,Less recent infrequent purchasers
16275,2011-12-10,2011-05-27 12:41:00,2011-05-27 12:41:00,197,1,33,33,336,559.87,559.87,,,0,0,0,0,0.0,0,Recent moderate purchasers and minimal cancellations
16276,2011-12-10,2011-06-16 09:34:00,2011-06-16 09:34:00,177,1,6,6,420,810.6,810.6,,,0,0,0,0,0.0,2,Less recent infrequent purchasers
16278,2011-12-10,2011-08-31 17:12:00,2011-08-31 17:12:00,101,1,23,23,114,566.38,566.38,2011-09-06 13:59:00,2011-11-16 16:09:00,2,2,2,5,28.55,3,Recent moderate purchasers and some cancellation activity
16279,2011-12-10,2011-06-16 11:50:00,2011-11-18 15:00:00,22,3,107,102,1054,1509.58,503.1933,2011-01-10 09:56:00,2011-01-10 09:56:00,1,2,2,2,12.9,3,Recent moderate purchasers and some cancellation activity
16281,2011-12-10,2011-09-28 14:57:00,2011-09-28 14:57:00,73,1,17,17,934,2062.06,2062.06,,,0,0,0,0,0.0,0,Recent moderate purchasers and minimal cancellations
16282,2011-12-10,2011-01-04 11:42:00,2011-01-04 11:42:00,340,1,11,11,114,168.3,168.3,,,0,0,0,0,0.0,2,Less recent infrequent purchasers
16283,2011-12-10,2011-05-15 13:37:00,2011-12-04 12:08:00,6,5,165,116,1234,1569.11,313.822,2011-07-10 12:11:00,2011-12-04 10:46:00,2,2,2,14,39.3,3,Recent moderate purchasers and some cancellation activity
16284,2011-12-10,2011-10-20 13:54:00,2011-11-08 16:12:00,32,2,109,87,544,823.97,411.985,,,0,0,0,0,0.0,0,Recent moderate purchasers and minimal cancellations
16287,2011-12-10,2011-06-23 09:08:00,2011-06-23 09:08:00,170,1,8,8,298,142.5,142.5,,,0,0,0,0,0.0,2,Less recent infrequent purchasers
16292,2011-12-10,2011-08-10 12:24:00,2011-08-10 12:24:00,122,1,17,17,191,302.25,302.25,2011-08-14 14:30:00,2011-08-14 14:30:00,1,2,2,3,21.35,3,Recent moderate purchasers and some cancellation activity
16293,2011-12-10,2010-12-07 15:02:00,2011-11-18 09:58:00,22,10,118,102,982,2248.99,224.899,2011-09-15 16:17:00,2011-12-01 09:13:00,2,2,2,4,12.25,3,Recent moderate purchasers and some cancellation activity
16295,2011-12-10,2011-10-06 10:45:00,2011-11-30 08:17:00,10,4,79,70,841,1328.55,332.1375,,,0,0,0,0,0.0,0,Recent moderate purchasers and minimal cancellations
16297,2011-12-10,2011-03-16 08:29:00,2011-03-16 08:29:00,269,1,20,20,206,301.9,301.9,2011-03-18 11:01:00,2011-04-04 08:50:00,2,2,2,25,23.35,3,Recent moderate purchasers and some cancellation activity
16298,2011-12-10,2011-06-06 10:06:00,2011-11-17 11:59:00,23,3,27,22,198,598.2,199.4,,,0,0,0,0,0.0,0,Recent moderate purchasers and minimal cancellations
16302,2011-12-10,2011-08-05 09:44:00,2011-08-05 09:44:00,127,1,11,11,158,233.22,233.22,2011-08-24 09:25:00,2011-08-24 09:25:00,1,1,1,24,20.4,2,Less recent infrequent purchasers
16303,2011-12-10,2011-01-10 14:16:00,2011-11-14 10:49:00,26,3,162,119,2659,5360.63,1786.8767,2011-08-31 13:41:00,2011-08-31 13:41:00,1,5,5,38,54.8,1,Recent high-activity purchasers and frequent cancellations
16305,2011-12-10,2011-07-24 12:18:00,2011-07-24 12:18:00,139,1,22,22,256,361.22,361.22,,,0,0,0,0,0.0,2,Less recent infrequent purchasers
16306,2011-12-10,2010-12-07 15:18:00,2011-05-10 12:12:00,214,6,41,36,487,632.27,105.3783,2011-02-16 11:49:00,2011-02-18 15:45:00,3,3,2,16,30.0,3,Recent moderate purchasers and some cancellation activity
16308,2011-12-10,2011-03-23 14:46:00,2011-11-02 11:24:00,38,4,4,1,8000,2560.0,640.0,,,0,0,0,0,0.0,0,Recent moderate purchasers and minimal cancellations
16309,2011-12-10,2011-04-13 11:46:00,2011-08-25 15:35:00,107,2,42,39,467,706.57,353.285,2011-09-09 12:26:00,2011-09-09 12:26:00,1,2,2,2,19.9,3,Recent moderate purchasers and some cancellation activity
16311,2011-12-10,2011-10-21 13:13:00,2011-11-22 08:54:00,18,2,37,35,394,616.26,308.13,,,0,0,0,0,0.0,0,Recent moderate purchasers and minimal cancellations
16313,2011-12-10,2011-10-21 09:04:00,2011-12-06 13:02:00,4,2,16,16,165,274.15,137.075,,,0,0,0,0,0.0,2,Less recent infrequent purchasers
16315,2011-12-10,2011-01-13 11:57:00,2011-01-13 11:57:00,331,1,14,14,75,226.37,226.37,,,0,0,0,0,0.0,2,Less recent infrequent purchasers
16316,2011-12-10,2010-12-16 14:26:00,2011-10-06 13:48:00,65,8,151,120,1484,2938.91,367.3638,2011-01-05 12:42:00,2011-09-22 10:11:00,4,5,5,18,183.35,1,Recent high-activity purchasers and frequent cancellations
16317,2011-12-10,2011-02-15 14:30:00,2011-08-12 12:46:00,120,3,69,64,890,1341.65,447.2167,,,0,0,0,0,0.0,0,Recent moderate purchasers and minimal cancellations
16318,2011-12-10,2011-11-04 13:05:00,2011-11-04 13:05:00,36,1,19,19,199,328.15,328.15,,,0,0,0,0,0.0,2,Less recent infrequent purchasers
16319,2011-12-10,2011-05-06 11:27:00,2011-05-06 11:27:00,218,1,3,3,72,404.4,404.4,,,0,0,0,0,0.0,2,Less recent infrequent purchasers
16320,2011-12-10,2011-05-10 15:31:00,2011-06-20 15:25:00,173,2,56,56,732,1038.46,519.23,,,0,0,0,0,0.0,0,Recent moderate purchasers and minimal cancellations
16321,2011-12-10,2011-01-20 12:11:00,2011-09-28 14:55:00,73,5,12,7,135,373.65,74.73,2011-02-07 15:09:00,2011-09-28 14:55:00,2,4,4,57,142.95,3,Recent moderate purchasers and some cancellation activity
16322,2011-12-10,2011-11-03 14:33:00,2011-12-08 15:41:00,2,2,37,28,231,326.75,163.375,,,0,0,0,0,0.0,0,Recent moderate purchasers and minimal cancellations
16323,2011-12-10,2011-05-27 14:48:00,2011-05-27 14:48:00,197,1,1,1,50,207.5,207.5,,,0,0,0,0,0.0,2,Less recent infrequent purchasers
16324,2011-12-10,2011-06-15 14:26:00,2011-08-03 12:58:00,129,3,118,100,282,428.68,142.8933,,,0,0,0,0,0.0,0,Recent moderate purchasers and minimal cancellations
16325,2011-12-10,2011-04-08 09:20:00,2011-10-24 08:48:00,47,3,18,14,194,594.24,198.08,2011-04-19 11:20:00,2011-10-26 16:29:00,2,2,1,30,83.7,3,Recent moderate purchasers and some cancellation activity
16326,2011-12-10,2011-01-09 12:01:00,2011-12-04 10:11:00,6,14,319,158,709,3110.96,222.2114,2011-10-09 10:20:00,2011-10-09 10:20:00,1,1,1,20,25.0,3,Recent moderate purchasers and some cancellation activity
16327,2011-12-10,2010-12-05 12:43:00,2011-11-25 13:23:00,15,6,318,141,2535,3813.62,635.6033,,,0,0,0,0,0.0,0,Recent moderate purchasers and minimal cancellations
16330,2011-12-10,2011-08-19 17:08:00,2011-11-22 12:24:00,18,3,39,39,147,251.91,83.97,2011-08-21 09:18:00,2011-08-21 09:18:00,1,2,2,2,9.7,3,Recent moderate purchasers and some cancellation activity
16332,2011-12-10,2011-02-07 14:16:00,2011-11-11 14:22:00,29,7,153,125,801,1593.2,227.6,2011-09-28 16:04:00,2011-09-28 16:04:00,1,1,1,8,10.0,3,Recent moderate purchasers and some cancellation activity
16333,2011-12-10,2011-02-03 10:50:00,2011-12-02 12:19:00,8,22,45,9,32184,26626.8,1210.3091,,,0,0,0,0,0.0,0,Recent moderate purchasers and minimal cancellations
16337,2011-12-10,2011-11-03 10:03:00,2011-11-03 10:03:00,37,1,10,10,87,151.05,151.05,,,0,0,0,0,0.0,2,Less recent infrequent purchasers
16338,2011-12-10,2011-07-05 13:56:00,2011-07-05 13:56:00,158,1,11,11,94,214.8,214.8,,,0,0,0,0,0.0,2,Less recent infrequent purchasers
16339,2011-12-10,2011-02-28 13:41:00,2011-02-28 13:41:00,285,1,20,17,23,109.95,109.95,,,0,0,0,0,0.0,2,Less recent infrequent purchasers
16340,2011-12-10,2011-08-24 14:53:00,2011-08-24 14:53:00,108,1,153,124,501,549.07,549.07,,,0,0,0,0,0.0,0,Recent moderate purchasers and minimal cancellations
16341,2011-12-10,2011-05-22 13:20:00,2011-11-15 09:12:00,25,4,77,60,1398,1971.87,492.9675,2011-05-27 10:59:00,2011-09-21 09:49:00,2,7,7,10,12.49,3,Recent moderate purchasers and some cancellation activity
16342,2011-12-10,2011-06-13 10:10:00,2011-09-25 14:36:00,76,4,15,10,157,322.41,80.6025,,,0,0,0,0,0.0,2,Less recent infrequent purchasers
16343,2011-12-10,2011-11-23 17:43:00,2011-11-23 17:45:00,17,2,47,29,195,370.48,185.24,,,0,0,0,0,0.0,0,Recent moderate purchasers and minimal cancellations
16344,2011-12-10,2011-07-04 15:50:00,2011-07-04 15:50:00,159,1,2,1,18,101.1,101.1,,,0,0,0,0,0.0,2,Less recent infrequent purchasers
16345,2011-12-10,2011-10-26 16:03:00,2011-10-26 16:03:00,45,1,38,35,289,575.41,575.41,,,0,0,0,0,0.0,0,Recent moderate purchasers and minimal cancellations
16347,2011-12-10,2011-11-03 13:01:00,2011-11-28 13:14:00,12,2,92,61,353,887.65,443.825,,,0,0,0,0,0.0,0,Recent moderate purchasers and minimal cancellations
16348,2011-12-10,2011-04-13 15:49:00,2011-11-07 15:44:00,33,7,234,156,813,1467.11,209.5871,,,0,0,0,0,0.0,0,Recent moderate purchasers and minimal cancellations
16349,2011-12-10,2011-02-22 12:40:00,2011-02-22 12:40:00,291,1,9,9,9,53.5,53.5,,,0,0,0,0,0.0,2,Less recent infrequent purchasers
16350,2011-12-10,2011-01-10 09:44:00,2011-11-18 15:53:00,22,4,57,40,545,1116.47,279.1175,2010-12-09 14:43:00,2010-12-09 14:43:00,1,3,3,3,16.0,3,Recent moderate purchasers and some cancellation activity
16351,2011-12-10,2011-01-11 10:26:00,2011-01-11 10:26:00,333,1,8,8,90,153.9,153.9,,,0,0,0,0,0.0,2,Less recent infrequent purchasers
16352,2011-12-10,2011-11-02 08:44:00,2011-11-22 10:32:00,18,2,28,28,300,494.44,247.22,,,0,0,0,0,0.0,0,Recent moderate purchasers and minimal cancellations
16353,2011-12-10,2010-12-05 12:09:00,2011-12-06 12:23:00,4,23,93,50,2005,6668.21,289.9222,,,0,0,0,0,0.0,0,Recent moderate purchasers and minimal cancellations
16354,2011-12-10,2011-09-27 16:28:00,2011-10-07 14:28:00,64,2,39,38,150,395.8,197.9,,,0,0,0,0,0.0,0,Recent moderate purchasers and minimal cancellations
16356,2011-12-10,2011-03-07 12:31:00,2011-05-26 11:51:00,198,3,31,20,93,211.77,70.59,2011-04-26 12:13:00,2011-04-26 12:13:00,1,1,1,1,1.45,2,Less recent infrequent purchasers
16357,2011-12-10,2011-05-10 10:35:00,2011-11-06 16:04:00,34,3,34,31,246,658.88,219.6267,,,0,0,0,0,0.0,0,Recent moderate purchasers and minimal cancellations
16358,2011-12-10,2011-06-08 15:05:00,2011-12-08 15:09:00,2,4,109,82,1302,2027.5,506.875,2011-06-10 14:28:00,2011-06-10 14:28:00,1,1,1,1,2.55,3,Recent moderate purchasers and some cancellation activity
16359,2011-12-10,2011-01-12 10:49:00,2011-12-02 17:04:00,8,9,66,39,1183,1750.92,194.5467,2011-01-14 16:43:00,2011-06-01 16:15:00,3,4,4,29,290.55,1,Recent high-activity purchasers and frequent cancellations
16360,2011-12-10,2011-09-12 13:50:00,2011-12-05 12:16:00,5,6,662,365,2144,3512.53,585.4217,2011-11-01 10:57:00,2011-12-05 11:02:00,2,9,9,16,100.84,1,Recent high-activity purchasers and frequent cancellations
16361,2011-12-10,2011-09-29 13:13:00,2011-11-30 12:32:00,10,4,106,87,421,896.66,224.165,,,0,0,0,0,0.0,0,Recent moderate purchasers and minimal cancellations
16362,2011-12-10,2011-09-09 14:47:00,2011-11-07 13:01:00,33,5,81,58,351,734.77,146.954,2011-09-09 14:58:00,2011-10-04 17:48:00,4,9,9,26,82.7,3,Recent moderate purchasers and some cancellation activity
16363,2011-12-10,2011-10-17 14:14:00,2011-10-17 14:14:00,54,1,5,5,52,109.36,109.36,,,0,0,0,0,0.0,2,Less recent infrequent purchasers
16364,2011-12-10,2011-07-25 14:35:00,2011-11-28 11:27:00,12,2,53,48,280,707.04,353.52,,,0,0,0,0,0.0,0,Recent moderate purchasers and minimal cancellations
16365,2011-12-10,2010-12-07 17:19:00,2011-11-22 11:24:00,18,9,51,45,504,1540.42,171.1578,,,0,0,0,0,0.0,0,Recent moderate purchasers and minimal cancellations
16366,2011-12-10,2011-11-21 08:19:00,2011-11-21 08:19:00,19,1,18,18,256,327.3,327.3,,,0,0,0,0,0.0,2,Less recent infrequent purchasers
16367,2011-12-10,2010-12-12 12:01:00,2011-11-02 13:13:00,38,2,130,123,647,804.49,402.245,,,0,0,0,0,0.0,0,Recent moderate purchasers and minimal cancellations
16368,2011-12-10,2011-11-11 15:08:00,2011-12-07 13:12:00,3,2,76,58,260,497.43,248.715,,,0,0,0,0,0.0,0,Recent moderate purchasers and minimal cancellations
16369,2011-12-10,2011-05-27 09:39:00,2011-11-21 16:25:00,19,3,116,90,1031,1551.58,517.1933,,,0,0,0,0,0.0,0,Recent moderate purchasers and minimal cancellations
16370,2011-12-10,2011-04-28 16:40:00,2011-09-18 15:55:00,83,4,228,143,647,1320.56,330.14,,,0,0,0,0,0.0,0,Recent moderate purchasers and minimal cancellations
16372,2011-12-10,2011-11-06 12:50:00,2011-11-06 13:08:00,34,2,97,86,166,367.93,183.965,,,0,0,0,0,0.0,0,Recent moderate purchasers and minimal cancellations
16374,2011-12-10,2011-03-22 13:46:00,2011-10-04 15:21:00,67,2,110,100,239,465.08,232.54,,,0,0,0,0,0.0,0,Recent moderate purchasers and minimal cancellations
16376,2011-12-10,2011-11-22 16:47:00,2011-12-01 11:38:00,9,2,125,104,694,987.01,493.505,2011-12-01 10:56:00,2011-12-01 10:56:00,1,3,3,5,9.49,3,Recent moderate purchasers and some cancellation activity
16377,2011-12-10,2011-03-17 15:41:00,2011-03-17 15:41:00,268,1,5,5,1500,676.2,676.2,,,0,0,0,0,0.0,2,Less recent infrequent purchasers
16378,2011-12-10,2011-02-02 12:42:00,2011-04-06 15:07:00,248,3,23,22,267,362.95,120.9833,,,0,0,0,0,0.0,2,Less recent infrequent purchasers
16379,2011-12-10,2011-09-22 09:33:00,2011-12-05 15:38:00,5,4,108,87,1410,2157.4,539.35,2011-11-08 16:19:00,2011-11-08 16:19:00,1,1,1,2,25.5,3,Recent moderate purchasers and some cancellation activity
16380,2011-12-10,2011-10-09 15:40:00,2011-10-09 15:40:00,62,1,32,28,1524,1780.59,1780.59,,,0,0,0,0,0.0,0,Recent moderate purchasers and minimal cancellations
16383,2011-12-10,2011-03-16 13:00:00,2011-09-26 12:45:00,75,2,102,80,475,668.36,334.18,,,0,0,0,0,0.0,0,Recent moderate purchasers and minimal cancellations
16384,2011-12-10,2011-03-21 10:13:00,2011-09-11 11:19:00,90,2,33,33,260,584.5,292.25,,,0,0,0,0,0.0,0,Recent moderate purchasers and minimal cancellations
16385,2011-12-10,2010-12-08 12:56:00,2011-10-10 13:12:00,61,3,59,52,261,555.89,185.2967,,,0,0,0,0,0.0,0,Recent moderate purchasers and minimal cancellations
16386,2011-12-10,2011-03-31 12:19:00,2011-11-11 12:28:00,29,2,88,76,224,317.2,158.6,,,0,0,0,0,0.0,0,Recent moderate purchasers and minimal cancellations
16387,2011-12-10,2011-01-21 11:34:00,2011-01-21 11:34:00,323,1,4,4,44,94.36,94.36,,,0,0,0,0,0.0,2,Less recent infrequent purchasers
16389,2011-12-10,2011-03-01 15:47:00,2011-10-17 14:41:00,54,4,33,32,1241,1367.07,341.7675,2011-09-28 16:59:00,2011-09-28 16:59:00,1,1,1,12,19.8,3,Recent moderate purchasers and some cancellation activity
16392,2011-12-10,2011-03-15 12:11:00,2011-03-15 12:11:00,270,1,45,41,203,221.19,221.19,,,0,0,0,0,0.0,2,Less recent infrequent purchasers
16393,2011-12-10,2010-12-05 13:10:00,2011-12-07 12:51:00,3,13,330,120,1576,3046.21,234.3238,2010-12-12 11:21:00,2011-12-07 12:24:00,7,28,23,47,105.16,1,Recent high-activity purchasers and frequent cancellations
16394,2011-12-10,2011-02-23 10:58:00,2011-10-14 09:48:00,57,5,83,61,2604,1555.34,311.068,2011-04-14 17:07:00,2011-10-20 19:16:00,4,17,11,287,143.28,1,Recent high-activity purchasers and frequent cancellations
16395,2011-12-10,2011-01-13 12:10:00,2011-10-10 12:50:00,61,5,210,150,1476,1486.9,297.38,,,0,0,0,0,0.0,0,Recent moderate purchasers and minimal cancellations
16398,2011-12-10,2011-03-31 09:38:00,2011-07-08 15:16:00,155,2,82,75,758,1705.8,852.9,2011-04-27 16:19:00,2011-07-18 10:14:00,2,4,4,13,74.65,3,Recent moderate purchasers and some cancellation activity
16399,2011-12-10,2011-04-18 13:46:00,2011-11-20 16:12:00,20,2,72,67,246,406.77,203.385,,,0,0,0,0,0.0,0,Recent moderate purchasers and minimal cancellations
16400,2011-12-10,2011-09-06 12:27:00,2011-09-06 12:27:00,95,1,29,28,172,303.93,303.93,,,0,0,0,0,0.0,2,Less recent infrequent purchasers
16401,2011-12-10,2011-01-16 10:56:00,2011-12-08 18:15:00,2,12,186,66,3882,4098.32,341.5267,2011-05-01 11:58:00,2011-10-04 17:51:00,7,11,7,23,35.13,1,Recent high-activity purchasers and frequent cancellations
16402,2011-12-10,2010-12-05 13:42:00,2011-03-20 12:25:00,265,2,60,55,149,299.6,149.8,,,0,0,0,0,0.0,2,Less recent infrequent purchasers
16403,2011-12-10,2011-01-31 13:39:00,2011-01-31 13:39:00,313,1,10,10,114,177.5,177.5,2011-02-10 16:40:00,2011-02-10 16:40:00,1,5,5,11,16.45,3,Recent moderate purchasers and some cancellation activity
16404,2011-12-10,2011-09-30 14:55:00,2011-09-30 14:55:00,71,1,23,23,157,443.05,443.05,,,0,0,0,0,0.0,2,Less recent infrequent purchasers
16405,2011-12-10,2011-02-02 17:08:00,2011-02-10 15:24:00,303,2,5,3,187,167.25,83.625,,,0,0,0,0,0.0,2,Less recent infrequent purchasers
16406,2011-12-10,2011-11-21 11:57:00,2011-11-21 11:57:00,19,1,62,54,122,163.07,163.07,,,0,0,0,0,0.0,2,Less recent infrequent purchasers
16407,2011-12-10,2011-01-31 14:02:00,2011-11-27 11:05:00,13,10,172,99,1124,2126.93,212.693,,,0,0,0,0,0.0,0,Recent moderate purchasers and minimal cancellations
16409,2011-12-10,2011-01-26 14:51:00,2011-11-03 16:45:00,37,5,232,145,1306,2028.88,405.776,,,0,0,0,0,0.0,0,Recent moderate purchasers and minimal cancellations
16411,2011-12-10,2010-12-05 13:26:00,2011-11-20 13:23:00,20,2,45,41,132,214.65,107.325,,,0,0,0,0,0.0,2,Less recent infrequent purchasers
16412,2011-12-10,2011-10-17 12:35:00,2011-10-17 12:35:00,54,1,35,25,73,151.83,151.83,,,0,0,0,0,0.0,2,Less recent infrequent purchasers
16413,2011-12-10,2011-10-14 12:08:00,2011-10-14 12:08:00,57,1,31,30,148,262.2,262.2,,,0,0,0,0,0.0,2,Less recent infrequent purchasers
16414,2011-12-10,2011-03-04 13:27:00,2011-11-18 09:42:00,22,2,7,5,27,126.25,63.125,,,0,0,0,0,0.0,2,Less recent infrequent purchasers
16415,2011-12-10,2011-10-26 13:35:00,2011-10-26 13:35:00,45,1,54,45,187,210.35,210.35,,,0,0,0,0,0.0,0,Recent moderate purchasers and minimal cancellations
16416,2011-12-10,2011-10-14 13:35:00,2011-11-13 12:50:00,27,3,71,59,672,1051.4,350.4667,2011-11-07 13:06:00,2011-11-07 13:06:00,1,1,1,16,20.0,3,Recent moderate purchasers and some cancellation activity
16418,2011-12-10,2011-04-27 16:54:00,2011-10-26 12:39:00,45,3,102,76,288,675.27,225.09,,,0,0,0,0,0.0,0,Recent moderate purchasers and minimal cancellations
16419,2011-12-10,2011-02-01 12:25:00,2011-08-19 12:33:00,113,6,51,36,436,972.23,162.0383,2011-03-11 11:18:00,2011-03-11 11:18:00,1,1,1,1,12.75,3,Recent moderate purchasers and some cancellation activity
16422,2011-12-10,2010-12-05 15:35:00,2011-11-22 14:00:00,18,51,369,68,33704,34684.4,680.0863,2010-12-14 10:23:00,2011-08-31 17:45:00,12,13,8,843,486.46,1,Recent high-activity purchasers and frequent cancellations
16423,2011-12-10,2011-11-15 09:21:00,2011-11-15 09:21:00,25,1,18,18,230,346.12,346.12,,,0,0,0,0,0.0,2,Less recent infrequent purchasers
16424,2011-12-10,2011-06-01 13:40:00,2011-06-01 13:40:00,192,1,5,5,88,133.56,133.56,2011-01-06 13:56:00,2011-01-06 13:56:00,1,1,1,6,51.0,2,Less recent infrequent purchasers
16425,2011-12-10,2011-02-10 14:30:00,2011-02-10 14:30:00,303,1,21,21,199,302.7,302.7,,,0,0,0,0,0.0,2,Less recent infrequent purchasers
16426,2011-12-10,2011-03-08 15:45:00,2011-12-07 14:01:00,3,10,372,211,1243,1908.25,190.825,,,0,0,0,0,0.0,0,Recent moderate purchasers and minimal cancellations
16427,2011-12-10,2011-02-28 15:18:00,2011-03-21 17:10:00,264,2,9,8,156,241.06,120.53,,,0,0,0,0,0.0,2,Less recent infrequent purchasers
16429,2011-12-10,2011-08-25 13:54:00,2011-08-25 13:54:00,107,1,2,2,9,284.55,284.55,,,0,0,0,0,0.0,2,Less recent infrequent purchasers
16430,2011-12-10,2011-10-13 14:47:00,2011-10-13 14:47:00,58,1,6,6,103,300.85,300.85,,,0,0,0,0,0.0,2,Less recent infrequent purchasers
16431,2011-12-10,2011-02-15 14:02:00,2011-05-10 14:09:00,214,3,83,51,453,642.81,214.27,,,0,0,0,0,0.0,0,Recent moderate purchasers and minimal cancellations
16432,2011-12-10,2011-10-06 13:59:00,2011-10-06 13:59:00,65,1,8,8,276,287.4,287.4,,,0,0,0,0,0.0,2,Less recent infrequent purchasers
16433,2011-12-10,2011-11-11 14:09:00,2011-11-11 14:09:00,29,1,17,17,106,184.26,184.26,,,0,0,0,0,0.0,2,Less recent infrequent purchasers
16434,2011-12-10,2011-02-13 12:17:00,2011-11-10 14:28:00,30,7,109,88,767,1522.25,217.4643,,,0,0,0,0,0.0,0,Recent moderate purchasers and minimal cancellations
16438,2011-12-10,2011-09-18 13:31:00,2011-12-04 10:51:00,6,5,132,74,463,798.35,159.67,,,0,0,0,0,0.0,0,Recent moderate purchasers and minimal cancellations
16440,2011-12-10,2011-05-09 12:25:00,2011-12-02 12:02:00,8,5,282,186,2018,3640.67,728.134,,,0,0,0,0,0.0,0,Recent moderate purchasers and minimal cancellations
16441,2011-12-10,2011-02-21 17:35:00,2011-10-03 17:48:00,68,2,24,22,173,381.2,190.6,,,0,0,0,0,0.0,2,Less recent infrequent purchasers
16442,2011-12-10,2010-12-14 10:46:00,2011-12-08 11:43:00,2,3,174,161,446,616.79,205.5967,,,0,0,0,0,0.0,0,Recent moderate purchasers and minimal cancellations
16444,2011-12-10,2011-03-20 12:14:00,2011-10-24 13:50:00,47,4,84,68,407,654.67,163.6675,2011-03-20 12:11:00,2011-03-20 12:11:00,1,1,1,1,8.95,3,Recent moderate purchasers and some cancellation activity
16445,2011-12-10,2011-11-06 12:32:00,2011-11-06 12:32:00,34,1,63,62,111,230.51,230.51,,,0,0,0,0,0.0,0,Recent moderate purchasers and minimal cancellations
16447,2011-12-10,2011-07-27 12:45:00,2011-07-27 12:45:00,136,1,36,34,223,259.01,259.01,,,0,0,0,0,0.0,2,Less recent infrequent purchasers
16448,2011-12-10,2011-05-25 16:28:00,2011-05-25 16:28:00,199,1,20,19,78,188.89,188.89,,,0,0,0,0,0.0,2,Less recent infrequent purchasers
16449,2011-12-10,2011-03-04 12:15:00,2011-05-26 10:25:00,198,2,40,40,367,707.69,353.845,2011-06-02 11:07:00,2011-06-02 11:07:00,1,3,3,8,33.0,3,Recent moderate purchasers and some cancellation activity
16450,2011-12-10,2011-07-13 11:47:00,2011-07-13 11:47:00,150,1,11,11,200,311.92,311.92,,,0,0,0,0,0.0,2,Less recent infrequent purchasers
16451,2011-12-10,2011-09-13 09:17:00,2011-09-13 09:17:00,88,1,14,14,120,266.97,266.97,,,0,0,0,0,0.0,2,Less recent infrequent purchasers
16454,2011-12-10,2011-10-06 16:57:00,2011-10-06 16:57:00,65,1,1,1,2,5.9,5.9,,,0,0,0,0,0.0,2,Less recent infrequent purchasers
16455,2011-12-10,2010-12-03 16:44:00,2011-10-07 12:17:00,64,7,99,69,988,1841.18,263.0257,,,0,0,0,0,0.0,0,Recent moderate purchasers and minimal cancellations
16456,2011-12-10,2010-12-01 14:11:00,2011-09-01 13:50:00,100,5,111,80,1148,2158.37,431.674,,,0,0,0,0,0.0,0,Recent moderate purchasers and minimal cancellations
16457,2011-12-10,2011-05-05 13:19:00,2011-05-05 13:19:00,219,1,9,9,140,208.36,208.36,,,0,0,0,0,0.0,2,Less recent infrequent purchasers
16458,2011-12-10,2010-12-14 11:51:00,2011-12-07 09:34:00,3,18,202,52,2154,3482.74,193.4856,,,0,0,0,0,0.0,0,Recent moderate purchasers and minimal cancellations
16460,2011-12-10,2011-09-19 10:15:00,2011-11-11 13:46:00,29,3,135,128,879,814.72,271.5733,,,0,0,0,0,0.0,0,Recent moderate purchasers and minimal cancellations
16461,2011-12-10,2011-06-15 12:07:00,2011-06-15 12:07:00,178,1,33,31,49,151.42,151.42,,,0,0,0,0,0.0,2,Less recent infrequent purchasers
16462,2011-12-10,2011-03-01 08:58:00,2011-09-27 10:24:00,74,3,3,1,16,136.0,45.3333,2011-10-06 18:16:00,2011-10-06 18:16:00,1,1,1,4,34.0,2,Less recent infrequent purchasers
16463,2011-12-10,2011-05-19 14:45:00,2011-11-18 14:01:00,22,4,82,74,1163,1422.4,355.6,2011-05-27 09:17:00,2011-11-04 13:25:00,3,3,2,28,38.7,3,Recent moderate purchasers and some cancellation activity
16464,2011-12-10,2011-07-20 13:53:00,2011-11-20 12:11:00,20,3,236,152,963,1314.68,438.2267,,,0,0,0,0,0.0,0,Recent moderate purchasers and minimal cancellations
16466,2011-12-10,2011-02-20 11:39:00,2011-11-06 11:35:00,34,7,148,103,789,1603.46,229.0657,,,0,0,0,0,0.0,0,Recent moderate purchasers and minimal cancellations
16468,2011-12-10,2011-09-26 14:13:00,2011-09-26 14:13:00,75,1,2,2,31,74.9,74.9,,,0,0,0,0,0.0,2,Less recent infrequent purchasers
16469,2011-12-10,2011-04-07 13:11:00,2011-11-16 12:25:00,24,4,182,148,273,650.43,162.6075,,,0,0,0,0,0.0,0,Recent moderate purchasers and minimal cancellations
16470,2011-12-10,2010-12-16 11:53:00,2011-10-19 12:11:00,52,4,170,120,531,762.39,190.5975,2010-12-16 11:10:00,2010-12-16 11:10:00,1,1,1,1,4.95,3,Recent moderate purchasers and some cancellation activity
16471,2011-12-10,2011-03-10 09:41:00,2011-03-10 09:41:00,275,1,13,13,141,223.95,223.95,,,0,0,0,0,0.0,2,Less recent infrequent purchasers
16473,2011-12-10,2011-01-07 10:55:00,2011-06-28 09:10:00,165,3,18,18,196,316.11,105.37,2011-03-02 17:11:00,2011-03-02 17:11:00,1,1,1,1,1.25,2,Less recent infrequent purchasers
16474,2011-12-10,2011-07-17 14:51:00,2011-12-02 13:02:00,8,7,359,236,941,1871.34,267.3343,2011-09-01 17:22:00,2011-11-22 12:40:00,4,8,8,25,60.03,1,Recent high-activity purchasers and frequent cancellations
16475,2011-12-10,2011-03-11 09:39:00,2011-09-12 14:37:00,89,4,28,23,319,544.3,136.075,,,0,0,0,0,0.0,0,Recent moderate purchasers and minimal cancellations
16477,2011-12-10,2010-12-03 12:48:00,2011-10-07 09:44:00,64,7,146,111,1415,2494.46,356.3514,,,0,0,0,0,0.0,0,Recent moderate purchasers and minimal cancellations
16478,2011-12-10,2011-10-05 12:02:00,2011-11-14 15:51:00,26,3,17,15,224,331.0,110.3333,,,0,0,0,0,0.0,2,Less recent infrequent purchasers
16479,2011-12-10,2011-11-29 13:04:00,2011-11-29 13:40:00,11,2,35,35,102,300.83,150.415,,,0,0,0,0,0.0,2,Less recent infrequent purchasers
16480,2011-12-10,2011-09-25 11:40:00,2011-09-25 11:40:00,76,1,53,51,455,769.29,769.29,,,0,0,0,0,0.0,0,Recent moderate purchasers and minimal cancellations
16482,2011-12-10,2011-11-24 12:33:00,2011-11-24 12:33:00,16,1,18,18,346,220.62,220.62,,,0,0,0,0,0.0,2,Less recent infrequent purchasers
16483,2011-12-10,2011-05-31 13:08:00,2011-05-31 13:08:00,193,1,19,19,44,139.35,139.35,,,0,0,0,0,0.0,2,Less recent infrequent purchasers
16484,2011-12-10,2011-06-02 10:39:00,2011-06-19 12:06:00,174,2,24,24,199,389.3,194.65,2011-06-03 13:21:00,2011-06-03 13:21:00,1,1,1,6,24.9,3,Recent moderate purchasers and some cancellation activity
16485,2011-12-10,2011-09-23 15:50:00,2011-09-23 15:50:00,78,1,42,41,235,363.65,363.65,,,0,0,0,0,0.0,0,Recent moderate purchasers and minimal cancellations
16488,2011-12-10,2011-07-14 11:46:00,2011-11-06 13:42:00,34,3,29,28,728,498.8,166.2667,2011-07-19 12:00:00,2011-07-19 12:00:00,1,2,2,4,6.6,3,Recent moderate purchasers and some cancellation activity
16491,2011-12-10,2011-10-24 10:18:00,2011-10-24 10:18:00,47,1,39,39,478,731.5,731.5,,,0,0,0,0,0.0,0,Recent moderate purchasers and minimal cancellations
16493,2011-12-10,2011-01-14 08:16:00,2011-09-21 11:10:00,80,4,56,40,1164,1351.63,337.9075,2011-08-25 09:29:00,2011-09-28 11:13:00,2,6,3,51,21.97,3,Recent moderate purchasers and some cancellation activity
16494,2011-12-10,2011-02-16 12:49:00,2011-02-16 12:49:00,297,1,50,47,675,826.53,826.53,,,0,0,0,0,0.0,0,Recent moderate purchasers and minimal cancellations
16495,2011-12-10,2011-03-08 16:38:00,2011-12-06 13:20:00,4,3,97,78,337,684.41,228.1367,,,0,0,0,0,0.0,0,Recent moderate purchasers and minimal cancellations
16496,2011-12-10,2011-01-27 09:42:00,2011-12-01 10:31:00,9,3,95,92,1111,1599.52,533.1733,2011-06-01 16:29:00,2011-06-01 16:29:00,1,2,2,20,37.3,3,Recent moderate purchasers and some cancellation activity
16497,2011-12-10,2011-01-10 13:20:00,2011-10-21 10:55:00,50,6,136,128,1396,2965.69,494.2817,,,0,0,0,0,0.0,0,Recent moderate purchasers and minimal cancellations
16498,2011-12-10,2011-06-30 19:52:00,2011-07-01 15:07:00,162,2,15,15,45,100.97,50.485,2011-07-01 15:06:00,2011-07-01 15:06:00,1,1,1,3,14.85,2,Less recent infrequent purchasers
16499,2011-12-10,2010-12-10 10:27:00,2010-12-14 13:31:00,361,2,19,18,127,365.45,182.725,2010-12-09 14:48:00,2010-12-14 15:20:00,3,3,3,5,46.35,3,Recent moderate purchasers and some cancellation activity
16500,2011-12-10,2011-01-13 10:28:00,2011-12-05 12:04:00,5,6,11,8,123,400.86,66.81,,,0,0,0,0,0.0,2,Less recent infrequent purchasers
16503,2011-12-10,2010-12-14 13:50:00,2011-08-25 11:46:00,107,4,84,71,569,1431.93,357.9825,2010-12-16 15:36:00,2010-12-16 15:36:00,1,2,2,2,10.5,3,Recent moderate purchasers and some cancellation activity
16504,2011-12-10,2011-11-14 15:18:00,2011-11-14 15:18:00,26,1,86,76,524,484.38,484.38,,,0,0,0,0,0.0,0,Recent moderate purchasers and minimal cancellations
16505,2011-12-10,2011-11-08 12:14:00,2011-11-08 12:14:00,32,1,4,4,576,777.6,777.6,,,0,0,0,0,0.0,2,Less recent infrequent purchasers
16506,2011-12-10,2011-10-30 15:50:00,2011-11-20 12:17:00,20,2,3,3,42,90.3,45.15,,,0,0,0,0,0.0,2,Less recent infrequent purchasers
16509,2011-12-10,2011-02-16 09:25:00,2011-02-16 09:25:00,297,1,13,13,64,363.7,363.7,,,0,0,0,0,0.0,2,Less recent infrequent purchasers
16510,2011-12-10,2010-12-02 13:39:00,2010-12-02 13:39:00,373,1,13,13,92,248.1,248.1,,,0,0,0,0,0.0,2,Less recent infrequent purchasers
16511,2011-12-10,2011-03-18 11:24:00,2011-11-18 10:41:00,22,3,168,134,413,948.26,316.0867,,,0,0,0,0,0.0,0,Recent moderate purchasers and minimal cancellations
16513,2011-12-10,2011-10-27 14:56:00,2011-12-05 10:18:00,5,4,35,33,407,874.59,218.6475,,,0,0,0,0,0.0,0,Recent moderate purchasers and minimal cancellations
16515,2011-12-10,2011-02-01 13:09:00,2011-10-18 13:10:00,53,5,113,89,833,1627.13,325.426,,,0,0,0,0,0.0,0,Recent moderate purchasers and minimal cancellations
16516,2011-12-10,2011-11-09 14:59:00,2011-11-09 14:59:00,31,1,6,6,58,101.7,101.7,,,0,0,0,0,0.0,2,Less recent infrequent purchasers
16517,2011-12-10,2011-03-07 13:50:00,2011-03-07 13:50:00,278,1,17,17,96,162.7,162.7,,,0,0,0,0,0.0,2,Less recent infrequent purchasers
16518,2011-12-10,2011-02-28 16:36:00,2011-10-09 15:04:00,62,2,40,36,327,484.32,242.16,2011-03-14 16:42:00,2011-03-14 16:42:00,1,2,2,2,3.4,3,Recent moderate purchasers and some cancellation activity
16519,2011-12-10,2010-12-09 14:08:00,2011-11-14 15:41:00,26,2,12,12,53,212.98,106.49,,,0,0,0,0,0.0,2,Less recent infrequent purchasers
16520,2011-12-10,2010-12-09 13:08:00,2011-06-06 13:24:00,187,3,156,129,558,1046.57,348.8567,2011-06-06 13:22:00,2011-06-06 13:22:00,1,1,1,1,9.95,3,Recent moderate purchasers and some cancellation activity
16523,2011-12-10,2011-01-28 12:06:00,2011-12-08 09:06:00,2,21,290,151,4265,9418.47,448.4986,2011-05-23 17:13:00,2011-12-06 11:05:00,7,8,5,32,122.8,1,Recent high-activity purchasers and frequent cancellations
16525,2011-12-10,2010-12-08 11:31:00,2011-12-07 15:07:00,3,26,183,75,7397,13027.45,501.0558,2011-05-10 10:51:00,2011-08-03 14:22:00,3,17,17,904,1131.88,1,Recent high-activity purchasers and frequent cancellations
16526,2011-12-10,2011-06-21 12:02:00,2011-06-21 12:02:00,172,1,15,15,106,290.36,290.36,,,0,0,0,0,0.0,2,Less recent infrequent purchasers
16527,2011-12-10,2011-09-19 16:21:00,2011-09-19 16:21:00,82,1,14,14,106,228.06,228.06,,,0,0,0,0,0.0,2,Less recent infrequent purchasers
16528,2011-12-10,2011-12-06 12:45:00,2011-12-06 12:45:00,4,1,17,17,171,244.41,244.41,,,0,0,0,0,0.0,2,Less recent infrequent purchasers
16529,2011-12-10,2011-06-02 17:23:00,2011-06-02 17:23:00,191,1,30,30,198,455.25,455.25,,,0,0,0,0,0.0,2,Less recent infrequent purchasers
16531,2011-12-10,2010-12-14 13:19:00,2011-11-17 16:29:00,23,7,77,68,915,1244.59,177.7986,,,0,0,0,0,0.0,0,Recent moderate purchasers and minimal cancellations
16532,2011-12-10,2011-01-05 12:37:00,2011-11-22 11:08:00,18,3,4,2,2016,6748.8,2249.6,,,0,0,0,0,0.0,0,Recent moderate purchasers and minimal cancellations
16533,2011-12-10,2011-10-02 15:07:00,2011-11-20 13:08:00,20,3,177,112,612,1095.56,365.1867,2011-10-16 14:26:00,2011-10-19 14:18:00,2,4,4,98,68.62,3,Recent moderate purchasers and some cancellation activity
16535,2011-12-10,2011-12-04 15:18:00,2011-12-04 15:18:00,6,1,31,31,356,593.75,593.75,,,0,0,0,0,0.0,0,Recent moderate purchasers and minimal cancellations
16536,2011-12-10,2011-08-21 15:54:00,2011-08-21 15:54:00,111,1,55,49,251,548.97,548.97,2011-08-24 13:20:00,2011-08-24 13:20:00,1,1,1,1,9.95,3,Recent moderate purchasers and some cancellation activity
16539,2011-12-10,2010-12-01 15:40:00,2011-12-07 08:41:00,3,4,45,36,477,1388.81,347.2025,,,0,0,0,0,0.0,0,Recent moderate purchasers and minimal cancellations
16542,2011-12-10,2011-10-17 10:47:00,2011-10-17 10:47:00,54,1,5,5,46,119.62,119.62,,,0,0,0,0,0.0,2,Less recent infrequent purchasers
16545,2011-12-10,2011-06-28 10:37:00,2011-06-28 10:37:00,165,1,3,3,78,339.3,339.3,,,0,0,0,0,0.0,2,Less recent infrequent purchasers
16546,2011-12-10,2010-12-02 12:07:00,2011-02-22 11:20:00,291,2,25,25,549,787.15,393.575,2010-12-02 16:58:00,2010-12-02 16:58:00,1,6,6,852,883.08,3,Recent moderate purchasers and some cancellation activity
16549,2011-12-10,2011-01-09 14:03:00,2011-11-29 15:06:00,11,10,981,445,2365,4154.64,415.464,,,0,0,0,0,0.0,0,Recent moderate purchasers and minimal cancellations
16550,2011-12-10,2010-12-06 13:53:00,2011-08-23 11:12:00,109,5,251,162,1540,2298.97,459.794,2010-12-06 13:17:00,2011-08-23 10:30:00,4,10,8,14,32.72,1,Recent high-activity purchasers and frequent cancellations
16551,2011-12-10,2011-01-07 10:24:00,2011-09-05 09:38:00,96,3,32,26,970,922.12,307.3733,,,0,0,0,0,0.0,0,Recent moderate purchasers and minimal cancellations
16552,2011-12-10,2010-12-01 12:36:00,2011-04-11 10:04:00,243,2,17,17,219,379.73,189.865,,,0,0,0,0,0.0,2,Less recent infrequent purchasers
16553,2011-12-10,2010-12-14 13:58:00,2011-06-29 15:42:00,164,12,84,62,4600,5719.82,476.6517,2010-12-08 13:07:00,2011-04-12 15:40:00,2,2,2,5,55.25,3,Recent moderate purchasers and some cancellation activity
16554,2011-12-10,2011-01-12 12:41:00,2011-10-28 14:51:00,43,3,52,51,402,837.1,279.0333,2011-01-12 12:40:00,2011-12-06 14:52:00,4,22,22,91,195.55,1,Recent high-activity purchasers and frequent cancellations
16555,2011-12-10,2011-08-22 12:32:00,2011-11-04 14:31:00,36,2,17,15,175,285.89,142.945,,,0,0,0,0,0.0,2,Less recent infrequent purchasers
16556,2011-12-10,2010-12-14 13:32:00,2011-10-04 11:36:00,67,7,207,144,1890,3313.79,473.3986,,,0,0,0,0,0.0,0,Recent moderate purchasers and minimal cancellations
16557,2011-12-10,2011-07-25 13:28:00,2011-11-15 14:04:00,25,2,11,11,111,281.85,140.925,,,0,0,0,0,0.0,2,Less recent infrequent purchasers
16558,2011-12-10,2010-12-08 12:01:00,2011-12-09 10:20:00,1,20,460,264,5377,8338.49,416.9245,2010-12-14 09:59:00,2011-07-28 11:23:00,4,14,12,31,81.45,1,Recent high-activity purchasers and frequent cancellations
16560,2011-12-10,2010-12-16 14:36:00,2011-11-13 10:35:00,27,2,56,52,500,841.41,420.705,2011-11-18 17:05:00,2011-11-18 17:05:00,1,1,1,6,24.9,3,Recent moderate purchasers and some cancellation activity
16561,2011-12-10,2011-10-11 09:53:00,2011-12-04 11:50:00,6,2,31,29,244,511.12,255.56,,,0,0,0,0,0.0,0,Recent moderate purchasers and minimal cancellations
16563,2011-12-10,2011-10-17 11:51:00,2011-10-17 11:51:00,54,1,19,19,486,1077.74,1077.74,,,0,0,0,0,0.0,0,Recent moderate purchasers and minimal cancellations
16565,2011-12-10,2010-12-10 15:21:00,2010-12-10 15:21:00,365,1,3,3,46,173.7,173.7,,,0,0,0,0,0.0,2,Less recent infrequent purchasers
16566,2011-12-10,2011-02-20 10:29:00,2011-11-24 16:34:00,16,5,18,14,362,614.66,122.932,2011-06-02 13:26:00,2011-06-02 13:26:00,1,1,1,1,0.65,3,Recent moderate purchasers and some cancellation activity
16567,2011-12-10,2011-01-07 09:31:00,2011-05-29 13:57:00,195,2,35,34,996,865.6,432.8,,,0,0,0,0,0.0,0,Recent moderate purchasers and minimal cancellations
16569,2011-12-10,2011-12-06 15:32:00,2011-12-06 15:32:00,4,1,5,5,93,124.2,124.2,,,0,0,0,0,0.0,2,Less recent infrequent purchasers
16570,2011-12-10,2011-02-01 10:37:00,2011-11-24 17:02:00,16,10,126,68,2112,3738.4,373.84,2010-12-14 10:53:00,2011-12-01 08:56:00,5,7,7,62,115.45,1,Recent high-activity purchasers and frequent cancellations
16571,2011-12-10,2011-03-03 09:41:00,2011-11-13 11:46:00,27,3,87,73,1239,1421.69,473.8967,2011-07-05 14:51:00,2011-12-06 14:07:00,2,19,17,63,136.47,1,Recent high-activity purchasers and frequent cancellations
16572,2011-12-10,2011-03-09 12:04:00,2011-08-04 16:34:00,128,3,57,40,532,1009.6,336.5333,2011-07-28 13:42:00,2011-07-28 13:42:00,1,1,1,2,9.9,3,Recent moderate purchasers and some cancellation activity
16573,2011-12-10,2011-02-22 15:14:00,2011-09-16 09:13:00,85,2,42,40,360,663.61,331.805,2011-03-02 16:38:00,2011-09-27 11:17:00,2,4,4,6,15.2,3,Recent moderate purchasers and some cancellation activity
16574,2011-12-10,2011-09-29 13:39:00,2011-09-29 13:39:00,72,1,28,28,416,451.44,451.44,,,0,0,0,0,0.0,0,Recent moderate purchasers and minimal cancellations
16581,2011-12-10,2011-06-10 10:05:00,2011-06-10 10:05:00,183,1,9,9,134,105.84,105.84,2011-07-07 15:50:00,2011-07-07 15:50:00,1,2,2,12,35.4,2,Less recent infrequent purchasers
16582,2011-12-10,2011-08-18 17:02:00,2011-08-18 17:02:00,114,1,6,6,164,313.62,313.62,,,0,0,0,0,0.0,2,Less recent infrequent purchasers
16583,2011-12-10,2010-12-01 12:03:00,2010-12-01 12:03:00,374,1,14,14,111,233.45,233.45,,,0,0,0,0,0.0,2,Less recent infrequent purchasers
16584,2011-12-10,2011-03-30 13:14:00,2011-09-20 13:45:00,81,2,28,25,646,936.08,468.04,2011-04-07 12:18:00,2011-04-07 12:18:00,1,3,3,11,28.05,3,Recent moderate purchasers and some cancellation activity
16586,2011-12-10,2011-04-05 09:32:00,2011-04-05 09:32:00,249,1,8,8,95,463.95,463.95,,,0,0,0,0,0.0,2,Less recent infrequent purchasers
16587,2011-12-10,2011-04-21 15:51:00,2011-04-21 15:51:00,233,1,13,13,71,225.15,225.15,,,0,0,0,0,0.0,2,Less recent infrequent purchasers
16589,2011-12-10,2011-07-01 13:31:00,2011-09-29 14:50:00,72,3,33,31,368,459.24,153.08,,,0,0,0,0,0.0,0,Recent moderate purchasers and minimal cancellations
16591,2011-12-10,2011-10-02 10:43:00,2011-10-02 10:43:00,69,1,10,10,41,213.5,213.5,,,0,0,0,0,0.0,2,Less recent infrequent purchasers
16592,2011-12-10,2011-02-25 10:19:00,2011-12-05 13:49:00,5,16,216,142,2927,4113.68,257.105,2011-04-28 19:52:00,2011-10-27 14:50:00,3,6,6,13,40.4,1,Recent high-activity purchasers and frequent cancellations
16593,2011-12-10,2011-01-16 12:11:00,2011-10-20 12:41:00,51,3,27,24,116,330.03,110.01,,,0,0,0,0,0.0,2,Less recent infrequent purchasers
16594,2011-12-10,2011-09-25 14:08:00,2011-09-25 14:08:00,76,1,53,53,64,181.09,181.09,,,0,0,0,0,0.0,2,Less recent infrequent purchasers
16595,2011-12-10,2011-10-09 13:15:00,2011-10-09 13:15:00,62,1,85,83,335,360.16,360.16,,,0,0,0,0,0.0,0,Recent moderate purchasers and minimal cancellations
16596,2011-12-10,2010-12-08 16:18:00,2011-11-24 10:02:00,16,2,12,12,97,250.15,125.075,,,0,0,0,0,0.0,2,Less recent infrequent purchasers
16597,2011-12-10,2011-12-05 15:44:00,2011-12-05 15:44:00,5,1,7,7,184,90.04,90.04,,,0,0,0,0,0.0,2,Less recent infrequent purchasers
16598,2011-12-10,2011-02-27 11:42:00,2011-02-27 11:42:00,286,1,10,10,73,145.05,145.05,2011-03-07 13:42:00,2011-03-07 13:42:00,1,1,1,3,4.35,2,Less recent infrequent purchasers
16600,2011-12-10,2011-01-05 12:13:00,2011-12-05 16:00:00,5,6,62,50,1145,813.52,135.5867,,,0,0,0,0,0.0,0,Recent moderate purchasers and minimal cancellations
16601,2011-12-10,2011-10-30 11:09:00,2011-10-30 11:09:00,41,1,30,28,131,243.63,243.63,,,0,0,0,0,0.0,2,Less recent infrequent purchasers
16602,2011-12-10,2011-11-03 15:54:00,2011-11-03 15:54:00,37,1,29,29,336,528.08,528.08,2011-11-08 16:18:00,2011-11-08 16:18:00,1,3,3,19,33.35,3,Recent moderate purchasers and some cancellation activity
16603,2011-12-10,2011-09-09 13:02:00,2011-09-26 10:06:00,75,2,34,34,480,482.47,241.235,,,0,0,0,0,0.0,0,Recent moderate purchasers and minimal cancellations
16607,2011-12-10,2010-12-16 08:41:00,2011-11-22 10:24:00,18,14,172,140,2859,3347.71,239.1221,2010-12-17 15:11:00,2011-08-24 10:45:00,2,2,2,37,309.04,1,Recent high-activity purchasers and frequent cancellations
16609,2011-12-10,2011-04-01 10:11:00,2011-11-24 13:32:00,16,7,276,155,2420,5493.46,784.78,2011-08-09 14:31:00,2011-09-19 14:50:00,2,4,4,10,42.5,1,Recent high-activity purchasers and frequent cancellations
16610,2011-12-10,2011-05-04 13:13:00,2011-05-04 13:13:00,220,1,6,6,66,75.66,75.66,,,0,0,0,0,0.0,2,Less recent infrequent purchasers
16611,2011-12-10,2011-06-06 15:46:00,2011-06-06 15:46:00,187,1,10,9,47,129.49,129.49,2011-04-20 16:41:00,2011-04-20 16:41:00,1,1,1,1,8.5,2,Less recent infrequent purchasers
16612,2011-12-10,2011-02-01 10:38:00,2011-11-07 07:38:00,33,4,66,48,506,1187.66,296.915,,,0,0,0,0,0.0,0,Recent moderate purchasers and minimal cancellations
16613,2011-12-10,2011-09-30 15:52:00,2011-09-30 15:52:00,71,1,30,30,293,618.59,618.59,,,0,0,0,0,0.0,0,Recent moderate purchasers and minimal cancellations
16614,2011-12-10,2011-06-10 11:36:00,2011-06-10 11:36:00,183,1,26,26,223,506.19,506.19,,,0,0,0,0,0.0,2,Less recent infrequent purchasers
16616,2011-12-10,2011-07-05 13:38:00,2011-11-24 16:31:00,16,2,33,31,370,500.42,250.21,,,0,0,0,0,0.0,0,Recent moderate purchasers and minimal cancellations
16617,2011-12-10,2011-04-18 10:35:00,2011-04-18 10:35:00,236,1,5,5,91,151.85,151.85,,,0,0,0,0,0.0,2,Less recent infrequent purchasers
16618,2011-12-10,2011-01-21 11:55:00,2011-11-08 13:52:00,32,5,96,79,1363,2647.59,529.518,2011-05-20 11:50:00,2011-05-20 11:50:00,1,1,1,1,16.95,3,Recent moderate purchasers and some cancellation activity
16619,2011-12-10,2011-03-21 08:18:00,2011-03-21 08:18:00,264,1,14,14,133,226.21,226.21,2011-03-31 12:20:00,2011-03-31 12:20:00,1,2,2,4,21.8,2,Less recent infrequent purchasers
16620,2011-12-10,2011-03-24 10:37:00,2011-12-06 12:19:00,4,2,9,9,88,178.96,89.48,,,0,0,0,0,0.0,2,Less recent infrequent purchasers
16621,2011-12-10,2011-03-07 11:32:00,2011-10-19 11:38:00,52,4,29,22,302,813.48,203.37,,,0,0,0,0,0.0,0,Recent moderate purchasers and minimal cancellations
16623,2011-12-10,2011-04-08 10:09:00,2011-04-08 10:09:00,246,1,5,5,39,129.45,129.45,,,0,0,0,0,0.0,2,Less recent infrequent purchasers
16624,2011-12-10,2011-05-26 14:20:00,2011-09-20 12:39:00,81,2,48,44,488,810.57,405.285,,,0,0,0,0,0.0,0,Recent moderate purchasers and minimal cancellations
16625,2011-12-10,2011-03-10 12:50:00,2011-03-10 12:50:00,275,1,23,23,164,333.08,333.08,,,0,0,0,0,0.0,2,Less recent infrequent purchasers
16626,2011-12-10,2011-03-18 12:27:00,2011-12-09 11:56:00,1,17,179,86,2690,4413.1,259.5941,2011-03-21 15:48:00,2011-09-28 11:51:00,3,5,3,20,33.45,1,Recent high-activity purchasers and frequent cancellations
16627,2011-12-10,2011-09-21 14:38:00,2011-09-21 14:38:00,80,1,20,20,162,322.8,322.8,,,0,0,0,0,0.0,2,Less recent infrequent purchasers
16628,2011-12-10,2011-04-19 08:55:00,2011-11-10 12:45:00,30,5,117,79,1205,2188.05,437.61,2011-08-02 16:20:00,2011-08-02 16:20:00,1,2,2,3,5.01,3,Recent moderate purchasers and some cancellation activity
16629,2011-12-10,2011-09-04 16:12:00,2011-09-27 10:34:00,74,2,64,58,493,417.73,208.865,,,0,0,0,0,0.0,0,Recent moderate purchasers and minimal cancellations
16633,2011-12-10,2011-04-19 14:36:00,2011-11-22 13:41:00,18,6,151,114,1137,2868.1,478.0167,2011-11-22 10:33:00,2011-11-22 10:33:00,1,1,1,1,4.95,3,Recent moderate purchasers and some cancellation activity
16634,2011-12-10,2010-12-02 17:41:00,2011-05-01 12:09:00,223,2,9,9,82,217.9,108.95,,,0,0,0,0,0.0,2,Less recent infrequent purchasers
16637,2011-12-10,2011-04-28 10:20:00,2011-11-07 13:17:00,33,4,69,66,927,1154.47,288.6175,2011-11-04 10:36:00,2011-11-04 10:36:00,1,3,3,36,29.88,3,Recent moderate purchasers and some cancellation activity
16638,2011-12-10,2010-12-06 10:19:00,2011-11-17 11:09:00,23,10,94,92,1255,1680.72,168.072,2011-03-31 13:03:00,2011-03-31 13:03:00,1,1,1,1,4.25,3,Recent moderate purchasers and some cancellation activity
16639,2011-12-10,2011-04-18 09:31:00,2011-11-08 13:20:00,32,3,50,48,510,1257.51,419.17,2011-11-14 13:47:00,2011-11-14 13:47:00,1,2,2,7,88.13,3,Recent moderate purchasers and some cancellation activity
16641,2011-12-10,2011-08-26 12:49:00,2011-08-26 12:49:00,106,1,12,12,256,231.1,231.1,,,0,0,0,0,0.0,2,Less recent infrequent purchasers
16642,2011-12-10,2011-05-16 12:35:00,2011-12-05 11:31:00,5,2,34,32,479,688.33,344.165,2011-05-17 14:14:00,2011-05-17 14:14:00,1,1,1,1,8.5,3,Recent moderate purchasers and some cancellation activity
16643,2011-12-10,2011-04-08 08:24:00,2011-04-08 08:24:00,246,1,27,27,269,487.51,487.51,,,0,0,0,0,0.0,2,Less recent infrequent purchasers
16644,2011-12-10,2011-05-11 12:53:00,2011-06-15 12:39:00,178,2,62,62,826,833.78,416.89,,,0,0,0,0,0.0,0,Recent moderate purchasers and minimal cancellations
16647,2011-12-10,2011-05-19 09:31:00,2011-06-23 11:47:00,170,2,14,12,146,214.06,107.03,,,0,0,0,0,0.0,2,Less recent infrequent purchasers
16648,2011-12-10,2011-10-28 08:58:00,2011-10-28 08:58:00,43,1,19,19,281,290.66,290.66,2011-11-01 09:52:00,2011-11-01 09:52:00,1,2,2,12,19.8,3,Recent moderate purchasers and some cancellation activity
16650,2011-12-10,2011-09-29 09:51:00,2011-09-29 09:51:00,72,1,24,24,372,518.42,518.42,,,0,0,0,0,0.0,0,Recent moderate purchasers and minimal cancellations
16652,2011-12-10,2011-03-11 13:13:00,2011-10-12 09:38:00,59,7,118,74,3283,6773.97,967.71,2011-04-13 13:49:00,2011-10-17 11:43:00,4,5,4,16,119.71,1,Recent high-activity purchasers and frequent cancellations
16653,2011-12-10,2011-09-29 13:38:00,2011-11-23 14:51:00,17,2,69,67,733,1212.66,606.33,2011-10-06 16:47:00,2011-10-06 16:47:00,1,7,7,10,45.74,3,Recent moderate purchasers and some cancellation activity
16654,2011-12-10,2010-12-06 15:09:00,2011-07-21 15:23:00,142,4,29,29,282,601.27,150.3175,2011-05-03 12:40:00,2011-05-03 12:40:00,1,2,2,2,6.3,3,Recent moderate purchasers and some cancellation activity
16655,2011-12-10,2011-01-12 10:16:00,2011-11-22 11:25:00,18,6,261,208,2367,3794.52,632.42,,,0,0,0,0,0.0,0,Recent moderate purchasers and minimal cancellations
16656,2011-12-10,2010-12-10 11:23:00,2011-11-17 14:43:00,23,15,73,14,8894,8625.8,575.0533,2011-01-06 17:31:00,2011-11-04 13:06:00,6,7,5,21,57.56,1,Recent high-activity purchasers and frequent cancellations
16657,2011-12-10,2011-03-30 12:02:00,2011-11-30 11:48:00,10,4,208,158,1229,933.62,233.405,,,0,0,0,0,0.0,0,Recent moderate purchasers and minimal cancellations
16658,2011-12-10,2010-12-06 13:47:00,2010-12-06 13:47:00,369,1,8,8,40,123.24,123.24,,,0,0,0,0,0.0,2,Less recent infrequent purchasers
16659,2011-12-10,2011-06-03 15:03:00,2011-06-03 15:03:00,190,1,2,2,72,39.12,39.12,,,0,0,0,0,0.0,2,Less recent infrequent purchasers
16660,2011-12-10,2011-01-24 12:44:00,2011-11-23 14:53:00,17,4,16,16,571,1267.65,316.9125,2011-11-23 13:02:00,2011-11-23 13:02:00,1,1,1,120,457.2,3,Recent moderate purchasers and some cancellation activity
16665,2011-12-10,2010-12-12 14:03:00,2010-12-12 14:03:00,363,1,9,9,59,135.4,135.4,,,0,0,0,0,0.0,2,Less recent infrequent purchasers
16666,2011-12-10,2011-11-20 14:01:00,2011-11-20 14:01:00,20,1,32,32,233,118.98,118.98,,,0,0,0,0,0.0,2,Less recent infrequent purchasers
16667,2011-12-10,2011-02-28 12:57:00,2011-10-02 15:26:00,69,2,53,52,237,570.13,285.065,,,0,0,0,0,0.0,0,Recent moderate purchasers and minimal cancellations
16668,2011-12-10,2011-02-28 12:46:00,2011-11-24 17:43:00,16,6,20,9,318,306.72,51.12,,,0,0,0,0,0.0,2,Less recent infrequent purchasers
16669,2011-12-10,2011-09-22 14:13:00,2011-11-16 12:26:00,24,2,158,140,878,1370.47,685.235,,,0,0,0,0,0.0,0,Recent moderate purchasers and minimal cancellations
16670,2011-12-10,2010-12-16 10:30:00,2011-11-23 09:34:00,17,11,252,179,2556,4095.9,372.3545,2011-01-14 17:13:00,2011-11-21 14:37:00,6,10,10,32,73.44,1,Recent high-activity purchasers and frequent cancellations
16671,2011-12-10,2011-06-28 11:20:00,2011-11-11 13:40:00,29,3,6,3,875,1692.27,564.09,,,0,0,0,0,0.0,0,Recent moderate purchasers and minimal cancellations
16672,2011-12-10,2011-03-18 10:15:00,2011-12-07 16:29:00,3,20,114,22,2832,8134.94,406.747,2011-05-10 14:03:00,2011-08-09 14:29:00,3,3,3,20,41.35,1,Recent high-activity purchasers and frequent cancellations
16674,2011-12-10,2011-09-02 13:59:00,2011-10-16 11:31:00,55,2,98,89,188,319.61,159.805,,,0,0,0,0,0.0,0,Recent moderate purchasers and minimal cancellations
16676,2011-12-10,2011-01-06 13:00:00,2011-11-06 12:01:00,34,4,89,75,636,1592.12,398.03,2011-05-19 09:57:00,2011-05-19 09:57:00,1,3,3,5,33.4,3,Recent moderate purchasers and some cancellation activity
16678,2011-12-10,2011-03-02 09:24:00,2011-12-07 12:17:00,3,12,163,92,2397,3109.99,259.1658,2011-03-06 10:49:00,2011-11-18 10:27:00,3,5,4,27,84.75,1,Recent high-activity purchasers and frequent cancellations
16679,2011-12-10,2010-12-08 13:51:00,2010-12-08 13:51:00,367,1,3,3,29,129.75,129.75,,,0,0,0,0,0.0,2,Less recent infrequent purchasers
16680,2011-12-10,2011-10-27 17:35:00,2011-10-27 17:35:00,44,1,10,10,94,183.7,183.7,,,0,0,0,0,0.0,2,Less recent infrequent purchasers
16681,2011-12-10,2011-03-31 13:46:00,2011-09-28 11:11:00,73,6,44,18,1407,1770.34,295.0567,,,0,0,0,0,0.0,0,Recent moderate purchasers and minimal cancellations
16682,2011-12-10,2011-06-05 11:02:00,2011-12-05 12:13:00,5,5,30,15,1040,1028.0,205.6,,,0,0,0,0,0.0,0,Recent moderate purchasers and minimal cancellations
16684,2011-12-10,2010-12-16 17:34:00,2011-12-05 14:06:00,5,28,277,119,50255,66653.56,2380.4843,2011-02-16 15:47:00,2011-06-20 16:13:00,3,4,4,865,761.48,1,Recent high-activity purchasers and frequent cancellations
16685,2011-12-10,2011-10-09 13:44:00,2011-10-09 13:58:00,62,2,62,60,396,324.24,162.12,,,0,0,0,0,0.0,0,Recent moderate purchasers and minimal cancellations
16686,2011-12-10,2010-12-19 14:41:00,2011-10-23 13:49:00,48,7,585,406,2030,3062.83,437.5471,2010-12-19 14:43:00,2011-02-07 10:44:00,2,3,3,5,19.35,1,Recent high-activity purchasers and frequent cancellations
16688,2011-12-10,2011-10-10 12:23:00,2011-12-08 15:24:00,2,4,62,52,804,1260.86,315.215,,,0,0,0,0,0.0,0,Recent moderate purchasers and minimal cancellations
16689,2011-12-10,2011-09-18 13:29:00,2011-09-25 11:39:00,76,2,13,12,330,422.6,211.3,2011-09-25 10:43:00,2011-09-25 10:43:00,1,2,2,18,67.5,3,Recent moderate purchasers and some cancellation activity
16690,2011-12-10,2011-05-22 10:53:00,2011-09-28 15:02:00,73,2,12,10,138,225.58,112.79,2011-10-27 10:58:00,2011-10-27 10:58:00,1,1,1,1,16.95,2,Less recent infrequent purchasers
16692,2011-12-10,2011-02-23 15:41:00,2011-03-28 14:46:00,257,2,2,1,151,1126.0,563.0,,,0,0,0,0,0.0,2,Less recent infrequent purchasers
16693,2011-12-10,2011-03-13 11:06:00,2011-10-02 11:10:00,69,2,60,58,204,482.01,241.005,,,0,0,0,0,0.0,0,Recent moderate purchasers and minimal cancellations
16696,2011-12-10,2011-04-05 15:20:00,2011-07-27 14:23:00,136,4,10,7,146,657.9,164.475,,,0,0,0,0,0.0,2,Less recent infrequent purchasers
16697,2011-12-10,2011-04-12 17:12:00,2011-04-12 17:12:00,242,1,21,20,27,112.75,112.75,,,0,0,0,0,0.0,2,Less recent infrequent purchasers
16698,2011-12-10,2011-03-31 13:33:00,2011-04-27 10:52:00,227,2,5,4,840,1998.0,999.0,,,0,0,0,0,0.0,2,Less recent infrequent purchasers
16700,2011-12-10,2010-12-08 16:34:00,2011-12-01 11:00:00,9,13,308,159,4024,5076.55,390.5038,2011-04-01 11:20:00,2011-07-01 15:09:00,4,4,3,5,36.55,1,Recent high-activity purchasers and frequent cancellations
16701,2011-12-10,2010-12-13 11:51:00,2011-12-01 11:10:00,9,13,144,99,6393,5398.3,415.2538,2011-02-23 12:05:00,2011-07-14 10:27:00,5,10,10,182,248.03,1,Recent high-activity purchasers and frequent cancellations
16705,2011-12-10,2010-12-16 10:51:00,2011-12-09 12:08:00,1,20,270,133,5476,14034.99,701.7495,2010-12-20 11:56:00,2011-12-05 16:26:00,9,14,12,18,88.86,1,Recent high-activity purchasers and frequent cancellations
16706,2011-12-10,2011-08-17 15:53:00,2011-11-02 13:50:00,38,3,123,108,249,531.35,177.1167,,,0,0,0,0,0.0,0,Recent moderate purchasers and minimal cancellations
16708,2011-12-10,2011-10-25 12:20:00,2011-10-25 12:20:00,46,1,27,27,285,656.63,656.63,,,0,0,0,0,0.0,0,Recent moderate purchasers and minimal cancellations
16709,2011-12-10,2011-03-03 10:55:00,2011-09-16 10:56:00,85,5,79,64,851,3029.87,605.974,,,0,0,0,0,0.0,0,Recent moderate purchasers and minimal cancellations
16710,2011-12-10,2010-12-06 13:13:00,2011-11-20 14:50:00,20,10,402,268,1836,2483.04,248.304,,,0,0,0,0,0.0,0,Recent moderate purchasers and minimal cancellations
16711,2011-12-10,2010-12-17 12:43:00,2011-12-06 16:32:00,4,5,22,18,833,1651.03,330.206,,,0,0,0,0,0.0,0,Recent moderate purchasers and minimal cancellations
16712,2011-12-10,2011-03-08 15:07:00,2011-11-30 13:48:00,10,11,446,258,1746,3637.78,330.7073,,,0,0,0,0,0.0,0,Recent moderate purchasers and minimal cancellations
16713,2011-12-10,2010-12-08 13:01:00,2011-11-21 12:36:00,19,15,624,338,4276,6923.13,461.542,2010-12-08 12:03:00,2011-09-27 12:13:00,6,8,8,12,82.9,1,Recent high-activity purchasers and frequent cancellations
16714,2011-12-10,2011-01-26 13:40:00,2011-01-26 13:46:00,318,2,92,76,609,1146.53,573.265,2011-01-26 13:44:00,2011-01-26 13:44:00,1,1,1,2,250.0,3,Recent moderate purchasers and some cancellation activity
16715,2011-12-10,2011-09-22 18:15:00,2011-09-22 18:15:00,79,1,19,19,642,301.72,301.72,,,0,0,0,0,0.0,2,Less recent infrequent purchasers
16716,2011-12-10,2011-02-01 15:35:00,2011-03-18 10:03:00,267,2,2,1,120,901.2,450.6,2011-02-10 10:00:00,2011-02-10 10:00:00,1,1,1,76,581.4,3,Recent moderate purchasers and some cancellation activity
16717,2011-12-10,2010-12-08 16:48:00,2011-11-16 12:16:00,24,6,199,176,1866,3858.38,643.0633,2011-02-02 14:44:00,2011-11-30 17:42:00,3,37,37,298,580.02,1,Recent high-activity purchasers and frequent cancellations
16718,2011-12-10,2010-12-05 13:03:00,2010-12-05 13:03:00,370,1,45,41,413,623.75,623.75,,,0,0,0,0,0.0,0,Recent moderate purchasers and minimal cancellations
16719,2011-12-10,2010-12-06 12:06:00,2011-11-25 09:27:00,15,7,201,107,1204,1790.42,255.7743,2011-02-24 11:06:00,2011-02-24 11:06:00,1,2,2,2,16.5,3,Recent moderate purchasers and some cancellation activity
16720,2011-12-10,2011-11-13 16:22:00,2011-11-13 16:22:00,27,1,27,25,182,155.24,155.24,,,0,0,0,0,0.0,2,Less recent infrequent purchasers
16721,2011-12-10,2011-03-22 16:08:00,2011-03-22 16:08:00,263,1,37,37,172,292.47,292.47,,,0,0,0,0,0.0,2,Less recent infrequent purchasers
16722,2011-12-10,2010-12-06 12:59:00,2011-11-22 13:28:00,18,13,225,96,5001,4730.81,363.9085,2010-12-14 11:27:00,2011-08-25 14:24:00,3,3,3,12,19.6,1,Recent high-activity purchasers and frequent cancellations
16723,2011-12-10,2011-08-24 11:31:00,2011-09-09 13:01:00,92,2,43,37,399,589.15,294.575,,,0,0,0,0,0.0,0,Recent moderate purchasers and minimal cancellations
16725,2011-12-10,2010-12-03 16:02:00,2011-02-10 16:52:00,303,6,150,109,293,779.57,129.9283,2011-02-04 14:06:00,2011-02-04 14:06:00,1,1,1,1,5.95,3,Recent moderate purchasers and some cancellation activity
16726,2011-12-10,2010-12-13 13:28:00,2011-11-13 14:53:00,27,5,185,121,977,1382.02,276.404,,,0,0,0,0,0.0,0,Recent moderate purchasers and minimal cancellations
16727,2011-12-10,2010-12-10 13:48:00,2010-12-10 13:48:00,365,1,46,41,177,272.82,272.82,,,0,0,0,0,0.0,2,Less recent infrequent purchasers
16728,2011-12-10,2011-03-20 13:28:00,2011-10-24 14:36:00,47,4,269,218,677,1054.67,263.6675,,,0,0,0,0,0.0,0,Recent moderate purchasers and minimal cancellations
16729,2011-12-10,2011-04-12 14:22:00,2011-11-01 14:29:00,39,21,659,233,5779,7236.6,344.6,2011-06-02 11:13:00,2011-11-03 19:11:00,5,7,7,12,156.6,1,Recent high-activity purchasers and frequent cancellations
16730,2011-12-10,2011-01-24 14:01:00,2011-10-18 14:11:00,53,3,82,75,994,743.11,247.7033,2011-02-11 10:40:00,2011-02-11 10:40:00,1,2,2,96,40.32,3,Recent moderate purchasers and some cancellation activity
16732,2011-12-10,2011-11-08 09:54:00,2011-11-08 09:54:00,32,1,28,28,317,603.75,603.75,,,0,0,0,0,0.0,0,Recent moderate purchasers and minimal cancellations
16734,2011-12-10,2011-08-17 15:00:00,2011-10-18 13:44:00,53,3,53,44,346,650.51,216.8367,,,0,0,0,0,0.0,0,Recent moderate purchasers and minimal cancellations
16735,2011-12-10,2011-01-09 12:53:00,2011-09-22 11:49:00,79,5,125,88,1573,2300.56,460.112,2011-04-18 14:16:00,2011-09-07 09:07:00,2,3,2,19,31.35,3,Recent moderate purchasers and some cancellation activity
16737,2011-12-10,2011-10-17 13:03:00,2011-10-17 13:03:00,54,1,1,1,288,417.6,417.6,,,0,0,0,0,0.0,2,Less recent infrequent purchasers
16738,2011-12-10,2011-02-15 09:46:00,2011-02-15 09:46:00,298,1,1,1,3,3.75,3.75,,,0,0,0,0,0.0,2,Less recent infrequent purchasers
16739,2011-12-10,2011-06-16 09:17:00,2011-06-16 09:17:00,177,1,13,13,172,323.0,323.0,2011-06-20 17:15:00,2011-06-20 17:15:00,1,3,3,3,10.45,3,Recent moderate purchasers and some cancellation activity
16743,2011-12-10,2010-12-16 12:15:00,2011-11-10 13:13:00,30,7,191,89,2047,2238.09,319.7271,2011-08-05 17:08:00,2011-08-05 17:08:00,1,2,2,37,46.25,3,Recent moderate purchasers and some cancellation activity
16744,2011-12-10,2011-06-19 15:13:00,2011-11-28 13:06:00,12,7,242,198,805,1304.76,186.3943,,,0,0,0,0,0.0,0,Recent moderate purchasers and minimal cancellations
16745,2011-12-10,2011-02-01 11:31:00,2011-09-14 11:58:00,87,17,357,148,6735,7194.3,423.1941,2011-06-14 13:26:00,2011-06-14 13:26:00,1,1,1,8,23.6,3,Recent moderate purchasers and some cancellation activity
16746,2011-12-10,2010-12-16 11:43:00,2011-12-05 12:33:00,5,18,449,234,4665,6697.66,372.0922,2011-07-01 12:11:00,2011-07-01 12:11:00,1,3,3,3,3.35,1,Recent high-activity purchasers and frequent cancellations
16747,2011-12-10,2011-10-03 10:18:00,2011-11-02 11:37:00,38,2,42,34,583,836.06,418.03,2011-10-06 19:26:00,2011-11-14 13:37:00,2,3,2,6,9.1,3,Recent moderate purchasers and some cancellation activity
16748,2011-12-10,2011-01-09 13:50:00,2011-11-22 10:17:00,18,5,69,42,880,1515.9,303.18,,,0,0,0,0,0.0,0,Recent moderate purchasers and minimal cancellations
16750,2011-12-10,2011-04-21 16:53:00,2011-10-26 12:48:00,45,5,95,74,214,623.93,124.786,,,0,0,0,0,0.0,0,Recent moderate purchasers and minimal cancellations
16751,2011-12-10,2011-11-09 10:48:00,2011-11-09 10:48:00,31,1,25,24,1031,1764.72,1764.72,,,0,0,0,0,0.0,0,Recent moderate purchasers and minimal cancellations
16752,2011-12-10,2010-12-02 12:18:00,2010-12-02 12:18:00,373,1,9,9,54,207.5,207.5,,,0,0,0,0,0.0,2,Less recent infrequent purchasers
16753,2011-12-10,2011-10-12 13:14:00,2011-10-12 13:14:00,59,1,34,34,189,223.92,223.92,,,0,0,0,0,0.0,2,Less recent infrequent purchasers
16754,2011-12-10,2010-12-02 17:38:00,2010-12-02 17:38:00,373,1,2,2,4280,2002.4,2002.4,,,0,0,0,0,0.0,2,Less recent infrequent purchasers
16755,2011-12-10,2011-01-28 10:47:00,2011-08-17 13:21:00,115,3,170,133,1064,1496.83,498.9433,2011-08-17 13:14:00,2011-08-17 13:16:00,2,6,6,6,12.2,3,Recent moderate purchasers and some cancellation activity
16756,2011-12-10,2011-05-09 09:33:00,2011-05-09 09:33:00,215,1,13,13,106,239.4,239.4,,,0,0,0,0,0.0,2,Less recent infrequent purchasers
16757,2011-12-10,2011-01-25 11:59:00,2011-01-25 11:59:00,319,1,7,7,81,106.83,106.83,,,0,0,0,0,0.0,2,Less recent infrequent purchasers
16758,2011-12-10,2011-10-05 14:47:00,2011-10-05 14:47:00,66,1,22,22,203,369.34,369.34,,,0,0,0,0,0.0,2,Less recent infrequent purchasers
16759,2011-12-10,2011-11-09 09:06:00,2011-12-02 12:42:00,8,3,42,40,609,789.79,263.2633,2011-11-29 16:19:00,2011-11-29 16:19:00,1,1,1,1,16.95,3,Recent moderate purchasers and some cancellation activity
16761,2011-12-10,2011-09-04 11:15:00,2011-09-04 11:15:00,97,1,13,13,341,316.62,316.62,,,0,0,0,0,0.0,2,Less recent infrequent purchasers
16762,2011-12-10,2011-07-18 12:52:00,2011-11-20 11:43:00,20,3,89,51,618,1501.38,500.46,,,0,0,0,0,0.0,0,Recent moderate purchasers and minimal cancellations
16763,2011-12-10,2011-05-25 11:52:00,2011-05-25 11:52:00,199,1,23,23,319,611.85,611.85,2011-06-07 14:24:00,2011-06-07 14:24:00,1,1,1,1,16.95,3,Recent moderate purchasers and some cancellation activity
16764,2011-12-10,2011-07-19 17:17:00,2011-12-06 11:41:00,4,13,706,209,1259,2799.25,215.3269,2011-10-28 11:54:00,2011-12-06 11:23:00,5,12,12,12,41.0,1,Recent high-activity purchasers and frequent cancellations
16765,2011-12-10,2011-02-18 15:41:00,2011-02-18 15:41:00,295,1,1,1,4,34.0,34.0,,,0,0,0,0,0.0,2,Less recent infrequent purchasers
16766,2011-12-10,2011-03-11 13:34:00,2011-03-11 15:22:00,274,2,34,17,536,1145.6,572.8,,,0,0,0,0,0.0,0,Recent moderate purchasers and minimal cancellations
16767,2011-12-10,2011-01-27 13:38:00,2011-11-09 09:42:00,31,11,222,148,4435,5580.6,507.3273,,,0,0,0,0,0.0,0,Recent moderate purchasers and minimal cancellations
16768,2011-12-10,2011-03-13 10:25:00,2011-10-23 10:38:00,48,3,54,47,196,478.09,159.3633,2011-08-28 10:31:00,2011-10-23 10:24:00,2,4,4,5,20.05,3,Recent moderate purchasers and some cancellation activity
16769,2011-12-10,2011-03-24 13:41:00,2011-03-24 13:41:00,261,1,40,33,83,380.39,380.39,,,0,0,0,0,0.0,2,Less recent infrequent purchasers
16770,2011-12-10,2010-12-02 15:49:00,2011-10-13 12:21:00,58,5,145,116,464,770.1,154.02,2010-12-16 15:54:00,2010-12-16 15:54:00,1,1,1,12,25.2,3,Recent moderate purchasers and some cancellation activity
16771,2011-12-10,2011-01-05 13:57:00,2011-11-06 13:28:00,34,5,254,199,1477,2234.81,446.962,,,0,0,0,0,0.0,0,Recent moderate purchasers and minimal cancellations
16773,2011-12-10,2011-10-13 14:37:00,2011-10-13 14:37:00,58,1,26,23,171,171.59,171.59,,,0,0,0,0,0.0,2,Less recent infrequent purchasers
16774,2011-12-10,2011-06-14 12:45:00,2011-10-03 12:41:00,68,4,48,36,322,661.52,165.38,2011-08-01 15:13:00,2011-08-01 15:13:00,1,1,1,4,6.6,3,Recent moderate purchasers and some cancellation activity
16775,2011-12-10,2010-12-07 15:15:00,2011-11-29 15:22:00,11,11,158,84,440,1695.66,154.1509,,,0,0,0,0,0.0,0,Recent moderate purchasers and minimal cancellations
16776,2011-12-10,2011-10-10 13:04:00,2011-10-10 13:04:00,61,1,76,61,262,388.28,388.28,,,0,0,0,0,0.0,0,Recent moderate purchasers and minimal cancellations
16777,2011-12-10,2011-03-27 14:34:00,2011-09-20 13:41:00,81,2,50,45,64,226.35,113.175,,,0,0,0,0,0.0,2,Less recent infrequent purchasers
16778,2011-12-10,2011-03-10 15:21:00,2011-09-26 13:48:00,75,2,16,16,194,245.94,122.97,,,0,0,0,0,0.0,2,Less recent infrequent purchasers
16779,2011-12-10,2010-12-08 09:56:00,2011-12-07 14:54:00,3,22,333,161,5325,10629.72,483.1691,2010-12-12 11:13:00,2011-12-06 14:01:00,6,11,9,89,175.67,1,Recent high-activity purchasers and frequent cancellations
16780,2011-12-10,2011-03-25 17:34:00,2011-08-31 16:09:00,101,2,60,51,271,425.19,212.595,,,0,0,0,0,0.0,0,Recent moderate purchasers and minimal cancellations
16781,2011-12-10,2010-12-02 14:26:00,2010-12-02 14:26:00,373,1,17,17,113,311.25,311.25,2010-12-09 15:18:00,2010-12-09 15:18:00,1,2,2,2,16.6,2,Less recent infrequent purchasers
16782,2011-12-10,2010-12-09 11:28:00,2011-11-29 13:20:00,11,13,190,103,712,2279.9,175.3769,2010-12-06 16:10:00,2011-10-06 16:41:00,6,7,7,9,37.65,1,Recent high-activity purchasers and frequent cancellations
16784,2011-12-10,2011-11-20 12:20:00,2011-11-20 12:20:00,20,1,3,3,24,107.6,107.6,,,0,0,0,0,0.0,2,Less recent infrequent purchasers
16788,2011-12-10,2011-03-30 13:05:00,2011-08-08 14:53:00,124,2,154,137,310,595.83,297.915,,,0,0,0,0,0.0,0,Recent moderate purchasers and minimal cancellations
16789,2011-12-10,2011-12-01 15:12:00,2011-12-01 15:12:00,9,1,5,5,32,80.8,80.8,,,0,0,0,0,0.0,2,Less recent infrequent purchasers
16790,2011-12-10,2011-11-02 11:23:00,2011-12-06 11:53:00,4,6,93,88,898,1545.62,257.6033,2011-11-08 17:53:00,2011-11-14 12:03:00,2,2,1,6,25.5,3,Recent moderate purchasers and some cancellation activity
16791,2011-12-10,2011-01-11 15:42:00,2011-11-10 19:12:00,30,7,319,217,762,1709.03,244.1471,2011-10-10 14:50:00,2011-10-10 14:50:00,1,2,2,4,15.5,3,Recent moderate purchasers and some cancellation activity
16792,2011-12-10,2011-03-02 14:39:00,2011-03-02 14:41:00,283,2,12,11,44,110.38,55.19,,,0,0,0,0,0.0,2,Less recent infrequent purchasers
16793,2011-12-10,2011-10-13 15:08:00,2011-10-13 15:08:00,58,1,16,16,146,243.84,243.84,,,0,0,0,0,0.0,2,Less recent infrequent purchasers
16794,2011-12-10,2011-06-12 14:15:00,2011-12-08 17:54:00,2,10,284,141,936,1220.69,122.069,2011-06-13 10:53:00,2011-11-13 12:30:00,2,2,2,4,21.2,3,Recent moderate purchasers and some cancellation activity
16795,2011-12-10,2010-12-09 14:08:00,2010-12-09 14:08:00,366,1,66,64,239,414.88,414.88,,,0,0,0,0,0.0,2,Less recent infrequent purchasers
16796,2011-12-10,2011-09-11 14:01:00,2011-09-11 14:01:00,90,1,18,18,186,305.62,305.62,,,0,0,0,0,0.0,2,Less recent infrequent purchasers
16800,2011-12-10,2011-11-28 14:06:00,2011-11-28 14:06:00,12,1,164,148,540,1201.49,1201.49,,,0,0,0,0,0.0,0,Recent moderate purchasers and minimal cancellations
16801,2011-12-10,2011-03-11 13:56:00,2011-06-29 15:33:00,164,4,76,72,499,1619.73,404.9325,2011-03-31 11:58:00,2011-03-31 11:58:00,1,45,45,186,751.9,1,Recent high-activity purchasers and frequent cancellations
16803,2011-12-10,2011-10-05 14:28:00,2011-10-05 14:28:00,66,1,24,24,245,332.3,332.3,,,0,0,0,0,0.0,2,Less recent infrequent purchasers
16804,2011-12-10,2011-03-14 15:48:00,2011-11-16 16:43:00,24,3,60,59,246,536.99,178.9967,,,0,0,0,0,0.0,0,Recent moderate purchasers and minimal cancellations
16805,2011-12-10,2010-12-14 13:35:00,2011-06-19 11:23:00,174,2,98,94,539,460.59,230.295,,,0,0,0,0,0.0,0,Recent moderate purchasers and minimal cancellations
16806,2011-12-10,2011-04-14 19:59:00,2011-08-28 15:27:00,104,4,102,67,377,775.54,193.885,,,0,0,0,0,0.0,0,Recent moderate purchasers and minimal cancellations
16807,2011-12-10,2011-03-14 09:46:00,2011-07-20 12:00:00,143,3,66,56,777,1106.59,368.8633,,,0,0,0,0,0.0,0,Recent moderate purchasers and minimal cancellations
16808,2011-12-10,2011-03-10 19:05:00,2011-09-01 19:34:00,100,2,23,21,196,288.42,144.21,,,0,0,0,0,0.0,2,Less recent infrequent purchasers
16809,2011-12-10,2011-03-22 15:20:00,2011-11-16 15:45:00,24,5,149,79,652,914.69,182.938,2011-03-22 13:13:00,2011-03-22 13:13:00,1,1,1,1,1.95,3,Recent moderate purchasers and some cancellation activity
16810,2011-12-10,2011-05-31 15:32:00,2011-05-31 15:32:00,193,1,15,15,114,309.54,309.54,2010-12-14 11:24:00,2010-12-14 11:24:00,1,1,1,2,33.9,2,Less recent infrequent purchasers
16811,2011-12-10,2011-11-22 17:19:00,2011-12-05 11:39:00,5,2,28,26,477,547.07,273.535,,,0,0,0,0,0.0,0,Recent moderate purchasers and minimal cancellations
16812,2011-12-10,2010-12-14 12:35:00,2010-12-14 12:35:00,361,1,15,15,81,479.35,479.35,,,0,0,0,0,0.0,2,Less recent infrequent purchasers
16813,2011-12-10,2011-05-19 13:28:00,2011-12-01 14:03:00,9,10,449,248,1525,1692.98,169.298,,,0,0,0,0,0.0,0,Recent moderate purchasers and minimal cancellations
16814,2011-12-10,2010-12-05 11:45:00,2011-11-25 13:27:00,15,21,323,121,2763,6499.2,309.4857,2011-06-16 13:56:00,2011-06-16 13:56:00,1,1,1,1,8.5,3,Recent moderate purchasers and some cancellation activity
16816,2011-12-10,2010-12-16 17:01:00,2011-08-28 14:16:00,104,4,28,28,274,417.06,104.265,,,0,0,0,0,0.0,2,Less recent infrequent purchasers
16817,2011-12-10,2010-12-06 14:19:00,2011-12-07 11:03:00,3,9,86,73,822,1604.75,178.3056,2010-12-09 15:30:00,2011-06-17 15:34:00,4,9,8,60,157.8,1,Recent high-activity purchasers and frequent cancellations
16818,2011-12-10,2011-05-18 11:42:00,2011-11-29 10:41:00,11,11,188,172,2164,3349.57,304.5064,2011-05-20 11:54:00,2011-05-24 13:59:00,2,2,2,2,31.6,3,Recent moderate purchasers and some cancellation activity
16820,2011-12-10,2011-09-05 12:06:00,2011-09-05 12:06:00,96,1,26,26,307,497.61,497.61,,,0,0,0,0,0.0,0,Recent moderate purchasers and minimal cancellations
16823,2011-12-10,2011-04-26 15:00:00,2011-04-26 15:00:00,228,1,38,34,136,358.38,358.38,,,0,0,0,0,0.0,2,Less recent infrequent purchasers
16824,2011-12-10,2011-06-28 13:36:00,2011-11-24 12:38:00,16,2,26,23,236,460.64,230.32,,,0,0,0,0,0.0,0,Recent moderate purchasers and minimal cancellations
16825,2011-12-10,2011-06-07 09:44:00,2011-11-01 11:51:00,39,2,28,27,566,775.18,387.59,,,0,0,0,0,0.0,0,Recent moderate purchasers and minimal cancellations
16826,2011-12-10,2011-10-19 14:05:00,2011-10-19 14:05:00,52,1,22,22,158,341.7,341.7,,,0,0,0,0,0.0,2,Less recent infrequent purchasers
16828,2011-12-10,2011-08-19 13:24:00,2011-08-19 13:24:00,113,1,7,7,58,113.5,113.5,,,0,0,0,0,0.0,2,Less recent infrequent purchasers
16829,2011-12-10,2011-07-06 10:48:00,2011-07-06 10:48:00,157,1,11,11,99,197.22,197.22,,,0,0,0,0,0.0,2,Less recent infrequent purchasers
16830,2011-12-10,2011-11-01 11:35:00,2011-11-01 11:35:00,39,1,23,23,264,325.91,325.91,,,0,0,0,0,0.0,2,Less recent infrequent purchasers
16832,2011-12-10,2011-05-06 14:12:00,2011-06-08 15:36:00,185,3,12,11,33,199.15,66.3833,,,0,0,0,0,0.0,2,Less recent infrequent purchasers
16833,2011-12-10,2011-01-09 13:02:00,2011-12-08 14:39:00,2,4,47,46,440,1106.53,276.6325,,,0,0,0,0,0.0,0,Recent moderate purchasers and minimal cancellations
16834,2011-12-10,2011-04-26 09:37:00,2011-04-26 09:37:00,228,1,24,24,358,413.46,413.46,,,0,0,0,0,0.0,2,Less recent infrequent purchasers
16835,2011-12-10,2010-12-01 17:15:00,2011-08-03 13:50:00,129,2,10,10,61,180.85,90.425,,,0,0,0,0,0.0,2,Less recent infrequent purchasers
16836,2011-12-10,2011-08-15 12:38:00,2011-10-31 10:05:00,40,2,11,11,165,251.87,125.935,,,0,0,0,0,0.0,2,Less recent infrequent purchasers
16837,2011-12-10,2011-04-08 08:48:00,2011-11-08 14:27:00,32,11,165,123,1563,3170.98,288.2709,2011-05-31 11:44:00,2011-05-31 11:44:00,1,1,1,1,3.25,3,Recent moderate purchasers and some cancellation activity
16838,2011-12-10,2011-02-24 15:01:00,2011-05-26 13:13:00,198,2,25,24,185,588.85,294.425,2011-03-07 13:38:00,2011-03-07 13:38:00,1,1,1,1,5.95,3,Recent moderate purchasers and some cancellation activity
16839,2011-12-10,2010-12-05 11:15:00,2011-12-01 09:03:00,9,34,266,114,8975,16594.35,488.0691,2011-01-31 11:22:00,2011-11-18 17:15:00,5,31,31,504,1232.07,1,Recent high-activity purchasers and frequent cancellations
16841,2011-12-10,2011-02-25 12:40:00,2011-11-03 11:51:00,37,6,116,101,2250,1869.82,311.6367,2011-08-24 10:53:00,2011-08-24 10:53:00,1,1,1,16,95.2,3,Recent moderate purchasers and some cancellation activity
16842,2011-12-10,2011-02-10 14:51:00,2011-08-31 10:42:00,101,3,63,45,693,1264.19,421.3967,2011-10-06 17:38:00,2011-10-06 17:38:00,1,1,1,1,3.75,3,Recent moderate purchasers and some cancellation activity
16843,2011-12-10,2011-01-16 16:10:00,2011-10-28 09:06:00,43,16,378,226,10159,10196.57,637.2856,2011-03-02 16:03:00,2011-03-02 16:03:00,1,1,1,5,12.75,1,Recent high-activity purchasers and frequent cancellations
16846,2011-12-10,2011-10-20 13:55:00,2011-10-20 13:55:00,51,1,11,11,135,214.32,214.32,,,0,0,0,0,0.0,2,Less recent infrequent purchasers
16847,2011-12-10,2011-10-27 13:29:00,2011-10-27 13:29:00,44,1,12,12,78,193.44,193.44,,,0,0,0,0,0.0,2,Less recent infrequent purchasers
16848,2011-12-10,2011-10-18 08:42:00,2011-10-18 08:42:00,53,1,14,14,182,281.42,281.42,,,0,0,0,0,0.0,2,Less recent infrequent purchasers
16849,2011-12-10,2011-06-06 09:16:00,2011-06-06 09:16:00,187,1,8,8,33,124.57,124.57,,,0,0,0,0,0.0,2,Less recent infrequent purchasers
16850,2011-12-10,2011-01-10 11:09:00,2011-01-10 11:09:00,334,1,19,19,249,332.41,332.41,,,0,0,0,0,0.0,2,Less recent infrequent purchasers
16851,2011-12-10,2011-10-19 09:48:00,2011-12-05 13:32:00,5,3,20,17,271,342.45,114.15,,,0,0,0,0,0.0,2,Less recent infrequent purchasers
16852,2011-12-10,2011-06-16 15:49:00,2011-11-29 13:22:00,11,2,9,9,56,144.91,72.455,,,0,0,0,0,0.0,2,Less recent infrequent purchasers
16855,2011-12-10,2011-10-27 16:31:00,2011-11-16 12:03:00,24,2,19,19,164,328.4,164.2,,,0,0,0,0,0.0,2,Less recent infrequent purchasers
16856,2011-12-10,2011-11-25 08:59:00,2011-11-25 08:59:00,15,1,2,2,12,35.4,35.4,,,0,0,0,0,0.0,2,Less recent infrequent purchasers
16858,2011-12-10,2010-12-06 09:52:00,2010-12-06 09:52:00,369,1,10,9,91,375.69,375.69,2010-12-08 14:52:00,2010-12-08 14:52:00,1,3,3,8,29.8,3,Recent moderate purchasers and some cancellation activity
16859,2011-12-10,2011-03-23 13:39:00,2011-07-18 12:19:00,145,2,51,49,826,732.81,366.405,2011-07-21 15:14:00,2011-08-25 14:12:00,3,20,19,171,274.67,1,Recent high-activity purchasers and frequent cancellations
16861,2011-12-10,2011-07-04 15:38:00,2011-10-11 09:05:00,60,2,6,6,140,173.76,86.88,2010-12-06 15:09:00,2010-12-06 15:09:00,1,1,1,6,17.7,2,Less recent infrequent purchasers
16863,2011-12-10,2010-12-08 08:58:00,2011-11-08 15:26:00,32,2,26,25,409,502.8,251.4,2010-12-14 10:25:00,2011-11-10 15:23:00,2,2,2,17,21.45,3,Recent moderate purchasers and some cancellation activity
16866,2011-12-10,2011-07-01 12:34:00,2011-07-22 10:06:00,141,3,11,10,60,207.74,69.2467,,,0,0,0,0,0.0,2,Less recent infrequent purchasers
16869,2011-12-10,2011-06-17 13:01:00,2011-11-17 12:02:00,23,4,128,113,585,825.42,206.355,2011-10-25 15:08:00,2011-10-25 15:08:00,1,1,1,4,19.8,3,Recent moderate purchasers and some cancellation activity
16871,2011-12-10,2011-03-14 10:31:00,2011-11-17 19:27:00,23,6,137,131,1253,2812.34,468.7233,2011-05-25 16:56:00,2011-05-25 16:56:00,1,2,2,3,50.85,3,Recent moderate purchasers and some cancellation activity
16872,2011-12-10,2011-06-08 14:32:00,2011-09-23 16:05:00,78,3,7,5,600,680.02,226.6733,,,0,0,0,0,0.0,2,Less recent infrequent purchasers
16873,2011-12-10,2010-12-10 15:45:00,2011-12-05 12:05:00,5,6,279,179,3840,7123.62,1187.27,2010-12-20 14:10:00,2011-10-13 11:30:00,4,10,10,15,57.31,1,Recent high-activity purchasers and frequent cancellations
16875,2011-12-10,2011-01-04 10:37:00,2011-10-03 13:39:00,68,5,112,93,1069,2095.53,419.106,2011-01-11 11:22:00,2011-10-06 19:20:00,4,11,11,25,72.06,1,Recent high-activity purchasers and frequent cancellations
16877,2011-12-10,2011-05-15 16:13:00,2011-11-27 13:47:00,13,6,159,111,463,853.72,142.2867,,,0,0,0,0,0.0,0,Recent moderate purchasers and minimal cancellations
16878,2011-12-10,2011-09-16 17:39:00,2011-09-16 17:39:00,85,1,3,3,12,13.3,13.3,2011-11-15 08:52:00,2011-11-15 08:52:00,1,3,3,12,13.3,2,Less recent infrequent purchasers
16880,2011-12-10,2011-06-03 16:45:00,2011-11-09 11:33:00,31,7,178,121,753,1519.08,217.0114,,,0,0,0,0,0.0,0,Recent moderate purchasers and minimal cancellations
16881,2011-12-10,2011-10-04 10:33:00,2011-10-04 10:33:00,67,1,1,1,600,432.0,432.0,,,0,0,0,0,0.0,2,Less recent infrequent purchasers
16882,2011-12-10,2011-01-26 17:43:00,2011-10-04 10:42:00,67,3,39,39,424,705.12,235.04,,,0,0,0,0,0.0,0,Recent moderate purchasers and minimal cancellations
16883,2011-12-10,2010-12-03 10:33:00,2011-06-05 12:51:00,188,2,38,33,104,276.73,138.365,,,0,0,0,0,0.0,2,Less recent infrequent purchasers
16884,2011-12-10,2011-11-02 10:16:00,2011-11-02 11:52:00,38,2,25,25,319,422.34,211.17,,,0,0,0,0,0.0,0,Recent moderate purchasers and minimal cancellations
16885,2011-12-10,2010-12-17 17:23:00,2011-11-24 13:40:00,16,3,101,82,184,471.51,157.17,,,0,0,0,0,0.0,0,Recent moderate purchasers and minimal cancellations
16887,2011-12-10,2011-11-04 14:07:00,2011-11-04 14:07:00,36,1,37,35,157,194.88,194.88,,,0,0,0,0,0.0,2,Less recent infrequent purchasers
16889,2011-12-10,2011-01-07 10:47:00,2011-05-29 11:05:00,195,3,135,112,925,1578.67,526.2233,,,0,0,0,0,0.0,0,Recent moderate purchasers and minimal cancellations
16891,2011-12-10,2010-12-03 11:35:00,2011-12-08 11:15:00,2,5,203,166,283,809.7,161.94,,,0,0,0,0,0.0,0,Recent moderate purchasers and minimal cancellations
16892,2011-12-10,2011-06-09 11:35:00,2011-12-08 13:18:00,2,5,99,87,239,525.54,105.108,2011-01-20 13:19:00,2011-12-08 13:14:00,2,2,2,4,28.7,3,Recent moderate purchasers and some cancellation activity
16893,2011-12-10,2010-12-08 12:06:00,2010-12-08 12:06:00,367,1,45,44,62,145.93,145.93,,,0,0,0,0,0.0,2,Less recent infrequent purchasers
16895,2011-12-10,2011-10-06 12:15:00,2011-10-06 12:15:00,65,1,69,57,102,219.14,219.14,,,0,0,0,0,0.0,2,Less recent infrequent purchasers
16897,2011-12-10,2011-01-30 11:52:00,2011-02-13 15:02:00,300,2,37,37,73,289.78,144.89,2011-02-13 15:45:00,2011-02-13 15:45:00,1,7,7,15,76.75,3,Recent moderate purchasers and some cancellation activity
16898,2011-12-10,2010-12-06 12:23:00,2011-11-13 15:44:00,27,3,162,150,419,508.81,169.6033,2010-12-09 14:29:00,2010-12-09 14:29:00,1,1,1,33,64.35,3,Recent moderate purchasers and some cancellation activity
16899,2011-12-10,2010-12-14 13:11:00,2011-12-02 12:03:00,8,6,125,80,522,1281.56,213.5933,,,0,0,0,0,0.0,0,Recent moderate purchasers and minimal cancellations
16900,2011-12-10,2011-10-07 13:17:00,2011-11-23 10:32:00,17,3,78,77,832,882.16,294.0533,2011-11-28 10:50:00,2011-11-28 10:50:00,1,1,1,108,12.96,3,Recent moderate purchasers and some cancellation activity
16902,2011-12-10,2011-08-15 14:17:00,2011-08-15 14:17:00,117,1,44,43,629,1706.88,1706.88,,,0,0,0,0,0.0,0,Recent moderate purchasers and minimal cancellations
16903,2011-12-10,2011-11-10 15:32:00,2011-11-10 15:32:00,30,1,60,50,262,373.24,373.24,,,0,0,0,0,0.0,0,Recent moderate purchasers and minimal cancellations
16904,2011-12-10,2010-12-07 13:29:00,2011-12-05 13:10:00,5,15,708,385,2023,3735.47,249.0313,,,0,0,0,0,0.0,0,Recent moderate purchasers and minimal cancellations
16905,2011-12-10,2010-12-03 10:43:00,2011-12-04 14:01:00,6,7,208,117,1408,3102.43,443.2043,2011-04-17 10:38:00,2011-04-17 10:38:00,1,1,1,1,16.95,3,Recent moderate purchasers and some cancellation activity
16906,2011-12-10,2011-04-05 12:30:00,2011-09-19 11:49:00,82,4,93,74,281,579.77,144.9425,,,0,0,0,0,0.0,0,Recent moderate purchasers and minimal cancellations
16907,2011-12-10,2010-12-09 16:52:00,2011-11-10 18:04:00,30,5,151,89,298,981.65,196.33,,,0,0,0,0,0.0,0,Recent moderate purchasers and minimal cancellations
16909,2011-12-10,2011-09-28 16:45:00,2011-09-28 16:45:00,73,1,18,18,436,379.14,379.14,2011-10-06 18:06:00,2011-10-06 18:06:00,1,1,1,2,15.0,3,Recent moderate purchasers and some cancellation activity
16910,2011-12-10,2011-09-09 14:14:00,2011-12-05 12:51:00,5,8,547,318,886,1510.06,188.7575,,,0,0,0,0,0.0,0,Recent moderate purchasers and minimal cancellations
16912,2011-12-10,2011-01-20 15:42:00,2011-11-11 12:18:00,29,11,101,88,1029,2575.38,234.1255,2011-03-11 11:30:00,2011-11-16 15:51:00,3,3,3,14,39.65,3,Recent moderate purchasers and some cancellation activity
16913,2011-12-10,2011-02-22 12:56:00,2011-02-22 12:56:00,291,1,8,8,82,113.44,113.44,,,0,0,0,0,0.0,2,Less recent infrequent purchasers
16914,2011-12-10,2011-11-03 15:27:00,2011-11-03 15:27:00,37,1,38,25,121,208.46,208.46,,,0,0,0,0,0.0,2,Less recent infrequent purchasers
16915,2011-12-10,2011-03-01 09:52:00,2011-11-30 16:39:00,10,6,57,46,132,621.68,103.6133,,,0,0,0,0,0.0,0,Recent moderate purchasers and minimal cancellations
16916,2011-12-10,2010-12-02 13:14:00,2011-11-16 12:08:00,24,2,143,129,440,576.26,288.13,,,0,0,0,0,0.0,0,Recent moderate purchasers and minimal cancellations
16917,2011-12-10,2011-03-08 11:55:00,2011-03-08 11:55:00,277,1,9,9,232,391.52,391.52,,,0,0,0,0,0.0,2,Less recent infrequent purchasers
16918,2011-12-10,2011-01-26 17:37:00,2011-10-21 12:50:00,50,6,128,97,721,1068.82,178.1367,2011-10-07 15:36:00,2011-10-07 15:36:00,1,2,2,13,25.48,3,Recent moderate purchasers and some cancellation activity
16919,2011-12-10,2010-12-06 12:52:00,2011-07-06 13:35:00,157,11,327,141,1413,2596.45,236.0409,,,0,0,0,0,0.0,0,Recent moderate purchasers and minimal cancellations
16921,2011-12-10,2011-10-09 16:22:00,2011-10-09 16:22:00,62,1,60,50,171,169.79,169.79,,,0,0,0,0,0.0,2,Less recent infrequent purchasers
16923,2011-12-10,2010-12-12 11:06:00,2011-11-27 13:00:00,13,19,672,313,3417,7247.61,381.4532,2010-12-12 11:12:00,2011-06-05 11:45:00,7,24,22,234,580.78,1,Recent high-activity purchasers and frequent cancellations
16924,2011-12-10,2011-09-16 12:54:00,2011-11-18 12:53:00,22,3,83,69,493,846.75,282.25,2011-11-18 11:45:00,2011-11-18 11:45:00,1,6,6,13,107.25,3,Recent moderate purchasers and some cancellation activity
16926,2011-12-10,2010-12-03 13:42:00,2010-12-03 13:42:00,372,1,14,14,35,230.25,230.25,,,0,0,0,0,0.0,2,Less recent infrequent purchasers
16927,2011-12-10,2010-12-13 11:57:00,2011-08-16 11:10:00,116,3,6,5,993,543.05,181.0167,,,0,0,0,0,0.0,2,Less recent infrequent purchasers
16928,2011-12-10,2010-12-01 15:21:00,2011-09-20 15:10:00,81,17,208,68,2113,2839.65,167.0382,2011-02-13 16:04:00,2011-08-11 15:45:00,2,4,4,20,66.1,1,Recent high-activity purchasers and frequent cancellations
16929,2011-12-10,2011-07-07 12:39:00,2011-12-06 08:37:00,4,7,77,51,929,1295.39,185.0557,,,0,0,0,0,0.0,0,Recent moderate purchasers and minimal cancellations
16930,2011-12-10,2011-10-02 14:25:00,2011-11-13 16:13:00,27,3,54,47,341,380.55,126.85,,,0,0,0,0,0.0,0,Recent moderate purchasers and minimal cancellations
16931,2011-12-10,2010-12-05 11:40:00,2011-12-04 13:15:00,6,21,898,448,3158,4604.22,219.2486,,,0,0,0,0,0.0,0,Recent moderate purchasers and minimal cancellations
16932,2011-12-10,2011-10-17 14:12:00,2011-10-17 14:12:00,54,1,53,44,87,161.94,161.94,,,0,0,0,0,0.0,2,Less recent infrequent purchasers
16933,2011-12-10,2011-04-14 13:33:00,2011-12-08 12:54:00,2,2,44,42,288,563.23,281.615,2011-04-14 12:28:00,2011-12-08 11:42:00,3,5,4,7,33.15,3,Recent moderate purchasers and some cancellation activity
16934,2011-12-10,2011-10-16 12:25:00,2011-10-16 12:40:00,55,2,62,59,399,950.93,475.465,,,0,0,0,0,0.0,0,Recent moderate purchasers and minimal cancellations
16936,2011-12-10,2011-11-14 11:04:00,2011-11-14 11:04:00,26,1,57,56,173,262.68,262.68,,,0,0,0,0,0.0,0,Recent moderate purchasers and minimal cancellations
16938,2011-12-10,2011-02-04 09:34:00,2011-12-01 10:20:00,9,4,241,212,2540,2736.38,684.095,2011-06-13 11:21:00,2011-06-13 11:21:00,1,1,1,1515,833.25,1,Recent high-activity purchasers and frequent cancellations
16940,2011-12-10,2011-02-23 12:27:00,2011-10-18 13:15:00,53,3,305,226,2169,3049.88,1016.6267,,,0,0,0,0,0.0,0,Recent moderate purchasers and minimal cancellations
16942,2011-12-10,2011-04-26 11:59:00,2011-11-27 12:40:00,13,9,281,159,811,1920.59,213.3989,2011-06-16 12:56:00,2011-06-16 12:56:00,1,2,2,4,26.48,3,Recent moderate purchasers and some cancellation activity
16943,2011-12-10,2011-01-25 14:00:00,2011-05-12 11:57:00,212,3,33,23,145,816.73,272.2433,,,0,0,0,0,0.0,2,Less recent infrequent purchasers
16945,2011-12-10,2010-12-16 17:49:00,2011-11-18 11:39:00,22,19,249,137,2725,4345.5,228.7105,,,0,0,0,0,0.0,0,Recent moderate purchasers and minimal cancellations
16947,2011-12-10,2011-04-18 09:38:00,2011-04-18 09:38:00,236,1,21,21,312,406.48,406.48,,,0,0,0,0,0.0,2,Less recent infrequent purchasers
16948,2011-12-10,2011-01-18 10:58:00,2011-07-24 12:46:00,139,3,19,15,1614,435.02,145.0067,,,0,0,0,0,0.0,0,Recent moderate purchasers and minimal cancellations
16949,2011-12-10,2011-01-27 12:11:00,2011-12-06 11:07:00,4,6,60,57,791,1286.27,214.3783,2011-06-13 17:08:00,2011-06-13 17:08:00,1,1,1,1,125.0,3,Recent moderate purchasers and some cancellation activity
16950,2011-12-10,2010-12-07 15:20:00,2011-10-14 09:06:00,57,3,42,39,644,1178.56,392.8533,,,0,0,0,0,0.0,0,Recent moderate purchasers and minimal cancellations
16951,2011-12-10,2011-02-08 14:58:00,2011-07-28 12:05:00,135,3,86,73,1318,1277.75,425.9167,2011-08-08 13:25:00,2011-08-08 13:25:00,1,1,1,12,15.0,3,Recent moderate purchasers and some cancellation activity
16952,2011-12-10,2011-08-22 12:58:00,2011-08-22 13:03:00,110,2,16,16,92,167.61,83.805,,,0,0,0,0,0.0,2,Less recent infrequent purchasers
16953,2011-12-10,2011-11-09 15:54:00,2011-11-09 15:54:00,31,1,1,1,10,20.8,20.8,,,0,0,0,0,0.0,2,Less recent infrequent purchasers
16954,2011-12-10,2010-12-15 10:41:00,2011-12-09 09:46:00,1,9,54,40,1054,2085.08,231.6756,,,0,0,0,0,0.0,0,Recent moderate purchasers and minimal cancellations
16955,2011-12-10,2010-12-01 13:31:00,2011-06-08 10:36:00,185,4,25,18,266,518.67,129.6675,2010-12-14 11:16:00,2010-12-14 11:16:00,1,1,1,20,25.0,3,Recent moderate purchasers and some cancellation activity
16956,2011-12-10,2011-11-22 08:56:00,2011-11-22 08:56:00,18,1,16,16,114,308.74,308.74,2011-11-30 14:28:00,2011-11-30 14:28:00,1,2,2,2,16.4,3,Recent moderate purchasers and some cancellation activity
16957,2011-12-10,2011-03-03 09:25:00,2011-04-14 13:56:00,240,2,16,15,172,416.64,208.32,,,0,0,0,0,0.0,2,Less recent infrequent purchasers
16959,2011-12-10,2011-09-13 15:03:00,2011-09-13 15:03:00,88,1,7,7,49,117.35,117.35,,,0,0,0,0,0.0,2,Less recent infrequent purchasers
16960,2011-12-10,2011-04-01 11:54:00,2011-11-01 11:35:00,39,3,100,91,301,505.1,168.3667,,,0,0,0,0,0.0,0,Recent moderate purchasers and minimal cancellations
16961,2011-12-10,2011-08-15 13:46:00,2011-08-15 13:46:00,117,1,14,14,125,234.17,234.17,,,0,0,0,0,0.0,2,Less recent infrequent purchasers
16963,2011-12-10,2011-06-05 13:48:00,2011-06-05 13:48:00,188,1,7,7,35,110.55,110.55,,,0,0,0,0,0.0,2,Less recent infrequent purchasers
16965,2011-12-10,2011-04-27 12:08:00,2011-04-27 12:08:00,227,1,25,25,243,192.07,192.07,,,0,0,0,0,0.0,2,Less recent infrequent purchasers
16966,2011-12-10,2011-04-13 14:17:00,2011-12-01 13:40:00,9,7,28,8,1981,2154.97,307.8529,2011-06-27 15:24:00,2011-06-29 12:05:00,2,2,1,2,6.0,3,Recent moderate purchasers and some cancellation activity
16967,2011-12-10,2011-06-03 14:24:00,2011-06-03 14:24:00,190,1,21,21,333,319.02,319.02,,,0,0,0,0,0.0,2,Less recent infrequent purchasers
16968,2011-12-10,2011-08-24 10:51:00,2011-12-05 15:02:00,5,2,31,31,326,439.43,219.715,,,0,0,0,0,0.0,0,Recent moderate purchasers and minimal cancellations
16969,2011-12-10,2011-06-01 12:10:00,2011-10-31 13:12:00,40,3,41,41,815,635.41,211.8033,,,0,0,0,0,0.0,0,Recent moderate purchasers and minimal cancellations
16971,2011-12-10,2011-11-01 15:06:00,2011-11-01 15:06:00,39,1,41,40,72,357.21,357.21,,,0,0,0,0,0.0,2,Less recent infrequent purchasers
16976,2011-12-10,2011-03-17 16:33:00,2011-03-17 16:33:00,268,1,2,2,88,251.52,251.52,,,0,0,0,0,0.0,2,Less recent infrequent purchasers
16978,2011-12-10,2011-09-23 12:50:00,2011-09-23 12:50:00,78,1,39,39,166,344.33,344.33,,,0,0,0,0,0.0,0,Recent moderate purchasers and minimal cancellations
16979,2011-12-10,2011-02-15 09:20:00,2011-12-06 12:21:00,4,6,89,64,865,1852.0,308.6667,2011-02-18 15:54:00,2011-11-04 10:03:00,2,2,2,5,42.95,3,Recent moderate purchasers and some cancellation activity
16980,2011-12-10,2011-02-21 12:58:00,2011-03-29 16:36:00,256,2,87,71,788,1078.96,539.48,,,0,0,0,0,0.0,0,Recent moderate purchasers and minimal cancellations
16982,2011-12-10,2011-10-10 12:28:00,2011-10-10 12:28:00,61,1,22,22,182,384.06,384.06,,,0,0,0,0,0.0,2,Less recent infrequent purchasers
16983,2011-12-10,2010-12-05 12:34:00,2011-11-27 12:10:00,13,7,148,112,1379,1931.25,275.8929,2011-03-16 12:13:00,2011-03-16 12:13:00,1,1,1,13,11.05,3,Recent moderate purchasers and some cancellation activity
16984,2011-12-10,2011-08-01 17:37:00,2011-09-12 13:43:00,89,2,407,354,2423,4481.35,2240.675,2011-08-31 12:05:00,2011-09-22 18:21:00,3,11,11,15,88.93,1,Recent high-activity purchasers and frequent cancellations
16985,2011-12-10,2010-12-16 10:38:00,2011-11-22 13:33:00,18,10,120,62,1832,5464.12,546.412,2011-02-02 11:16:00,2011-02-02 11:16:00,1,1,1,2,2.5,3,Recent moderate purchasers and some cancellation activity
16986,2011-12-10,2011-11-09 15:52:00,2011-11-10 11:55:00,30,2,3,3,1040,1873.2,936.6,,,0,0,0,0,0.0,0,Recent moderate purchasers and minimal cancellations
16987,2011-12-10,2011-05-18 15:55:00,2011-12-06 17:26:00,4,7,129,74,402,1625.05,232.15,,,0,0,0,0,0.0,0,Recent moderate purchasers and minimal cancellations
16988,2011-12-10,2011-12-04 16:02:00,2011-12-04 16:02:00,6,1,7,7,43,126.12,126.12,,,0,0,0,0,0.0,2,Less recent infrequent purchasers
16989,2011-12-10,2011-07-12 09:11:00,2011-12-02 16:39:00,8,6,12,7,1233,1133.25,188.875,,,0,0,0,0,0.0,0,Recent moderate purchasers and minimal cancellations
16990,2011-12-10,2011-05-05 08:30:00,2011-05-05 08:30:00,219,1,1,1,100,179.0,179.0,,,0,0,0,0,0.0,2,Less recent infrequent purchasers
16992,2011-12-10,2011-02-28 10:37:00,2011-11-29 11:50:00,11,5,93,84,860,1614.31,322.862,2011-02-02 16:31:00,2011-02-02 16:31:00,1,2,2,3,12.45,3,Recent moderate purchasers and some cancellation activity
16996,2011-12-10,2010-12-21 13:22:00,2011-11-09 16:43:00,31,6,37,13,544,1456.96,242.8267,2010-12-16 09:48:00,2011-08-24 09:20:00,3,4,3,10,29.5,3,Recent moderate purchasers and some cancellation activity
16997,2011-12-10,2011-01-18 11:51:00,2011-02-24 17:28:00,289,3,12,7,360,702.0,234.0,,,0,0,0,0,0.0,2,Less recent infrequent purchasers
16998,2011-12-10,2011-02-08 15:42:00,2011-07-13 09:44:00,150,4,4,1,76,295.0,73.75,2011-05-24 11:23:00,2011-05-24 11:23:00,1,1,1,2,7.5,2,Less recent infrequent purchasers
16999,2011-12-10,2011-09-26 15:43:00,2011-11-16 13:53:00,24,2,23,21,294,484.82,242.41,,,0,0,0,0,0.0,0,Recent moderate purchasers and minimal cancellations
17001,2011-12-10,2010-12-16 09:35:00,2011-12-09 09:38:00,1,11,169,75,2164,3989.57,362.6882,,,0,0,0,0,0.0,0,Recent moderate purchasers and minimal cancellations
17002,2011-12-10,2011-02-22 11:46:00,2011-09-15 12:40:00,86,3,49,41,679,1493.73,497.91,2011-09-27 16:48:00,2011-09-27 16:48:00,1,1,1,1,5.95,3,Recent moderate purchasers and some cancellation activity
17004,2011-12-10,2011-09-08 12:16:00,2011-10-24 14:25:00,47,2,44,38,819,1412.94,706.47,,,0,0,0,0,0.0,0,Recent moderate purchasers and minimal cancellations
17006,2011-12-10,2011-09-25 12:15:00,2011-12-05 12:09:00,5,4,43,36,271,766.78,191.695,,,0,0,0,0,0.0,0,Recent moderate purchasers and minimal cancellations
17007,2011-12-10,2010-12-17 13:57:00,2011-10-20 10:47:00,51,6,52,50,597,889.93,148.3217,2010-12-21 14:24:00,2010-12-21 14:24:00,1,1,1,10,12.5,3,Recent moderate purchasers and some cancellation activity
17010,2011-12-10,2011-11-21 14:49:00,2011-11-21 14:49:00,19,1,11,11,118,195.36,195.36,2011-11-23 11:04:00,2011-11-23 11:04:00,1,1,1,2,9.9,2,Less recent infrequent purchasers
17011,2011-12-10,2011-11-09 13:30:00,2011-11-09 13:30:00,31,1,15,15,186,270.9,270.9,,,0,0,0,0,0.0,2,Less recent infrequent purchasers
17014,2011-12-10,2011-10-04 11:36:00,2011-12-01 14:09:00,9,3,74,63,245,586.33,195.4433,2011-11-07 15:11:00,2011-11-07 15:11:00,1,1,1,5,20.75,3,Recent moderate purchasers and some cancellation activity
17015,2011-12-10,2011-06-07 13:19:00,2011-11-11 10:45:00,29,3,217,182,1981,1842.56,614.1867,,,0,0,0,0,0.0,0,Recent moderate purchasers and minimal cancellations
17017,2011-12-10,2010-12-02 10:17:00,2011-12-07 09:32:00,3,20,252,88,6673,8694.26,434.713,2010-12-14 11:54:00,2011-10-12 14:29:00,7,16,12,60,120.15,1,Recent high-activity purchasers and frequent cancellations
17018,2011-12-10,2011-01-18 08:46:00,2011-10-30 11:42:00,41,2,16,15,176,920.1,460.05,,,0,0,0,0,0.0,0,Recent moderate purchasers and minimal cancellations
17019,2011-12-10,2010-12-06 12:55:00,2011-11-28 13:06:00,12,4,234,166,827,1272.61,318.1525,,,0,0,0,0,0.0,0,Recent moderate purchasers and minimal cancellations
17022,2011-12-10,2011-11-08 17:09:00,2011-11-08 17:09:00,32,1,7,7,108,71.0,71.0,,,0,0,0,0,0.0,2,Less recent infrequent purchasers
17024,2011-12-10,2011-07-05 09:31:00,2011-10-25 13:47:00,46,3,3,2,69,95.85,31.95,,,0,0,0,0,0.0,2,Less recent infrequent purchasers
17025,2011-12-10,2010-12-01 15:45:00,2011-10-10 09:06:00,61,3,9,8,235,357.77,119.2567,,,0,0,0,0,0.0,2,Less recent infrequent purchasers
17026,2011-12-10,2010-12-05 12:47:00,2011-06-07 14:28:00,186,2,4,4,97,154.83,77.415,,,0,0,0,0,0.0,2,Less recent infrequent purchasers
17027,2011-12-10,2011-01-26 14:19:00,2011-09-22 12:24:00,79,6,153,110,421,890.29,148.3817,2011-03-01 13:05:00,2011-03-01 13:05:00,1,2,2,6,41.7,3,Recent moderate purchasers and some cancellation activity
17029,2011-12-10,2011-04-17 10:57:00,2011-08-21 11:06:00,111,2,2,1,400,716.0,358.0,,,0,0,0,0,0.0,2,Less recent infrequent purchasers
17030,2011-12-10,2011-10-07 08:49:00,2011-10-07 08:49:00,64,1,11,11,146,146.87,146.87,,,0,0,0,0,0.0,2,Less recent infrequent purchasers
17031,2011-12-10,2011-07-08 09:38:00,2011-11-28 10:23:00,12,2,22,19,235,380.35,190.175,,,0,0,0,0,0.0,2,Less recent infrequent purchasers
17033,2011-12-10,2010-12-15 13:21:00,2011-09-14 14:34:00,87,3,28,24,750,1030.14,343.38,,,0,0,0,0,0.0,0,Recent moderate purchasers and minimal cancellations
17034,2011-12-10,2011-02-25 10:10:00,2011-11-23 15:14:00,17,3,29,27,409,730.52,243.5067,2011-11-18 09:44:00,2011-11-18 09:44:00,1,2,2,4,10.95,3,Recent moderate purchasers and some cancellation activity
17035,2011-12-10,2011-02-01 12:27:00,2011-04-08 11:23:00,246,2,28,27,229,433.53,216.765,2011-02-11 15:16:00,2011-02-11 15:16:00,1,4,4,28,45.2,3,Recent moderate purchasers and some cancellation activity
17037,2011-12-10,2011-09-13 12:49:00,2011-09-13 12:49:00,88,1,75,75,656,1267.32,1267.32,2011-09-22 17:20:00,2011-09-22 17:20:00,1,2,2,4,14.1,3,Recent moderate purchasers and some cancellation activity
17038,2011-12-10,2011-11-09 13:50:00,2011-11-09 13:50:00,31,1,22,22,28,112.4,112.4,,,0,0,0,0,0.0,2,Less recent infrequent purchasers
17040,2011-12-10,2011-07-25 10:19:00,2011-07-25 10:19:00,138,1,15,15,181,449.73,449.73,,,0,0,0,0,0.0,2,Less recent infrequent purchasers
17041,2011-12-10,2010-12-14 11:43:00,2011-11-13 11:21:00,27,3,70,59,951,1081.57,360.5233,2010-12-14 11:45:00,2010-12-14 11:45:00,1,1,1,4,15.8,3,Recent moderate purchasers and some cancellation activity
17042,2011-12-10,2011-04-06 14:53:00,2011-12-07 12:26:00,3,5,98,74,994,1044.38,208.876,,,0,0,0,0,0.0,0,Recent moderate purchasers and minimal cancellations
17043,2011-12-10,2011-03-18 14:53:00,2011-11-07 15:33:00,33,4,102,100,998,1735.18,433.795,,,0,0,0,0,0.0,0,Recent moderate purchasers and minimal cancellations
17044,2011-12-10,2011-11-14 14:28:00,2011-11-14 14:28:00,26,1,6,6,504,948.48,948.48,2010-12-15 16:34:00,2011-12-01 08:54:00,2,4,3,17,51.05,3,Recent moderate purchasers and some cancellation activity
17045,2011-12-10,2011-04-06 12:08:00,2011-08-18 17:09:00,114,3,22,20,106,339.44,113.1467,,,0,0,0,0,0.0,2,Less recent infrequent purchasers
17046,2011-12-10,2011-07-05 14:24:00,2011-07-05 14:24:00,158,1,22,22,510,642.02,642.02,,,0,0,0,0,0.0,0,Recent moderate purchasers and minimal cancellations
17047,2011-12-10,2011-05-18 16:50:00,2011-09-15 13:27:00,86,3,65,59,533,1100.9,366.9667,,,0,0,0,0,0.0,0,Recent moderate purchasers and minimal cancellations
17048,2011-12-10,2011-01-12 16:51:00,2011-08-14 11:49:00,118,3,43,41,485,925.35,308.45,2011-01-21 17:24:00,2011-08-16 14:51:00,3,5,5,11,61.03,3,Recent moderate purchasers and some cancellation activity
17049,2011-12-10,2011-03-09 08:33:00,2011-12-07 10:48:00,3,9,318,201,2676,5659.98,628.8867,2011-07-14 14:55:00,2011-12-01 08:43:00,2,4,4,7,65.2,1,Recent high-activity purchasers and frequent cancellations
17050,2011-12-10,2011-02-13 12:41:00,2011-09-04 13:48:00,97,6,316,169,1614,3228.84,538.14,,,0,0,0,0,0.0,0,Recent moderate purchasers and minimal cancellations
17051,2011-12-10,2011-05-29 14:13:00,2011-05-29 14:13:00,195,1,43,40,184,247.14,247.14,,,0,0,0,0,0.0,2,Less recent infrequent purchasers
17052,2011-12-10,2011-11-11 14:50:00,2011-11-11 14:50:00,29,1,92,72,261,413.75,413.75,,,0,0,0,0,0.0,0,Recent moderate purchasers and minimal cancellations
17053,2011-12-10,2011-08-01 10:23:00,2011-08-01 10:23:00,131,1,13,13,122,498.48,498.48,2011-08-03 10:55:00,2011-08-03 10:55:00,1,1,1,1,2.1,2,Less recent infrequent purchasers
17054,2011-12-10,2011-04-08 13:14:00,2011-11-11 12:56:00,29,5,83,64,804,1356.33,271.266,2011-07-28 12:36:00,2011-07-28 12:36:00,1,1,1,2,2.5,3,Recent moderate purchasers and some cancellation activity
17058,2011-12-10,2011-04-14 09:18:00,2011-09-19 10:13:00,82,3,62,51,592,1179.89,393.2967,,,0,0,0,0,0.0,0,Recent moderate purchasers and minimal cancellations
17059,2011-12-10,2010-12-05 12:35:00,2011-11-10 12:27:00,30,5,516,292,1855,3095.04,619.008,,,0,0,0,0,0.0,0,Recent moderate purchasers and minimal cancellations
17060,2011-12-10,2011-03-18 13:27:00,2011-03-18 13:27:00,267,1,5,5,216,234.24,234.24,,,0,0,0,0,0.0,2,Less recent infrequent purchasers
17061,2011-12-10,2011-04-21 13:29:00,2011-09-27 11:24:00,74,11,99,57,1526,5232.23,475.6573,2011-04-26 13:10:00,2011-04-26 13:10:00,1,2,2,42,116.1,3,Recent moderate purchasers and some cancellation activity
17062,2011-12-10,2010-12-05 11:59:00,2011-01-30 11:01:00,314,4,69,51,418,533.33,133.3325,2010-12-16 11:59:00,2010-12-16 11:59:00,1,1,1,2,3.9,3,Recent moderate purchasers and some cancellation activity
17063,2011-12-10,2011-02-23 13:44:00,2011-11-18 16:19:00,22,7,78,66,770,1461.14,208.7343,2011-03-02 16:17:00,2011-12-01 08:46:00,4,4,4,7,39.55,3,Recent moderate purchasers and some cancellation activity
17064,2011-12-10,2011-01-16 16:10:00,2011-10-12 10:18:00,59,3,62,53,318,859.35,286.45,,,0,0,0,0,0.0,0,Recent moderate purchasers and minimal cancellations
17068,2011-12-10,2010-12-06 13:58:00,2011-11-27 13:14:00,13,21,295,115,2159,4545.89,216.471,2011-07-15 13:56:00,2011-07-15 13:56:00,1,1,1,10,20.8,3,Recent moderate purchasers and some cancellation activity
17069,2011-12-10,2010-12-01 16:49:00,2011-11-11 17:13:00,29,9,143,111,1506,2709.7,301.0778,2010-12-23 11:40:00,2011-09-23 08:24:00,4,11,7,24,54.48,1,Recent high-activity purchasers and frequent cancellations
17070,2011-12-10,2011-08-17 17:01:00,2011-08-17 17:01:00,115,1,64,62,133,312.14,312.14,,,0,0,0,0,0.0,0,Recent moderate purchasers and minimal cancellations
17071,2011-12-10,2011-02-03 08:18:00,2011-11-11 16:31:00,29,9,140,102,1197,2429.03,269.8922,2011-02-11 17:12:00,2011-12-01 09:06:00,5,8,6,15,43.55,1,Recent high-activity purchasers and frequent cancellations
17073,2011-12-10,2011-08-22 14:37:00,2011-11-22 11:47:00,18,4,173,141,758,1444.84,361.21,,,0,0,0,0,0.0,0,Recent moderate purchasers and minimal cancellations
17075,2011-12-10,2011-01-26 13:20:00,2011-11-22 11:58:00,18,4,77,62,292,834.12,208.53,2011-03-31 13:34:00,2011-03-31 13:34:00,1,3,3,3,20.35,3,Recent moderate purchasers and some cancellation activity
17076,2011-12-10,2010-12-10 10:08:00,2011-11-03 17:53:00,37,3,25,17,295,841.08,280.36,,,0,0,0,0,0.0,0,Recent moderate purchasers and minimal cancellations
17078,2011-12-10,2011-11-03 18:49:00,2011-11-03 19:17:00,37,2,27,27,782,375.86,187.93,,,0,0,0,0,0.0,0,Recent moderate purchasers and minimal cancellations
17079,2011-12-10,2011-09-22 15:34:00,2011-09-22 15:34:00,79,1,2,2,24,118.8,118.8,,,0,0,0,0,0.0,2,Less recent infrequent purchasers
17080,2011-12-10,2011-03-15 12:05:00,2011-11-17 12:59:00,23,2,8,8,166,287.62,143.81,2011-03-16 16:23:00,2011-03-16 16:23:00,1,1,1,2,2.12,2,Less recent infrequent purchasers
17081,2011-12-10,2011-10-24 13:08:00,2011-11-14 12:56:00,26,2,64,55,78,290.16,145.08,,,0,0,0,0,0.0,0,Recent moderate purchasers and minimal cancellations
17082,2011-12-10,2011-01-25 14:36:00,2011-11-06 15:17:00,34,2,81,75,1049,2003.85,1001.925,,,0,0,0,0,0.0,0,Recent moderate purchasers and minimal cancellations
17083,2011-12-10,2011-02-09 11:38:00,2011-08-22 15:43:00,110,3,52,24,772,1405.78,468.5933,,,0,0,0,0,0.0,0,Recent moderate purchasers and minimal cancellations
17084,2011-12-10,2011-11-04 14:49:00,2011-11-04 14:54:00,36,2,162,146,1816,2949.75,1474.875,,,0,0,0,0,0.0,0,Recent moderate purchasers and minimal cancellations
17085,2011-12-10,2010-12-12 12:24:00,2011-08-08 14:15:00,124,5,187,115,786,1566.65,313.33,2010-12-12 12:31:00,2010-12-12 12:31:00,1,2,2,2,11.6,3,Recent moderate purchasers and some cancellation activity
17086,2011-12-10,2011-10-07 11:22:00,2011-12-02 13:54:00,8,6,95,75,1858,2035.08,339.18,,,0,0,0,0,0.0,0,Recent moderate purchasers and minimal cancellations
17088,2011-12-10,2011-03-31 09:48:00,2011-11-11 14:23:00,29,4,115,96,868,1991.01,497.7525,,,0,0,0,0,0.0,0,Recent moderate purchasers and minimal cancellations
17090,2011-12-10,2010-12-20 13:52:00,2011-12-05 13:44:00,5,7,63,45,921,2043.95,291.9929,2011-10-24 13:33:00,2011-10-24 13:33:00,1,1,1,1,2.1,3,Recent moderate purchasers and some cancellation activity
17091,2011-12-10,2010-12-07 09:55:00,2011-12-07 10:43:00,3,9,195,119,1746,3827.76,425.3067,2011-01-25 12:41:00,2011-01-25 12:41:00,1,3,3,3,24.95,3,Recent moderate purchasers and some cancellation activity
17092,2011-12-10,2011-03-07 14:51:00,2011-10-20 19:51:00,51,4,125,99,1131,1777.78,444.445,,,0,0,0,0,0.0,0,Recent moderate purchasers and minimal cancellations
17094,2011-12-10,2011-01-21 13:09:00,2011-01-21 13:09:00,323,1,14,14,152,302.0,302.0,2011-01-25 17:24:00,2011-01-25 17:24:00,1,1,1,4,31.8,2,Less recent infrequent purchasers
17095,2011-12-10,2011-01-09 11:05:00,2011-11-17 12:21:00,23,3,74,69,618,1324.16,441.3867,2011-01-12 11:45:00,2011-11-17 16:40:00,2,2,2,4,27.8,3,Recent moderate purchasers and some cancellation activity
17096,2011-12-10,2011-03-23 12:05:00,2011-11-24 15:01:00,16,4,48,46,339,1022.13,255.5325,2011-07-26 10:18:00,2011-11-30 15:05:00,3,4,4,7,29.45,3,Recent moderate purchasers and some cancellation activity
17097,2011-12-10,2010-12-09 14:55:00,2011-12-07 17:05:00,3,8,211,153,459,954.42,119.3025,2011-08-21 10:55:00,2011-08-21 10:55:00,1,2,2,2,16.5,3,Recent moderate purchasers and some cancellation activity
17100,2011-12-10,2011-11-21 16:36:00,2011-11-21 16:36:00,19,2,65,65,800,971.74,485.87,,,0,0,0,0,0.0,0,Recent moderate purchasers and minimal cancellations
17101,2011-12-10,2011-06-14 14:49:00,2011-11-29 13:57:00,11,4,42,28,815,1621.73,405.4325,,,0,0,0,0,0.0,0,Recent moderate purchasers and minimal cancellations
17102,2011-12-10,2011-03-23 10:08:00,2011-03-23 10:08:00,262,1,1,1,2,25.5,25.5,,,0,0,0,0,0.0,2,Less recent infrequent purchasers
17105,2011-12-10,2011-02-06 14:46:00,2011-07-03 15:53:00,160,2,90,80,693,665.78,332.89,,,0,0,0,0,0.0,0,Recent moderate purchasers and minimal cancellations
17107,2011-12-10,2011-03-06 15:17:00,2011-11-06 14:14:00,34,6,418,269,4837,10815.43,1802.5717,2011-11-07 08:41:00,2011-11-07 08:41:00,1,3,3,300,435.0,1,Recent high-activity purchasers and frequent cancellations
17109,2011-12-10,2011-04-21 15:46:00,2011-11-10 16:59:00,30,6,117,107,589,885.04,147.5067,2011-11-02 09:50:00,2011-11-04 13:40:00,2,4,2,16,15.36,3,Recent moderate purchasers and some cancellation activity
17110,2011-12-10,2011-06-27 12:58:00,2011-06-27 12:58:00,166,1,12,12,50,163.3,163.3,,,0,0,0,0,0.0,2,Less recent infrequent purchasers
17111,2011-12-10,2011-10-23 15:59:00,2011-10-23 15:59:00,48,1,30,29,302,248.61,248.61,,,0,0,0,0,0.0,2,Less recent infrequent purchasers
17114,2011-12-10,2011-01-09 11:39:00,2011-12-04 12:17:00,6,8,127,85,219,808.62,101.0775,2011-04-10 10:12:00,2011-06-26 16:08:00,2,8,8,9,61.4,3,Recent moderate purchasers and some cancellation activity
17115,2011-12-10,2011-04-20 14:46:00,2011-12-01 14:30:00,9,3,39,33,372,837.5,279.1667,2011-04-27 16:17:00,2011-06-13 16:06:00,2,4,4,4,30.6,3,Recent moderate purchasers and some cancellation activity
17117,2011-12-10,2011-02-24 13:54:00,2011-02-24 13:54:00,289,1,9,9,68,116.2,116.2,,,0,0,0,0,0.0,2,Less recent infrequent purchasers
17118,2011-12-10,2011-01-26 12:19:00,2011-01-26 12:19:00,318,1,10,10,154,157.02,157.02,,,0,0,0,0,0.0,2,Less recent infrequent purchasers
17119,2011-12-10,2011-10-11 11:03:00,2011-12-06 14:40:00,4,2,34,34,333,591.91,295.955,2011-10-24 13:59:00,2011-10-24 13:59:00,1,3,3,7,13.3,3,Recent moderate purchasers and some cancellation activity
17120,2011-12-10,2011-04-20 15:21:00,2011-04-20 15:21:00,234,1,18,18,120,307.46,307.46,,,0,0,0,0,0.0,2,Less recent infrequent purchasers
17122,2011-12-10,2011-08-12 14:33:00,2011-08-12 14:33:00,120,1,7,7,80,138.32,138.32,,,0,0,0,0,0.0,2,Less recent infrequent purchasers
17123,2011-12-10,2011-07-01 10:47:00,2011-07-01 10:47:00,162,1,9,9,246,345.3,345.3,,,0,0,0,0,0.0,2,Less recent infrequent purchasers
17124,2011-12-10,2011-06-07 14:02:00,2011-06-07 14:02:00,186,1,32,31,130,298.89,298.89,,,0,0,0,0,0.0,2,Less recent infrequent purchasers
17125,2011-12-10,2011-10-20 14:41:00,2011-10-20 14:41:00,51,1,40,34,291,259.35,259.35,,,0,0,0,0,0.0,0,Recent moderate purchasers and minimal cancellations
17126,2011-12-10,2010-12-12 11:26:00,2011-07-10 13:52:00,153,5,260,187,792,1004.75,200.95,2010-12-12 11:19:00,2011-07-10 12:10:00,2,2,2,2,12.9,3,Recent moderate purchasers and some cancellation activity
17128,2011-12-10,2011-01-09 12:02:00,2011-01-09 12:02:00,335,1,14,14,76,157.09,157.09,,,0,0,0,0,0.0,2,Less recent infrequent purchasers
17131,2011-12-10,2011-09-25 12:42:00,2011-12-04 12:52:00,6,5,134,78,983,2463.17,492.634,,,0,0,0,0,0.0,0,Recent moderate purchasers and minimal cancellations
17133,2011-12-10,2011-03-18 13:47:00,2011-11-24 12:27:00,16,7,27,13,2730,4892.24,698.8914,,,0,0,0,0,0.0,0,Recent moderate purchasers and minimal cancellations
17134,2011-12-10,2011-03-20 11:56:00,2011-08-25 09:53:00,107,2,24,21,102,425.0,212.5,,,0,0,0,0,0.0,2,Less recent infrequent purchasers
17135,2011-12-10,2010-12-03 09:31:00,2011-11-23 16:48:00,17,7,49,33,1221,1117.23,159.6043,,,0,0,0,0,0.0,0,Recent moderate purchasers and minimal cancellations
17138,2011-12-10,2011-03-09 11:54:00,2011-03-09 11:54:00,276,1,24,24,126,380.5,380.5,,,0,0,0,0,0.0,2,Less recent infrequent purchasers
17139,2011-12-10,2011-02-24 09:32:00,2011-11-24 10:12:00,16,12,478,309,5182,10668.47,889.0392,2011-03-07 12:06:00,2011-09-15 16:16:00,3,9,8,19,82.9,1,Recent high-activity purchasers and frequent cancellations
17140,2011-12-10,2011-04-06 13:33:00,2011-04-06 13:33:00,248,1,20,16,302,465.32,465.32,,,0,0,0,0,0.0,2,Less recent infrequent purchasers
17142,2011-12-10,2011-04-14 18:22:00,2011-04-14 18:22:00,240,1,15,15,81,579.0,579.0,,,0,0,0,0,0.0,2,Less recent infrequent purchasers
17144,2011-12-10,2011-09-16 12:50:00,2011-12-08 17:57:00,2,2,48,42,483,984.57,492.285,,,0,0,0,0,0.0,0,Recent moderate purchasers and minimal cancellations
17146,2011-12-10,2010-12-16 12:20:00,2011-08-26 12:44:00,106,3,35,33,212,749.78,249.9267,,,0,0,0,0,0.0,0,Recent moderate purchasers and minimal cancellations
17147,2011-12-10,2011-02-01 09:36:00,2011-11-17 12:32:00,23,4,81,68,882,1714.59,428.6475,2011-02-24 09:45:00,2011-02-24 09:49:00,2,4,4,4,34.95,3,Recent moderate purchasers and some cancellation activity
17148,2011-12-10,2011-10-19 09:59:00,2011-10-19 09:59:00,52,1,9,9,82,124.88,124.88,,,0,0,0,0,0.0,2,Less recent infrequent purchasers
17152,2011-12-10,2011-03-21 16:20:00,2011-05-29 12:19:00,195,3,14,9,517,1689.5,563.1667,2011-05-29 12:18:00,2011-05-29 12:18:00,1,2,2,40,186.0,3,Recent moderate purchasers and some cancellation activity
17153,2011-12-10,2011-11-15 13:42:00,2011-11-15 13:42:00,25,1,14,14,104,213.78,213.78,,,0,0,0,0,0.0,2,Less recent infrequent purchasers
17154,2011-12-10,2011-09-25 13:42:00,2011-09-25 13:42:00,76,1,23,23,490,329.34,329.34,,,0,0,0,0,0.0,0,Recent moderate purchasers and minimal cancellations
17155,2011-12-10,2011-06-15 10:22:00,2011-11-22 12:38:00,18,2,20,19,242,251.7,125.85,,,0,0,0,0,0.0,2,Less recent infrequent purchasers
17157,2011-12-10,2011-06-16 15:08:00,2011-12-02 09:10:00,8,2,13,11,172,319.0,159.5,2011-06-20 13:13:00,2011-06-20 13:13:00,1,2,2,3,12.45,3,Recent moderate purchasers and some cancellation activity
17158,2011-12-10,2010-12-14 13:03:00,2011-11-07 15:15:00,33,3,67,53,778,1266.97,422.3233,,,0,0,0,0,0.0,0,Recent moderate purchasers and minimal cancellations
17159,2011-12-10,2011-06-21 09:49:00,2011-11-18 10:52:00,22,3,101,96,1111,1538.88,512.96,2011-10-06 18:56:00,2011-10-06 18:56:00,1,1,1,1,4.15,3,Recent moderate purchasers and some cancellation activity
17160,2011-12-10,2011-04-12 12:00:00,2011-11-08 14:05:00,32,6,227,110,2854,3488.03,581.3383,,,0,0,0,0,0.0,0,Recent moderate purchasers and minimal cancellations
17162,2011-12-10,2011-02-07 12:27:00,2011-11-11 11:34:00,29,10,104,81,1001,1715.46,171.546,2011-06-07 15:14:00,2011-06-07 15:14:00,1,1,1,1,8.25,3,Recent moderate purchasers and some cancellation activity
17163,2011-12-10,2011-09-22 15:54:00,2011-11-18 08:57:00,22,2,5,3,66,293.1,146.55,,,0,0,0,0,0.0,2,Less recent infrequent purchasers
17164,2011-12-10,2011-03-11 14:26:00,2011-11-07 09:14:00,33,7,144,92,1501,2467.35,352.4786,2011-10-17 10:50:00,2011-10-17 10:50:00,1,1,1,1,0.95,3,Recent moderate purchasers and some cancellation activity
17165,2011-12-10,2011-02-28 16:39:00,2011-02-28 16:39:00,285,1,10,10,100,158.68,158.68,,,0,0,0,0,0.0,2,Less recent infrequent purchasers
17166,2011-12-10,2011-05-20 08:18:00,2011-11-01 09:46:00,39,2,12,11,78,206.34,103.17,2011-05-27 09:55:00,2011-05-27 09:55:00,1,2,2,3,16.85,2,Less recent infrequent purchasers
17169,2011-12-10,2011-06-09 13:16:00,2011-10-13 10:25:00,58,2,54,51,526,835.78,417.89,2011-06-13 12:23:00,2011-10-20 19:15:00,2,6,6,7,18.9,3,Recent moderate purchasers and some cancellation activity
17171,2011-12-10,2011-02-23 16:37:00,2011-02-23 16:37:00,290,1,16,16,185,224.91,224.91,,,0,0,0,0,0.0,2,Less recent infrequent purchasers
17172,2011-12-10,2011-09-22 09:36:00,2011-09-22 09:36:00,79,1,15,15,480,317.76,317.76,,,0,0,0,0,0.0,2,Less recent infrequent purchasers
17173,2011-12-10,2011-07-31 15:26:00,2011-12-04 14:40:00,6,8,86,36,1122,3766.6,470.825,2011-08-30 11:46:00,2011-08-30 11:46:00,1,1,1,1,10.95,3,Recent moderate purchasers and some cancellation activity
17174,2011-12-10,2011-05-06 11:47:00,2011-05-06 11:47:00,218,1,4,4,41,59.9,59.9,,,0,0,0,0,0.0,2,Less recent infrequent purchasers
17175,2011-12-10,2011-02-16 14:56:00,2011-10-26 15:31:00,45,4,63,42,866,1443.69,360.9225,2011-07-25 17:00:00,2011-07-25 17:00:00,1,1,1,1,12.75,3,Recent moderate purchasers and some cancellation activity
17176,2011-12-10,2011-05-22 12:41:00,2011-05-22 12:41:00,202,1,15,15,170,306.13,306.13,,,0,0,0,0,0.0,2,Less recent infrequent purchasers
17179,2011-12-10,2010-12-13 14:24:00,2011-06-14 16:48:00,179,3,80,56,290,711.79,237.2633,,,0,0,0,0,0.0,0,Recent moderate purchasers and minimal cancellations
17180,2011-12-10,2011-01-27 18:05:00,2011-10-14 15:46:00,57,4,128,91,683,796.03,199.0075,2011-01-27 18:08:00,2011-04-12 16:10:00,2,3,2,3,15.65,3,Recent moderate purchasers and some cancellation activity
17181,2011-12-10,2010-12-01 12:38:00,2011-10-13 14:48:00,58,2,23,23,241,239.92,119.96,,,0,0,0,0,0.0,2,Less recent infrequent purchasers
17183,2011-12-10,2011-08-26 15:25:00,2011-12-02 10:07:00,8,6,73,42,1296,3347.31,557.885,2011-11-08 15:36:00,2011-11-16 15:52:00,2,3,3,32,60.4,3,Recent moderate purchasers and some cancellation activity
17186,2011-12-10,2011-10-10 12:52:00,2011-10-24 10:20:00,47,2,2,1,200,144.0,72.0,,,0,0,0,0,0.0,2,Less recent infrequent purchasers
17187,2011-12-10,2011-04-27 12:39:00,2011-04-27 12:39:00,227,1,10,10,144,203.95,203.95,,,0,0,0,0,0.0,2,Less recent infrequent purchasers
17188,2011-12-10,2010-12-12 12:56:00,2011-11-28 13:53:00,12,7,84,71,1328,2474.23,353.4614,2010-12-16 14:19:00,2011-02-10 16:24:00,2,5,5,27,198.65,1,Recent high-activity purchasers and frequent cancellations
17189,2011-12-10,2010-12-15 17:28:00,2011-08-25 19:39:00,107,2,61,52,227,384.4,192.2,,,0,0,0,0,0.0,0,Recent moderate purchasers and minimal cancellations
17190,2011-12-10,2011-05-16 15:29:00,2011-10-12 11:33:00,59,2,19,19,161,444.74,222.37,2011-06-06 10:59:00,2011-06-06 10:59:00,1,1,1,1,195.0,3,Recent moderate purchasers and some cancellation activity
17191,2011-12-10,2010-12-06 14:36:00,2011-11-11 16:58:00,29,7,237,163,1167,2095.13,299.3043,,,0,0,0,0,0.0,0,Recent moderate purchasers and minimal cancellations
17193,2011-12-10,2011-06-16 10:04:00,2011-11-04 12:47:00,36,7,32,17,1254,1699.3,242.7571,2011-06-20 17:23:00,2011-11-01 09:51:00,2,3,3,16,24.84,3,Recent moderate purchasers and some cancellation activity
17194,2011-12-10,2010-12-14 12:06:00,2010-12-14 12:06:00,361,1,25,25,112,226.78,226.78,,,0,0,0,0,0.0,2,Less recent infrequent purchasers
17197,2011-12-10,2011-11-10 10:32:00,2011-11-10 10:32:00,30,1,29,29,191,1013.01,1013.01,,,0,0,0,0,0.0,0,Recent moderate purchasers and minimal cancellations
17198,2011-12-10,2010-12-03 14:54:00,2011-11-16 10:39:00,24,3,96,89,357,692.22,230.74,,,0,0,0,0,0.0,0,Recent moderate purchasers and minimal cancellations
17201,2011-12-10,2011-10-17 11:55:00,2011-10-17 11:55:00,54,1,40,38,268,342.63,342.63,,,0,0,0,0,0.0,0,Recent moderate purchasers and minimal cancellations
17203,2011-12-10,2011-10-10 14:37:00,2011-11-04 12:27:00,36,6,152,116,2850,3563.85,593.975,,,0,0,0,0,0.0,0,Recent moderate purchasers and minimal cancellations
17204,2011-12-10,2011-03-21 12:42:00,2011-06-17 14:46:00,176,4,57,44,646,1564.56,391.14,2010-12-20 12:01:00,2011-06-23 13:54:00,5,10,10,57,211.65,1,Recent high-activity purchasers and frequent cancellations
17205,2011-12-10,2011-10-17 12:46:00,2011-10-17 12:46:00,54,1,13,13,884,384.08,384.08,,,0,0,0,0,0.0,2,Less recent infrequent purchasers
17206,2011-12-10,2011-10-17 13:25:00,2011-10-17 13:25:00,54,1,7,7,76,204.24,204.24,,,0,0,0,0,0.0,2,Less recent infrequent purchasers
17211,2011-12-10,2010-12-05 12:44:00,2011-11-13 12:03:00,27,8,211,150,1323,2317.22,289.6525,2011-04-20 13:39:00,2011-04-20 13:39:00,1,2,2,13,17.55,3,Recent moderate purchasers and some cancellation activity
17212,2011-12-10,2011-03-31 19:42:00,2011-03-31 19:42:00,254,1,4,4,147,226.85,226.85,,,0,0,0,0,0.0,2,Less recent infrequent purchasers
17213,2011-12-10,2010-12-08 13:03:00,2011-10-30 14:53:00,41,7,157,85,1176,2781.23,397.3186,2010-12-16 14:15:00,2011-03-21 15:49:00,4,7,7,9,40.15,1,Recent high-activity purchasers and frequent cancellations
17214,2011-12-10,2010-12-15 15:14:00,2011-10-10 13:17:00,61,6,103,79,276,1069.12,178.1867,2011-09-15 11:30:00,2011-09-15 11:30:00,1,1,1,1,85.0,3,Recent moderate purchasers and some cancellation activity
17217,2011-12-10,2011-04-19 17:19:00,2011-04-19 17:19:00,235,1,9,9,24,113.5,113.5,,,0,0,0,0,0.0,2,Less recent infrequent purchasers
17218,2011-12-10,2010-12-06 15:25:00,2011-12-05 13:52:00,5,10,274,146,958,1960.72,196.072,,,0,0,0,0,0.0,0,Recent moderate purchasers and minimal cancellations
17219,2011-12-10,2011-11-08 11:25:00,2011-11-08 11:25:00,32,1,25,24,89,114.23,114.23,,,0,0,0,0,0.0,2,Less recent infrequent purchasers
17220,2011-12-10,2010-12-10 14:54:00,2011-11-15 13:47:00,25,14,472,303,1905,3198.25,228.4464,,,0,0,0,0,0.0,0,Recent moderate purchasers and minimal cancellations
17221,2011-12-10,2011-11-03 17:39:00,2011-12-02 13:35:00,8,2,63,59,288,335.13,167.565,,,0,0,0,0,0.0,0,Recent moderate purchasers and minimal cancellations
17222,2011-12-10,2011-10-05 13:58:00,2011-10-05 13:58:00,66,1,28,27,128,354.15,354.15,,,0,0,0,0,0.0,2,Less recent infrequent purchasers
17223,2011-12-10,2010-12-06 14:08:00,2011-02-02 15:57:00,311,2,48,42,111,391.79,195.895,,,0,0,0,0,0.0,2,Less recent infrequent purchasers
17226,2011-12-10,2011-02-04 11:52:00,2011-02-04 11:52:00,309,1,21,21,406,393.49,393.49,,,0,0,0,0,0.0,2,Less recent infrequent purchasers
17227,2011-12-10,2010-12-06 11:16:00,2011-11-21 10:51:00,19,6,47,28,741,939.32,156.5533,,,0,0,0,0,0.0,0,Recent moderate purchasers and minimal cancellations
17228,2011-12-10,2010-12-02 16:00:00,2011-11-24 10:24:00,16,8,208,140,1532,1906.09,238.2613,,,0,0,0,0,0.0,0,Recent moderate purchasers and minimal cancellations
17229,2011-12-10,2011-07-20 12:38:00,2011-09-04 13:56:00,97,2,47,39,185,318.76,159.38,,,0,0,0,0,0.0,2,Less recent infrequent purchasers
17230,2011-12-10,2010-12-15 11:22:00,2011-03-20 16:12:00,265,8,69,51,1651,3638.41,454.8013,2010-12-20 15:07:00,2011-02-10 14:15:00,3,4,4,98,171.74,1,Recent high-activity purchasers and frequent cancellations
17231,2011-12-10,2010-12-13 14:16:00,2011-11-27 15:18:00,13,10,541,292,1742,3174.32,317.432,2010-12-13 13:09:00,2011-10-06 19:57:00,4,5,5,6,46.5,1,Recent high-activity purchasers and frequent cancellations
17232,2011-12-10,2011-11-25 12:24:00,2011-12-07 12:21:00,3,2,36,30,203,421.52,210.76,,,0,0,0,0,0.0,0,Recent moderate purchasers and minimal cancellations
17233,2011-12-10,2011-11-04 14:06:00,2011-11-04 14:06:00,36,1,25,25,131,190.88,190.88,,,0,0,0,0,0.0,2,Less recent infrequent purchasers
17234,2011-12-10,2011-06-10 11:20:00,2011-06-10 11:20:00,183,1,14,14,55,149.89,149.89,,,0,0,0,0,0.0,2,Less recent infrequent purchasers
17235,2011-12-10,2010-12-02 13:38:00,2011-11-14 15:51:00,26,2,29,24,224,550.06,275.03,,,0,0,0,0,0.0,0,Recent moderate purchasers and minimal cancellations
17236,2011-12-10,2010-12-12 11:49:00,2011-11-27 12:00:00,13,6,105,88,474,916.13,152.6883,,,0,0,0,0,0.0,0,Recent moderate purchasers and minimal cancellations
17237,2011-12-10,2011-11-17 12:55:00,2011-11-28 15:02:00,12,2,19,18,105,314.69,157.345,,,0,0,0,0,0.0,2,Less recent infrequent purchasers
17238,2011-12-10,2010-12-03 15:05:00,2011-12-07 11:35:00,3,17,566,297,1822,3744.65,220.2735,,,0,0,0,0,0.0,0,Recent moderate purchasers and minimal cancellations
17239,2011-12-10,2011-01-31 09:41:00,2011-01-31 09:41:00,313,1,15,15,150,382.5,382.5,2010-12-22 13:20:00,2010-12-22 13:20:00,1,1,1,1,2.55,2,Less recent infrequent purchasers
17242,2011-12-10,2011-06-12 13:04:00,2011-08-23 14:55:00,109,2,40,30,611,1135.04,567.52,,,0,0,0,0,0.0,0,Recent moderate purchasers and minimal cancellations
17243,2011-12-10,2010-12-05 10:03:00,2011-12-08 13:26:00,2,26,399,179,3366,8668.45,333.4019,2011-04-03 10:08:00,2011-09-08 12:15:00,4,7,7,8,48.3,1,Recent high-activity purchasers and frequent cancellations
17244,2011-12-10,2011-10-17 15:19:00,2011-10-17 15:19:00,54,1,31,31,616,954.9,954.9,,,0,0,0,0,0.0,0,Recent moderate purchasers and minimal cancellations
17245,2011-12-10,2011-05-19 10:43:00,2011-05-19 10:43:00,205,1,9,9,75,171.45,171.45,,,0,0,0,0,0.0,2,Less recent infrequent purchasers
17247,2011-12-10,2011-11-24 15:21:00,2011-11-24 15:21:00,16,1,55,53,106,282.19,282.19,,,0,0,0,0,0.0,0,Recent moderate purchasers and minimal cancellations
17248,2011-12-10,2011-08-11 13:34:00,2011-08-11 13:34:00,121,1,69,68,213,318.65,318.65,,,0,0,0,0,0.0,0,Recent moderate purchasers and minimal cancellations
17250,2011-12-10,2011-03-23 16:45:00,2011-12-06 12:15:00,4,2,57,55,168,384.52,192.26,,,0,0,0,0,0.0,0,Recent moderate purchasers and minimal cancellations
17251,2011-12-10,2010-12-12 11:06:00,2010-12-12 11:06:00,363,1,39,37,110,283.28,283.28,,,0,0,0,0,0.0,2,Less recent infrequent purchasers
17252,2011-12-10,2011-06-06 16:41:00,2011-08-15 09:45:00,117,2,87,86,193,353.86,176.93,,,0,0,0,0,0.0,0,Recent moderate purchasers and minimal cancellations
17253,2011-12-10,2011-11-21 12:59:00,2011-11-21 12:59:00,19,1,18,18,43,178.26,178.26,,,0,0,0,0,0.0,2,Less recent infrequent purchasers
17254,2011-12-10,2011-11-24 14:09:00,2011-12-05 12:46:00,5,2,112,100,252,272.44,136.22,,,0,0,0,0,0.0,0,Recent moderate purchasers and minimal cancellations
17255,2011-12-10,2011-02-13 15:18:00,2011-10-30 12:18:00,41,2,78,69,232,298.41,149.205,,,0,0,0,0,0.0,0,Recent moderate purchasers and minimal cancellations
17256,2011-12-10,2011-01-31 14:53:00,2011-08-24 13:30:00,108,2,16,12,141,240.0,120.0,,,0,0,0,0,0.0,2,Less recent infrequent purchasers
17259,2011-12-10,2010-12-06 12:55:00,2011-07-14 15:01:00,149,2,124,104,410,603.37,301.685,,,0,0,0,0,0.0,0,Recent moderate purchasers and minimal cancellations
17262,2011-12-10,2010-12-08 13:30:00,2011-10-18 12:56:00,53,5,12,9,367,1253.36,250.672,,,0,0,0,0,0.0,0,Recent moderate purchasers and minimal cancellations
17263,2011-12-10,2011-05-15 14:32:00,2011-05-15 14:32:00,209,1,23,23,36,63.44,63.44,,,0,0,0,0,0.0,2,Less recent infrequent purchasers
17265,2011-12-10,2011-06-12 12:00:00,2011-07-24 10:49:00,139,2,127,106,394,562.9,281.45,,,0,0,0,0,0.0,0,Recent moderate purchasers and minimal cancellations
17266,2011-12-10,2011-07-15 11:57:00,2011-12-07 14:12:00,3,3,80,60,161,310.64,103.5467,,,0,0,0,0,0.0,0,Recent moderate purchasers and minimal cancellations
17267,2011-12-10,2011-08-04 17:19:00,2011-08-04 17:22:00,128,2,38,37,159,317.62,158.81,,,0,0,0,0,0.0,2,Less recent infrequent purchasers
17268,2011-12-10,2011-04-08 13:20:00,2011-08-24 10:06:00,108,4,6,3,844,763.64,190.91,,,0,0,0,0,0.0,2,Less recent infrequent purchasers
17272,2011-12-10,2011-03-22 12:05:00,2011-10-28 16:37:00,43,4,114,70,1778,2148.63,537.1575,2011-05-27 12:57:00,2011-05-27 12:57:00,1,2,2,2,4.1,3,Recent moderate purchasers and some cancellation activity
17274,2011-12-10,2011-11-04 13:16:00,2011-11-04 13:16:00,36,1,27,24,79,111.98,111.98,,,0,0,0,0,0.0,2,Less recent infrequent purchasers
17277,2011-12-10,2011-01-21 12:37:00,2011-04-26 12:47:00,228,2,69,67,430,1065.35,532.675,,,0,0,0,0,0.0,0,Recent moderate purchasers and minimal cancellations
17278,2011-12-10,2011-04-12 13:10:00,2011-04-12 13:10:00,242,1,15,15,179,246.04,246.04,,,0,0,0,0,0.0,2,Less recent infrequent purchasers
17279,2011-12-10,2011-10-13 11:58:00,2011-10-13 11:58:00,58,1,9,8,48,187.83,187.83,,,0,0,0,0,0.0,2,Less recent infrequent purchasers
17282,2011-12-10,2011-02-13 11:36:00,2011-08-01 14:29:00,131,3,94,79,1877,1703.41,567.8033,,,0,0,0,0,0.0,0,Recent moderate purchasers and minimal cancellations
17284,2011-12-10,2011-01-07 14:31:00,2011-10-10 14:38:00,61,6,292,229,1364,1652.58,275.43,2011-06-15 10:01:00,2011-06-15 10:01:00,1,2,2,2,10.9,3,Recent moderate purchasers and some cancellation activity
17286,2011-12-10,2011-11-18 12:47:00,2011-11-18 12:47:00,22,1,45,44,118,153.92,153.92,,,0,0,0,0,0.0,2,Less recent infrequent purchasers
17287,2011-12-10,2010-12-02 12:22:00,2011-11-13 13:27:00,27,7,124,88,559,1064.11,152.0157,,,0,0,0,0,0.0,0,Recent moderate purchasers and minimal cancellations
17288,2011-12-10,2010-12-16 13:33:00,2011-11-30 16:09:00,10,7,142,118,1203,1419.73,202.8186,,,0,0,0,0,0.0,0,Recent moderate purchasers and minimal cancellations
17289,2011-12-10,2011-06-12 13:51:00,2011-11-08 12:01:00,32,3,111,86,520,944.41,314.8033,2011-11-08 11:06:00,2011-11-08 11:06:00,1,1,1,1,8.25,3,Recent moderate purchasers and some cancellation activity
17290,2011-12-10,2011-11-23 15:53:00,2011-12-06 12:38:00,4,2,102,92,404,525.24,262.62,,,0,0,0,0,0.0,0,Recent moderate purchasers and minimal cancellations
17291,2011-12-10,2011-02-04 13:04:00,2011-02-04 13:04:00,309,1,1,1,72,550.8,550.8,,,0,0,0,0,0.0,2,Less recent infrequent purchasers
17293,2011-12-10,2010-12-13 14:55:00,2011-12-01 14:37:00,9,9,135,93,1140,1875.11,208.3456,,,0,0,0,0,0.0,0,Recent moderate purchasers and minimal cancellations
17295,2011-12-10,2011-10-06 12:22:00,2011-11-11 10:49:00,29,3,69,53,294,556.95,185.65,,,0,0,0,0,0.0,0,Recent moderate purchasers and minimal cancellations
17297,2011-12-10,2011-11-22 14:43:00,2011-11-22 14:43:00,18,1,51,49,67,131.78,131.78,,,0,0,0,0,0.0,2,Less recent infrequent purchasers
17298,2011-12-10,2011-08-07 12:21:00,2011-08-30 16:43:00,102,2,30,30,387,498.42,249.21,,,0,0,0,0,0.0,0,Recent moderate purchasers and minimal cancellations
17299,2011-12-10,2011-06-19 16:04:00,2011-11-28 12:01:00,12,4,57,50,678,669.11,167.2775,,,0,0,0,0,0.0,0,Recent moderate purchasers and minimal cancellations
17301,2011-12-10,2011-11-18 13:43:00,2011-11-18 13:43:00,22,1,66,59,149,197.63,197.63,,,0,0,0,0,0.0,0,Recent moderate purchasers and minimal cancellations
17302,2011-12-10,2011-02-07 10:14:00,2011-11-25 09:36:00,15,5,79,68,575,1135.63,227.126,2011-08-18 06:28:00,2011-08-18 06:28:00,1,2,2,2,15.7,3,Recent moderate purchasers and some cancellation activity
17303,2011-12-10,2010-12-13 13:32:00,2010-12-13 13:32:00,362,1,53,53,144,250.04,250.04,,,0,0,0,0,0.0,2,Less recent infrequent purchasers
17306,2011-12-10,2010-12-21 13:34:00,2011-11-29 12:14:00,11,19,66,13,11491,8631.31,454.2795,2011-01-26 17:13:00,2011-06-21 17:11:00,2,3,3,21,30.58,1,Recent high-activity purchasers and frequent cancellations
17309,2011-12-10,2011-09-05 15:20:00,2011-09-05 15:20:00,96,1,12,11,41,82.75,82.75,,,0,0,0,0,0.0,2,Less recent infrequent purchasers
17311,2011-12-10,2011-01-27 10:56:00,2011-09-22 14:11:00,79,2,55,55,1005,1384.85,692.425,,,0,0,0,0,0.0,0,Recent moderate purchasers and minimal cancellations
17312,2011-12-10,2011-07-03 13:12:00,2011-07-24 11:52:00,139,3,14,11,372,644.3,214.7667,,,0,0,0,0,0.0,2,Less recent infrequent purchasers
17313,2011-12-10,2011-11-08 15:45:00,2011-11-08 15:45:00,32,1,24,24,1402,2328.84,2328.84,2011-11-22 09:23:00,2011-11-22 09:23:00,1,4,4,20,40.71,3,Recent moderate purchasers and some cancellation activity
17314,2011-12-10,2011-01-31 11:25:00,2011-11-15 09:41:00,25,8,131,120,1896,2527.92,315.99,2011-02-24 09:53:00,2011-10-24 13:48:00,3,5,5,12,13.16,1,Recent high-activity purchasers and frequent cancellations
17315,2011-12-10,2010-12-17 12:24:00,2011-12-08 12:15:00,2,36,470,254,3862,6252.18,173.6717,2010-12-17 12:19:00,2011-12-09 11:58:00,5,14,14,32,87.8,1,Recent high-activity purchasers and frequent cancellations
17317,2011-12-10,2011-09-11 12:45:00,2011-10-24 17:19:00,47,3,9,8,1146,2600.34,866.78,2011-10-24 17:16:00,2011-10-24 17:26:00,2,2,2,72,76.32,3,Recent moderate purchasers and some cancellation activity
17320,2011-12-10,2010-12-06 15:38:00,2011-08-31 13:31:00,101,3,73,57,634,1200.62,400.2067,,,0,0,0,0,0.0,0,Recent moderate purchasers and minimal cancellations
17321,2011-12-10,2011-10-03 11:34:00,2011-12-01 13:41:00,9,2,107,94,373,700.86,350.43,,,0,0,0,0,0.0,0,Recent moderate purchasers and minimal cancellations
17323,2011-12-10,2011-02-20 14:38:00,2011-11-24 17:29:00,16,7,199,124,772,917.67,131.0957,2011-05-08 14:50:00,2011-11-24 17:14:00,2,4,4,6,12.08,3,Recent moderate purchasers and some cancellation activity
17324,2011-12-10,2010-12-08 12:45:00,2011-11-22 10:34:00,18,4,50,43,844,990.23,247.5575,,,0,0,0,0,0.0,0,Recent moderate purchasers and minimal cancellations
17325,2011-12-10,2011-03-04 13:09:00,2011-03-04 13:09:00,281,1,6,6,60,96.8,96.8,,,0,0,0,0,0.0,2,Less recent infrequent purchasers
17329,2011-12-10,2011-01-28 15:29:00,2011-11-25 14:24:00,15,2,33,29,142,523.11,261.555,,,0,0,0,0,0.0,0,Recent moderate purchasers and minimal cancellations
17330,2011-12-10,2011-10-03 11:26:00,2011-11-17 08:56:00,23,2,6,5,120,363.9,181.95,,,0,0,0,0,0.0,2,Less recent infrequent purchasers
17331,2011-12-10,2011-08-08 11:55:00,2011-08-08 11:55:00,124,1,1,1,16,175.2,175.2,,,0,0,0,0,0.0,2,Less recent infrequent purchasers
17333,2011-12-10,2011-09-15 10:11:00,2011-09-15 10:11:00,86,1,28,28,375,494.25,494.25,,,0,0,0,0,0.0,0,Recent moderate purchasers and minimal cancellations
17334,2011-12-10,2011-02-04 09:03:00,2011-02-10 14:59:00,303,2,11,11,315,307.02,153.51,2011-02-11 16:34:00,2011-02-11 16:34:00,1,1,1,1,0.42,2,Less recent infrequent purchasers
17337,2011-12-10,2011-02-02 17:06:00,2011-07-11 14:55:00,152,4,542,420,1268,2026.42,506.605,2011-02-02 17:09:00,2011-07-11 14:56:00,3,5,4,29,83.55,1,Recent high-activity purchasers and frequent cancellations
17338,2011-12-10,2010-12-13 12:57:00,2011-11-22 14:23:00,18,8,751,388,3113,6635.14,829.3925,2011-07-01 13:06:00,2011-11-22 14:13:00,2,3,3,4,28.8,1,Recent high-activity purchasers and frequent cancellations
17339,2011-12-10,2010-12-09 14:44:00,2011-09-06 13:29:00,95,2,9,9,152,243.36,121.68,,,0,0,0,0,0.0,2,Less recent infrequent purchasers
17340,2011-12-10,2010-12-08 15:56:00,2011-11-10 10:45:00,30,11,407,229,5967,12353.29,1123.0264,2010-12-08 16:00:00,2011-11-30 17:12:00,5,17,14,65,462.11,1,Recent high-activity purchasers and frequent cancellations
17341,2011-12-10,2010-12-08 12:46:00,2011-07-06 12:33:00,157,3,183,147,489,781.36,260.4533,,,0,0,0,0,0.0,0,Recent moderate purchasers and minimal cancellations
17343,2011-12-10,2010-12-19 15:07:00,2010-12-19 15:07:00,356,1,17,17,56,193.64,193.64,,,0,0,0,0,0.0,2,Less recent infrequent purchasers
17344,2011-12-10,2011-10-24 12:56:00,2011-10-24 12:56:00,47,1,32,31,66,160.57,160.57,,,0,0,0,0,0.0,2,Less recent infrequent purchasers
17345,2011-12-10,2011-05-27 12:26:00,2011-11-24 15:02:00,16,4,87,70,346,537.74,134.435,,,0,0,0,0,0.0,0,Recent moderate purchasers and minimal cancellations
17346,2011-12-10,2010-12-01 14:34:00,2011-12-06 12:18:00,4,15,500,299,1657,2676.56,178.4373,2011-10-20 12:45:00,2011-10-20 12:45:00,1,3,3,18,64.98,1,Recent high-activity purchasers and frequent cancellations
17347,2011-12-10,2011-09-14 13:12:00,2011-09-14 13:12:00,87,1,1,1,216,228.96,228.96,,,0,0,0,0,0.0,2,Less recent infrequent purchasers
17348,2011-12-10,2011-02-15 10:49:00,2011-11-25 11:25:00,15,5,215,180,1401,1159.52,231.904,,,0,0,0,0,0.0,0,Recent moderate purchasers and minimal cancellations
17349,2011-12-10,2011-06-13 14:29:00,2011-06-13 14:29:00,180,1,9,8,112,110.75,110.75,,,0,0,0,0,0.0,2,Less recent infrequent purchasers
17350,2011-12-10,2011-10-19 16:05:00,2011-12-01 15:47:00,9,4,71,66,795,1286.07,321.5175,2011-10-19 16:08:00,2011-10-19 16:08:00,1,1,1,36,29.88,3,Recent moderate purchasers and some cancellation activity
17351,2011-12-10,2011-03-11 16:05:00,2011-11-03 18:45:00,37,3,27,22,113,587.15,195.7167,,,0,0,0,0,0.0,2,Less recent infrequent purchasers
17353,2011-12-10,2011-07-08 16:17:00,2011-08-02 17:19:00,130,2,8,5,1200,1740.0,870.0,,,0,0,0,0,0.0,0,Recent moderate purchasers and minimal cancellations
17354,2011-12-10,2011-10-20 10:34:00,2011-10-20 10:34:00,51,1,16,15,1006,1393.06,1393.06,,,0,0,0,0,0.0,0,Recent moderate purchasers and minimal cancellations
17356,2011-12-10,2011-02-01 11:07:00,2011-02-01 11:07:00,312,1,19,19,166,178.22,178.22,,,0,0,0,0,0.0,2,Less recent infrequent purchasers
17357,2011-12-10,2011-11-15 16:29:00,2011-11-15 16:30:00,25,2,45,41,153,388.14,194.07,,,0,0,0,0,0.0,0,Recent moderate purchasers and minimal cancellations
17358,2011-12-10,2010-12-19 14:16:00,2011-02-09 16:57:00,304,2,59,55,202,365.85,182.925,,,0,0,0,0,0.0,2,Less recent infrequent purchasers
17359,2011-12-10,2011-11-28 14:37:00,2011-11-28 14:37:00,12,1,15,13,161,127.86,127.86,,,0,0,0,0,0.0,2,Less recent infrequent purchasers
17360,2011-12-10,2011-06-08 17:09:00,2011-11-22 13:11:00,18,3,132,113,335,585.79,195.2633,,,0,0,0,0,0.0,0,Recent moderate purchasers and minimal cancellations
17361,2011-12-10,2011-02-21 09:55:00,2011-10-21 15:43:00,50,3,29,26,157,488.2,162.7333,,,0,0,0,0,0.0,2,Less recent infrequent purchasers
17362,2011-12-10,2011-02-03 10:26:00,2011-04-14 14:43:00,240,2,35,30,191,312.23,156.115,,,0,0,0,0,0.0,2,Less recent infrequent purchasers
17364,2011-12-10,2011-01-12 16:57:00,2011-12-09 09:00:00,1,11,411,288,2701,4481.18,407.38,2011-01-20 17:06:00,2011-01-20 17:06:00,1,3,3,21,25.45,1,Recent high-activity purchasers and frequent cancellations
17365,2011-12-10,2011-01-11 12:11:00,2011-11-27 12:13:00,13,8,467,277,4765,4796.52,599.565,,,0,0,0,0,0.0,0,Recent moderate purchasers and minimal cancellations
17367,2011-12-10,2011-04-15 14:21:00,2011-04-15 14:21:00,239,1,34,33,150,168.4,168.4,,,0,0,0,0,0.0,2,Less recent infrequent purchasers
17368,2011-12-10,2011-01-06 11:57:00,2011-11-16 15:26:00,24,8,111,93,1391,1912.67,239.0838,2011-01-25 17:21:00,2011-01-25 17:21:00,1,17,17,711,563.15,1,Recent high-activity purchasers and frequent cancellations
17370,2011-12-10,2011-06-23 11:50:00,2011-09-28 10:14:00,73,4,33,31,540,446.18,111.545,,,0,0,0,0,0.0,0,Recent moderate purchasers and minimal cancellations
17371,2011-12-10,2010-12-13 15:20:00,2011-11-22 13:30:00,18,3,87,83,152,423.89,141.2967,,,0,0,0,0,0.0,0,Recent moderate purchasers and minimal cancellations
17372,2011-12-10,2010-12-12 12:00:00,2011-10-30 11:37:00,41,8,253,215,749,1342.68,167.835,,,0,0,0,0,0.0,0,Recent moderate purchasers and minimal cancellations
17373,2011-12-10,2011-01-31 11:46:00,2011-10-30 15:28:00,41,4,57,47,408,646.92,161.73,,,0,0,0,0,0.0,0,Recent moderate purchasers and minimal cancellations
17374,2011-12-10,2011-03-03 12:53:00,2011-05-05 09:05:00,219,2,28,24,85,495.77,247.885,,,0,0,0,0,0.0,2,Less recent infrequent purchasers
17375,2011-12-10,2010-12-13 15:16:00,2011-05-24 15:45:00,200,3,69,63,367,400.1,133.3667,2011-06-02 17:30:00,2011-06-02 17:30:00,1,2,2,6,27.6,3,Recent moderate purchasers and some cancellation activity
17376,2011-12-10,2011-02-01 14:12:00,2011-09-30 12:36:00,71,2,24,23,86,203.2,101.6,,,0,0,0,0,0.0,2,Less recent infrequent purchasers
17377,2011-12-10,2010-12-01 12:35:00,2011-11-16 11:17:00,24,20,418,190,2076,4100.92,205.046,2010-12-16 13:01:00,2010-12-16 13:01:00,1,1,1,1,175.0,3,Recent moderate purchasers and some cancellation activity
17379,2011-12-10,2011-11-28 13:56:00,2011-11-28 13:56:00,12,1,83,71,663,404.66,404.66,,,0,0,0,0,0.0,0,Recent moderate purchasers and minimal cancellations
17381,2011-12-10,2010-12-02 12:58:00,2011-12-01 11:59:00,9,29,109,40,25649,20275.61,699.159,2011-07-12 11:08:00,2011-07-12 11:08:00,1,1,1,3,3.18,3,Recent moderate purchasers and some cancellation activity
17382,2011-12-10,2011-10-05 13:05:00,2011-10-05 13:05:00,66,1,1,1,24,50.4,50.4,,,0,0,0,0,0.0,2,Less recent infrequent purchasers
17383,2011-12-10,2011-12-05 17:36:00,2011-12-05 17:36:00,5,1,51,49,150,199.29,199.29,,,0,0,0,0,0.0,0,Recent moderate purchasers and minimal cancellations
17384,2011-12-10,2011-05-04 16:07:00,2011-11-20 15:48:00,20,2,15,12,88,336.4,168.2,,,0,0,0,0,0.0,2,Less recent infrequent purchasers
17385,2011-12-10,2011-11-25 11:02:00,2011-11-25 11:02:00,15,1,47,42,201,261.11,261.11,,,0,0,0,0,0.0,0,Recent moderate purchasers and minimal cancellations
17386,2011-12-10,2011-06-27 12:11:00,2011-12-02 11:28:00,8,6,28,23,1902,2686.42,447.7367,,,0,0,0,0,0.0,0,Recent moderate purchasers and minimal cancellations
17387,2011-12-10,2011-11-06 11:25:00,2011-11-20 11:00:00,20,2,78,71,542,784.11,392.055,,,0,0,0,0,0.0,0,Recent moderate purchasers and minimal cancellations
17388,2011-12-10,2011-02-25 12:28:00,2011-09-23 10:31:00,78,4,15,13,1068,1259.56,314.89,,,0,0,0,0,0.0,0,Recent moderate purchasers and minimal cancellations
17389,2011-12-10,2011-01-12 15:48:00,2011-12-09 09:38:00,1,34,213,45,7612,31833.68,936.2847,2011-01-04 17:12:00,2011-08-11 10:21:00,8,10,9,170,516.2,1,Recent high-activity purchasers and frequent cancellations
17391,2011-12-10,2011-06-28 12:21:00,2011-06-29 09:58:00,164,2,3,2,480,508.8,254.4,,,0,0,0,0,0.0,2,Less recent infrequent purchasers
17392,2011-12-10,2010-12-16 19:04:00,2011-02-06 12:48:00,307,2,61,52,318,451.91,225.955,,,0,0,0,0,0.0,2,Less recent infrequent purchasers
17394,2011-12-10,2011-05-04 13:22:00,2011-05-04 13:22:00,220,1,4,4,241,203.87,203.87,,,0,0,0,0,0.0,2,Less recent infrequent purchasers
17396,2011-12-10,2010-12-03 09:45:00,2011-10-31 14:12:00,40,7,26,23,2004,7312.8,1044.6857,,,0,0,0,0,0.0,0,Recent moderate purchasers and minimal cancellations
17397,2011-12-10,2011-11-17 13:58:00,2011-11-17 14:08:00,23,2,92,88,254,696.41,348.205,,,0,0,0,0,0.0,0,Recent moderate purchasers and minimal cancellations
17398,2011-12-10,2011-03-29 13:04:00,2011-08-17 09:48:00,115,3,38,30,310,653.38,217.7933,,,0,0,0,0,0.0,0,Recent moderate purchasers and minimal cancellations
17400,2011-12-10,2010-12-21 17:16:00,2011-08-05 15:38:00,127,5,213,175,1097,2129.96,425.992,,,0,0,0,0,0.0,0,Recent moderate purchasers and minimal cancellations
17402,2011-12-10,2010-12-05 13:53:00,2011-12-05 10:15:00,5,12,58,32,700,2598.85,216.5708,,,0,0,0,0,0.0,0,Recent moderate purchasers and minimal cancellations
17403,2011-12-10,2011-11-03 15:18:00,2011-11-03 15:18:00,37,1,33,32,117,281.62,281.62,,,0,0,0,0,0.0,2,Less recent infrequent purchasers
17404,2011-12-10,2010-12-14 13:28:00,2011-12-05 16:26:00,5,13,195,109,32744,31781.82,2444.7554,2010-12-14 13:27:00,2011-12-05 16:26:00,3,3,3,424,1606.0,1,Recent high-activity purchasers and frequent cancellations
17405,2011-12-10,2011-07-12 14:17:00,2011-12-08 17:12:00,2,3,82,77,726,1031.41,343.8033,2011-09-30 12:47:00,2011-10-06 18:12:00,2,12,7,21,64.19,3,Recent moderate purchasers and some cancellation activity
17406,2011-12-10,2010-12-08 10:35:00,2011-01-10 15:07:00,334,3,113,99,787,2200.42,733.4733,2011-01-10 15:04:00,2011-01-13 12:52:00,2,3,3,3,271.7,3,Recent moderate purchasers and some cancellation activity
17408,2011-12-10,2011-06-29 12:53:00,2011-06-29 12:53:00,164,1,2,2,3,32.65,32.65,,,0,0,0,0,0.0,2,Less recent infrequent purchasers
17409,2011-12-10,2011-04-05 16:42:00,2011-06-08 10:36:00,185,2,13,13,105,771.85,385.925,,,0,0,0,0,0.0,2,Less recent infrequent purchasers
17410,2011-12-10,2011-05-08 15:21:00,2011-11-23 15:46:00,17,5,64,57,616,1214.72,242.944,,,0,0,0,0,0.0,0,Recent moderate purchasers and minimal cancellations
17411,2011-12-10,2011-03-23 13:44:00,2011-11-27 14:25:00,13,3,41,39,306,778.94,259.6467,2010-12-09 11:42:00,2010-12-09 11:42:00,1,2,2,8,30.0,3,Recent moderate purchasers and some cancellation activity
17412,2011-12-10,2010-12-02 16:29:00,2011-12-07 11:36:00,3,7,66,48,738,1258.06,179.7229,,,0,0,0,0,0.0,0,Recent moderate purchasers and minimal cancellations
17414,2011-12-10,2011-06-08 11:43:00,2011-10-27 12:13:00,44,2,6,5,2100,778.0,389.0,,,0,0,0,0,0.0,0,Recent moderate purchasers and minimal cancellations
17415,2011-12-10,2011-09-21 12:50:00,2011-09-21 12:50:00,80,1,14,14,114,507.84,507.84,,,0,0,0,0,0.0,2,Less recent infrequent purchasers
17416,2011-12-10,2011-03-03 13:45:00,2011-11-10 12:47:00,30,7,269,186,4302,6893.42,984.7743,2011-03-22 11:17:00,2011-08-30 14:20:00,2,2,2,36,55.08,1,Recent high-activity purchasers and frequent cancellations
17418,2011-12-10,2011-01-20 11:39:00,2011-10-28 13:00:00,43,2,30,29,289,463.46,231.73,,,0,0,0,0,0.0,0,Recent moderate purchasers and minimal cancellations
17419,2011-12-10,2010-12-07 15:03:00,2011-11-28 13:47:00,12,12,206,155,1876,4226.57,352.2142,2011-03-15 13:55:00,2011-10-10 11:03:00,2,2,2,4,25.6,3,Recent moderate purchasers and some cancellation activity
17420,2011-12-10,2010-12-01 09:56:00,2011-10-20 14:52:00,51,3,30,28,265,598.83,199.61,,,0,0,0,0,0.0,0,Recent moderate purchasers and minimal cancellations
17422,2011-12-10,2011-02-16 14:44:00,2011-11-23 13:27:00,17,6,117,93,2253,1979.37,329.895,2011-02-21 12:31:00,2011-09-14 14:56:00,4,18,15,58,126.24,1,Recent high-activity purchasers and frequent cancellations
17423,2011-12-10,2011-05-06 09:14:00,2011-10-24 13:36:00,47,2,26,26,459,698.41,349.205,2011-05-17 12:29:00,2011-10-25 16:49:00,2,2,2,38,34.78,3,Recent moderate purchasers and some cancellation activity
17425,2011-12-10,2011-10-10 11:37:00,2011-11-20 15:30:00,20,2,43,42,407,759.17,379.585,,,0,0,0,0,0.0,0,Recent moderate purchasers and minimal cancellations
17426,2011-12-10,2011-03-02 16:34:00,2011-12-01 18:07:00,9,6,271,179,3094,5037.26,839.5433,2011-12-05 16:12:00,2011-12-05 16:12:00,1,1,1,12,15.0,3,Recent moderate purchasers and some cancellation activity
17427,2011-12-10,2011-09-29 11:29:00,2011-09-29 11:29:00,72,1,2,2,34,100.8,100.8,,,0,0,0,0,0.0,2,Less recent infrequent purchasers
17428,2011-12-10,2010-12-06 09:37:00,2011-12-09 09:45:00,1,28,328,252,9474,17256.85,616.3161,2011-01-06 18:08:00,2011-09-23 08:52:00,5,15,13,39,178.4,1,Recent high-activity purchasers and frequent cancellations
17429,2011-12-10,2011-05-05 09:53:00,2011-08-03 13:22:00,129,3,39,36,624,524.92,174.9733,2011-08-11 10:13:00,2011-08-11 10:13:00,1,3,3,8,12.8,3,Recent moderate purchasers and some cancellation activity
17430,2011-12-10,2010-12-09 13:05:00,2011-11-07 09:24:00,33,2,14,14,190,265.76,132.88,,,0,0,0,0,0.0,2,Less recent infrequent purchasers
17431,2011-12-10,2011-01-30 14:36:00,2011-01-30 14:36:00,314,1,43,41,292,403.3,403.3,,,0,0,0,0,0.0,2,Less recent infrequent purchasers
17432,2011-12-10,2011-11-02 17:30:00,2011-11-21 17:33:00,19,2,48,44,207,365.76,182.88,,,0,0,0,0,0.0,0,Recent moderate purchasers and minimal cancellations
17433,2011-12-10,2011-09-12 14:24:00,2011-09-12 14:24:00,89,1,54,53,185,303.16,303.16,,,0,0,0,0,0.0,0,Recent moderate purchasers and minimal cancellations
17434,2011-12-10,2011-09-15 13:54:00,2011-12-07 13:16:00,3,7,134,100,1693,2373.82,339.1171,2011-09-21 16:49:00,2011-11-04 13:20:00,2,4,4,8,40.4,3,Recent moderate purchasers and some cancellation activity
17436,2011-12-10,2011-04-27 11:33:00,2011-12-08 12:30:00,2,2,9,7,90,216.3,108.15,,,0,0,0,0,0.0,2,Less recent infrequent purchasers
17438,2011-12-10,2011-03-31 10:26:00,2011-03-31 10:26:00,254,1,17,17,103,388.45,388.45,2011-04-06 17:16:00,2011-04-06 17:16:00,1,2,2,3,10.15,2,Less recent infrequent purchasers
17440,2011-12-10,2011-04-06 12:05:00,2011-07-06 11:54:00,157,3,5,3,246,186.42,62.14,2011-04-14 16:54:00,2011-07-15 10:36:00,2,3,3,14,9.32,3,Recent moderate purchasers and some cancellation activity
17442,2011-12-10,2011-02-22 13:02:00,2011-11-03 09:17:00,37,6,135,96,1496,2248.56,374.76,2010-12-09 15:13:00,2011-11-10 14:54:00,4,5,5,6,38.3,1,Recent high-activity purchasers and frequent cancellations
17443,2011-12-10,2011-05-04 10:47:00,2011-05-04 10:47:00,220,1,1,1,504,534.24,534.24,,,0,0,0,0,0.0,2,Less recent infrequent purchasers
17444,2011-12-10,2011-06-20 09:04:00,2011-07-11 10:33:00,152,2,134,131,2118,2389.1,1194.55,,,0,0,0,0,0.0,0,Recent moderate purchasers and minimal cancellations
17446,2011-12-10,2011-02-02 14:40:00,2011-06-16 10:42:00,177,2,9,6,198,120.9,60.45,,,0,0,0,0,0.0,2,Less recent infrequent purchasers
17447,2011-12-10,2011-09-29 10:10:00,2011-10-30 14:18:00,41,2,36,33,443,541.53,270.765,,,0,0,0,0,0.0,0,Recent moderate purchasers and minimal cancellations
17449,2011-12-10,2010-12-15 10:57:00,2011-12-07 16:56:00,3,7,276,177,1121,2517.86,359.6943,2011-09-12 17:50:00,2011-09-12 17:50:00,1,2,2,7,16.0,3,Recent moderate purchasers and some cancellation activity
17450,2011-12-10,2010-12-07 09:23:00,2011-12-01 13:29:00,9,46,337,124,69993,194550.79,4229.365,2011-02-11 17:10:00,2011-11-29 10:16:00,4,4,3,953,4900.06,1,Recent high-activity purchasers and frequent cancellations
17451,2011-12-10,2011-08-26 11:54:00,2011-12-08 15:02:00,2,7,100,83,1203,1721.4,245.9143,2011-08-31 17:31:00,2011-11-30 15:20:00,3,7,7,25,72.45,1,Recent high-activity purchasers and frequent cancellations
17453,2011-12-10,2011-10-06 17:02:00,2011-11-22 09:42:00,18,2,19,19,219,486.72,243.36,,,0,0,0,0,0.0,2,Less recent infrequent purchasers
17454,2011-12-10,2010-12-15 10:54:00,2011-05-31 13:58:00,193,4,61,57,243,517.53,129.3825,,,0,0,0,0,0.0,0,Recent moderate purchasers and minimal cancellations
17455,2011-12-10,2011-05-20 12:31:00,2011-05-20 12:31:00,204,1,8,8,66,131.7,131.7,,,0,0,0,0,0.0,2,Less recent infrequent purchasers
17456,2011-12-10,2010-12-09 15:23:00,2010-12-09 15:23:00,366,1,17,17,222,249.86,249.86,,,0,0,0,0,0.0,2,Less recent infrequent purchasers
17457,2011-12-10,2011-01-04 14:33:00,2011-08-05 12:48:00,127,5,19,14,826,1737.7,347.54,,,0,0,0,0,0.0,0,Recent moderate purchasers and minimal cancellations
17458,2011-12-10,2011-11-24 13:01:00,2011-11-24 13:01:00,16,1,54,52,170,316.5,316.5,,,0,0,0,0,0.0,0,Recent moderate purchasers and minimal cancellations
17459,2011-12-10,2011-10-10 17:00:00,2011-10-27 13:25:00,44,2,111,88,537,657.3,328.65,,,0,0,0,0,0.0,0,Recent moderate purchasers and minimal cancellations
17460,2011-12-10,2010-12-01 16:24:00,2011-09-06 15:04:00,95,6,29,18,236,622.43,103.7383,2011-03-25 12:34:00,2011-09-22 10:58:00,2,8,8,60,169.8,3,Recent moderate purchasers and some cancellation activity
17461,2011-12-10,2011-11-10 12:01:00,2011-11-17 10:21:00,23,3,111,104,799,757.46,252.4867,,,0,0,0,0,0.0,0,Recent moderate purchasers and minimal cancellations
17462,2011-12-10,2011-02-28 17:01:00,2011-10-10 13:56:00,61,2,27,25,227,675.69,337.845,2011-10-19 13:36:00,2011-10-19 13:36:00,1,1,1,3,12.75,3,Recent moderate purchasers and some cancellation activity
17463,2011-12-10,2011-01-30 15:48:00,2011-11-23 13:40:00,17,5,215,162,1095,1896.41,379.282,2011-06-20 17:05:00,2011-06-20 17:05:00,1,4,4,5,15.05,3,Recent moderate purchasers and some cancellation activity
17464,2011-12-10,2011-07-04 13:19:00,2011-07-04 13:19:00,159,1,9,9,220,289.96,289.96,,,0,0,0,0,0.0,2,Less recent infrequent purchasers
17466,2011-12-10,2011-09-22 09:16:00,2011-11-29 13:15:00,11,2,41,41,306,763.28,381.64,,,0,0,0,0,0.0,0,Recent moderate purchasers and minimal cancellations
17468,2011-12-10,2011-11-25 12:52:00,2011-11-29 15:33:00,11,2,5,5,116,137.0,68.5,,,0,0,0,0,0.0,2,Less recent infrequent purchasers
17469,2011-12-10,2011-05-19 08:55:00,2011-11-23 13:15:00,17,5,88,61,787,1870.97,374.194,2011-07-06 14:47:00,2011-07-06 14:47:00,1,2,2,9,27.91,3,Recent moderate purchasers and some cancellation activity
17470,2011-12-10,2010-12-07 09:57:00,2011-10-26 12:42:00,45,5,78,67,1675,1125.07,225.014,,,0,0,0,0,0.0,0,Recent moderate purchasers and minimal cancellations
17472,2011-12-10,2011-02-13 14:40:00,2011-06-01 14:57:00,192,3,181,142,462,710.29,236.7633,,,0,0,0,0,0.0,0,Recent moderate purchasers and minimal cancellations
17475,2011-12-10,2011-09-21 14:55:00,2011-09-21 14:55:00,80,1,14,14,178,194.37,194.37,,,0,0,0,0,0.0,2,Less recent infrequent purchasers
17480,2011-12-10,2011-09-23 11:39:00,2011-09-23 11:39:00,78,1,29,29,338,511.82,511.82,2011-09-27 10:21:00,2011-09-27 10:21:00,1,2,2,2,5.31,3,Recent moderate purchasers and some cancellation activity
17481,2011-12-10,2011-09-07 09:57:00,2011-12-06 12:28:00,4,4,82,69,1061,1255.59,313.8975,2011-10-24 16:50:00,2011-10-24 16:50:00,1,1,1,1,6.25,3,Recent moderate purchasers and some cancellation activity
17483,2011-12-10,2011-06-09 19:40:00,2011-10-05 13:10:00,66,3,21,18,191,414.04,138.0133,,,0,0,0,0,0.0,2,Less recent infrequent purchasers
17486,2011-12-10,2011-03-23 14:00:00,2011-03-23 14:00:00,262,1,24,24,191,396.87,396.87,,,0,0,0,0,0.0,2,Less recent infrequent purchasers
17489,2011-12-10,2011-05-11 11:34:00,2011-10-12 08:56:00,59,2,29,28,428,376.64,188.32,,,0,0,0,0,0.0,0,Recent moderate purchasers and minimal cancellations
17490,2011-12-10,2011-06-16 09:15:00,2011-12-09 09:08:00,1,7,76,63,1134,2092.32,298.9029,2011-06-20 16:05:00,2011-12-07 13:48:00,4,9,5,112,155.49,1,Recent high-activity purchasers and frequent cancellations
17491,2011-12-10,2010-12-07 12:18:00,2011-12-08 16:18:00,2,10,109,72,2013,3558.87,355.887,2011-09-07 10:50:00,2011-09-07 10:50:00,1,1,1,1,16.95,3,Recent moderate purchasers and some cancellation activity
17492,2011-12-10,2011-04-05 15:21:00,2011-04-05 15:21:00,249,1,12,12,155,374.57,374.57,,,0,0,0,0,0.0,2,Less recent infrequent purchasers
17495,2011-12-10,2011-11-01 12:06:00,2011-12-02 12:08:00,8,2,27,21,229,497.56,248.78,,,0,0,0,0,0.0,0,Recent moderate purchasers and minimal cancellations
17496,2011-12-10,2010-12-16 08:39:00,2010-12-16 08:39:00,359,1,10,10,79,271.05,271.05,,,0,0,0,0,0.0,2,Less recent infrequent purchasers
17498,2011-12-10,2011-09-25 12:25:00,2011-09-25 12:25:00,76,1,17,17,394,272.22,272.22,,,0,0,0,0,0.0,2,Less recent infrequent purchasers
17499,2011-12-10,2011-02-23 09:14:00,2011-02-23 09:14:00,290,1,40,40,711,622.88,622.88,,,0,0,0,0,0.0,0,Recent moderate purchasers and minimal cancellations
17500,2011-12-10,2011-11-10 09:08:00,2011-11-22 14:25:00,18,3,5,3,17,1138.0,379.3333,,,0,0,0,0,0.0,2,Less recent infrequent purchasers
17501,2011-12-10,2011-05-03 09:46:00,2011-05-03 09:47:00,221,2,18,18,160,288.6,144.3,,,0,0,0,0,0.0,2,Less recent infrequent purchasers
17502,2011-12-10,2011-11-10 16:39:00,2011-11-30 13:13:00,10,4,28,25,376,689.1,172.275,,,0,0,0,0,0.0,0,Recent moderate purchasers and minimal cancellations
17503,2011-12-10,2011-11-01 11:12:00,2011-12-07 09:18:00,3,2,38,36,486,558.96,279.48,,,0,0,0,0,0.0,0,Recent moderate purchasers and minimal cancellations
17504,2011-12-10,2011-01-21 11:09:00,2011-05-17 12:59:00,207,9,127,112,1664,2997.03,333.0033,2011-05-10 11:21:00,2011-05-10 11:21:00,1,13,13,208,251.75,1,Recent high-activity purchasers and frequent cancellations
17505,2011-12-10,2011-05-18 09:01:00,2011-07-01 12:50:00,162,2,52,48,556,1145.84,572.92,,,0,0,0,0,0.0,0,Recent moderate purchasers and minimal cancellations
17506,2011-12-10,2011-09-25 11:39:00,2011-09-25 11:39:00,76,1,14,14,139,302.2,302.2,2011-09-30 12:54:00,2011-09-30 12:54:00,1,2,2,3,7.91,3,Recent moderate purchasers and some cancellation activity
17507,2011-12-10,2011-02-03 18:08:00,2011-03-23 11:48:00,262,2,88,79,359,605.58,302.79,,,0,0,0,0,0.0,0,Recent moderate purchasers and minimal cancellations
17508,2011-12-10,2011-03-04 08:10:00,2011-03-04 08:10:00,281,1,22,22,289,387.31,387.31,,,0,0,0,0,0.0,2,Less recent infrequent purchasers
17509,2011-12-10,2011-10-07 13:14:00,2011-10-13 10:26:00,58,8,366,75,3534,6115.14,764.3925,2011-10-10 16:54:00,2011-10-13 12:16:00,3,3,2,4,14.4,1,Recent high-activity purchasers and frequent cancellations
17510,2011-12-10,2011-11-15 10:00:00,2011-11-15 10:00:00,25,1,20,20,214,308.48,308.48,,,0,0,0,0,0.0,2,Less recent infrequent purchasers
17511,2011-12-10,2010-12-01 10:19:00,2011-12-07 10:12:00,3,31,963,453,64549,91062.38,2937.4961,2010-12-07 12:45:00,2011-11-23 13:48:00,14,111,71,1535,2924.18,1,Recent high-activity purchasers and frequent cancellations
17512,2011-12-10,2011-02-11 12:22:00,2011-11-11 12:11:00,29,10,105,61,2753,2924.99,292.499,2011-02-18 15:13:00,2011-02-18 15:13:00,1,1,1,1,4.95,3,Recent moderate purchasers and some cancellation activity
17513,2011-12-10,2011-09-28 16:42:00,2011-09-28 16:42:00,73,1,6,6,254,513.2,513.2,,,0,0,0,0,0.0,2,Less recent infrequent purchasers
17514,2011-12-10,2011-08-03 15:45:00,2011-08-03 15:45:00,129,1,40,40,135,208.65,208.65,,,0,0,0,0,0.0,2,Less recent infrequent purchasers
17515,2011-12-10,2011-01-25 14:33:00,2011-11-08 14:04:00,32,4,87,49,243,639.02,159.755,,,0,0,0,0,0.0,0,Recent moderate purchasers and minimal cancellations
17516,2011-12-10,2011-02-27 12:41:00,2011-11-24 16:51:00,16,5,137,113,416,768.08,153.616,,,0,0,0,0,0.0,0,Recent moderate purchasers and minimal cancellations
17517,2011-12-10,2011-02-04 11:48:00,2011-02-04 11:48:00,309,1,11,11,102,153.94,153.94,,,0,0,0,0,0.0,2,Less recent infrequent purchasers
17519,2011-12-10,2010-12-06 15:18:00,2011-11-22 16:43:00,18,6,82,60,1236,1844.02,307.3367,2010-12-14 10:29:00,2010-12-14 10:29:00,1,1,1,3,4.95,3,Recent moderate purchasers and some cancellation activity
17520,2011-12-10,2011-10-17 12:04:00,2011-10-17 12:04:00,54,1,30,30,365,546.81,546.81,,,0,0,0,0,0.0,0,Recent moderate purchasers and minimal cancellations
17521,2011-12-10,2011-05-24 15:14:00,2011-11-10 11:22:00,30,3,45,38,519,723.21,241.07,2011-11-15 14:00:00,2011-11-15 14:00:00,1,1,1,1,1.25,3,Recent moderate purchasers and some cancellation activity
17522,2011-12-10,2011-05-05 16:31:00,2011-12-08 12:31:00,2,5,72,58,1022,1066.15,213.23,,,0,0,0,0,0.0,0,Recent moderate purchasers and minimal cancellations
17523,2011-12-10,2011-11-20 13:40:00,2011-11-28 13:20:00,12,4,33,25,872,652.74,163.185,,,0,0,0,0,0.0,0,Recent moderate purchasers and minimal cancellations
17524,2011-12-10,2010-12-13 14:32:00,2010-12-13 14:32:00,362,1,6,6,90,145.0,145.0,,,0,0,0,0,0.0,2,Less recent infrequent purchasers
17525,2011-12-10,2010-12-15 12:05:00,2010-12-15 12:05:00,360,1,9,9,82,422.7,422.7,,,0,0,0,0,0.0,2,Less recent infrequent purchasers
17526,2011-12-10,2010-12-09 12:20:00,2011-12-05 11:05:00,5,4,19,17,310,1195.9,298.975,2010-12-14 11:11:00,2011-12-08 18:56:00,4,4,4,53,489.2,3,Recent moderate purchasers and some cancellation activity
17527,2011-12-10,2011-05-05 13:43:00,2011-10-17 12:32:00,54,4,47,45,488,939.37,234.8425,2011-05-17 12:10:00,2011-10-10 15:42:00,2,2,2,25,50.51,3,Recent moderate purchasers and some cancellation activity
17528,2011-12-10,2011-09-29 13:04:00,2011-12-08 13:27:00,2,8,253,183,2138,3628.5,453.5625,2011-11-10 11:33:00,2011-12-06 10:31:00,3,7,6,8,88.4,1,Recent high-activity purchasers and frequent cancellations
17530,2011-12-10,2010-12-09 20:01:00,2011-12-08 18:42:00,2,10,392,305,1523,2380.41,238.041,,,0,0,0,0,0.0,0,Recent moderate purchasers and minimal cancellations
17531,2011-12-10,2011-06-02 19:17:00,2011-06-02 19:17:00,191,1,14,14,136,296.7,296.7,,,0,0,0,0,0.0,2,Less recent infrequent purchasers
17534,2011-12-10,2011-10-17 12:47:00,2011-10-17 12:47:00,54,1,9,9,103,223.36,223.36,,,0,0,0,0,0.0,2,Less recent infrequent purchasers
17535,2011-12-10,2011-03-04 15:20:00,2011-03-04 15:20:00,281,1,13,13,136,164.4,164.4,,,0,0,0,0,0.0,2,Less recent infrequent purchasers
17536,2011-12-10,2011-06-15 13:23:00,2011-06-15 13:23:00,178,1,3,3,6,76.5,76.5,,,0,0,0,0,0.0,2,Less recent infrequent purchasers
17537,2011-12-10,2011-02-09 13:37:00,2011-11-10 10:56:00,30,2,75,74,700,897.62,448.81,,,0,0,0,0,0.0,0,Recent moderate purchasers and minimal cancellations
17538,2011-12-10,2011-11-14 12:12:00,2011-11-14 12:12:00,26,1,9,9,134,98.42,98.42,,,0,0,0,0,0.0,2,Less recent infrequent purchasers
17540,2011-12-10,2011-01-27 14:35:00,2011-11-15 11:56:00,25,2,25,20,194,578.9,289.45,2011-12-01 09:00:00,2011-12-01 09:00:00,1,1,1,1,8.5,3,Recent moderate purchasers and some cancellation activity
17542,2011-12-10,2011-03-15 11:45:00,2011-03-15 11:45:00,270,1,25,24,134,170.75,170.75,,,0,0,0,0,0.0,2,Less recent infrequent purchasers
17545,2011-12-10,2011-10-27 13:48:00,2011-10-27 14:04:00,44,3,145,122,341,645.96,215.32,,,0,0,0,0,0.0,0,Recent moderate purchasers and minimal cancellations
17548,2011-12-10,2011-04-20 12:01:00,2011-04-20 12:01:00,234,1,5,5,58,103.3,103.3,2010-12-01 10:24:00,2011-05-06 10:00:00,2,12,12,190,244.78,3,Recent moderate purchasers and some cancellation activity
17549,2011-12-10,2011-10-19 10:05:00,2011-11-16 09:59:00,24,2,6,5,210,148.86,74.43,,,0,0,0,0,0.0,2,Less recent infrequent purchasers
17550,2011-12-10,2011-04-10 15:19:00,2011-05-26 14:09:00,198,3,42,42,86,267.16,89.0533,,,0,0,0,0,0.0,2,Less recent infrequent purchasers
17551,2011-12-10,2010-12-15 14:12:00,2010-12-15 14:12:00,360,1,43,39,150,306.84,306.84,,,0,0,0,0,0.0,2,Less recent infrequent purchasers
17552,2011-12-10,2010-12-02 18:45:00,2011-10-10 17:00:00,61,4,49,43,719,930.41,232.6025,2011-10-10 17:00:00,2011-10-10 17:00:00,1,1,1,10,16.5,3,Recent moderate purchasers and some cancellation activity
17553,2011-12-10,2011-08-02 10:00:00,2011-08-02 10:00:00,130,1,2,2,1048,1487.6,1487.6,,,0,0,0,0,0.0,2,Less recent infrequent purchasers
17554,2011-12-10,2011-07-14 20:01:00,2011-12-08 14:15:00,2,5,88,58,1763,1952.45,390.49,,,0,0,0,0,0.0,0,Recent moderate purchasers and minimal cancellations
17555,2011-12-10,2011-01-09 12:31:00,2011-11-20 12:22:00,20,2,106,101,349,483.26,241.63,,,0,0,0,0,0.0,0,Recent moderate purchasers and minimal cancellations
17556,2011-12-10,2011-05-18 10:48:00,2011-05-18 10:48:00,206,1,6,6,101,157.9,157.9,,,0,0,0,0,0.0,2,Less recent infrequent purchasers
17557,2011-12-10,2011-09-19 14:23:00,2011-11-25 12:57:00,15,3,34,27,306,541.46,180.4867,,,0,0,0,0,0.0,0,Recent moderate purchasers and minimal cancellations
17560,2011-12-10,2011-02-02 11:14:00,2011-09-06 09:18:00,95,4,26,22,635,854.95,213.7375,,,0,0,0,0,0.0,0,Recent moderate purchasers and minimal cancellations
17561,2011-12-10,2011-11-20 12:53:00,2011-11-20 12:53:00,20,1,46,44,146,167.62,167.62,,,0,0,0,0,0.0,2,Less recent infrequent purchasers
17562,2011-12-10,2011-06-19 13:06:00,2011-11-25 14:21:00,15,7,63,48,817,1122.38,160.34,2011-06-27 16:59:00,2011-06-27 16:59:00,1,1,1,4,15.0,3,Recent moderate purchasers and some cancellation activity
17564,2011-12-10,2011-09-20 14:00:00,2011-11-15 13:27:00,25,3,49,38,146,454.01,151.3367,,,0,0,0,0,0.0,0,Recent moderate purchasers and minimal cancellations
17566,2011-12-10,2011-11-14 13:42:00,2011-12-01 19:54:00,9,2,152,113,518,901.21,450.605,,,0,0,0,0,0.0,0,Recent moderate purchasers and minimal cancellations
17567,2011-12-10,2010-12-02 15:18:00,2011-12-02 15:48:00,8,8,165,110,2632,4331.48,541.435,2011-03-10 15:03:00,2011-09-21 17:04:00,2,12,12,204,318.92,1,Recent high-activity purchasers and frequent cancellations
17569,2011-12-10,2011-01-11 14:15:00,2011-01-11 14:15:00,333,1,29,29,159,344.14,344.14,,,0,0,0,0,0.0,2,Less recent infrequent purchasers
17571,2011-12-10,2011-02-14 15:15:00,2011-10-20 15:57:00,51,4,298,246,904,1497.26,374.315,,,0,0,0,0,0.0,0,Recent moderate purchasers and minimal cancellations
17572,2011-12-10,2010-12-01 12:51:00,2011-09-29 17:53:00,72,4,12,7,95,226.75,56.6875,,,0,0,0,0,0.0,2,Less recent infrequent purchasers
17573,2011-12-10,2011-09-07 10:36:00,2011-11-10 13:01:00,30,3,25,24,308,380.6,126.8667,2011-09-15 17:09:00,2011-09-15 17:09:00,1,1,1,6,17.7,3,Recent moderate purchasers and some cancellation activity
17574,2011-12-10,2011-04-11 09:47:00,2011-04-11 09:47:00,243,1,8,8,77,185.65,185.65,,,0,0,0,0,0.0,2,Less recent infrequent purchasers
17576,2011-12-10,2010-12-09 16:57:00,2011-12-01 17:56:00,9,19,411,245,1994,3622.68,190.6674,2011-01-18 16:52:00,2011-12-01 18:12:00,3,6,6,40,164.9,1,Recent high-activity purchasers and frequent cancellations
17578,2011-12-10,2011-05-05 18:38:00,2011-05-05 18:38:00,219,1,5,5,138,143.46,143.46,2011-06-02 11:42:00,2011-06-02 11:42:00,1,1,1,48,18.72,2,Less recent infrequent purchasers
17579,2011-12-10,2011-06-13 14:12:00,2011-12-05 12:28:00,5,3,50,46,258,448.9,149.6333,2011-08-11 10:26:00,2011-08-11 10:26:00,1,2,2,2,8.7,3,Recent moderate purchasers and some cancellation activity
17580,2011-12-10,2010-12-16 15:27:00,2011-04-01 12:41:00,253,3,44,42,87,212.77,70.9233,,,0,0,0,0,0.0,2,Less recent infrequent purchasers
17581,2011-12-10,2010-12-02 14:47:00,2011-12-09 12:21:00,1,25,440,229,5927,11045.04,441.8016,2010-12-23 11:49:00,2011-09-28 09:05:00,6,12,12,66,308.93,1,Recent high-activity purchasers and frequent cancellations
17582,2011-12-10,2011-04-17 13:18:00,2011-04-17 13:18:00,237,1,29,28,123,175.27,175.27,,,0,0,0,0,0.0,2,Less recent infrequent purchasers
17584,2011-12-10,2011-08-04 14:12:00,2011-12-02 17:12:00,8,2,35,30,458,1242.3,621.15,2011-11-29 13:09:00,2011-11-29 13:09:00,1,1,1,12,15.0,3,Recent moderate purchasers and some cancellation activity
17585,2011-12-10,2011-01-05 15:09:00,2011-08-22 13:30:00,110,4,214,176,1671,1133.07,283.2675,,,0,0,0,0,0.0,0,Recent moderate purchasers and minimal cancellations
17588,2011-12-10,2011-04-21 10:31:00,2011-08-31 13:37:00,101,3,23,19,676,1240.2,413.4,,,0,0,0,0,0.0,0,Recent moderate purchasers and minimal cancellations
17589,2011-12-10,2011-04-13 13:47:00,2011-10-10 16:58:00,61,4,252,171,1630,2402.92,600.73,,,0,0,0,0,0.0,0,Recent moderate purchasers and minimal cancellations
17590,2011-12-10,2011-10-30 14:05:00,2011-12-07 12:55:00,3,3,199,160,826,1462.97,487.6567,,,0,0,0,0,0.0,0,Recent moderate purchasers and minimal cancellations
17591,2011-12-10,2010-12-07 15:39:00,2011-09-27 13:42:00,74,7,166,81,1009,2225.97,317.9957,2011-01-26 17:15:00,2011-01-26 17:15:00,1,1,1,1,10.95,3,Recent moderate purchasers and some cancellation activity
17593,2011-12-10,2010-12-22 10:29:00,2011-12-06 10:30:00,4,5,213,190,3101,3927.34,785.468,2011-07-21 17:45:00,2011-07-21 17:45:00,1,2,2,6,15.78,3,Recent moderate purchasers and some cancellation activity
17594,2011-12-10,2011-03-30 10:32:00,2011-09-15 16:34:00,86,2,50,42,550,993.18,496.59,,,0,0,0,0,0.0,0,Recent moderate purchasers and minimal cancellations
17595,2011-12-10,2011-11-02 16:19:00,2011-11-27 16:08:00,13,2,83,68,229,388.79,194.395,,,0,0,0,0,0.0,0,Recent moderate purchasers and minimal cancellations
17596,2011-12-10,2010-12-06 12:34:00,2011-11-16 14:11:00,24,7,270,168,4400,2827.93,403.99,,,0,0,0,0,0.0,0,Recent moderate purchasers and minimal cancellations
17597,2011-12-10,2011-05-10 11:54:00,2011-05-10 11:54:00,214,1,55,55,1176,2044.37,2044.37,,,0,0,0,0,0.0,0,Recent moderate purchasers and minimal cancellations
17600,2011-12-10,2011-11-22 09:43:00,2011-11-22 09:43:00,18,1,13,13,144,161.67,161.67,,,0,0,0,0,0.0,2,Less recent infrequent purchasers
17601,2011-12-10,2011-04-14 18:02:00,2011-04-14 18:02:00,240,1,9,9,103,116.01,116.01,,,0,0,0,0,0.0,2,Less recent infrequent purchasers
17602,2011-12-10,2011-01-19 16:18:00,2011-12-07 13:53:00,3,6,560,335,4151,5102.97,850.495,2011-08-10 13:00:00,2011-11-14 13:15:00,2,5,5,16,52.2,1,Recent high-activity purchasers and frequent cancellations
17603,2011-12-10,2011-09-22 14:18:00,2011-09-22 14:18:00,79,1,11,11,74,394.72,394.72,2011-10-20 19:19:00,2011-10-20 19:19:00,1,1,1,1,3.75,2,Less recent infrequent purchasers
17604,2011-12-10,2011-01-31 15:09:00,2011-05-06 13:43:00,218,2,63,57,169,309.36,154.68,,,0,0,0,0,0.0,2,Less recent infrequent purchasers
17608,2011-12-10,2011-11-06 13:00:00,2011-11-06 13:06:00,34,2,59,54,232,193.42,96.71,,,0,0,0,0,0.0,0,Recent moderate purchasers and minimal cancellations
17609,2011-12-10,2011-01-16 16:23:00,2011-10-30 12:28:00,41,5,235,198,696,1104.72,220.944,2011-02-10 17:50:00,2011-02-10 17:50:00,1,1,1,2,8.3,3,Recent moderate purchasers and some cancellation activity
17611,2011-12-10,2010-12-13 13:52:00,2011-12-02 13:29:00,8,15,576,440,2560,3984.22,265.6147,2011-06-23 13:30:00,2011-12-06 09:46:00,4,6,6,8,36.35,1,Recent high-activity purchasers and frequent cancellations
17612,2011-12-10,2011-02-15 10:40:00,2011-10-17 14:59:00,54,6,135,116,1808,2048.45,341.4083,2011-02-18 15:42:00,2011-09-19 11:50:00,3,5,5,19,48.13,1,Recent high-activity purchasers and frequent cancellations
17613,2011-12-10,2011-02-07 11:20:00,2011-11-17 10:51:00,23,14,312,211,2496,4559.15,325.6536,2011-04-26 13:11:00,2011-11-17 10:51:00,3,7,7,26,49.78,1,Recent high-activity purchasers and frequent cancellations
17614,2011-12-10,2011-10-13 16:01:00,2011-10-13 16:01:00,58,1,100,97,238,390.07,390.07,,,0,0,0,0,0.0,0,Recent moderate purchasers and minimal cancellations
17615,2011-12-10,2011-05-01 15:33:00,2011-08-01 14:06:00,131,3,14,13,140,329.6,109.8667,,,0,0,0,0,0.0,2,Less recent infrequent purchasers
17616,2011-12-10,2010-12-07 10:04:00,2011-06-19 10:11:00,174,3,3,1,224,571.2,190.4,,,0,0,0,0,0.0,2,Less recent infrequent purchasers
17618,2011-12-10,2010-12-12 16:05:00,2011-12-04 11:50:00,6,3,78,56,331,971.58,323.86,,,0,0,0,0,0.0,0,Recent moderate purchasers and minimal cancellations
17619,2011-12-10,2011-01-31 14:18:00,2011-01-31 14:18:00,313,1,77,71,127,218.52,218.52,,,0,0,0,0,0.0,2,Less recent infrequent purchasers
17620,2011-12-10,2011-10-11 12:08:00,2011-10-11 12:08:00,60,1,4,4,60,81.44,81.44,,,0,0,0,0,0.0,2,Less recent infrequent purchasers
17621,2011-12-10,2010-12-20 13:31:00,2011-11-18 17:11:00,22,3,26,24,514,1379.9,459.9667,2011-06-01 15:19:00,2011-06-01 15:19:00,1,1,1,4,43.8,3,Recent moderate purchasers and some cancellation activity
17623,2011-12-10,2011-11-07 11:32:00,2011-11-07 11:32:00,33,1,33,33,265,527.05,527.05,,,0,0,0,0,0.0,0,Recent moderate purchasers and minimal cancellations
17624,2011-12-10,2011-05-05 17:59:00,2011-11-25 10:52:00,15,2,50,49,554,843.48,421.74,,,0,0,0,0,0.0,0,Recent moderate purchasers and minimal cancellations
17625,2011-12-10,2011-03-27 12:21:00,2011-11-21 13:36:00,19,4,315,223,1198,2047.0,511.75,,,0,0,0,0,0.0,0,Recent moderate purchasers and minimal cancellations
17628,2011-12-10,2011-09-19 15:21:00,2011-09-19 15:21:00,82,1,5,5,79,75.75,75.75,,,0,0,0,0,0.0,2,Less recent infrequent purchasers
17629,2011-12-10,2010-12-15 09:58:00,2011-12-04 10:56:00,6,8,122,105,1628,1799.12,224.89,2011-01-11 11:38:00,2011-01-11 11:38:00,1,1,1,8,30.0,3,Recent moderate purchasers and some cancellation activity
17630,2011-12-10,2011-04-21 14:03:00,2011-06-23 11:58:00,170,2,26,24,158,503.6,251.8,,,0,0,0,0,0.0,2,Less recent infrequent purchasers
17631,2011-12-10,2011-04-21 13:22:00,2011-12-08 09:47:00,2,3,39,39,334,528.33,176.11,,,0,0,0,0,0.0,0,Recent moderate purchasers and minimal cancellations
17633,2011-12-10,2011-08-11 15:43:00,2011-11-08 13:25:00,32,4,70,59,644,1324.84,331.21,2010-12-15 16:42:00,2011-10-06 20:28:00,2,2,2,14,82.5,3,Recent moderate purchasers and some cancellation activity
17634,2011-12-10,2011-01-06 12:45:00,2011-11-03 13:09:00,37,9,297,209,840,2361.97,262.4411,,,0,0,0,0,0.0,0,Recent moderate purchasers and minimal cancellations
17636,2011-12-10,2011-11-20 14:40:00,2011-11-20 14:40:00,20,1,20,20,182,285.56,285.56,2011-12-01 08:29:00,2011-12-01 08:29:00,1,4,4,6,19.63,3,Recent moderate purchasers and some cancellation activity
17637,2011-12-10,2011-08-16 13:25:00,2011-11-08 12:51:00,32,2,35,35,280,547.06,273.53,,,0,0,0,0,0.0,0,Recent moderate purchasers and minimal cancellations
17639,2011-12-10,2011-03-08 15:22:00,2011-03-08 15:22:00,277,1,7,7,49,108.5,108.5,,,0,0,0,0,0.0,2,Less recent infrequent purchasers
17640,2011-12-10,2011-09-14 09:13:00,2011-09-14 09:13:00,87,1,5,5,250,621.66,621.66,,,0,0,0,0,0.0,2,Less recent infrequent purchasers
17642,2011-12-10,2011-06-16 12:55:00,2011-08-12 09:11:00,120,2,40,34,474,712.29,356.145,,,0,0,0,0,0.0,0,Recent moderate purchasers and minimal cancellations
17643,2011-12-10,2010-12-01 14:38:00,2010-12-01 14:38:00,374,1,8,8,71,101.55,101.55,,,0,0,0,0,0.0,2,Less recent infrequent purchasers
17644,2011-12-10,2011-03-24 09:44:00,2011-12-08 13:43:00,2,11,157,102,1793,2895.64,263.24,2011-01-21 17:18:00,2011-10-06 18:35:00,6,12,9,52,126.66,1,Recent high-activity purchasers and frequent cancellations
17646,2011-12-10,2010-12-09 14:28:00,2011-05-04 13:17:00,220,3,51,46,323,1008.39,336.13,2011-03-14 11:44:00,2011-03-14 11:44:00,1,3,3,3,12.73,3,Recent moderate purchasers and some cancellation activity
17647,2011-12-10,2011-10-05 15:38:00,2011-10-05 15:38:00,66,1,7,7,30,133.06,133.06,,,0,0,0,0,0.0,2,Less recent infrequent purchasers
17648,2011-12-10,2011-04-04 10:29:00,2011-10-10 09:41:00,61,4,91,81,487,1797.5,449.375,2011-06-30 13:20:00,2011-06-30 13:20:00,1,1,1,1,7.95,3,Recent moderate purchasers and some cancellation activity
17649,2011-12-10,2011-07-24 15:53:00,2011-07-24 15:53:00,139,1,52,52,399,868.49,868.49,2011-07-28 10:50:00,2011-07-28 10:50:00,1,1,1,1,6.75,3,Recent moderate purchasers and some cancellation activity
17650,2011-12-10,2011-11-18 14:52:00,2011-11-18 14:52:00,22,1,8,8,150,166.08,166.08,,,0,0,0,0,0.0,2,Less recent infrequent purchasers
17651,2011-12-10,2011-06-15 15:57:00,2011-11-28 10:29:00,12,10,232,149,3112,3945.0,394.5,2011-06-20 17:07:00,2011-11-10 13:21:00,4,7,5,12,58.33,1,Recent high-activity purchasers and frequent cancellations
17652,2011-12-10,2011-03-03 14:05:00,2011-11-14 12:55:00,26,12,256,117,2506,4822.72,401.8933,2011-06-06 10:14:00,2011-11-10 11:44:00,6,11,10,30,130.59,1,Recent high-activity purchasers and frequent cancellations
17653,2011-12-10,2011-08-11 15:24:00,2011-11-03 12:46:00,37,4,43,43,1408,1192.56,298.14,2011-11-10 14:26:00,2011-11-10 14:26:00,1,6,6,8,31.68,3,Recent moderate purchasers and some cancellation activity
17654,2011-12-10,2011-03-07 13:17:00,2011-03-07 13:17:00,278,1,22,22,41,117.55,117.55,,,0,0,0,0,0.0,2,Less recent infrequent purchasers
17655,2011-12-10,2010-12-08 16:45:00,2011-11-29 11:34:00,11,7,91,66,1116,2638.94,376.9914,2010-12-16 16:24:00,2010-12-16 16:24:00,1,2,2,160,67.2,3,Recent moderate purchasers and some cancellation activity
17656,2011-12-10,2011-08-03 10:45:00,2011-09-27 13:04:00,74,5,82,67,1399,1674.69,334.938,,,0,0,0,0,0.0,0,Recent moderate purchasers and minimal cancellations
17658,2011-12-10,2011-05-12 15:23:00,2011-11-14 12:07:00,26,2,19,17,616,595.42,297.71,2011-11-29 11:47:00,2011-11-29 11:47:00,1,4,4,94,109.54,3,Recent moderate purchasers and some cancellation activity
17659,2011-12-10,2010-12-02 16:46:00,2011-11-22 13:29:00,18,12,158,127,1525,2999.46,249.955,2011-06-10 11:22:00,2011-12-06 09:29:00,2,3,3,39,44.71,1,Recent high-activity purchasers and frequent cancellations
17660,2011-12-10,2011-07-21 13:37:00,2011-07-21 13:37:00,142,1,45,37,130,196.0,196.0,,,0,0,0,0,0.0,2,Less recent infrequent purchasers
17663,2011-12-10,2011-02-25 14:11:00,2011-11-14 08:56:00,26,7,86,63,797,1802.91,257.5586,2011-04-21 16:57:00,2011-09-23 08:00:00,2,4,4,4,14.64,3,Recent moderate purchasers and some cancellation activity
17664,2011-12-10,2011-05-11 14:17:00,2011-11-21 11:29:00,19,2,43,41,604,604.64,302.32,,,0,0,0,0,0.0,0,Recent moderate purchasers and minimal cancellations
17666,2011-12-10,2011-10-05 11:06:00,2011-12-06 09:06:00,4,2,18,14,596,728.16,364.08,,,0,0,0,0,0.0,0,Recent moderate purchasers and minimal cancellations
17667,2011-12-10,2011-02-14 09:24:00,2011-10-04 14:32:00,67,5,116,85,1033,2055.51,411.102,,,0,0,0,0,0.0,0,Recent moderate purchasers and minimal cancellations
17668,2011-12-10,2011-11-01 14:45:00,2011-12-08 13:25:00,2,2,15,14,93,347.75,173.875,,,0,0,0,0,0.0,2,Less recent infrequent purchasers
17669,2011-12-10,2011-04-04 10:11:00,2011-10-28 08:53:00,43,7,68,45,1916,3406.72,486.6743,,,0,0,0,0,0.0,0,Recent moderate purchasers and minimal cancellations
17670,2011-12-10,2011-04-26 09:12:00,2011-04-26 09:12:00,228,1,11,11,110,205.7,205.7,,,0,0,0,0,0.0,2,Less recent infrequent purchasers
17671,2011-12-10,2010-12-09 14:27:00,2011-11-24 12:21:00,16,4,53,40,772,1572.71,393.1775,2011-05-19 18:08:00,2011-07-28 11:22:00,2,8,8,113,288.63,1,Recent high-activity purchasers and frequent cancellations
17672,2011-12-10,2011-02-03 13:29:00,2011-10-20 14:18:00,51,2,110,105,1690,3178.17,1589.085,2011-03-07 13:41:00,2011-10-27 10:56:00,2,5,5,18,71.55,1,Recent high-activity purchasers and frequent cancellations
17673,2011-12-10,2011-01-23 15:16:00,2011-12-08 12:50:00,2,6,227,118,1487,1629.12,271.52,2011-12-08 13:06:00,2011-12-08 13:06:00,1,1,1,2,6.9,3,Recent moderate purchasers and some cancellation activity
17674,2011-12-10,2010-12-06 10:20:00,2011-09-26 13:35:00,75,2,27,19,672,551.04,275.52,,,0,0,0,0,0.0,0,Recent moderate purchasers and minimal cancellations
17675,2011-12-10,2010-12-07 13:22:00,2011-12-08 18:03:00,2,31,704,238,8359,20359.28,656.751,2010-12-07 13:25:00,2011-10-24 15:52:00,10,16,14,82,276.18,1,Recent high-activity purchasers and frequent cancellations
17676,2011-12-10,2010-12-08 13:49:00,2011-12-05 15:16:00,5,6,78,49,932,1387.68,231.28,,,0,0,0,0,0.0,0,Recent moderate purchasers and minimal cancellations
17677,2011-12-10,2010-12-06 08:42:00,2011-12-08 09:56:00,2,30,304,178,9775,16363.23,545.441,2010-12-14 10:51:00,2011-10-17 16:53:00,13,17,13,50,144.01,1,Recent high-activity purchasers and frequent cancellations
17678,2011-12-10,2011-03-21 11:52:00,2011-03-21 11:52:00,264,1,16,16,207,298.11,298.11,,,0,0,0,0,0.0,2,Less recent infrequent purchasers
17679,2011-12-10,2011-09-15 10:35:00,2011-10-18 07:43:00,53,2,30,29,729,1992.11,996.055,,,0,0,0,0,0.0,0,Recent moderate purchasers and minimal cancellations
17680,2011-12-10,2011-11-16 12:42:00,2011-11-16 12:42:00,24,1,11,11,96,184.4,184.4,,,0,0,0,0,0.0,2,Less recent infrequent purchasers
17682,2011-12-10,2010-12-06 13:35:00,2011-11-29 15:59:00,11,6,118,48,1367,2474.33,412.3883,2011-06-01 14:49:00,2011-06-01 14:49:00,1,1,1,2,15.0,3,Recent moderate purchasers and some cancellation activity
17684,2011-12-10,2011-10-27 11:10:00,2011-10-27 11:10:00,44,1,15,15,145,239.41,239.41,,,0,0,0,0,0.0,2,Less recent infrequent purchasers
17685,2011-12-10,2010-12-02 14:42:00,2011-11-23 11:36:00,17,7,130,88,1956,3191.53,455.9329,,,0,0,0,0,0.0,0,Recent moderate purchasers and minimal cancellations
17686,2011-12-10,2011-02-10 10:18:00,2011-12-02 15:39:00,8,7,286,205,2478,5739.46,819.9229,,,0,0,0,0,0.0,0,Recent moderate purchasers and minimal cancellations
17690,2011-12-10,2010-12-01 16:15:00,2011-11-09 15:17:00,31,15,256,186,1773,4757.95,317.1967,2011-11-04 12:01:00,2011-11-04 12:01:00,1,2,2,6,9.5,3,Recent moderate purchasers and some cancellation activity
17691,2011-12-10,2010-12-06 11:10:00,2010-12-16 17:20:00,359,2,19,18,134,290.4,145.2,,,0,0,0,0,0.0,2,Less recent infrequent purchasers
17692,2011-12-10,2010-12-15 13:37:00,2011-08-04 14:01:00,128,4,45,33,624,725.58,181.395,2011-05-03 11:34:00,2011-05-03 11:34:00,1,1,1,6,7.5,3,Recent moderate purchasers and some cancellation activity
17693,2011-12-10,2011-07-25 15:48:00,2011-07-25 15:48:00,138,1,16,16,231,200.47,200.47,2011-07-26 16:22:00,2011-07-26 17:12:00,2,2,2,2,13.45,3,Recent moderate purchasers and some cancellation activity
17694,2011-12-10,2011-07-21 12:00:00,2011-07-21 12:00:00,142,1,15,15,184,283.12,283.12,,,0,0,0,0,0.0,2,Less recent infrequent purchasers
17695,2011-12-10,2011-06-21 12:35:00,2011-07-31 10:40:00,132,2,35,30,779,765.34,382.67,,,0,0,0,0,0.0,0,Recent moderate purchasers and minimal cancellations
17696,2011-12-10,2010-12-10 09:51:00,2011-11-01 13:43:00,39,8,115,78,1756,2285.71,285.7138,2011-01-06 18:09:00,2011-09-12 17:02:00,6,11,10,26,84.66,1,Recent high-activity purchasers and frequent cancellations
17697,2011-12-10,2011-04-17 15:40:00,2011-04-17 15:40:00,237,1,19,19,93,338.95,338.95,,,0,0,0,0,0.0,2,Less recent infrequent purchasers
17698,2011-12-10,2011-03-24 11:34:00,2011-03-24 11:34:00,261,1,8,8,93,154.95,154.95,,,0,0,0,0,0.0,2,Less recent infrequent purchasers
17700,2011-12-10,2011-03-03 16:34:00,2011-11-23 11:51:00,17,4,142,116,1266,2534.64,633.66,2010-12-09 15:33:00,2011-05-17 13:58:00,2,4,4,5,25.75,3,Recent moderate purchasers and some cancellation activity
17701,2011-12-10,2011-04-01 12:25:00,2011-04-01 12:25:00,253,1,24,24,109,417.95,417.95,,,0,0,0,0,0.0,2,Less recent infrequent purchasers
17702,2011-12-10,2011-05-17 16:23:00,2011-11-09 16:03:00,31,4,74,58,1353,1824.37,456.0925,2010-12-09 13:40:00,2011-09-21 16:42:00,2,6,6,33,104.65,1,Recent high-activity purchasers and frequent cancellations
17703,2011-12-10,2011-07-24 13:30:00,2011-11-04 15:51:00,36,3,55,47,590,798.74,266.2467,,,0,0,0,0,0.0,0,Recent moderate purchasers and minimal cancellations
17704,2011-12-10,2011-04-14 09:28:00,2011-06-24 09:40:00,169,2,31,27,343,885.19,442.595,,,0,0,0,0,0.0,0,Recent moderate purchasers and minimal cancellations
17705,2011-12-10,2011-02-11 10:57:00,2011-12-06 13:45:00,4,9,103,63,963,1823.52,202.6133,2011-08-31 12:26:00,2011-08-31 12:26:00,1,5,5,6,42.4,3,Recent moderate purchasers and some cancellation activity
17706,2011-12-10,2010-12-08 11:02:00,2011-12-05 13:34:00,5,17,382,270,3899,10504.49,617.9112,2011-07-11 13:33:00,2011-10-17 11:32:00,5,13,12,66,407.12,1,Recent high-activity purchasers and frequent cancellations
17707,2011-12-10,2011-01-07 13:30:00,2011-06-07 15:03:00,186,2,5,3,144,152.4,76.2,,,0,0,0,0,0.0,2,Less recent infrequent purchasers
17708,2011-12-10,2011-01-19 10:09:00,2011-06-05 10:12:00,188,2,35,28,91,267.08,133.54,,,0,0,0,0,0.0,2,Less recent infrequent purchasers
17709,2011-12-10,2011-06-23 11:55:00,2011-06-23 11:55:00,170,1,7,7,17,137.45,137.45,,,0,0,0,0,0.0,2,Less recent infrequent purchasers
17711,2011-12-10,2011-02-23 11:32:00,2011-11-29 11:40:00,11,2,23,22,246,385.1,192.55,,,0,0,0,0,0.0,2,Less recent infrequent purchasers
17712,2011-12-10,2011-10-26 12:28:00,2011-10-26 12:28:00,45,1,29,29,215,522.91,522.91,,,0,0,0,0,0.0,0,Recent moderate purchasers and minimal cancellations
17714,2011-12-10,2011-01-23 10:32:00,2011-01-23 10:32:00,321,1,10,10,92,153.0,153.0,,,0,0,0,0,0.0,2,Less recent infrequent purchasers
17715,2011-12-10,2011-05-23 12:32:00,2011-05-23 12:32:00,201,1,1,1,384,326.4,326.4,,,0,0,0,0,0.0,2,Less recent infrequent purchasers
17716,2011-12-10,2011-03-17 10:38:00,2011-11-17 12:00:00,23,11,245,171,3072,5655.99,514.1809,2011-09-22 09:41:00,2011-09-22 09:41:00,1,9,9,68,150.2,1,Recent high-activity purchasers and frequent cancellations
17718,2011-12-10,2011-04-21 13:39:00,2011-04-21 13:39:00,233,1,6,6,83,139.35,139.35,,,0,0,0,0,0.0,2,Less recent infrequent purchasers
17719,2011-12-10,2011-03-29 11:29:00,2011-11-02 10:36:00,38,15,274,111,2466,5396.04,359.736,2011-06-30 16:20:00,2011-08-18 06:33:00,3,4,3,11,28.24,1,Recent high-activity purchasers and frequent cancellations
17720,2011-12-10,2010-12-07 10:43:00,2011-11-13 15:04:00,27,4,50,39,576,1195.94,298.985,,,0,0,0,0,0.0,0,Recent moderate purchasers and minimal cancellations
17722,2011-12-10,2010-12-08 12:41:00,2011-09-04 15:22:00,97,4,115,111,1595,2424.04,606.01,2010-12-14 11:33:00,2011-01-26 17:04:00,2,5,5,23,43.4,3,Recent moderate purchasers and some cancellation activity
17723,2011-12-10,2011-05-09 14:44:00,2011-08-04 18:37:00,128,6,10,4,792,3276.4,546.0667,,,0,0,0,0,0.0,0,Recent moderate purchasers and minimal cancellations
17724,2011-12-10,2011-07-24 13:26:00,2011-09-29 15:26:00,72,3,40,38,300,1033.0,344.3333,2011-10-13 10:53:00,2011-10-13 10:53:00,1,5,5,11,37.35,3,Recent moderate purchasers and some cancellation activity
17725,2011-12-10,2011-03-17 19:47:00,2011-11-23 16:34:00,17,11,192,115,2162,3439.08,312.6436,2011-04-04 09:45:00,2011-06-16 14:54:00,3,6,5,21,67.95,1,Recent high-activity purchasers and frequent cancellations
17727,2011-12-10,2011-11-24 17:06:00,2011-11-24 17:06:00,16,1,66,66,645,1060.25,1060.25,2011-11-30 15:21:00,2011-11-30 15:21:00,1,1,1,6,17.7,3,Recent moderate purchasers and some cancellation activity
17728,2011-12-10,2011-09-14 11:39:00,2011-12-06 08:52:00,4,3,165,153,1469,2876.01,958.67,2011-11-18 15:37:00,2011-11-18 15:37:00,1,3,3,4,15.3,3,Recent moderate purchasers and some cancellation activity
17730,2011-12-10,2011-01-17 14:49:00,2011-12-06 15:43:00,4,13,218,127,3576,5298.48,407.5754,2011-01-25 12:49:00,2011-11-14 15:41:00,2,2,2,9,9.65,1,Recent high-activity purchasers and frequent cancellations
17731,2011-12-10,2011-06-09 14:18:00,2011-09-21 15:02:00,80,4,67,54,493,1240.11,310.0275,2011-06-26 15:47:00,2011-06-26 15:47:00,1,16,16,101,361.91,1,Recent high-activity purchasers and frequent cancellations
17732,2011-12-10,2010-12-02 09:29:00,2010-12-02 09:29:00,373,1,18,18,93,303.97,303.97,,,0,0,0,0,0.0,2,Less recent infrequent purchasers
17733,2011-12-10,2011-03-23 09:54:00,2011-11-01 08:16:00,39,2,35,33,463,692.19,346.095,,,0,0,0,0,0.0,0,Recent moderate purchasers and minimal cancellations
17734,2011-12-10,2011-04-20 10:04:00,2011-10-17 12:33:00,54,3,43,40,422,700.63,233.5433,,,0,0,0,0,0.0,0,Recent moderate purchasers and minimal cancellations
17735,2011-12-10,2010-12-07 10:32:00,2011-12-07 16:47:00,3,19,690,319,8439,13110.02,690.0011,,,0,0,0,0,0.0,0,Recent moderate purchasers and minimal cancellations
17736,2011-12-10,2011-08-18 14:33:00,2011-11-30 15:36:00,10,3,25,24,238,377.44,125.8133,2011-11-08 12:24:00,2011-11-08 12:24:00,1,1,1,1,39.95,3,Recent moderate purchasers and some cancellation activity
17737,2011-12-10,2011-10-12 14:42:00,2011-11-30 15:16:00,10,2,10,8,108,168.24,84.12,,,0,0,0,0,0.0,2,Less recent infrequent purchasers
17738,2011-12-10,2011-03-02 16:26:00,2011-11-20 15:05:00,20,4,97,89,1029,1879.05,469.7625,2011-07-19 13:26:00,2011-07-19 13:26:00,1,2,2,2,15.7,3,Recent moderate purchasers and some cancellation activity
17739,2011-12-10,2010-12-14 14:26:00,2011-11-28 09:12:00,12,7,47,29,861,2791.35,398.7643,2011-06-01 11:45:00,2011-06-01 11:45:00,1,1,1,5,5.3,3,Recent moderate purchasers and some cancellation activity
17742,2011-12-10,2011-01-11 10:04:00,2011-08-18 15:28:00,114,2,15,13,89,355.11,177.555,,,0,0,0,0,0.0,2,Less recent infrequent purchasers
17744,2011-12-10,2010-12-16 14:17:00,2011-12-06 12:11:00,4,6,136,110,3412,2322.4,387.0667,,,0,0,0,0,0.0,0,Recent moderate purchasers and minimal cancellations
17746,2011-12-10,2011-04-13 14:31:00,2011-04-13 14:31:00,241,1,6,6,29,110.25,110.25,2011-04-19 11:26:00,2011-04-19 11:26:00,1,2,2,3,11.45,2,Less recent infrequent purchasers
17747,2011-12-10,2011-08-19 08:13:00,2011-08-19 08:13:00,113,1,1,1,12,71.4,71.4,2011-08-31 13:29:00,2011-08-31 13:29:00,1,1,1,1,6.75,2,Less recent infrequent purchasers
17749,2011-12-10,2011-03-28 13:39:00,2011-06-14 15:45:00,179,2,35,33,320,674.52,337.26,,,0,0,0,0,0.0,0,Recent moderate purchasers and minimal cancellations
17750,2011-12-10,2011-06-28 15:44:00,2011-12-04 14:09:00,6,9,191,100,3906,1781.28,197.92,,,0,0,0,0,0.0,0,Recent moderate purchasers and minimal cancellations
17752,2011-12-10,2010-12-15 16:19:00,2010-12-15 16:19:00,360,1,1,1,192,80.64,80.64,,,0,0,0,0,0.0,2,Less recent infrequent purchasers
17754,2011-12-10,2011-03-24 13:54:00,2011-12-09 11:20:00,1,5,92,82,1869,1772.26,354.452,2011-03-24 14:07:00,2011-03-24 14:07:00,1,1,1,49,32.34,3,Recent moderate purchasers and some cancellation activity
17757,2011-12-10,2010-12-02 17:17:00,2011-12-08 15:31:00,2,30,740,274,3319,5601.34,186.7113,2011-06-29 15:31:00,2011-06-29 15:31:00,1,1,1,4,19.8,1,Recent high-activity purchasers and frequent cancellations
17758,2011-12-10,2011-04-03 15:22:00,2011-11-20 14:45:00,20,8,412,310,2091,3456.7,432.0875,,,0,0,0,0,0.0,0,Recent moderate purchasers and minimal cancellations
17759,2011-12-10,2011-06-23 13:35:00,2011-11-22 16:02:00,18,3,94,81,707,833.74,277.9133,,,0,0,0,0,0.0,0,Recent moderate purchasers and minimal cancellations
17760,2011-12-10,2010-12-01 15:08:00,2011-11-18 10:56:00,22,2,25,25,239,287.59,143.795,,,0,0,0,0,0.0,2,Less recent infrequent purchasers
17761,2011-12-10,2011-11-07 10:23:00,2011-11-07 10:23:00,33,1,19,19,398,712.78,712.78,,,0,0,0,0,0.0,0,Recent moderate purchasers and minimal cancellations
17763,2011-12-10,2011-03-21 14:25:00,2011-03-21 14:25:00,264,1,1,1,12,15.0,15.0,,,0,0,0,0,0.0,2,Less recent infrequent purchasers
17764,2011-12-10,2011-05-12 16:11:00,2011-10-20 11:03:00,51,2,75,71,395,818.82,409.41,,,0,0,0,0,0.0,0,Recent moderate purchasers and minimal cancellations
17765,2011-12-10,2011-03-28 11:58:00,2011-07-04 12:41:00,159,3,57,51,144,371.88,123.96,,,0,0,0,0,0.0,2,Less recent infrequent purchasers
17767,2011-12-10,2011-11-24 14:42:00,2011-11-24 14:42:00,16,1,21,21,128,271.2,271.2,,,0,0,0,0,0.0,2,Less recent infrequent purchasers
17768,2011-12-10,2011-06-26 13:46:00,2011-12-01 13:22:00,9,3,105,77,1186,2273.18,757.7267,,,0,0,0,0,0.0,0,Recent moderate purchasers and minimal cancellations
17769,2011-12-10,2011-01-23 11:15:00,2011-11-27 11:18:00,13,10,310,200,1862,3997.98,399.798,2011-10-16 11:07:00,2011-11-14 13:28:00,2,3,3,5,37.35,1,Recent high-activity purchasers and frequent cancellations
17770,2011-12-10,2011-03-02 13:35:00,2011-05-25 12:34:00,199,5,38,33,365,1143.27,228.654,,,0,0,0,0,0.0,0,Recent moderate purchasers and minimal cancellations
17771,2011-12-10,2011-01-20 14:13:00,2011-10-14 11:43:00,57,2,53,50,283,245.33,122.665,,,0,0,0,0,0.0,0,Recent moderate purchasers and minimal cancellations
17772,2011-12-10,2011-11-29 10:57:00,2011-11-29 11:05:00,11,2,53,50,58,182.77,91.385,,,0,0,0,0,0.0,2,Less recent infrequent purchasers
17774,2011-12-10,2011-02-07 13:13:00,2011-09-04 12:49:00,97,4,156,123,512,1225.41,306.3525,2011-09-04 12:15:00,2011-09-04 12:15:00,1,1,1,1,9.95,3,Recent moderate purchasers and some cancellation activity
17775,2011-12-10,2011-03-30 10:50:00,2011-03-30 10:50:00,255,1,3,3,72,56.4,56.4,,,0,0,0,0,0.0,2,Less recent infrequent purchasers
17777,2011-12-10,2011-08-31 14:35:00,2011-11-15 12:02:00,25,3,194,141,507,665.86,221.9533,,,0,0,0,0,0.0,0,Recent moderate purchasers and minimal cancellations
17779,2011-12-10,2011-07-19 12:19:00,2011-11-18 14:15:00,22,3,82,73,397,658.57,219.5233,2011-09-13 13:59:00,2011-11-18 14:13:00,2,2,2,3,16.4,3,Recent moderate purchasers and some cancellation activity
17781,2011-12-10,2011-03-31 19:54:00,2011-07-03 16:00:00,160,2,12,12,34,188.02,94.01,,,0,0,0,0,0.0,2,Less recent infrequent purchasers
17783,2011-12-10,2011-04-06 10:07:00,2011-09-28 16:07:00,73,2,67,67,354,283.47,141.735,,,0,0,0,0,0.0,0,Recent moderate purchasers and minimal cancellations
17785,2011-12-10,2011-10-17 13:43:00,2011-10-17 13:43:00,54,1,13,13,67,131.94,131.94,,,0,0,0,0,0.0,2,Less recent infrequent purchasers
17786,2011-12-10,2011-01-26 14:35:00,2011-09-15 12:51:00,86,2,72,57,200,278.74,139.37,,,0,0,0,0,0.0,0,Recent moderate purchasers and minimal cancellations
17787,2011-12-10,2010-12-03 13:43:00,2011-07-10 11:24:00,153,4,134,94,910,1865.19,466.2975,,,0,0,0,0,0.0,0,Recent moderate purchasers and minimal cancellations
17788,2011-12-10,2011-08-02 10:38:00,2011-09-27 10:09:00,74,2,4,2,210,1112.95,556.475,,,0,0,0,0,0.0,2,Less recent infrequent purchasers
17789,2011-12-10,2011-03-03 13:14:00,2011-03-03 13:14:00,282,1,14,14,74,225.9,225.9,,,0,0,0,0,0.0,2,Less recent infrequent purchasers
17790,2011-12-10,2010-12-10 10:47:00,2011-11-13 11:30:00,27,14,190,121,836,1965.55,140.3964,,,0,0,0,0,0.0,0,Recent moderate purchasers and minimal cancellations
17791,2011-12-10,2011-11-10 12:09:00,2011-11-10 12:09:00,30,1,10,10,46,106.1,106.1,,,0,0,0,0,0.0,2,Less recent infrequent purchasers
17793,2011-12-10,2011-11-14 14:24:00,2011-11-14 14:24:00,26,1,58,49,232,323.04,323.04,,,0,0,0,0,0.0,0,Recent moderate purchasers and minimal cancellations
17795,2011-12-10,2011-03-20 12:02:00,2011-06-13 12:36:00,180,2,46,43,341,350.39,175.195,,,0,0,0,0,0.0,2,Less recent infrequent purchasers
17796,2011-12-10,2010-12-05 12:23:00,2011-10-30 15:38:00,41,4,82,63,178,697.9,174.475,,,0,0,0,0,0.0,0,Recent moderate purchasers and minimal cancellations
17797,2011-12-10,2011-06-10 11:29:00,2011-11-17 13:21:00,23,3,111,102,498,780.43,260.1433,,,0,0,0,0,0.0,0,Recent moderate purchasers and minimal cancellations
17799,2011-12-10,2010-12-13 13:10:00,2011-11-17 15:16:00,23,10,408,280,1758,3055.93,305.593,2011-01-24 12:58:00,2011-01-24 12:58:00,1,2,2,3,29.85,3,Recent moderate purchasers and some cancellation activity
17800,2011-12-10,2011-01-09 13:50:00,2011-11-02 12:57:00,38,9,103,50,735,1198.01,133.1122,,,0,0,0,0,0.0,0,Recent moderate purchasers and minimal cancellations
17802,2011-12-10,2010-12-02 13:44:00,2011-09-18 14:56:00,83,3,140,102,752,1285.04,428.3467,2011-06-12 14:56:00,2011-06-12 14:56:00,1,7,7,9,33.2,3,Recent moderate purchasers and some cancellation activity
17805,2011-12-10,2011-09-27 11:49:00,2011-09-27 11:49:00,74,1,10,10,478,512.31,512.31,,,0,0,0,0,0.0,2,Less recent infrequent purchasers
17806,2011-12-10,2011-11-28 14:12:00,2011-11-28 14:12:00,12,1,43,43,727,546.04,546.04,,,0,0,0,0,0.0,0,Recent moderate purchasers and minimal cancellations
17809,2011-12-10,2010-12-01 09:41:00,2011-11-23 12:59:00,17,12,61,46,2057,5411.91,450.9925,2011-06-24 15:05:00,2011-11-23 13:00:00,2,2,2,41,67.06,3,Recent moderate purchasers and some cancellation activity
17811,2011-12-10,2011-01-10 10:58:00,2011-12-05 13:46:00,5,39,850,358,4176,7831.03,200.7956,2011-03-21 12:38:00,2011-11-28 14:31:00,12,21,17,49,160.02,1,Recent high-activity purchasers and frequent cancellations
17812,2011-12-10,2010-12-06 15:27:00,2011-11-27 11:47:00,13,4,141,113,350,732.16,183.04,,,0,0,0,0,0.0,0,Recent moderate purchasers and minimal cancellations
17813,2011-12-10,2011-09-29 15:57:00,2011-11-25 16:13:00,15,5,371,297,790,1770.88,354.176,2011-10-06 11:40:00,2011-10-13 14:27:00,2,7,7,13,56.28,1,Recent high-activity purchasers and frequent cancellations
17816,2011-12-10,2010-12-09 14:10:00,2011-11-03 11:34:00,37,4,17,16,30,36.56,9.14,,,0,0,0,0,0.0,2,Less recent infrequent purchasers
17817,2011-12-10,2011-03-07 17:30:00,2011-12-05 14:39:00,5,3,33,32,67,387.68,129.2267,,,0,0,0,0,0.0,2,Less recent infrequent purchasers
17819,2011-12-10,2010-12-03 14:26:00,2011-09-29 10:52:00,72,7,48,36,1031,3704.87,529.2671,2011-02-15 15:46:00,2011-02-15 15:46:00,1,1,1,4,43.8,3,Recent moderate purchasers and some cancellation activity
17824,2011-12-10,2011-10-19 14:14:00,2011-10-19 14:14:00,52,1,13,13,408,298.4,298.4,,,0,0,0,0,0.0,2,Less recent infrequent purchasers
17827,2011-12-10,2010-12-10 10:18:00,2011-12-04 15:00:00,6,5,220,190,1247,1995.46,399.092,,,0,0,0,0,0.0,0,Recent moderate purchasers and minimal cancellations
17828,2011-12-10,2011-06-08 08:31:00,2011-11-17 08:41:00,23,4,64,53,655,1165.09,291.2725,2011-06-16 14:43:00,2011-12-01 09:34:00,4,14,7,24,90.12,1,Recent high-activity purchasers and frequent cancellations
17829,2011-12-10,2011-02-14 12:46:00,2011-02-14 12:46:00,299,1,30,30,496,889.24,889.24,,,0,0,0,0,0.0,0,Recent moderate purchasers and minimal cancellations
17830,2011-12-10,2011-02-24 10:15:00,2011-12-08 12:28:00,2,3,23,18,92,398.7,132.9,,,0,0,0,0,0.0,2,Less recent infrequent purchasers
17831,2011-12-10,2011-11-06 15:09:00,2011-11-06 15:09:00,34,1,2,2,12,35.4,35.4,,,0,0,0,0,0.0,2,Less recent infrequent purchasers
17832,2011-12-10,2011-10-21 11:43:00,2011-10-21 11:43:00,50,1,61,61,208,155.37,155.37,,,0,0,0,0,0.0,2,Less recent infrequent purchasers
17835,2011-12-10,2011-11-16 16:30:00,2011-12-07 11:48:00,3,3,61,45,348,350.64,116.88,,,0,0,0,0,0.0,0,Recent moderate purchasers and minimal cancellations
17836,2011-12-10,2011-10-23 16:13:00,2011-10-23 16:13:00,48,1,23,22,87,109.83,109.83,,,0,0,0,0,0.0,2,Less recent infrequent purchasers
17837,2011-12-10,2011-06-29 16:44:00,2011-10-28 16:13:00,43,8,168,109,516,1587.48,198.435,2011-07-07 17:09:00,2011-10-28 16:15:00,2,3,3,3,32.85,3,Recent moderate purchasers and some cancellation activity
17838,2011-12-10,2010-12-02 15:55:00,2011-11-13 11:20:00,27,5,121,96,1879,2779.3,555.86,2011-11-13 11:38:00,2011-11-13 11:38:00,1,16,15,458,466.6,1,Recent high-activity purchasers and frequent cancellations
17839,2011-12-10,2011-10-28 17:27:00,2011-10-28 17:27:00,43,1,56,50,285,338.8,338.8,,,0,0,0,0,0.0,0,Recent moderate purchasers and minimal cancellations
17841,2011-12-10,2010-12-01 14:41:00,2011-12-08 12:07:00,2,124,7838,1322,23053,40967.72,330.3848,2010-12-01 14:30:00,2011-11-23 13:54:00,45,133,106,203,634.5,1,Recent high-activity purchasers and frequent cancellations
17843,2011-12-10,2011-02-09 15:33:00,2011-02-09 15:33:00,304,1,35,35,88,197.73,197.73,,,0,0,0,0,0.0,2,Less recent infrequent purchasers
17844,2011-12-10,2011-08-25 11:27:00,2011-08-25 11:27:00,107,1,5,5,52,51.56,51.56,,,0,0,0,0,0.0,2,Less recent infrequent purchasers
17848,2011-12-10,2010-12-16 18:38:00,2011-09-19 16:49:00,82,9,51,41,398,901.2,100.1333,,,0,0,0,0,0.0,0,Recent moderate purchasers and minimal cancellations
17849,2011-12-10,2011-01-10 11:59:00,2011-05-05 13:46:00,219,4,26,14,114,605.8,151.45,,,0,0,0,0,0.0,2,Less recent infrequent purchasers
17850,2011-12-10,2010-12-01 08:26:00,2010-12-02 15:27:00,373,34,297,21,1733,5391.21,158.565,2011-02-10 14:38:00,2011-02-10 14:38:00,1,15,9,40,102.58,1,Recent high-activity purchasers and frequent cancellations
17852,2011-12-10,2011-11-28 12:31:00,2011-11-28 12:36:00,12,2,24,21,53,114.34,57.17,,,0,0,0,0,0.0,2,Less recent infrequent purchasers
17854,2011-12-10,2011-04-26 16:53:00,2011-06-07 16:21:00,186,2,15,15,84,311.26,155.63,,,0,0,0,0,0.0,2,Less recent infrequent purchasers
17855,2011-12-10,2010-12-02 09:44:00,2010-12-02 09:44:00,373,1,17,17,197,208.97,208.97,,,0,0,0,0,0.0,2,Less recent infrequent purchasers
17856,2011-12-10,2011-03-03 11:40:00,2011-12-08 09:40:00,2,4,14,11,841,1403.03,350.7575,2011-04-20 12:59:00,2011-04-20 13:11:00,2,2,2,16,24.24,3,Recent moderate purchasers and some cancellation activity
17857,2011-12-10,2010-12-09 11:35:00,2011-12-05 13:13:00,5,22,48,18,14822,25301.54,1150.07,2011-03-18 12:15:00,2011-12-06 13:41:00,2,2,2,170,115.7,1,Recent high-activity purchasers and frequent cancellations
17858,2011-12-10,2010-12-05 13:08:00,2011-12-04 11:56:00,6,12,199,101,2706,5155.66,429.6383,,,0,0,0,0,0.0,0,Recent moderate purchasers and minimal cancellations
17859,2011-12-10,2011-02-08 10:32:00,2011-02-08 10:32:00,305,1,25,23,127,148.21,148.21,,,0,0,0,0,0.0,2,Less recent infrequent purchasers
17860,2011-12-10,2010-12-06 12:41:00,2010-12-06 12:41:00,369,1,58,49,104,252.8,252.8,,,0,0,0,0,0.0,2,Less recent infrequent purchasers
17861,2011-12-10,2011-01-24 11:34:00,2011-12-06 16:21:00,4,8,222,172,1988,2100.8,262.6,2011-07-07 12:29:00,2011-07-07 12:29:00,1,1,1,20,41.6,3,Recent moderate purchasers and some cancellation activity
17862,2011-12-10,2011-01-20 12:23:00,2011-01-20 12:23:00,324,1,11,11,100,330.9,330.9,,,0,0,0,0,0.0,2,Less recent infrequent purchasers
17863,2011-12-10,2010-12-05 13:21:00,2011-10-11 13:45:00,60,6,148,110,2638,3160.0,526.6667,,,0,0,0,0,0.0,0,Recent moderate purchasers and minimal cancellations
17864,2011-12-10,2011-03-09 11:44:00,2011-11-27 11:15:00,13,3,102,70,810,597.5,199.1667,,,0,0,0,0,0.0,0,Recent moderate purchasers and minimal cancellations
17865,2011-12-10,2010-12-10 14:53:00,2011-11-09 12:08:00,31,20,369,190,5756,10524.22,526.211,2011-02-21 11:46:00,2011-11-01 09:46:00,7,19,10,59,367.78,1,Recent high-activity purchasers and frequent cancellations
17866,2011-12-10,2011-07-20 11:07:00,2011-07-20 11:07:00,143,1,9,9,174,329.65,329.65,2011-07-20 11:09:00,2011-07-20 11:09:00,1,1,1,1,3.95,2,Less recent infrequent purchasers
17867,2011-12-10,2011-02-24 12:25:00,2011-11-09 14:15:00,31,6,79,62,542,1197.1,199.5167,2011-02-24 12:27:00,2011-09-23 14:50:00,2,2,2,289,574.35,3,Recent moderate purchasers and some cancellation activity
17869,2011-12-10,2010-12-06 17:16:00,2011-08-24 16:16:00,108,5,40,37,111,428.18,85.636,,,0,0,0,0,0.0,2,Less recent infrequent purchasers
17870,2011-12-10,2010-12-08 08:12:00,2011-12-07 15:07:00,3,12,279,214,1401,1894.35,157.8625,2011-09-29 10:20:00,2011-09-29 10:20:00,1,1,1,1,4.95,3,Recent moderate purchasers and some cancellation activity
17871,2011-12-10,2011-05-19 11:32:00,2011-05-19 11:32:00,205,1,10,10,182,155.9,155.9,,,0,0,0,0,0.0,2,Less recent infrequent purchasers
17873,2011-12-10,2010-12-01 14:54:00,2011-09-20 16:41:00,81,5,43,23,1046,1729.78,345.956,2011-04-13 14:30:00,2011-04-13 14:30:00,1,2,2,48,94.8,3,Recent moderate purchasers and some cancellation activity
17874,2011-12-10,2011-03-29 11:25:00,2011-06-07 12:54:00,186,6,46,37,221,683.46,113.91,2011-04-28 11:41:00,2011-04-28 11:41:00,1,1,1,12,25.2,3,Recent moderate purchasers and some cancellation activity
17877,2011-12-10,2011-06-22 13:00:00,2011-06-22 13:00:00,171,1,12,12,98,237.61,237.61,,,0,0,0,0,0.0,2,Less recent infrequent purchasers
17878,2011-12-10,2011-10-27 11:24:00,2011-10-27 11:24:00,44,1,26,26,401,379.45,379.45,,,0,0,0,0,0.0,0,Recent moderate purchasers and minimal cancellations
17879,2011-12-10,2011-06-19 12:36:00,2011-06-19 12:36:00,174,1,6,6,45,178.52,178.52,,,0,0,0,0,0.0,2,Less recent infrequent purchasers
17880,2011-12-10,2010-12-10 10:21:00,2010-12-10 10:21:00,365,1,26,26,314,458.92,458.92,,,0,0,0,0,0.0,2,Less recent infrequent purchasers
17881,2011-12-10,2011-02-08 17:16:00,2011-02-08 17:16:00,305,1,8,8,32,133.35,133.35,,,0,0,0,0,0.0,2,Less recent infrequent purchasers
17883,2011-12-10,2011-04-07 19:16:00,2011-12-06 17:49:00,4,4,145,133,379,671.77,167.9425,,,0,0,0,0,0.0,0,Recent moderate purchasers and minimal cancellations
17884,2011-12-10,2010-12-03 12:11:00,2011-12-06 11:33:00,4,4,117,107,854,717.45,179.3625,,,0,0,0,0,0.0,0,Recent moderate purchasers and minimal cancellations
17885,2011-12-10,2011-11-27 14:40:00,2011-11-27 14:40:00,13,1,64,50,167,190.19,190.19,,,0,0,0,0,0.0,0,Recent moderate purchasers and minimal cancellations
17886,2011-12-10,2011-04-04 12:34:00,2011-11-08 10:09:00,32,3,109,93,481,899.61,299.87,,,0,0,0,0,0.0,0,Recent moderate purchasers and minimal cancellations
17887,2011-12-10,2011-08-02 17:29:00,2011-08-02 17:29:00,130,1,10,10,30,111.35,111.35,,,0,0,0,0,0.0,2,Less recent infrequent purchasers
17888,2011-12-10,2010-12-17 13:56:00,2011-11-18 13:45:00,22,8,67,60,980,726.05,90.7563,2011-07-01 13:22:00,2011-11-21 10:18:00,2,14,14,549,200.27,1,Recent high-activity purchasers and frequent cancellations
17889,2011-12-10,2011-01-21 17:14:00,2011-05-11 16:26:00,213,2,21,20,79,203.87,101.935,,,0,0,0,0,0.0,2,Less recent infrequent purchasers
17890,2011-12-10,2010-12-13 15:12:00,2011-01-21 11:19:00,323,2,94,88,416,602.09,301.045,,,0,0,0,0,0.0,0,Recent moderate purchasers and minimal cancellations
17891,2011-12-10,2011-06-30 20:08:00,2011-06-30 20:08:00,163,1,34,34,393,203.86,203.86,,,0,0,0,0,0.0,2,Less recent infrequent purchasers
17892,2011-12-10,2011-07-07 12:56:00,2011-10-14 16:49:00,57,3,28,27,109,244.1,81.3667,,,0,0,0,0,0.0,2,Less recent infrequent purchasers
17893,2011-12-10,2011-04-28 13:50:00,2011-04-28 13:50:00,226,1,16,15,161,112.25,112.25,,,0,0,0,0,0.0,2,Less recent infrequent purchasers
17894,2011-12-10,2010-12-08 14:50:00,2011-09-29 09:23:00,72,8,192,126,403,1119.39,139.9238,,,0,0,0,0,0.0,0,Recent moderate purchasers and minimal cancellations
17895,2011-12-10,2011-10-26 17:00:00,2011-10-26 17:00:00,45,1,16,15,130,98.0,98.0,,,0,0,0,0,0.0,2,Less recent infrequent purchasers
17896,2011-12-10,2011-11-16 13:59:00,2011-11-16 13:59:00,24,1,2,2,288,256.32,256.32,,,0,0,0,0,0.0,2,Less recent infrequent purchasers
17897,2011-12-10,2010-12-01 12:31:00,2011-06-20 11:23:00,173,3,114,100,229,566.6,188.8667,2010-12-01 12:38:00,2010-12-01 12:38:00,1,1,1,6,25.5,3,Recent moderate purchasers and some cancellation activity
17898,2011-12-10,2011-05-16 17:13:00,2011-09-15 14:56:00,86,2,28,27,190,152.06,76.03,,,0,0,0,0,0.0,2,Less recent infrequent purchasers
17899,2011-12-10,2011-07-03 14:58:00,2011-07-03 14:58:00,160,1,32,29,171,155.8,155.8,,,0,0,0,0,0.0,2,Less recent infrequent purchasers
17900,2011-12-10,2011-06-02 14:28:00,2011-06-02 14:38:00,191,2,5,3,72,97.2,48.6,2011-06-28 12:04:00,2011-06-28 12:09:00,2,5,3,72,97.2,3,Recent moderate purchasers and some cancellation activity
17901,2011-12-10,2011-11-10 17:29:00,2011-11-10 17:29:00,30,1,19,19,24,110.38,110.38,,,0,0,0,0,0.0,2,Less recent infrequent purchasers
17904,2011-12-10,2011-11-18 12:57:00,2011-11-18 12:57:00,22,1,38,33,63,191.67,191.67,2011-11-18 13:57:00,2011-11-18 13:57:00,1,1,1,1,12.75,2,Less recent infrequent purchasers
17905,2011-12-10,2010-12-01 13:21:00,2011-09-29 17:33:00,72,4,34,33,407,800.24,200.06,,,0,0,0,0,0.0,0,Recent moderate purchasers and minimal cancellations
17906,2011-12-10,2011-04-06 17:25:00,2011-04-06 17:25:00,248,1,12,12,26,72.9,72.9,,,0,0,0,0,0.0,2,Less recent infrequent purchasers
17908,2011-12-10,2010-12-01 11:45:00,2010-12-01 11:45:00,374,1,58,51,173,243.28,243.28,,,0,0,0,0,0.0,2,Less recent infrequent purchasers
17911,2011-12-10,2011-11-30 14:52:00,2011-11-30 14:52:00,10,1,39,39,223,366.23,366.23,,,0,0,0,0,0.0,0,Recent moderate purchasers and minimal cancellations
17912,2011-12-10,2010-12-10 11:11:00,2011-02-02 14:25:00,311,5,38,35,185,311.01,62.202,2010-12-15 16:54:00,2010-12-15 16:54:00,1,2,2,2,15.4,3,Recent moderate purchasers and some cancellation activity
17913,2011-12-10,2010-12-19 11:35:00,2011-10-12 10:45:00,59,2,59,55,289,411.6,205.8,,,0,0,0,0,0.0,0,Recent moderate purchasers and minimal cancellations
17914,2011-12-10,2011-12-06 11:58:00,2011-12-06 11:58:00,4,1,80,72,473,336.43,336.43,,,0,0,0,0,0.0,0,Recent moderate purchasers and minimal cancellations
17917,2011-12-10,2010-12-12 12:08:00,2011-10-25 13:20:00,46,3,94,77,187,341.28,113.76,,,0,0,0,0,0.0,0,Recent moderate purchasers and minimal cancellations
17919,2011-12-10,2011-09-12 13:41:00,2011-09-12 13:41:00,89,1,23,23,756,1304.04,1304.04,,,0,0,0,0,0.0,0,Recent moderate purchasers and minimal cancellations
17920,2011-12-10,2010-12-01 11:49:00,2011-12-05 14:29:00,5,17,695,406,2514,4192.2,246.6,,,0,0,0,0,0.0,0,Recent moderate purchasers and minimal cancellations
17921,2011-12-10,2011-03-18 13:19:00,2011-10-06 18:56:00,65,4,145,114,430,826.52,206.63,,,0,0,0,0,0.0,0,Recent moderate purchasers and minimal cancellations
17923,2011-12-10,2011-03-02 15:15:00,2011-03-02 15:15:00,283,1,1,1,50,207.5,207.5,,,0,0,0,0,0.0,2,Less recent infrequent purchasers
17924,2011-12-10,2010-12-01 10:51:00,2011-11-28 09:11:00,12,7,31,26,1160,2962.5,423.2143,2010-12-02 17:30:00,2011-12-08 19:28:00,6,7,4,19,68.17,1,Recent high-activity purchasers and frequent cancellations
17925,2011-12-10,2010-12-02 10:10:00,2010-12-02 10:10:00,373,1,1,1,72,244.08,244.08,,,0,0,0,0,0.0,2,Less recent infrequent purchasers
17926,2011-12-10,2011-05-20 09:24:00,2011-07-29 14:39:00,134,2,21,17,306,397.29,198.645,,,0,0,0,0,0.0,2,Less recent infrequent purchasers
17928,2011-12-10,2011-04-07 18:03:00,2011-10-25 13:52:00,46,2,22,22,68,184.46,92.23,,,0,0,0,0,0.0,2,Less recent infrequent purchasers
17929,2011-12-10,2011-02-04 11:40:00,2011-11-28 16:01:00,12,4,5,4,108,843.0,210.75,2011-09-23 12:50:00,2011-09-23 12:50:00,1,1,1,1,8.5,2,Less recent infrequent purchasers
17930,2011-12-10,2011-04-14 15:46:00,2011-11-04 10:23:00,36,5,39,26,1594,1740.48,348.096,,,0,0,0,0,0.0,0,Recent moderate purchasers and minimal cancellations
17931,2011-12-10,2011-03-29 12:31:00,2011-07-28 18:33:00,135,2,65,63,249,408.36,204.18,,,0,0,0,0,0.0,0,Recent moderate purchasers and minimal cancellations
17932,2011-12-10,2011-05-12 13:58:00,2011-11-10 19:49:00,30,3,90,84,789,1331.57,443.8567,,,0,0,0,0,0.0,0,Recent moderate purchasers and minimal cancellations
17934,2011-12-10,2011-10-12 10:50:00,2011-10-19 11:16:00,52,2,21,21,478,704.25,352.125,,,0,0,0,0,0.0,0,Recent moderate purchasers and minimal cancellations
17935,2011-12-10,2011-07-21 11:23:00,2011-07-24 13:18:00,139,2,28,27,81,142.89,71.445,,,0,0,0,0,0.0,2,Less recent infrequent purchasers
17936,2011-12-10,2011-12-04 13:32:00,2011-12-04 13:32:00,6,1,77,68,262,389.84,389.84,,,0,0,0,0,0.0,0,Recent moderate purchasers and minimal cancellations
17937,2011-12-10,2010-12-12 14:43:00,2011-12-01 11:45:00,9,7,43,19,1754,4301.22,614.46,,,0,0,0,0,0.0,0,Recent moderate purchasers and minimal cancellations
17939,2011-12-10,2011-07-03 12:27:00,2011-07-03 12:27:00,160,1,12,12,40,99.14,99.14,,,0,0,0,0,0.0,2,Less recent infrequent purchasers
17940,2011-12-10,2011-02-10 09:29:00,2011-10-21 13:27:00,50,9,18,5,9754,2238.58,248.7311,2011-04-08 14:17:00,2011-04-27 10:22:00,2,2,1,2,1987.86,3,Recent moderate purchasers and some cancellation activity
17941,2011-12-10,2011-08-01 08:30:00,2011-08-01 08:30:00,131,1,2,2,252,304.56,304.56,,,0,0,0,0,0.0,2,Less recent infrequent purchasers
17942,2011-12-10,2011-12-02 10:45:00,2011-12-02 10:45:00,8,1,2,2,38,77.5,77.5,,,0,0,0,0,0.0,2,Less recent infrequent purchasers
17946,2011-12-10,2011-03-25 14:34:00,2011-04-20 17:00:00,234,2,20,18,75,149.58,74.79,,,0,0,0,0,0.0,2,Less recent infrequent purchasers
17947,2011-12-10,2011-11-02 13:05:00,2011-11-02 13:05:00,38,1,9,9,168,176.68,176.68,,,0,0,0,0,0.0,2,Less recent infrequent purchasers
17948,2011-12-10,2011-07-15 12:58:00,2011-07-15 12:58:00,148,1,1,1,144,358.56,358.56,,,0,0,0,0,0.0,2,Less recent infrequent purchasers
17949,2011-12-10,2010-12-03 13:12:00,2011-12-08 18:46:00,2,44,69,28,30450,58030.48,1318.8745,2011-06-30 12:44:00,2011-12-02 11:42:00,5,7,7,2878,4814.74,1,Recent high-activity purchasers and frequent cancellations
17950,2011-12-10,2010-12-09 15:16:00,2011-09-28 15:18:00,73,3,71,63,366,482.2,160.7333,2010-12-09 15:24:00,2010-12-09 15:24:00,1,1,1,24,10.08,3,Recent moderate purchasers and some cancellation activity
17951,2011-12-10,2010-12-01 12:40:00,2011-10-31 12:30:00,40,3,20,18,616,1008.54,336.18,2010-12-20 13:55:00,2010-12-20 13:55:00,1,1,1,6,17.7,3,Recent moderate purchasers and some cancellation activity
17954,2011-12-10,2010-12-03 14:18:00,2011-12-04 14:15:00,6,12,485,326,2234,2332.72,194.3933,2010-12-03 14:19:00,2011-03-15 11:36:00,4,4,4,5,37.35,1,Recent high-activity purchasers and frequent cancellations
17955,2011-12-10,2011-05-04 12:29:00,2011-05-25 12:00:00,199,4,19,14,273,557.3,139.325,,,0,0,0,0,0.0,2,Less recent infrequent purchasers
17956,2011-12-10,2011-04-04 13:47:00,2011-04-04 13:47:00,250,1,1,1,1,12.75,12.75,,,0,0,0,0,0.0,2,Less recent infrequent purchasers
17957,2011-12-10,2011-10-04 14:58:00,2011-10-04 14:58:00,67,1,30,30,275,110.72,110.72,,,0,0,0,0,0.0,2,Less recent infrequent purchasers
17958,2011-12-10,2011-08-15 12:19:00,2011-08-15 12:19:00,117,1,7,7,84,508.46,508.46,,,0,0,0,0,0.0,2,Less recent infrequent purchasers
17960,2011-12-10,2011-06-21 14:15:00,2011-06-21 14:15:00,172,1,26,26,41,73.78,73.78,,,0,0,0,0,0.0,2,Less recent infrequent purchasers
17961,2011-12-10,2010-12-02 19:18:00,2011-11-18 16:55:00,22,39,249,211,560,1296.44,33.2421,,,0,0,0,0,0.0,0,Recent moderate purchasers and minimal cancellations
17962,2011-12-10,2011-07-20 14:16:00,2011-07-20 14:16:00,143,1,35,33,128,102.83,102.83,,,0,0,0,0,0.0,2,Less recent infrequent purchasers
17964,2011-12-10,2010-12-02 13:32:00,2011-11-08 10:44:00,32,2,104,84,301,471.7,235.85,,,0,0,0,0,0.0,0,Recent moderate purchasers and minimal cancellations
17965,2011-12-10,2010-12-05 15:54:00,2011-11-02 09:31:00,38,14,329,274,1556,2622.57,187.3264,,,0,0,0,0,0.0,0,Recent moderate purchasers and minimal cancellations
17966,2011-12-10,2011-03-23 17:25:00,2011-11-02 10:26:00,38,5,68,53,2571,1098.43,219.686,,,0,0,0,0,0.0,0,Recent moderate purchasers and minimal cancellations
17967,2011-12-10,2010-12-03 11:19:00,2010-12-03 11:19:00,372,1,48,41,80,123.07,123.07,,,0,0,0,0,0.0,2,Less recent infrequent purchasers
17968,2011-12-10,2010-12-01 12:23:00,2010-12-01 12:23:00,374,1,85,74,160,277.35,277.35,,,0,0,0,0,0.0,2,Less recent infrequent purchasers
17969,2011-12-10,2010-12-13 15:34:00,2011-06-26 13:00:00,167,2,14,14,152,228.2,114.1,,,0,0,0,0,0.0,2,Less recent infrequent purchasers
17970,2011-12-10,2011-05-12 20:03:00,2011-05-12 20:03:00,212,1,31,27,525,582.59,582.59,,,0,0,0,0,0.0,0,Recent moderate purchasers and minimal cancellations
17972,2011-12-10,2011-04-12 12:16:00,2011-04-12 12:16:00,242,1,31,30,37,136.04,136.04,,,0,0,0,0,0.0,2,Less recent infrequent purchasers
17973,2011-12-10,2011-10-19 10:34:00,2011-10-19 10:34:00,52,1,15,15,176,337.04,337.04,,,0,0,0,0,0.0,2,Less recent infrequent purchasers
17974,2011-12-10,2011-05-04 11:50:00,2011-11-15 11:37:00,25,3,179,143,519,740.79,246.93,,,0,0,0,0,0.0,0,Recent moderate purchasers and minimal cancellations
17975,2011-12-10,2010-12-08 11:38:00,2011-11-24 13:27:00,16,13,295,188,1566,4485.51,345.0392,2011-04-26 11:16:00,2011-04-26 11:16:00,1,1,1,16,95.2,3,Recent moderate purchasers and some cancellation activity
17976,2011-12-10,2010-12-02 13:49:00,2010-12-02 13:49:00,373,1,65,56,106,353.19,353.19,,,0,0,0,0,0.0,2,Less recent infrequent purchasers
17977,2011-12-10,2011-11-10 13:28:00,2011-11-10 13:28:00,30,1,21,19,342,288.14,288.14,,,0,0,0,0,0.0,2,Less recent infrequent purchasers
17978,2011-12-10,2010-12-09 14:05:00,2010-12-09 14:05:00,366,1,12,12,499,300.92,300.92,,,0,0,0,0,0.0,2,Less recent infrequent purchasers
17979,2011-12-10,2011-03-25 11:34:00,2011-11-04 12:05:00,36,4,145,115,393,754.31,188.5775,2011-03-25 12:07:00,2011-03-25 12:07:00,1,1,1,2,19.9,3,Recent moderate purchasers and some cancellation activity
17980,2011-12-10,2010-12-15 15:50:00,2011-06-27 12:01:00,166,3,30,23,682,811.45,270.4833,,,0,0,0,0,0.0,0,Recent moderate purchasers and minimal cancellations
17984,2011-12-10,2011-07-17 15:59:00,2011-07-17 15:59:00,146,1,48,48,98,152.68,152.68,,,0,0,0,0,0.0,2,Less recent infrequent purchasers
17985,2011-12-10,2011-11-17 14:24:00,2011-11-17 14:24:00,23,1,23,20,183,634.95,634.95,,,0,0,0,0,0.0,0,Recent moderate purchasers and minimal cancellations
17986,2011-12-10,2011-10-14 14:22:00,2011-10-14 14:22:00,57,1,1,1,10,20.8,20.8,,,0,0,0,0,0.0,2,Less recent infrequent purchasers
17987,2011-12-10,2011-06-07 14:22:00,2011-06-07 14:22:00,186,1,13,13,261,198.57,198.57,,,0,0,0,0,0.0,2,Less recent infrequent purchasers
17988,2011-12-10,2011-01-17 11:59:00,2011-11-28 11:00:00,12,7,38,37,43,201.12,28.7314,2011-08-14 15:55:00,2011-08-14 15:55:00,1,1,1,1,9.95,2,Less recent infrequent purchasers
17990,2011-12-10,2010-12-13 12:10:00,2011-04-17 11:44:00,237,3,29,27,414,630.84,210.28,,,0,0,0,0,0.0,2,Less recent infrequent purchasers
17991,2011-12-10,2011-04-27 16:39:00,2011-04-28 15:58:00,226,2,5,4,25,93.35,46.675,,,0,0,0,0,0.0,2,Less recent infrequent purchasers
17994,2011-12-10,2011-02-22 11:02:00,2011-08-10 11:41:00,122,4,81,63,497,678.49,169.6225,2011-03-11 15:02:00,2011-08-10 11:43:00,2,3,3,24,48.8,3,Recent moderate purchasers and some cancellation activity
17995,2011-12-10,2011-03-03 12:30:00,2011-03-03 12:30:00,282,1,2,2,133,76.1,76.1,,,0,0,0,0,0.0,2,Less recent infrequent purchasers
17997,2011-12-10,2011-06-28 17:28:00,2011-09-26 16:13:00,75,8,166,133,2298,1970.67,246.3338,2011-09-08 17:56:00,2011-09-26 15:34:00,4,12,9,198,441.99,1,Recent high-activity purchasers and frequent cancellations
17999,2011-12-10,2010-12-08 15:17:00,2011-11-02 15:56:00,38,2,93,87,221,382.06,191.03,,,0,0,0,0,0.0,0,Recent moderate purchasers and minimal cancellations
18001,2011-12-10,2011-09-14 11:21:00,2011-11-27 16:02:00,13,2,58,56,363,417.23,208.615,,,0,0,0,0,0.0,0,Recent moderate purchasers and minimal cancellations
18004,2011-12-10,2010-12-12 13:47:00,2010-12-12 13:47:00,363,1,40,32,78,169.47,169.47,,,0,0,0,0,0.0,2,Less recent infrequent purchasers
18005,2011-12-10,2011-10-23 14:40:00,2011-12-06 11:51:00,4,2,60,52,93,249.72,124.86,,,0,0,0,0,0.0,0,Recent moderate purchasers and minimal cancellations
18006,2011-12-10,2011-11-16 16:52:00,2011-11-16 16:52:00,24,1,22,21,220,444.68,444.68,,,0,0,0,0,0.0,0,Recent moderate purchasers and minimal cancellations
18008,2011-12-10,2011-01-25 12:26:00,2011-09-30 15:17:00,71,9,30,24,1581,2116.19,235.1322,,,0,0,0,0,0.0,0,Recent moderate purchasers and minimal cancellations
18009,2011-12-10,2011-04-18 13:36:00,2011-04-18 13:36:00,236,1,32,31,126,257.34,257.34,2011-04-18 13:52:00,2011-04-18 13:52:00,1,1,1,2,5.1,2,Less recent infrequent purchasers
18010,2011-12-10,2011-03-28 12:27:00,2011-03-28 12:27:00,257,1,14,14,60,174.8,174.8,,,0,0,0,0,0.0,2,Less recent infrequent purchasers
18011,2011-12-10,2010-12-01 17:35:00,2010-12-01 17:35:00,374,1,28,28,71,102.79,102.79,,,0,0,0,0,0.0,2,Less recent infrequent purchasers
18013,2011-12-10,2011-07-07 14:08:00,2011-07-07 14:11:00,156,2,31,31,285,187.29,93.645,,,0,0,0,0,0.0,2,Less recent infrequent purchasers
18014,2011-12-10,2011-11-11 15:28:00,2011-11-11 15:28:00,29,1,31,28,67,158.47,158.47,,,0,0,0,0,0.0,2,Less recent infrequent purchasers
18015,2011-12-10,2011-12-05 14:49:00,2011-12-05 14:49:00,5,1,46,46,157,120.03,120.03,,,0,0,0,0,0.0,2,Less recent infrequent purchasers
18016,2011-12-10,2010-12-10 17:14:00,2011-11-07 13:25:00,33,5,123,90,1029,1483.56,296.712,,,0,0,0,0,0.0,0,Recent moderate purchasers and minimal cancellations
18017,2011-12-10,2011-02-02 13:57:00,2011-09-19 16:15:00,82,3,3,1,300,523.0,174.3333,,,0,0,0,0,0.0,2,Less recent infrequent purchasers
18018,2011-12-10,2011-05-24 13:22:00,2011-08-23 17:37:00,109,2,29,29,55,122.14,61.07,,,0,0,0,0,0.0,2,Less recent infrequent purchasers
18019,2011-12-10,2011-10-19 12:10:00,2011-10-19 12:10:00,52,1,5,5,7,38.45,38.45,,,0,0,0,0,0.0,2,Less recent infrequent purchasers
18022,2011-12-10,2011-11-04 12:45:00,2011-11-04 12:45:00,36,1,191,141,736,668.11,668.11,,,0,0,0,0,0.0,0,Recent moderate purchasers and minimal cancellations
18024,2011-12-10,2011-07-10 12:28:00,2011-07-10 12:40:00,153,2,21,21,184,389.78,194.89,2011-07-10 12:39:00,2011-07-10 12:39:00,1,1,1,36,153.0,3,Recent moderate purchasers and some cancellation activity
18027,2011-12-10,2011-09-02 10:38:00,2011-09-02 10:38:00,99,1,21,21,78,115.31,115.31,,,0,0,0,0,0.0,2,Less recent infrequent purchasers
18030,2011-12-10,2011-10-28 13:55:00,2011-12-05 16:37:00,5,2,9,8,67,230.65,115.325,2011-10-28 13:57:00,2011-10-28 13:57:00,1,1,1,1,9.95,2,Less recent infrequent purchasers
18032,2011-12-10,2011-01-09 15:32:00,2011-01-09 15:32:00,335,1,5,5,42,73.5,73.5,,,0,0,0,0,0.0,2,Less recent infrequent purchasers
18033,2011-12-10,2011-10-05 17:28:00,2011-10-05 17:28:00,66,1,34,32,253,97.97,97.97,,,0,0,0,0,0.0,2,Less recent infrequent purchasers
18034,2011-12-10,2011-11-18 12:08:00,2011-11-18 12:22:00,22,2,112,99,561,422.88,211.44,,,0,0,0,0,0.0,0,Recent moderate purchasers and minimal cancellations
18035,2011-12-10,2011-10-27 17:48:00,2011-11-04 12:39:00,36,3,53,44,611,730.4,243.4667,,,0,0,0,0,0.0,0,Recent moderate purchasers and minimal cancellations
18036,2011-12-10,2011-04-08 11:26:00,2011-11-07 14:40:00,33,3,96,77,234,405.62,135.2067,,,0,0,0,0,0.0,0,Recent moderate purchasers and minimal cancellations
18037,2011-12-10,2010-12-12 16:20:00,2011-07-08 13:39:00,155,6,19,19,20,70.02,11.67,,,0,0,0,0,0.0,2,Less recent infrequent purchasers
18040,2011-12-10,2011-04-08 08:27:00,2011-11-20 14:20:00,20,2,19,18,148,357.2,178.6,,,0,0,0,0,0.0,2,Less recent infrequent purchasers
18041,2011-12-10,2010-12-02 11:21:00,2011-11-28 11:39:00,12,21,472,285,3819,4183.39,199.209,2011-01-06 15:35:00,2011-01-06 15:35:00,1,2,2,9,22.25,1,Recent high-activity purchasers and frequent cancellations
18042,2011-12-10,2011-10-17 11:49:00,2011-10-17 11:49:00,54,1,7,7,33,165.05,165.05,,,0,0,0,0,0.0,2,Less recent infrequent purchasers
18043,2011-12-10,2010-12-08 12:35:00,2011-11-15 12:48:00,25,3,121,106,282,559.51,186.5033,,,0,0,0,0,0.0,0,Recent moderate purchasers and minimal cancellations
18044,2011-12-10,2010-12-14 12:25:00,2011-12-05 14:26:00,5,10,127,88,1033,2088.6,208.86,2011-11-04 15:11:00,2011-11-04 15:11:00,1,1,1,1,2.95,3,Recent moderate purchasers and some cancellation activity
18045,2011-12-10,2011-10-25 13:07:00,2011-10-25 13:07:00,46,1,47,43,142,189.4,189.4,,,0,0,0,0,0.0,2,Less recent infrequent purchasers
18048,2011-12-10,2011-05-20 14:54:00,2011-05-20 14:58:00,204,2,7,6,127,172.29,86.145,,,0,0,0,0,0.0,2,Less recent infrequent purchasers
18050,2011-12-10,2010-12-15 14:25:00,2010-12-15 14:25:00,360,1,5,5,40,74.4,74.4,,,0,0,0,0,0.0,2,Less recent infrequent purchasers
18053,2011-12-10,2011-09-30 09:05:00,2011-09-30 09:05:00,71,1,20,20,302,300.02,300.02,2011-10-04 17:31:00,2011-10-04 17:31:00,1,1,1,1,2.95,2,Less recent infrequent purchasers
18055,2011-12-10,2010-12-05 10:52:00,2011-12-02 14:25:00,8,10,360,223,2455,6784.19,678.419,2011-02-22 15:22:00,2011-02-22 15:22:00,1,3,3,5,32.05,1,Recent high-activity purchasers and frequent cancellations
18056,2011-12-10,2011-02-24 14:27:00,2011-02-24 14:27:00,289,1,19,19,211,363.65,363.65,,,0,0,0,0,0.0,2,Less recent infrequent purchasers
18058,2011-12-10,2011-11-30 08:38:00,2011-11-30 08:38:00,10,1,3,3,88,170.16,170.16,,,0,0,0,0,0.0,2,Less recent infrequent purchasers
18059,2011-12-10,2011-10-03 09:30:00,2011-11-16 16:49:00,24,3,18,17,258,306.46,102.1533,2011-11-30 17:02:00,2011-11-30 17:02:00,1,2,2,5,9.75,3,Recent moderate purchasers and some cancellation activity
18061,2011-12-10,2010-12-08 13:03:00,2011-11-18 11:20:00,22,10,46,18,955,2119.41,211.941,,,0,0,0,0,0.0,0,Recent moderate purchasers and minimal cancellations
18062,2011-12-10,2011-01-06 10:03:00,2011-06-19 14:47:00,174,3,27,23,396,720.52,240.1733,,,0,0,0,0,0.0,0,Recent moderate purchasers and minimal cancellations
18064,2011-12-10,2011-04-18 15:08:00,2011-07-29 16:39:00,134,2,7,7,384,814.0,407.0,,,0,0,0,0,0.0,2,Less recent infrequent purchasers
18065,2011-12-10,2010-12-10 12:44:00,2011-12-04 10:30:00,6,14,137,110,1027,2392.83,170.9164,2010-12-16 16:30:00,2010-12-16 16:30:00,1,1,1,3,12.75,3,Recent moderate purchasers and some cancellation activity
18066,2011-12-10,2011-09-25 15:30:00,2011-09-25 15:30:00,76,1,10,10,108,318.0,318.0,,,0,0,0,0,0.0,2,Less recent infrequent purchasers
18067,2011-12-10,2011-10-30 15:58:00,2011-10-30 15:58:00,41,1,37,36,189,396.33,396.33,,,0,0,0,0,0.0,0,Recent moderate purchasers and minimal cancellations
18068,2011-12-10,2011-02-23 14:50:00,2011-02-23 14:50:00,290,1,1,1,6,101.7,101.7,,,0,0,0,0,0.0,2,Less recent infrequent purchasers
18069,2011-12-10,2011-01-16 15:50:00,2011-11-13 16:03:00,27,5,470,334,1311,2036.67,407.334,2011-01-16 14:48:00,2011-11-13 16:05:00,2,2,2,3,14.85,3,Recent moderate purchasers and some cancellation activity
18071,2011-12-10,2010-12-09 10:33:00,2011-03-27 11:59:00,258,2,25,23,260,453.0,226.5,,,0,0,0,0,0.0,2,Less recent infrequent purchasers
18072,2011-12-10,2011-06-07 10:44:00,2011-06-07 10:44:00,186,1,18,18,288,247.44,247.44,2011-07-07 17:22:00,2011-07-07 17:22:00,1,16,16,240,235.2,3,Recent moderate purchasers and some cancellation activity
18073,2011-12-10,2011-05-26 19:38:00,2011-08-17 14:02:00,115,12,69,22,3104,3817.52,318.1267,2011-06-15 12:12:00,2011-06-15 12:12:00,1,3,3,10,13.08,3,Recent moderate purchasers and some cancellation activity
18074,2011-12-10,2010-12-01 09:53:00,2010-12-01 09:53:00,374,1,13,13,190,489.6,489.6,,,0,0,0,0,0.0,2,Less recent infrequent purchasers
18075,2011-12-10,2010-12-14 10:48:00,2011-11-16 15:21:00,24,10,142,97,1464,2611.75,261.175,2010-12-16 16:42:00,2011-07-01 15:14:00,4,11,10,27,73.03,1,Recent high-activity purchasers and frequent cancellations
18077,2011-12-10,2010-12-08 10:21:00,2011-12-01 13:32:00,9,11,227,101,1878,2633.01,239.3645,,,0,0,0,0,0.0,0,Recent moderate purchasers and minimal cancellations
18078,2011-12-10,2011-03-25 15:08:00,2011-05-06 14:32:00,218,2,29,27,145,336.13,168.065,,,0,0,0,0,0.0,2,Less recent infrequent purchasers
18079,2011-12-10,2011-04-15 12:14:00,2011-10-25 15:27:00,46,4,127,99,7432,3651.97,912.9925,,,0,0,0,0,0.0,0,Recent moderate purchasers and minimal cancellations
18080,2011-12-10,2011-04-11 10:10:00,2011-11-21 08:02:00,19,2,2,2,642,1231.5,615.75,,,0,0,0,0,0.0,2,Less recent infrequent purchasers
18081,2011-12-10,2011-07-29 11:56:00,2011-11-03 16:30:00,37,3,17,14,195,343.45,114.4833,,,0,0,0,0,0.0,2,Less recent infrequent purchasers
18082,2011-12-10,2011-11-14 12:45:00,2011-11-14 12:45:00,26,1,73,62,621,703.37,703.37,,,0,0,0,0,0.0,0,Recent moderate purchasers and minimal cancellations
18084,2011-12-10,2011-11-23 13:57:00,2011-11-23 13:57:00,17,1,1,1,312,90.48,90.48,2011-02-11 16:30:00,2011-02-11 16:30:00,1,1,1,1,2.95,2,Less recent infrequent purchasers
18085,2011-12-10,2010-12-01 12:08:00,2011-01-13 15:17:00,331,2,29,25,265,689.95,344.975,,,0,0,0,0,0.0,2,Less recent infrequent purchasers
18086,2011-12-10,2011-03-10 13:34:00,2011-03-10 13:34:00,275,1,7,7,106,101.34,101.34,,,0,0,0,0,0.0,2,Less recent infrequent purchasers
18087,2011-12-10,2011-02-22 10:43:00,2011-02-22 10:43:00,291,1,1,1,3906,3202.92,3202.92,2011-02-11 11:24:00,2011-07-18 13:49:00,2,5,5,336,285.6,3,Recent moderate purchasers and some cancellation activity
18088,2011-12-10,2011-10-09 13:41:00,2011-10-09 13:41:00,62,1,39,35,109,167.67,167.67,,,0,0,0,0,0.0,2,Less recent infrequent purchasers
18092,2011-12-10,2010-12-09 10:00:00,2011-12-07 13:14:00,3,11,89,28,4252,9068.26,824.3873,2011-11-10 14:55:00,2011-11-10 14:55:00,1,1,1,2,2.5,3,Recent moderate purchasers and some cancellation activity
18093,2011-12-10,2011-02-10 12:15:00,2011-09-07 15:43:00,94,4,36,31,1392,2106.52,526.63,2011-02-18 15:29:00,2011-02-18 15:29:00,1,2,2,11,23.1,3,Recent moderate purchasers and some cancellation activity
18094,2011-12-10,2011-02-21 08:50:00,2011-09-19 09:28:00,82,7,70,39,2518,3017.3,431.0429,,,0,0,0,0,0.0,0,Recent moderate purchasers and minimal cancellations
18095,2011-12-10,2011-01-11 12:37:00,2011-01-31 12:50:00,313,2,21,20,419,580.05,290.025,,,0,0,0,0,0.0,2,Less recent infrequent purchasers
18096,2011-12-10,2011-10-07 11:55:00,2011-11-28 12:44:00,12,3,213,157,825,911.15,303.7167,,,0,0,0,0,0.0,0,Recent moderate purchasers and minimal cancellations
18097,2011-12-10,2010-12-20 14:49:00,2011-12-02 11:16:00,8,6,108,65,1686,2697.8,449.6333,2011-08-31 13:19:00,2011-08-31 13:19:00,1,1,1,1,4.95,3,Recent moderate purchasers and some cancellation activity
18099,2011-12-10,2011-08-04 15:52:00,2011-08-04 15:52:00,128,1,19,19,149,168.31,168.31,,,0,0,0,0,0.0,2,Less recent infrequent purchasers
18101,2011-12-10,2011-07-19 13:05:00,2011-11-28 13:37:00,12,2,41,37,88,223.65,111.825,,,0,0,0,0,0.0,2,Less recent infrequent purchasers
18102,2011-12-10,2010-12-07 16:42:00,2011-12-09 11:50:00,1,60,431,150,64124,259657.3,4327.6217,,,0,0,0,0,0.0,0,Recent moderate purchasers and minimal cancellations
18104,2011-12-10,2011-11-02 14:07:00,2011-11-02 14:07:00,38,1,38,38,362,754.64,754.64,,,0,0,0,0,0.0,0,Recent moderate purchasers and minimal cancellations
18105,2011-12-10,2011-11-02 12:04:00,2011-11-02 12:04:00,38,1,18,18,46,113.48,113.48,,,0,0,0,0,0.0,2,Less recent infrequent purchasers
18106,2011-12-10,2011-01-14 12:23:00,2011-01-14 12:23:00,330,1,39,33,128,430.7,430.7,,,0,0,0,0,0.0,2,Less recent infrequent purchasers
18108,2011-12-10,2011-03-30 13:56:00,2011-03-30 13:56:00,255,1,17,17,84,271.0,271.0,2011-04-05 08:25:00,2011-04-05 08:25:00,1,2,2,2,6.35,2,Less recent infrequent purchasers
18109,2011-12-10,2010-12-05 10:58:00,2011-12-08 11:36:00,2,26,444,119,4237,8052.97,309.7296,2011-01-05 12:05:00,2011-09-09 13:54:00,5,10,8,18,127.65,1,Recent high-activity purchasers and frequent cancellations
18110,2011-12-10,2011-11-20 12:34:00,2011-11-20 12:34:00,20,1,46,33,86,236.3,236.3,2011-11-20 12:59:00,2011-11-20 12:59:00,1,3,3,7,30.25,3,Recent moderate purchasers and some cancellation activity
18112,2011-12-10,2011-06-26 13:56:00,2011-11-27 14:43:00,13,2,26,26,255,352.69,176.345,,,0,0,0,0,0.0,0,Recent moderate purchasers and minimal cancellations
18113,2011-12-10,2010-12-06 12:31:00,2010-12-06 12:31:00,369,1,1,1,72,76.32,76.32,,,0,0,0,0,0.0,2,Less recent infrequent purchasers
18114,2011-12-10,2011-02-22 13:20:00,2011-02-22 13:20:00,291,1,28,28,55,220.1,220.1,,,0,0,0,0,0.0,2,Less recent infrequent purchasers
18116,2011-12-10,2010-12-10 12:14:00,2011-10-03 11:00:00,68,8,377,229,830,1414.43,176.8038,,,0,0,0,0,0.0,0,Recent moderate purchasers and minimal cancellations
18117,2011-12-10,2011-11-14 12:47:00,2011-11-14 12:47:00,26,1,73,67,617,319.47,319.47,,,0,0,0,0,0.0,0,Recent moderate purchasers and minimal cancellations
18118,2011-12-10,2010-12-05 12:13:00,2011-11-29 11:32:00,11,26,1278,423,2870,5651.42,217.3623,2011-02-07 11:58:00,2011-06-24 10:15:00,5,5,4,5,58.05,1,Recent high-activity purchasers and frequent cancellations
18119,2011-12-10,2010-12-07 11:59:00,2010-12-07 11:59:00,368,1,30,29,125,181.12,181.12,,,0,0,0,0,0.0,2,Less recent infrequent purchasers
18120,2011-12-10,2011-05-09 13:45:00,2011-05-09 13:45:00,215,1,17,17,31,111.15,111.15,,,0,0,0,0,0.0,2,Less recent infrequent purchasers
18121,2011-12-10,2011-07-08 12:14:00,2011-07-13 12:53:00,150,2,32,28,450,673.1,336.55,,,0,0,0,0,0.0,0,Recent moderate purchasers and minimal cancellations
18122,2011-12-10,2011-07-12 11:37:00,2011-12-01 13:08:00,9,6,362,238,1224,1824.99,304.165,,,0,0,0,0,0.0,0,Recent moderate purchasers and minimal cancellations
18123,2011-12-10,2011-11-08 13:31:00,2011-11-15 14:23:00,25,2,36,31,594,589.44,294.72,,,0,0,0,0,0.0,0,Recent moderate purchasers and minimal cancellations
18125,2011-12-10,2011-01-27 15:02:00,2011-11-10 12:29:00,30,4,196,164,804,1142.99,285.7475,2011-02-17 12:56:00,2011-02-17 12:56:00,1,1,1,1,1.65,3,Recent moderate purchasers and some cancellation activity
18126,2011-12-10,2011-10-10 12:19:00,2011-10-10 12:19:00,61,1,55,51,138,204.49,204.49,,,0,0,0,0,0.0,2,Less recent infrequent purchasers
18127,2011-12-10,2011-07-29 10:06:00,2011-11-20 14:05:00,20,3,47,41,188,348.73,116.2433,,,0,0,0,0,0.0,0,Recent moderate purchasers and minimal cancellations
18129,2011-12-10,2011-04-10 14:16:00,2011-04-10 14:16:00,244,1,14,13,48,112.55,112.55,,,0,0,0,0,0.0,2,Less recent infrequent purchasers
18130,2011-12-10,2011-10-13 15:58:00,2011-11-24 14:40:00,16,3,70,58,824,1059.39,353.13,2011-12-01 08:41:00,2011-12-01 08:41:00,1,1,1,7,13.65,3,Recent moderate purchasers and some cancellation activity
18133,2011-12-10,2011-05-11 14:14:00,2011-05-11 14:14:00,213,1,1,1,1350,931.5,931.5,,,0,0,0,0,0.0,2,Less recent infrequent purchasers
18135,2011-12-10,2011-06-02 14:04:00,2011-11-10 19:32:00,30,5,20,11,349,681.91,136.382,,,0,0,0,0,0.0,0,Recent moderate purchasers and minimal cancellations
18136,2011-12-10,2011-01-24 12:08:00,2011-10-07 15:40:00,64,3,38,34,379,784.33,261.4433,2011-05-17 09:23:00,2011-05-17 09:23:00,1,1,1,6,22.5,3,Recent moderate purchasers and some cancellation activity
18138,2011-12-10,2011-02-17 14:51:00,2011-02-17 14:51:00,296,1,8,8,38,152.65,152.65,,,0,0,0,0,0.0,2,Less recent infrequent purchasers
18139,2011-12-10,2011-11-21 14:06:00,2011-11-22 10:44:00,18,6,159,35,5557,8438.34,1406.39,,,0,0,0,0,0.0,0,Recent moderate purchasers and minimal cancellations
18142,2011-12-10,2011-05-08 12:31:00,2011-07-05 13:19:00,158,2,15,9,1276,1019.52,509.76,2011-05-12 19:42:00,2011-07-11 13:34:00,2,3,2,3,4.62,3,Recent moderate purchasers and some cancellation activity
18143,2011-12-10,2011-07-21 10:44:00,2011-08-15 12:07:00,117,2,61,59,570,1000.16,500.08,,,0,0,0,0,0.0,0,Recent moderate purchasers and minimal cancellations
18144,2011-12-10,2010-12-01 13:45:00,2011-12-02 12:46:00,8,12,41,26,1341,2873.75,239.4792,,,0,0,0,0,0.0,0,Recent moderate purchasers and minimal cancellations
18145,2011-12-10,2011-01-31 12:10:00,2011-11-27 11:22:00,13,4,221,174,2625,2861.55,715.3875,,,0,0,0,0,0.0,0,Recent moderate purchasers and minimal cancellations
18146,2011-12-10,2011-05-03 16:35:00,2011-07-22 12:08:00,141,2,10,10,153,160.35,80.175,,,0,0,0,0,0.0,2,Less recent infrequent purchasers
18147,2011-12-10,2011-08-23 12:22:00,2011-10-25 11:46:00,46,2,7,7,203,179.34,89.67,,,0,0,0,0,0.0,2,Less recent infrequent purchasers
18149,2011-12-10,2011-03-11 12:44:00,2011-10-20 12:04:00,51,3,16,11,310,612.08,204.0267,,,0,0,0,0,0.0,2,Less recent infrequent purchasers
18150,2011-12-10,2011-05-22 10:47:00,2011-11-07 16:49:00,33,3,37,29,332,566.58,188.86,,,0,0,0,0,0.0,0,Recent moderate purchasers and minimal cancellations
18151,2011-12-10,2011-02-23 08:29:00,2011-07-28 11:35:00,135,2,38,38,355,653.35,326.675,,,0,0,0,0,0.0,0,Recent moderate purchasers and minimal cancellations
18154,2011-12-10,2011-10-27 10:40:00,2011-12-06 16:41:00,4,2,21,15,255,399.19,199.595,,,0,0,0,0,0.0,2,Less recent infrequent purchasers
18155,2011-12-10,2011-02-21 10:36:00,2011-09-25 13:32:00,76,3,25,19,266,371.62,123.8733,2011-06-27 17:02:00,2011-06-27 17:02:00,1,3,3,8,23.8,3,Recent moderate purchasers and some cancellation activity
18156,2011-12-10,2010-12-05 12:29:00,2011-11-27 12:24:00,13,2,140,100,301,734.94,367.47,,,0,0,0,0,0.0,0,Recent moderate purchasers and minimal cancellations
18158,2011-12-10,2011-09-12 09:03:00,2011-11-30 16:19:00,10,2,34,24,354,453.4,226.7,2011-09-14 15:49:00,2011-09-14 15:49:00,1,1,1,1,1.65,3,Recent moderate purchasers and some cancellation activity
18159,2011-12-10,2011-02-11 14:26:00,2011-02-11 14:26:00,302,1,23,23,139,530.15,530.15,,,0,0,0,0,0.0,2,Less recent infrequent purchasers
18160,2011-12-10,2011-05-23 13:41:00,2011-10-13 15:50:00,58,2,39,37,294,638.06,319.03,,,0,0,0,0,0.0,0,Recent moderate purchasers and minimal cancellations
18161,2011-12-10,2011-01-24 11:56:00,2011-11-24 16:40:00,16,5,80,49,812,1618.69,323.738,2011-11-29 15:38:00,2011-11-29 15:38:00,1,1,1,2,5.9,3,Recent moderate purchasers and some cancellation activity
18164,2011-12-10,2011-11-02 12:56:00,2011-11-02 12:56:00,38,1,24,24,184,399.65,399.65,2011-11-08 17:49:00,2011-11-08 17:49:00,1,1,1,1,4.95,3,Recent moderate purchasers and some cancellation activity
18165,2011-12-10,2011-06-15 13:23:00,2011-06-15 13:23:00,178,1,10,10,254,302.46,302.46,,,0,0,0,0,0.0,2,Less recent infrequent purchasers
18167,2011-12-10,2011-08-26 11:40:00,2011-11-16 15:56:00,24,3,37,24,382,1384.86,461.62,2011-09-09 13:02:00,2011-12-06 09:49:00,3,6,6,23,29.35,3,Recent moderate purchasers and some cancellation activity
18168,2011-12-10,2010-12-02 18:08:00,2011-06-16 19:21:00,177,6,131,97,594,1169.94,194.99,2010-12-02 17:14:00,2011-05-19 19:02:00,3,9,9,9,36.3,3,Recent moderate purchasers and some cancellation activity
18169,2011-12-10,2011-10-10 12:18:00,2011-10-10 12:18:00,61,1,9,9,61,202.65,202.65,,,0,0,0,0,0.0,2,Less recent infrequent purchasers
18170,2011-12-10,2011-05-06 15:13:00,2011-11-06 14:35:00,34,3,38,29,409,980.31,326.77,,,0,0,0,0,0.0,0,Recent moderate purchasers and minimal cancellations
18171,2011-12-10,2011-01-10 09:55:00,2011-10-12 09:13:00,59,5,54,43,481,1231.31,246.262,2011-04-19 16:39:00,2011-07-04 16:07:00,2,2,2,4,22.8,3,Recent moderate purchasers and some cancellation activity
18172,2011-12-10,2011-02-23 10:44:00,2011-11-25 11:12:00,15,20,189,100,3184,7561.68,378.084,2011-02-18 16:52:00,2011-10-06 18:40:00,5,8,7,14,71.51,1,Recent high-activity purchasers and frequent cancellations
18173,2011-12-10,2011-03-10 11:56:00,2011-09-14 11:26:00,87,4,31,23,1220,2106.84,526.71,,,0,0,0,0,0.0,0,Recent moderate purchasers and minimal cancellations
18174,2011-12-10,2011-12-02 16:56:00,2011-12-02 16:56:00,8,1,1,1,50,104.0,104.0,,,0,0,0,0,0.0,2,Less recent infrequent purchasers
18176,2011-12-10,2010-12-16 15:45:00,2010-12-16 15:45:00,359,1,30,30,283,476.35,476.35,2010-12-21 12:33:00,2010-12-21 12:33:00,1,3,3,4,27.7,3,Recent moderate purchasers and some cancellation activity
18177,2011-12-10,2011-03-29 08:46:00,2011-11-08 14:44:00,32,6,74,53,710,1341.42,223.57,2011-04-21 10:00:00,2011-04-21 10:00:00,1,1,1,5,27.25,3,Recent moderate purchasers and some cancellation activity
18178,2011-12-10,2010-12-10 12:42:00,2011-08-03 09:30:00,129,4,97,80,983,1590.81,397.7025,2011-04-13 16:03:00,2011-08-18 06:34:00,2,2,2,4,17.4,3,Recent moderate purchasers and some cancellation activity
18179,2011-12-10,2011-01-07 14:22:00,2011-11-30 16:23:00,10,6,90,86,1360,1793.17,298.8617,,,0,0,0,0,0.0,0,Recent moderate purchasers and minimal cancellations
18180,2011-12-10,2011-07-20 08:59:00,2011-12-05 08:39:00,5,6,119,108,1721,1843.75,307.2917,,,0,0,0,0,0.0,0,Recent moderate purchasers and minimal cancellations
18181,2011-12-10,2011-11-15 15:08:00,2011-11-15 15:08:00,25,1,44,40,146,382.8,382.8,,,0,0,0,0,0.0,0,Recent moderate purchasers and minimal cancellations
18183,2011-12-10,2011-03-10 10:08:00,2011-04-26 15:26:00,228,2,37,36,371,632.07,316.035,2011-03-16 11:39:00,2011-05-05 17:47:00,4,7,4,9,31.55,3,Recent moderate purchasers and some cancellation activity
18184,2011-12-10,2011-11-24 15:28:00,2011-11-24 15:28:00,16,1,1,1,60,49.8,49.8,,,0,0,0,0,0.0,2,Less recent infrequent purchasers
18185,2011-12-10,2011-04-04 13:42:00,2011-04-04 13:42:00,250,1,17,17,183,304.25,304.25,,,0,0,0,0,0.0,2,Less recent infrequent purchasers
18188,2011-12-10,2011-02-22 14:43:00,2011-11-24 16:46:00,16,3,71,63,1168,2001.04,667.0133,2011-10-24 13:34:00,2011-10-24 13:34:00,1,1,1,1,2.55,3,Recent moderate purchasers and some cancellation activity
18189,2011-12-10,2011-03-17 09:49:00,2011-09-23 12:40:00,78,2,68,65,566,1090.24,545.12,2011-03-21 16:06:00,2011-03-21 16:06:00,1,1,1,2,5.9,3,Recent moderate purchasers and some cancellation activity
18190,2011-12-10,2011-01-13 10:35:00,2011-05-31 14:48:00,193,2,15,14,140,284.46,142.23,2011-01-18 15:30:00,2011-01-18 15:30:00,1,1,1,1,9.95,2,Less recent infrequent purchasers
18191,2011-12-10,2011-03-23 12:08:00,2011-03-23 12:08:00,262,1,7,7,140,207.8,207.8,,,0,0,0,0,0.0,2,Less recent infrequent purchasers
18192,2011-12-10,2011-09-29 09:53:00,2011-09-29 09:53:00,72,1,45,45,339,957.97,957.97,,,0,0,0,0,0.0,0,Recent moderate purchasers and minimal cancellations
18193,2011-12-10,2011-06-27 13:58:00,2011-06-27 13:58:00,166,1,16,16,124,243.76,243.76,2010-12-08 14:20:00,2011-07-12 10:56:00,2,2,2,4,30.8,3,Recent moderate purchasers and some cancellation activity
18194,2011-12-10,2011-09-18 13:29:00,2011-09-18 13:29:00,83,1,7,7,632,973.84,973.84,2011-10-06 19:54:00,2011-10-06 19:54:00,1,2,2,184,77.84,3,Recent moderate purchasers and some cancellation activity
18196,2011-12-10,2011-02-22 16:13:00,2011-09-05 16:22:00,96,2,141,131,433,689.13,344.565,,,0,0,0,0,0.0,0,Recent moderate purchasers and minimal cancellations
18198,2011-12-10,2011-01-07 13:39:00,2011-12-05 14:49:00,5,17,159,81,4074,5425.56,319.1506,2011-03-03 11:57:00,2011-09-23 08:28:00,4,7,6,235,342.5,1,Recent high-activity purchasers and frequent cancellations
18200,2011-12-10,2011-08-25 18:45:00,2011-08-25 18:45:00,107,1,32,29,111,163.8,163.8,,,0,0,0,0,0.0,2,Less recent infrequent purchasers
18202,2011-12-10,2011-02-01 13:36:00,2011-05-24 12:12:00,200,3,68,55,581,1396.99,465.6633,,,0,0,0,0,0.0,0,Recent moderate purchasers and minimal cancellations
18203,2011-12-10,2011-07-05 13:07:00,2011-07-05 13:07:00,158,1,19,19,43,160.42,160.42,,,0,0,0,0,0.0,2,Less recent infrequent purchasers
18204,2011-12-10,2011-05-31 15:26:00,2011-09-29 16:44:00,72,3,200,159,1200,1993.7,664.5667,2011-08-25 14:15:00,2011-08-25 14:15:00,1,2,2,2,14.4,3,Recent moderate purchasers and some cancellation activity
18205,2011-12-10,2011-09-26 12:02:00,2011-11-03 13:22:00,37,2,32,30,192,517.36,258.68,,,0,0,0,0,0.0,0,Recent moderate purchasers and minimal cancellations
18209,2011-12-10,2011-11-11 12:07:00,2011-11-11 12:07:00,29,1,8,8,58,139.1,139.1,,,0,0,0,0,0.0,2,Less recent infrequent purchasers
18210,2011-12-10,2011-03-17 16:58:00,2011-12-08 11:02:00,2,6,134,109,1398,2621.38,436.8967,,,0,0,0,0,0.0,0,Recent moderate purchasers and minimal cancellations
18211,2011-12-10,2011-03-06 12:09:00,2011-11-14 08:10:00,26,5,42,37,359,600.07,120.014,,,0,0,0,0,0.0,0,Recent moderate purchasers and minimal cancellations
18212,2011-12-10,2011-01-17 16:14:00,2011-01-17 16:14:00,327,1,43,30,101,248.42,248.42,,,0,0,0,0,0.0,2,Less recent infrequent purchasers
18213,2011-12-10,2011-04-17 10:21:00,2011-04-17 10:21:00,237,1,15,15,232,232.48,232.48,,,0,0,0,0,0.0,2,Less recent infrequent purchasers
18215,2011-12-10,2011-09-11 16:05:00,2011-09-11 16:05:00,90,1,13,13,118,299.34,299.34,,,0,0,0,0,0.0,2,Less recent infrequent purchasers
18216,2011-12-10,2011-11-08 16:55:00,2011-11-08 16:55:00,32,1,26,26,200,481.75,481.75,,,0,0,0,0,0.0,0,Recent moderate purchasers and minimal cancellations
18217,2011-12-10,2011-09-30 10:44:00,2011-11-10 13:18:00,30,2,31,27,491,621.75,310.875,,,0,0,0,0,0.0,0,Recent moderate purchasers and minimal cancellations
18218,2011-12-10,2011-03-03 12:24:00,2011-05-12 12:53:00,212,2,21,17,584,662.08,331.04,2011-03-17 15:48:00,2011-05-17 14:16:00,2,3,3,38,35.7,3,Recent moderate purchasers and some cancellation activity
18219,2011-12-10,2010-12-06 10:05:00,2011-12-07 11:43:00,3,10,114,58,885,2069.77,206.977,2011-11-04 13:03:00,2011-11-04 13:03:00,1,1,1,2,50.0,3,Recent moderate purchasers and some cancellation activity
18220,2011-12-10,2011-04-27 09:03:00,2011-04-27 09:03:00,227,1,2,2,288,305.28,305.28,2011-05-04 11:23:00,2011-05-04 11:23:00,1,2,2,6,7.5,2,Less recent infrequent purchasers
18221,2011-12-10,2011-05-12 14:13:00,2011-11-17 14:40:00,23,5,64,59,791,1041.61,208.322,2011-06-13 16:10:00,2011-06-13 16:10:00,1,1,1,2,8.3,3,Recent moderate purchasers and some cancellation activity
18222,2011-12-10,2011-09-08 10:45:00,2011-09-08 10:45:00,93,1,19,19,335,443.0,443.0,,,0,0,0,0,0.0,2,Less recent infrequent purchasers
18223,2011-12-10,2010-12-16 16:42:00,2011-12-05 09:11:00,5,14,272,116,2948,6484.54,463.1814,2010-12-21 12:17:00,2011-12-08 11:51:00,12,26,18,57,166.47,1,Recent high-activity purchasers and frequent cancellations
18224,2011-12-10,2011-03-21 10:30:00,2011-03-21 10:30:00,264,1,10,10,69,158.95,158.95,,,0,0,0,0,0.0,2,Less recent infrequent purchasers
18225,2011-12-10,2010-12-09 15:46:00,2011-12-06 13:27:00,4,12,271,150,3244,5509.12,459.0933,2010-12-03 10:11:00,2011-09-28 10:15:00,5,15,14,38,148.1,1,Recent high-activity purchasers and frequent cancellations
18226,2011-12-10,2011-01-06 09:00:00,2011-10-26 13:36:00,45,11,242,141,3466,5228.05,475.2773,2011-01-12 12:51:00,2011-11-01 09:57:00,3,3,3,7,35.95,1,Recent high-activity purchasers and frequent cancellations
18227,2011-12-10,2011-05-06 12:23:00,2011-05-06 12:23:00,218,1,5,5,21,93.75,93.75,,,0,0,0,0,0.0,2,Less recent infrequent purchasers
18228,2011-12-10,2011-09-21 10:48:00,2011-10-14 09:21:00,57,2,30,23,238,779.9,389.95,2011-10-20 19:21:00,2011-10-20 19:21:00,1,2,2,2,10.7,3,Recent moderate purchasers and some cancellation activity
18229,2011-12-10,2010-12-01 16:25:00,2011-11-28 09:48:00,12,20,164,66,2488,7276.9,363.845,,,0,0,0,0,0.0,0,Recent moderate purchasers and minimal cancellations
18230,2011-12-10,2011-02-10 13:06:00,2011-11-30 13:22:00,10,7,86,32,1316,2810.2,401.4571,2010-12-09 14:47:00,2011-11-17 15:24:00,3,3,2,18,93.6,3,Recent moderate purchasers and some cancellation activity
18231,2011-12-10,2011-02-24 09:08:00,2011-05-31 14:18:00,193,5,124,106,821,2083.27,416.654,2011-02-25 12:46:00,2011-02-25 12:46:00,1,2,2,13,17.1,3,Recent moderate purchasers and some cancellation activity
18232,2011-12-10,2011-05-26 16:30:00,2011-09-19 11:49:00,82,4,37,31,302,592.97,148.2425,2011-06-03 12:11:00,2011-06-03 12:11:00,1,3,3,3,10.5,3,Recent moderate purchasers and some cancellation activity
18233,2011-12-10,2011-01-18 08:44:00,2011-01-18 08:44:00,326,1,1,1,4,440.0,440.0,,,0,0,0,0,0.0,2,Less recent infrequent purchasers
18235,2011-12-10,2011-05-06 13:35:00,2011-09-29 08:27:00,72,3,104,100,1578,1796.48,598.8267,,,0,0,0,0,0.0,0,Recent moderate purchasers and minimal cancellations
18236,2011-12-10,2011-04-13 09:52:00,2011-11-10 08:06:00,30,6,49,42,403,882.24,147.04,,,0,0,0,0,0.0,0,Recent moderate purchasers and minimal cancellations
18237,2011-12-10,2011-07-28 13:05:00,2011-12-07 12:49:00,3,5,61,40,622,987.1,197.42,,,0,0,0,0,0.0,0,Recent moderate purchasers and minimal cancellations
18239,2011-12-10,2010-12-02 17:48:00,2011-05-05 12:38:00,219,5,88,80,795,1561.61,312.322,,,0,0,0,0,0.0,0,Recent moderate purchasers and minimal cancellations
18240,2011-12-10,2011-10-24 13:06:00,2011-10-24 13:06:00,47,1,6,6,126,422.58,422.58,,,0,0,0,0,0.0,2,Less recent infrequent purchasers
18241,2011-12-10,2011-05-06 09:22:00,2011-11-30 12:10:00,10,17,104,60,1051,2073.09,121.9465,2011-08-19 13:13:00,2011-08-19 13:13:00,1,1,1,4,15.0,3,Recent moderate purchasers and some cancellation activity
18242,2011-12-10,2011-05-10 11:20:00,2011-09-28 13:43:00,73,4,78,72,1017,2232.49,558.1225,,,0,0,0,0,0.0,0,Recent moderate purchasers and minimal cancellations
18245,2011-12-10,2010-12-19 14:58:00,2011-12-02 14:48:00,8,7,175,153,1788,2567.06,366.7229,2011-02-07 14:46:00,2011-02-07 14:46:00,1,2,2,7,59.5,3,Recent moderate purchasers and some cancellation activity
18246,2011-12-10,2011-04-20 13:55:00,2011-11-16 11:49:00,24,2,4,3,166,596.1,298.05,,,0,0,0,0,0.0,2,Less recent infrequent purchasers
18248,2011-12-10,2011-06-06 13:18:00,2011-08-09 10:19:00,123,2,47,39,511,804.02,402.01,2011-08-17 17:37:00,2011-08-18 06:14:00,2,2,1,10,21.0,3,Recent moderate purchasers and some cancellation activity
18249,2011-12-10,2011-11-22 15:07:00,2011-11-22 15:07:00,18,1,8,8,128,95.34,95.34,,,0,0,0,0,0.0,2,Less recent infrequent purchasers
18250,2011-12-10,2011-02-02 13:16:00,2011-02-02 13:16:00,311,1,21,21,199,349.27,349.27,2011-02-11 13:59:00,2011-02-11 13:59:00,1,1,1,1,6.35,2,Less recent infrequent purchasers
18251,2011-12-10,2011-09-13 15:03:00,2011-09-13 15:03:00,88,1,16,16,7824,4314.72,4314.72,,,0,0,0,0,0.0,0,Recent moderate purchasers and minimal cancellations
18252,2011-12-10,2011-06-21 11:47:00,2011-10-20 12:43:00,51,2,98,90,239,526.67,263.335,,,0,0,0,0,0.0,0,Recent moderate purchasers and minimal cancellations
18255,2011-12-10,2011-09-11 13:16:00,2011-09-11 13:16:00,90,1,6,6,74,103.3,103.3,,,0,0,0,0,0.0,2,Less recent infrequent purchasers
18257,2011-12-10,2011-02-16 15:13:00,2011-10-31 14:48:00,40,8,118,97,1041,2337.63,292.2038,2011-02-22 11:04:00,2011-06-01 16:17:00,3,4,4,30,63.6,1,Recent high-activity purchasers and frequent cancellations
18259,2011-12-10,2010-12-08 13:38:00,2011-11-15 12:34:00,25,3,42,27,714,2338.6,779.5333,,,0,0,0,0,0.0,0,Recent moderate purchasers and minimal cancellations
18260,2011-12-10,2010-12-16 18:23:00,2011-06-20 12:37:00,173,6,134,86,1478,2643.2,440.5333,2011-01-21 17:04:00,2011-05-23 17:48:00,2,6,6,9,48.2,3,Recent moderate purchasers and some cancellation activity
18261,2011-12-10,2011-09-05 09:34:00,2011-10-27 15:36:00,44,2,21,19,146,324.24,162.12,,,0,0,0,0,0.0,2,Less recent infrequent purchasers
18262,2011-12-10,2011-07-22 16:04:00,2011-07-22 16:04:00,141,1,13,13,182,149.48,149.48,,,0,0,0,0,0.0,2,Less recent infrequent purchasers
18263,2011-12-10,2011-04-01 11:48:00,2011-11-14 09:00:00,26,3,61,59,1468,1213.16,404.3867,2011-11-16 16:19:00,2011-11-16 16:19:00,1,1,1,1,2.08,3,Recent moderate purchasers and some cancellation activity
18265,2011-12-10,2011-07-04 15:26:00,2011-09-28 14:10:00,73,2,44,43,309,771.51,385.755,,,0,0,0,0,0.0,0,Recent moderate purchasers and minimal cancellations
18268,2011-12-10,2011-07-28 19:13:00,2011-07-28 19:13:00,135,1,1,1,2,25.5,25.5,2011-07-28 11:16:00,2011-07-28 11:16:00,1,1,1,2,25.5,2,Less recent infrequent purchasers
18269,2011-12-10,2010-12-08 13:53:00,2010-12-08 13:53:00,367,1,7,7,76,168.6,168.6,2010-12-16 15:39:00,2010-12-16 15:39:00,1,1,1,6,29.7,2,Less recent infrequent purchasers
18270,2011-12-10,2011-03-18 12:41:00,2011-11-01 13:57:00,39,2,11,11,101,283.15,141.575,2011-04-13 12:39:00,2011-04-13 12:39:00,1,1,1,3,38.25,2,Less recent infrequent purchasers
18272,2011-12-10,2011-04-07 09:35:00,2011-12-07 12:43:00,3,6,166,99,2050,3078.58,513.0967,2011-05-11 09:49:00,2011-05-11 09:49:00,1,4,4,6,13.8,3,Recent moderate purchasers and some cancellation activity
18273,2011-12-10,2011-03-27 11:22:00,2011-12-07 13:16:00,3,3,3,1,80,204.0,68.0,,,0,0,0,0,0.0,2,Less recent infrequent purchasers
18274,2011-12-10,2011-11-09 17:03:00,2011-11-09 17:03:00,31,1,11,11,88,175.92,175.92,2011-11-22 10:18:00,2011-11-22 10:18:00,1,11,11,88,175.92,3,Recent moderate purchasers and some cancellation activity
18276,2011-12-10,2011-10-27 10:54:00,2011-10-27 10:54:00,44,1,14,14,186,335.86,335.86,2011-11-18 16:54:00,2011-11-18 17:01:00,2,2,1,2,12.5,3,Recent moderate purchasers and some cancellation activity
18277,2011-12-10,2011-10-12 15:22:00,2011-10-12 15:22:00,59,1,8,8,68,110.38,110.38,2011-01-25 12:34:00,2011-01-25 12:34:00,1,1,1,1,12.75,2,Less recent infrequent purchasers
18278,2011-12-10,2011-09-27 11:58:00,2011-09-27 11:58:00,74,1,9,9,66,173.9,173.9,,,0,0,0,0,0.0,2,Less recent infrequent purchasers
18280,2011-12-10,2011-03-07 09:52:00,2011-03-07 09:52:00,278,1,10,10,45,180.6,180.6,,,0,0,0,0,0.0,2,Less recent infrequent purchasers
18281,2011-12-10,2011-06-12 10:53:00,2011-06-12 10:53:00,181,1,7,7,54,80.82,80.82,,,0,0,0,0,0.0,2,Less recent infrequent purchasers
18282,2011-12-10,2011-08-05 13:35:00,2011-12-02 11:43:00,8,2,12,12,103,178.05,89.025,2011-08-09 15:10:00,2011-08-09 15:10:00,1,1,1,5,1.45,2,Less recent infrequent purchasers
18283,2011-12-10,2011-01-06 14:14:00,2011-12-06 12:02:00,4,16,754,262,1395,2088.93,130.5581,,,0,0,0,0,0.0,0,Recent moderate purchasers and minimal cancellations
18287,2011-12-10,2011-05-22 10:39:00,2011-10-28 09:29:00,43,3,70,59,1586,1837.28,612.4267,,,0,0,0,0,0.0,0,Recent moderate purchasers and minimal cancellations
